ticker,regime,return,win,reason,days,entry_price,exit_price,atr,phase,window
AURE3,SIDEWAYS_CALM,0.022027761617108135,1,MAX_DAYS,15,10.731014251708984,10.973833084106445,0.34576487952489565,TRAIN,2022-01
ABEV3,BULL_VOLATILE,0.03701342960870543,1,MAX_DAYS,15,12.688796997070312,13.16606616973877,0.3003509186304966,TRAIN,2022-01
ASAI3,BEAR_CALM,-0.0038414684516834942,0,MAX_DAYS,15,11.950539588928223,11.911802291870117,0.5762214222607744,TRAIN,2022-01
ASAI3,BULL_CALM,0.034464855488850935,1,MAX_DAYS,15,15.035017013549805,15.562217712402344,0.5118601147260909,TRAIN,2022-01
ASAI3,BULL_CALM,0.03399116695548545,1,MAX_DAYS,15,15.523165702819824,14.986201286315918,0.5718328355880843,TRAIN,2022-01
ASAI3,BULL_VOLATILE,0.1377928084729125,1,MAX_DAYS,15,17.49529266357422,19.916515350341797,0.928879409671824,TRAIN,2022-01
ASAI3,BULL_CALM,-0.07048113880229628,0,STOP_LOSS,6,18.66339683532715,19.967616260098982,0.6868892983669883,TEST,2022-01
ALOS3,BEAR_CALM,-0.07849401340108642,0,STOP_LOSS,3,13.967320442199707,15.05529108790168,0.6376700245289528,TEST,2022-01
ALOS3,SIDEWAYS_CALM,-0.07507248484456835,0,STOP_LOSS,4,14.732770919799805,15.829956978843093,0.5442930600146364,TEST,2022-01
AZUL4,BEAR_CALM,-0.10447914594888318,0,STOP_LOSS,10,22.979999542236328,20.592856815883092,1.3107141767229353,TRAIN,2022-01
AZUL4,BEAR_CALM,0.14728315016190285,1,MAX_DAYS,15,16.770000457763672,14.289999961853027,0.8721424511500767,TRAIN,2022-01
AZUL4,BEAR_VOLATILE,0.21202251092167482,1,MAX_DAYS,15,16.31999969482422,12.850000381469727,1.0014285360063826,TRAIN,2022-01
AZUL4,BEAR_CALM,0.014511117892795139,1,MAX_DAYS,15,11.25,11.420000076293945,0.6449999809265137,TEST,2022-01
BBAS3,SIDEWAYS_CALM,-0.04681261615473506,0,STOP_LOSS,4,10.386279106140137,10.866256235748136,0.2461237407505365,TRAIN,2022-01
BBAS3,BULL_CALM,-0.06105859863366757,0,STOP_LOSS,10,12.881579399108887,13.660381637767331,0.4151666090835392,TRAIN,2022-01
BBAS3,BULL_CALM,-0.06151920736713939,0,STOP_LOSS,13,16.222858428955078,17.211142105676338,0.7043210855051684,TRAIN,2022-01
BBAS3,SIDEWAYS_CALM,-0.061096064411540786,0,STOP_LOSS,2,13.375443458557129,14.184605147558923,0.4458481977775627,TEST,2022-01
B3SA3,BULL_CALM,-0.08503860537538789,0,STOP_LOSS,5,12.531723976135254,13.589885271629425,0.5493659324636967,TRAIN,2022-01
BBDC3,BEAR_CALM,-0.0027138830662594778,0,MAX_DAYS,15,10.00105094909668,10.022192001342773,0.2600577346213602,TEST,2022-01
BBDC3,BEAR_CALM,0.09703145398666803,1,MAX_DAYS,15,10.075976371765137,9.092244148254395,0.27584079338585277,TEST,2022-01
BBDC4,BEAR_CALM,-0.0824968319081905,0,STOP_LOSS,4,11.278397560119629,12.202062589294492,0.4649269927587074,TEST,2022-01
BBSE3,BULL_CALM,-0.04484284666980593,0,STOP_LOSS,4,18.45346450805664,17.637030707299985,0.42464847952484547,TRAIN,2022-01
BBSE3,BULL_CALM,-0.06203753845654984,0,STOP_LOSS,11,24.95949935913086,26.492949560863693,0.5630804007222435,TEST,2022-01
BEEF3,BEAR_CALM,0.1191663548700427,1,MAX_DAYS,15,9.402979850769043,8.276819229125977,0.29298465090633513,TRAIN,2022-01
BEEF3,BULL_CALM,-0.08430193271784933,0,STOP_LOSS,3,12.103026390075684,13.116073090660153,0.5399791466686624,TRAIN,2022-01
BEEF3,BULL_CALM,0.011199381903174842,1,MAX_DAYS,15,12.702556610107422,12.852438926696777,0.4683832987976694,TRAIN,2022-01
BEEF3,BULL_CALM,-0.07508376414841021,0,STOP_LOSS,6,12.702556610107422,13.648690840736492,0.5734349949688345,TRAIN,2022-01
BEEF3,SIDEWAYS_CALM,-0.023156381892455405,0,MAX_DAYS,15,12.628275871276855,12.343427658081055,0.8504757331718359,TRAIN,2022-01
BEEF3,BULL_CALM,-0.0984401319889667,0,STOP_LOSS,5,12.163023948669434,13.353055817192214,0.5874995697409224,TEST,2022-01
BPAC11,BEAR_CALM,-0.07505003007812298,0,STOP_LOSS,5,22.125858306884766,20.478587490432908,0.7859908347562214,TRAIN,2022-01
BPAC11,BULL_CALM,-0.08073009428073917,0,STOP_LOSS,13,24.252634048461914,26.195999901321432,0.8119268376932413,TRAIN,2022-01
BPAC11,SIDEWAYS_VOLATILE,-0.06578668939359406,0,STOP_LOSS,13,24.225019454956055,22.64587063619206,1.272129881923649,TRAIN,2022-01
BPAC11,BEAR_CALM,0.0031680596033426896,1,MAX_DAYS,15,20.430782318115234,20.353797912597656,0.9480706763331425,TEST,2022-01
BRKM5,BEAR_CALM,0.05835960816830722,1,MAX_DAYS,15,43.72819900512695,41.150001525878906,1.3700244481610053,TRAIN,2022-01
BRKM5,BEAR_CALM,0.014991191337052208,1,MAX_DAYS,15,23.09000015258789,22.729999542236328,0.8885713304792132,TEST,2022-01
BRAP4,BEAR_CALM,-0.054005741969206204,0,STOP_LOSS,1,15.137064933776855,15.945471117801262,0.4524590032587419,TRAIN,2022-01
BRAP4,BULL_CALM,-0.052208567066641225,0,STOP_LOSS,4,21.324321746826172,22.424839435847886,0.5839482298013,TEST,2022-01
CMIN3,BEAR_CALM,0.004879542135672239,1,MAX_DAYS,15,2.3131580352783203,2.3258330821990967,0.08464982035525792,TRAIN,2022-01
CMIN3,BEAR_CALM,-0.08458523368027024,0,STOP_LOSS,11,2.199084520339966,2.383775147663383,0.10909410179006225,TRAIN,2022-01
CMIN3,BULL_CALM,-0.06973579205965946,0,STOP_LOSS,1,2.892669677734375,3.092656687071501,0.12284916089931039,TEST,2022-01
CMIG4,BULL_CALM,-0.061483247177716624,0,STOP_LOSS,4,5.380086898803711,5.707644059301172,0.16137418055294692,TRAIN,2022-01
CMIG4,BULL_VOLATILE,0.05767692169898252,1,MAX_DAYS,15,6.133081436157227,5.775664329528809,0.2364285540388829,TRAIN,2022-01
CMIG4,BULL_CALM,-0.07045304519636839,0,STOP_LOSS,4,5.855083465576172,6.264078875525573,0.20920654675018546,TEST,2022-01
CMIG4,SIDEWAYS_CALM,-0.017564436099606104,0,MAX_DAYS,15,6.027292728424072,5.925043106079102,0.18412457375560537,TEST,2022-01
COGN3,BULL_CALM,-0.03125138988444838,0,MAX_DAYS,15,2.541170120239258,2.619060516357422,0.1098809241053343,TRAIN,2022-01
COGN3,BEAR_CALM,-0.0890615540965272,0,STOP_LOSS,6,2.5314338207244873,2.3074992508506895,0.11892172007822722,TRAIN,2022-01
COGN3,BEAR_CALM,0.0038247854731552683,1,MAX_DAYS,15,2.2004003524780273,2.190664052963257,0.12378991792210743,TRAIN,2022-01
COGN3,BULL_CALM,0.21424369619416248,1,MAX_DAYS,15,2.4924888610839844,3.027984380722046,0.16968949523393942,TRAIN,2022-01
COGN3,SIDEWAYS_VOLATILE,-0.12931771539899647,0,STOP_LOSS,3,2.852731466293335,2.4855343893052275,0.19124847948912346,TRAIN,2022-01
COGN3,BEAR_CALM,-0.112258392489708,0,STOP_LOSS,6,1.9764657020568848,2.1971546851595987,0.11575355812327007,TEST,2022-01
COGN3,BEAR_CALM,0.06670767759156579,1,MAX_DAYS,15,2.0251471996307373,2.1614551544189453,0.10223102170189158,TEST,2022-01
COGN3,BEAR_VOLATILE,0.19939997773851348,1,MAX_DAYS,15,2.1419825553894043,1.7135860919952393,0.12170356366102521,TEST,2022-01
CPFE3,BULL_CALM,0.05711922055536154,1,MAX_DAYS,15,32.68255615234375,30.796144485473633,0.8758343146842746,TRAIN,2022-01
CPFE3,BULL_CALM,-0.05920804385616281,0,STOP_LOSS,5,31.42799949645996,33.26993306925995,1.058980907469739,TRAIN,2022-01
CPFE3,BEAR_VOLATILE,0.11264040726614198,1,MAX_DAYS,15,31.53788948059082,27.96652603149414,1.0419751217848467,TRAIN,2022-01
CPFE3,SIDEWAYS_CALM,-0.053875298529368204,0,STOP_LOSS,15,29.450016021728516,31.01897441698078,0.7345499860565526,TEST,2022-01
CSAN3,BEAR_VOLATILE,0.11322106135273947,1,MAX_DAYS,15,17.351247787475586,15.376310348510742,0.712052789836986,TRAIN,2022-01
CSAN3,BEAR_CALM,-0.027563722276531557,0,MAX_DAYS,15,16.04402732849121,15.611420631408691,0.6643588094669474,TRAIN,2022-01
CSAN3,BEAR_CALM,-0.09017555672300612,0,STOP_LOSS,5,15.065961837768555,16.415503756954237,0.6729423796261759,TEST,2022-01
CSAN3,BEAR_CALM,-0.06175114714864494,0,MAX_DAYS,15,15.686657905578613,14.727400779724121,0.5185897319637295,TEST,2022-01
CPLE6,BULL_VOLATILE,-0.05594126334548453,0,STOP_LOSS,4,6.101400375366211,6.439059580315591,0.17438400166361565,TRAIN,2022-01
CPLE6,BULL_CALM,0.013706182039840989,1,MAX_DAYS,15,6.17203950881958,6.260337829589844,0.13244706590759942,TRAIN,2022-01
CPLE6,BULL_CALM,-0.013570200725798206,0,MAX_DAYS,15,7.106454849243164,7.19862699508667,0.17183471060767483,TEST,2022-01
CPLE6,BULL_CALM,-0.04971298635365535,0,STOP_LOSS,12,7.051151752471924,6.704848632675217,0.1929025887769719,TEST,2022-01
CSNA3,BEAR_CALM,-0.09538948961829992,0,STOP_LOSS,8,10.401626586914062,9.41566171154034,0.5184815337931244,TRAIN,2022-01
CVCB3,BEAR_CALM,0.14185430396023582,1,MAX_DAYS,15,6.529582977294922,7.459750175476074,0.49008052689688547,TRAIN,2022-01
CVCB3,BEAR_CALM,-0.13393330432701295,0,STOP_LOSS,8,7.045319080352783,6.1059434073311945,0.4104837349482945,TRAIN,2022-01
CVCB3,BEAR_CALM,-0.13322264995294428,0,STOP_LOSS,3,6.17041015625,5.352074010031564,0.46113623891557964,TRAIN,2022-01
CVCB3,BEAR_CALM,-0.1511883745108081,0,STOP_LOSS,3,3.9140660762786865,4.503478924433391,0.3069857358932495,TEST,2022-01
CVCB3,BEAR_CALM,-0.0322027040546795,0,MAX_DAYS,15,4.079837799072266,3.95090389251709,0.286812356540135,TEST,2022-01
CXSE3,SIDEWAYS_CALM,-0.05616953154868808,0,STOP_LOSS,10,5.749744415283203,6.069255018965176,0.15625976233439154,TRAIN,2022-01
CXSE3,BULL_CALM,-0.0547815797695084,0,STOP_LOSS,5,6.548562526702881,6.9033739896190465,0.19888763041978047,TRAIN,2022-01
CXSE3,BULL_CALM,-0.04370347383021789,0,STOP_LOSS,7,6.303095817565918,6.574781143187726,0.1492776144613937,TEST,2022-01
CXSE3,BULL_CALM,-0.04105661270660297,0,STOP_LOSS,1,6.605830192565918,6.873079706272142,0.1413872044016249,TEST,2022-01
CYRE3,BEAR_CALM,-0.10195843396028698,0,STOP_LOSS,4,11.308732986450195,12.454968452031826,0.5912650159278068,TEST,2022-01
DIRR3,BULL_CALM,-0.04986753001330963,0,MAX_DAYS,15,4.113955020904541,4.316639423370361,0.17040405791007635,TEST,2022-01
DIRR3,BULL_CALM,0.015241861769241555,1,MAX_DAYS,15,4.149560928344727,4.215297698974609,0.17920796544850687,TEST,2022-01
DIRR3,BULL_CALM,-0.08614870021227443,0,STOP_LOSS,6,4.253643035888672,4.617536668775941,0.20738020341782698,TEST,2022-01
ECOR3,SIDEWAYS_CALM,-0.08672243572030496,0,STOP_LOSS,7,6.430596351623535,6.984414972559461,0.24934960110526078,TRAIN,2022-01
ECOR3,BEAR_CALM,-0.09123231976906881,0,STOP_LOSS,1,5.6038055419921875,5.095919646186672,0.2992196008840858,TRAIN,2022-01
ECOR3,BEAR_CALM,-0.10896499219164806,0,STOP_LOSS,2,4.832134246826172,4.308500056899859,0.30184423691036416,TRAIN,2022-01
ECOR3,BEAR_CALM,-0.10177653805213797,0,STOP_LOSS,3,3.911710262298584,4.307483564500975,0.23141554572999543,TEST,2022-01
ECOR3,BEAR_CALM,-0.03331036267344683,0,MAX_DAYS,15,3.9393222332000732,3.8104655742645264,0.1794785464674479,TEST,2022-01
ELET3,BULL_CALM,0.04712224483505029,1,MAX_DAYS,15,40.318382263183594,38.3942985534668,1.2800173421678391,TRAIN,2022-01
ELET3,BEAR_CALM,-0.0441206957253963,0,MAX_DAYS,15,35.77054214477539,37.327301025390625,1.0195165767461631,TEST,2022-01
ELET3,BEAR_CALM,-0.05611711078370935,0,STOP_LOSS,4,36.12037658691406,34.11507763838905,1.0107705798880982,TEST,2022-01
ELET6,BULL_CALM,0.01707685316443228,1,MAX_DAYS,15,38.65053939819336,37.96731948852539,1.1253316025842501,TRAIN,2022-01
ELET6,BEAR_CALM,0.0060367133944975344,1,MAX_DAYS,15,34.315364837646484,34.54310607910156,0.879583914118874,TEST,2022-01
EMBR3,BEAR_CALM,0.12877807499402916,1,MAX_DAYS,15,13.97562026977539,12.167481422424316,0.5637055878875205,TRAIN,2022-01
EMBR3,BEAR_CALM,-0.08964343817474918,0,STOP_LOSS,9,12.517121315002441,13.631688832940696,0.5687005334069868,TRAIN,2022-01
EMBR3,BULL_CALM,0.12379863264462539,1,MAX_DAYS,15,14.535045623779297,16.343185424804688,0.513043446492673,TEST,2022-01
ENEV3,BULL_CALM,0.015561600333535541,1,MAX_DAYS,15,14.850000381469727,15.09000015258789,0.4671428544180734,TRAIN,2022-01
ENEV3,BEAR_VOLATILE,0.14388667753823176,1,MAX_DAYS,15,15.779999732971191,13.5,0.6178571156093052,TRAIN,2022-01
EQTL3,BULL_VOLATILE,0.08731190807369517,1,MAX_DAYS,15,19.463581085205078,21.17466163635254,0.5964604672382663,TRAIN,2022-01
EQTL3,SIDEWAYS_CALM,0.09219118118917302,1,MAX_DAYS,15,23.50066566467285,21.320011138916016,0.7703330281868206,TRAIN,2022-01
EQTL3,SIDEWAYS_CALM,-0.04736090939608848,0,STOP_LOSS,11,24.847455978393555,23.685566340664597,0.6762458306766482,TEST,2022-01
ENGI11,SIDEWAYS_CALM,-0.005350601024598287,0,MAX_DAYS,15,32.71873474121094,32.874168395996094,0.9231632411729362,TEST,2022-01
ENGI11,BEAR_CALM,-0.05543748197988944,0,STOP_LOSS,3,32.55553436279297,30.770270833827638,1.0541713501834238,TEST,2022-01
EZTC3,BEAR_CALM,-0.0788334304811288,0,STOP_LOSS,9,13.539912223815918,12.48063844213343,0.4737595820578572,TRAIN,2022-01
EZTC3,BULL_CALM,0.22945312512310181,1,MAX_DAYS,15,12.51630687713623,15.395722389221191,0.5825406800199253,TRAIN,2022-01
EZTC3,BEAR_CALM,0.02061234683202672,1,MAX_DAYS,15,11.118045806884766,11.353885650634766,0.4800972877579323,TEST,2022-01
FLRY3,SIDEWAYS_CALM,0.06092857083010325,1,MAX_DAYS,15,11.76932430267334,12.493474006652832,0.40290975877013313,TRAIN,2022-01
FLRY3,SIDEWAYS_CALM,-0.07467405455012902,0,STOP_LOSS,5,11.649470329284668,12.51239382993621,0.46284065270333086,TEST,2022-01
FLRY3,BEAR_CALM,-0.005211267654135705,0,MAX_DAYS,15,11.908345222473145,11.853432655334473,0.4051260253428502,TEST,2022-01
FLRY3,BEAR_CALM,0.08547092336803329,1,MAX_DAYS,15,11.939725875854492,10.912062644958496,0.3546952385795294,TEST,2022-01
FLRY3,BEAR_CALM,0.008943155806271948,1,MAX_DAYS,15,11.508261680603027,11.398436546325684,0.4146516845429442,TEST,2022-01
GGBR4,SIDEWAYS_CALM,-0.07382093427191301,0,STOP_LOSS,14,15.546258926391602,16.684570529415062,0.47094605020159175,TRAIN,2022-01
GOAU4,SIDEWAYS_CALM,0.0384763192514788,1,MAX_DAYS,15,8.129228591918945,8.44688892364502,0.2475276987386786,TRAIN,2022-01
GOAU4,SIDEWAYS_CALM,0.05590842137686451,1,MAX_DAYS,15,7.655184268951416,8.087766647338867,0.2449834486335405,TRAIN,2022-01
GOAU4,BULL_VOLATILE,0.09832256258268174,1,MAX_DAYS,15,7.8869242668151855,8.667119026184082,0.2400177548608153,TRAIN,2022-01
GOAU4,BULL_CALM,-0.05176393576219679,0,STOP_LOSS,4,10.468871116638184,11.004499765952577,0.3328551995754171,TEST,2022-01
HAPV3,BEAR_VOLATILE,0.1296169966270179,1,MAX_DAYS,15,179.6999969482422,156.3000030517578,8.475000653948102,TRAIN,2022-01
HAPV3,BEAR_CALM,-0.0006,0,MAX_DAYS,15,68.69999694824219,68.69999694824219,4.424999509538923,TEST,2022-01
HAPV3,BEAR_VOLATILE,-0.1479213930924718,0,STOP_LOSS,13,67.19999694824219,57.299999782017295,6.428571428571429,TEST,2022-01
HYPE3,BULL_VOLATILE,-0.07289103939386261,0,STOP_LOSS,8,32.58552551269531,34.941167021203285,0.9561196768213485,TRAIN,2022-01
HYPE3,BULL_CALM,-0.03728871222811835,0,MAX_DAYS,15,37.996612548828125,39.39065933227539,1.108086017258469,TEST,2022-01
HYPE3,SIDEWAYS_CALM,-0.051856543913183104,0,STOP_LOSS,13,39.77491760253906,37.73619279180128,1.1182984203315642,TEST,2022-01
IGTI11,SIDEWAYS_CALM,0.03823979687999768,1,MAX_DAYS,15,18.676841735839844,17.95143699645996,0.684739150152413,TRAIN,2022-01
IGTI11,BULL_CALM,-0.06991114803044196,0,STOP_LOSS,10,18.585018157958984,19.87316710265373,0.6840833671548859,TRAIN,2022-01
IGTI11,BEAR_CALM,-0.07805028642896349,0,STOP_LOSS,3,19.71444320678711,18.187553933633914,0.874944294455552,TRAIN,2022-01
IGTI11,BEAR_CALM,-0.09290330059526042,0,STOP_LOSS,5,15.867053031921387,17.331634397487765,0.6652084069116684,TEST,2022-01
IRBR3,BEAR_VOLATILE,0.26593209699803344,1,PROFIT_TARGET,7,70.4435043334961,51.668049403599326,3.342599323817662,TRAIN,2022-01
IRBR3,BEAR_VOLATILE,-0.18824069732921542,0,STOP_LOSS,2,51.599998474121094,41.91773877825056,4.929628917149135,TRAIN,2022-01
ITSA4,BEAR_CALM,0.09399778376437425,1,MAX_DAYS,15,6.384807586669922,5.780818939208984,0.14541561374203882,TEST,2022-01
KLBN11,BEAR_CALM,-0.05588067839754876,0,STOP_LOSS,4,16.154367446899414,15.261343055351537,0.4112750342982451,TRAIN,2022-01
LREN3,BULL_CALM,0.1666213264698418,1,MAX_DAYS,15,18.953365325927734,22.122772216796875,1.061536668102162,TRAIN,2022-01
LREN3,BULL_CALM,0.07809357001195101,1,MAX_DAYS,15,21.373260498046875,23.055198669433594,0.9231367783675007,TRAIN,2022-01
LREN3,BEAR_CALM,-0.08735218443161062,0,STOP_LOSS,4,23.150402069091797,21.142054119128005,1.1571798981582013,TRAIN,2022-01
LREN3,BEAR_CALM,-0.0985886045198555,0,STOP_LOSS,4,15.521692276000977,17.042641241912932,0.8663182801795115,TEST,2022-01
LWSA3,BEAR_CALM,-0.047779517735036636,0,MAX_DAYS,15,9.379355430603027,8.93684196472168,0.7400414822750567,TRAIN,2022-01
LWSA3,BULL_CALM,-0.10392799357305021,0,STOP_LOSS,3,9.456313133239746,10.433414995895893,0.5606998160500026,TRAIN,2022-01
LWSA3,BEAR_CALM,0.003987090253626937,1,MAX_DAYS,15,6.291382312774658,6.262523174285889,0.33188484797034107,TEST,2022-01
LWSA3,BEAR_CALM,-0.10706900119426757,0,STOP_LOSS,7,6.118225574493408,5.466824208495871,0.3174550999852324,TEST,2022-01
MRVE3,BULL_VOLATILE,-0.09165689733662744,0,STOP_LOSS,14,11.814332008361816,12.89010842514805,0.7155834076961398,TRAIN,2022-01
MRVE3,BULL_CALM,0.2877750767434166,1,PROFIT_TARGET,8,8.456835746765137,10.895576404245002,0.4936551354682638,TRAIN,2022-01
MRVE3,BEAR_CALM,0.06282777326180304,1,MAX_DAYS,15,7.409999847412109,6.940000057220459,0.3835713863372803,TEST,2022-01
PCAR3,BEAR_VOLATILE,-0.07490902530438086,0,STOP_LOSS,14,19.59000015258789,18.134286335536412,1.3014285223824638,TRAIN,2022-01
MULT3,BULL_CALM,-0.07679053421774443,0,STOP_LOSS,3,18.433603286743164,19.838069368718095,0.7374678885582236,TRAIN,2022-01
MULT3,BULL_CALM,-0.05306630664209404,0,STOP_LOSS,8,21.490856170654297,22.618402020504984,0.6654960981745618,TRAIN,2022-01
MULT3,BULL_CALM,0.05963619491598648,1,MAX_DAYS,15,21.65525245666504,22.95968246459961,0.9034040910092036,TRAIN,2022-01
MULT3,BEAR_CALM,-0.08789777823774601,0,STOP_LOSS,4,18.215356826782227,19.805517007568074,0.7670034012658183,TEST,2022-01
PETR3,BULL_CALM,-0.06486785856726726,0,STOP_LOSS,4,19.498306274414062,20.751420664359365,0.7128060051545455,TRAIN,2022-01
PETR4,BULL_VOLATILE,-0.07065240605086229,0,STOP_LOSS,7,17.56000518798828,18.790125801672485,0.7643430550068582,TRAIN,2022-01
PETR4,SIDEWAYS_CALM,-0.1087706860645023,0,STOP_LOSS,9,13.456645965576172,14.912260591799663,0.5268812354595785,TEST,2022-01
PRIO3,BULL_CALM,-0.0814950164458246,0,STOP_LOSS,9,24.860069274902344,26.871124987739908,1.1888048678879781,TRAIN,2022-01
PRIO3,BULL_CALM,0.10345077174429125,1,MAX_DAYS,15,25.13962173461914,27.75541877746582,1.0590131740165707,TRAIN,2022-01
PRIO3,BULL_CALM,-0.09303889420941351,0,STOP_LOSS,3,35.12358474731445,38.370370082026824,1.6735624357278258,TEST,2022-01
RADL3,BULL_CALM,0.14167452118447754,1,MAX_DAYS,15,17.850738525390625,20.390443801879883,0.6092431387069325,TRAIN,2022-01
RADL3,BULL_CALM,-0.056559021252314275,0,STOP_LOSS,13,21.46269416809082,22.663725527174936,0.6031351663230782,TEST,2022-01
RADL3,BULL_CALM,-0.053675194173609525,0,STOP_LOSS,6,21.44435691833496,22.582520325703776,0.5455066891005718,TEST,2022-01
RDOR3,BULL_CALM,-0.10666548782706066,0,STOP_LOSS,14,38.61436080932617,42.710011825697485,1.8900788024215298,TRAIN,2022-01
RDOR3,BEAR_CALM,0.11355282141037391,1,MAX_DAYS,15,32.01310729980469,28.358720779418945,1.446969091056858,TRAIN,2022-01
RDOR3,SIDEWAYS_CALM,0.15358976911221428,1,MAX_DAYS,15,25.39972686767578,29.316104888916016,1.412221869796179,TEST,2022-01
RAIZ4,BEAR_CALM,-0.05169486880816603,0,MAX_DAYS,15,3.688603162765503,3.5001344680786133,0.17692988937143417,TRAIN,2022-01
RAIZ4,BEAR_CALM,0.01731052186799044,1,MAX_DAYS,15,3.082778215408325,3.02756404876709,0.12686059405687095,TEST,2022-01
RAIL3,BULL_CALM,-0.06808461436600072,0,STOP_LOSS,8,18.596515655517578,19.851494343081477,0.8040556559420148,TRAIN,2022-01
RAIL3,SIDEWAYS_CALM,-0.08088907916634493,0,STOP_LOSS,6,16.657001495361328,17.99437680709632,0.6348843022608439,TEST,2022-01
RECV3,BULL_VOLATILE,-0.14792402326776008,0,STOP_LOSS,6,12.92932415008545,14.83412420200905,0.8277663015756609,TRAIN,2022-01
RECV3,BULL_CALM,0.04587554273751826,1,MAX_DAYS,15,19.528764724731445,18.62115478515625,1.1555836115915932,TRAIN,2022-01
RECV3,BULL_CALM,0.175283593890164,1,MAX_DAYS,15,18.190038681030273,21.389368057250977,0.9675783804634592,TRAIN,2022-01
RECV3,BULL_VOLATILE,-0.08473324148738902,0,STOP_LOSS,9,21.049013137817383,22.819934843212597,0.8773573363570968,TRAIN,2022-01
RECV3,BULL_CALM,-0.0432810568456566,0,MAX_DAYS,15,24.404922485351562,25.446550369262695,0.9027427975997345,TEST,2022-01
RENT3,BEAR_CALM,-0.0580509483553637,0,STOP_LOSS,3,45.84614562988281,48.48005017475769,1.6258041019592042,TEST,2022-01
RENT3,BEAR_CALM,0.04325833365475555,1,MAX_DAYS,15,50.34086990356445,48.13300323486328,2.1891790411965486,TEST,2022-01
SBSP3,BULL_CALM,-0.05668073032595425,0,STOP_LOSS,6,42.5207405090332,44.90533469078017,1.2894864981587781,TRAIN,2022-01
SBSP3,SIDEWAYS_CALM,-0.06834632513487343,0,STOP_LOSS,9,42.317386627197266,39.450539193893015,1.2082752347074077,TRAIN,2022-01
SBSP3,BULL_CALM,-0.022905637310111464,0,MAX_DAYS,15,49.3148193359375,50.414817810058594,1.3059938946041842,TEST,2022-01
SBSP3,SIDEWAYS_CALM,0.04288615897566061,1,MAX_DAYS,15,50.377838134765625,48.18709945678711,1.3766423004149833,TEST,2022-01
SLCE3,BULL_VOLATILE,-0.08649327984799719,0,STOP_LOSS,3,17.9706974029541,19.514259544049715,0.8529786238191345,TRAIN,2022-01
SLCE3,BULL_CALM,0.12636936800284937,1,MAX_DAYS,15,16.97056007385254,19.125301361083984,0.6633863423341084,TRAIN,2022-01
SLCE3,BEAR_CALM,-0.0032731929256885214,0,MAX_DAYS,15,17.650798797607422,17.603614807128906,0.5440217312997204,TRAIN,2022-01
SLCE3,SIDEWAYS_CALM,-0.061380576028211474,0,STOP_LOSS,15,17.355897903442383,18.41079937550044,0.6200141690684801,TRAIN,2022-01
SUZB3,BEAR_CALM,-0.0511854818895157,0,STOP_LOSS,5,47.35261535644531,44.957260489910645,1.3379282451979435,TRAIN,2022-01
SUZB3,SIDEWAYS_CALM,-0.05462820987474923,0,STOP_LOSS,2,47.18175506591797,44.63260930095754,1.3295303080741385,TEST,2022-01
TAEE11,BULL_CALM,0.03428650044636114,1,MAX_DAYS,15,30.12967300415039,29.078554153442383,0.5199026062328319,TRAIN,2022-01
SMFT3,BULL_CALM,-0.12828991439018178,0,STOP_LOSS,10,14.425821304321289,16.267853191678135,0.8562884318459816,TRAIN,2022-01
SMFT3,SIDEWAYS_CALM,-0.12166668730781689,0,STOP_LOSS,4,11.412833213806152,12.794547123798289,0.84128896201502,TEST,2022-01
SMFT3,BEAR_VOLATILE,0.15816018357119224,1,MAX_DAYS,15,14.434951782226562,12.143256187438965,0.8184631725097772,TEST,2022-01
TIMS3,SIDEWAYS_CALM,0.0683944968504097,1,MAX_DAYS,15,8.96131420135498,9.579595565795898,0.25805948967620534,TRAIN,2022-01
TIMS3,BEAR_CALM,0.03805560784811497,1,MAX_DAYS,15,9.000910758972168,8.652975082397461,0.2193499182984374,TEST,2022-01
USIM5,BEAR_VOLATILE,-0.07808183359234618,0,STOP_LOSS,6,8.15991497039795,7.527669796533881,0.38527438506408496,TRAIN,2022-01
USIM5,BEAR_CALM,0.03106227020940409,1,MAX_DAYS,15,6.988943576812744,7.210229396820068,0.3141467860846197,TRAIN,2022-01
TOTS3,BEAR_VOLATILE,0.07879079371831109,1,MAX_DAYS,15,29.370737075805664,27.038970947265625,1.3861436410795158,TRAIN,2022-01
TOTS3,SIDEWAYS_CALM,-0.1120134279194362,0,STOP_LOSS,4,24.675918579101562,27.42514725506017,1.357716960660815,TEST,2022-01
UGPA3,SIDEWAYS_CALM,-0.0783952429791943,0,STOP_LOSS,5,11.046740531921387,11.906124395730325,0.43836284958443955,TRAIN,2022-01
UGPA3,SIDEWAYS_CALM,-0.10359002284380722,0,STOP_LOSS,6,10.491406440734863,11.571916629729813,0.45505355961367144,TEST,2022-01
UGPA3,SIDEWAYS_CALM,0.04069529117873531,1,MAX_DAYS,15,10.761536598205566,11.205937385559082,0.3983447198577156,TEST,2022-01
VALE3,BULL_CALM,-0.09056539511777072,0,STOP_LOSS,5,56.463783264160156,61.543569835364494,2.9825601030592517,TRAIN,2022-01
VALE3,BULL_CALM,-0.032441940845217516,0,STOP_LOSS,2,70.1043930053711,72.336652940438,1.3785619326728522,TEST,2022-01
VALE3,BULL_CALM,0.0635954999505899,1,MAX_DAYS,15,69.94755554199219,65.45723724365234,1.5639510178011082,TEST,2022-01
VIVT3,BEAR_CALM,-0.04574259283652896,0,STOP_LOSS,4,16.80239486694336,16.04389119678635,0.43988523990262024,TRAIN,2022-01
VIVT3,BEAR_CALM,-0.05896085977693159,0,STOP_LOSS,3,15.581806182861328,16.491173788570624,0.46038469108592367,TEST,2022-01
VIVT3,SIDEWAYS_CALM,0.010373277565882182,1,MAX_DAYS,15,16.980066299438477,17.166393280029297,0.3330505281411301,TEST,2022-01
VBBR3,SIDEWAYS_CALM,0.059025188861900155,1,MAX_DAYS,15,17.268320083618164,16.238693237304688,0.5305731245156728,TRAIN,2022-01
VBBR3,BEAR_CALM,0.06348181599133715,1,MAX_DAYS,15,13.98731803894043,13.090985298156738,0.4417107713232299,TRAIN,2022-01
VBBR3,BEAR_CALM,-0.08688519208450683,0,STOP_LOSS,15,11.342805862426758,12.32152204504352,0.3907508137977768,TEST,2022-01
YDUQ3,SIDEWAYS_CALM,-0.09556115814009233,0,STOP_LOSS,6,17.64834213256836,19.324249140729638,0.9161960958724128,TRAIN,2022-01
YDUQ3,BEAR_CALM,-0.1128819231225374,0,STOP_LOSS,9,15.422918319702148,13.691203390604178,0.7000124895174057,TRAIN,2022-01
YDUQ3,BEAR_VOLATILE,-0.12482359821432933,0,STOP_LOSS,3,13.082439422607422,11.457291724110135,0.8685215089595655,TRAIN,2022-01
YDUQ3,BEAR_CALM,-0.09932237348022657,0,STOP_LOSS,4,11.469280242919922,12.601554810610846,0.6160905955842377,TRAIN,2022-01
YDUQ3,BEAR_CALM,0.03016932114230664,1,MAX_DAYS,15,9.091503143310547,8.811763763427734,0.3629939941056487,TEST,2022-01
YDUQ3,BEAR_CALM,-0.10472693547986026,0,STOP_LOSS,7,8.392156600952148,7.518307052027921,0.4968688843023767,TEST,2022-01
WEGE3,BEAR_CALM,0.009878174145184763,1,MAX_DAYS,15,28.20200538635254,27.9064998626709,0.9630198442353632,TRAIN,2022-01
WEGE3,BULL_VOLATILE,0.1473721564828864,1,MAX_DAYS,15,28.08133888244629,32.236595153808594,0.9223469975320163,TRAIN,2022-01
WEGE3,BULL_CALM,0.002555487141133773,1,MAX_DAYS,15,35.745025634765625,35.632232666015625,1.1520694644194995,TEST,2022-01
WEGE3,BULL_CALM,0.03830693878110341,1,MAX_DAYS,15,35.632232666015625,37.01857376098633,0.9606383464011178,TEST,2022-01
ALOS3,SIDEWAYS_CALM,-0.07507248484456835,0,STOP_LOSS,4,14.732770919799805,15.829956978843093,0.5442930600146364,TRAIN,2022-04
ABEV3,BULL_VOLATILE,0.03701342960870543,1,MAX_DAYS,15,12.688796997070312,13.16606616973877,0.3003509186304966,TRAIN,2022-04
ASAI3,BULL_CALM,0.06408494897751633,1,MAX_DAYS,15,15.824297904968262,14.800704002380371,0.5117839330021711,TRAIN,2022-04
ASAI3,BULL_CALM,-0.061003950024294235,0,STOP_LOSS,8,15.054542541503906,14.145188706188293,0.5634645699414697,TRAIN,2022-04
ASAI3,BULL_VOLATILE,0.1377928084729125,1,MAX_DAYS,15,17.49529266357422,19.916515350341797,0.928879409671824,TRAIN,2022-04
ASAI3,BULL_CALM,0.01337594821016606,1,MAX_DAYS,15,19.086658477783203,18.819904327392578,0.6652794076090977,TRAIN,2022-04
AURE3,SIDEWAYS_CALM,0.022027761617108135,1,MAX_DAYS,15,10.731014251708984,10.973833084106445,0.34576487952489565,TRAIN,2022-04
AZUL4,BEAR_VOLATILE,0.18782980287316053,1,MAX_DAYS,15,24.200000762939453,19.639999389648438,1.30714293888637,TRAIN,2022-04
AZUL4,BEAR_CALM,0.14728315016190285,1,MAX_DAYS,15,16.770000457763672,14.289999961853027,0.8721424511500767,TRAIN,2022-04
AZUL4,BEAR_VOLATILE,0.21202251092167482,1,MAX_DAYS,15,16.31999969482422,12.850000381469727,1.0014285360063826,TRAIN,2022-04
AZUL4,BEAR_CALM,-0.11844126645042789,0,STOP_LOSS,14,11.25,9.924285752432686,0.7364286014011928,TRAIN,2022-04
AZUL4,BEAR_CALM,-0.1273778761966666,0,STOP_LOSS,6,11.390000343322754,9.946000289916991,0.6557143756321498,TEST,2022-04
B3SA3,BEAR_CALM,0.05827849132683334,1,MAX_DAYS,15,9.950602531433105,10.536478996276855,0.42114014129927607,TEST,2022-04
BBDC3,BEAR_CALM,0.09703145398666803,1,MAX_DAYS,15,10.075976371765137,9.092244148254395,0.27584079338585277,TRAIN,2022-04
BBDC3,BEAR_CALM,0.03802728869619128,1,MAX_DAYS,15,9.32185173034668,9.681929588317871,0.24519154543046578,TEST,2022-04
BBAS3,BULL_CALM,-0.05223557496736965,0,STOP_LOSS,6,12.732831001281738,13.39029805099527,0.3127092876425502,TRAIN,2022-04
BBAS3,SIDEWAYS_CALM,-0.05184272292647864,0,STOP_LOSS,6,12.803487777709961,12.147402201024214,0.35832345432176144,TRAIN,2022-04
BBAS3,BULL_CALM,-0.06105859863366757,0,STOP_LOSS,10,12.881579399108887,13.660381637767331,0.4151666090835392,TRAIN,2022-04
BBAS3,BULL_CALM,-0.06151920736713939,0,STOP_LOSS,13,16.222858428955078,17.211142105676338,0.7043210855051684,TRAIN,2022-04
BBAS3,BULL_VOLATILE,0.12395141699332726,1,PROFIT_TARGET,10,16.25299835205078,18.27733232718892,0.4376537558498753,TEST,2022-04
BBDC4,BEAR_VOLATILE,-0.07126091414111947,0,STOP_LOSS,14,11.252387046813965,10.457283091816398,0.375022941343249,TRAIN,2022-04
BBDC4,BEAR_CALM,0.04698255492249407,1,MAX_DAYS,15,10.480694770812988,10.979393005371094,0.3045044587874836,TEST,2022-04
BBSE3,BULL_CALM,-0.054411188036110766,0,STOP_LOSS,4,18.741012573242188,17.732536421676336,0.5365874088845768,TRAIN,2022-04
BBSE3,BULL_CALM,-0.004478910558120981,0,MAX_DAYS,15,18.53253936767578,18.60442543029785,0.39846080001614964,TRAIN,2022-04
BBSE3,BULL_CALM,-0.04484284666980593,0,STOP_LOSS,4,18.45346450805664,17.637030707299985,0.42464847952484547,TRAIN,2022-04
BBSE3,BULL_CALM,0.05024233851440661,1,MAX_DAYS,15,25.620546340942383,26.923154830932617,0.5453685820555919,TEST,2022-04
BEEF3,BULL_CALM,-0.08430193271784933,0,STOP_LOSS,3,12.103026390075684,13.116073090660153,0.5399791466686624,TRAIN,2022-04
BEEF3,BULL_CALM,0.011199381903174842,1,MAX_DAYS,15,12.702556610107422,12.852438926696777,0.4683832987976694,TRAIN,2022-04
BEEF3,BULL_CALM,-0.07508376414841021,0,STOP_LOSS,6,12.702556610107422,13.648690840736492,0.5734349949688345,TRAIN,2022-04
BEEF3,SIDEWAYS_CALM,-0.023156381892455405,0,MAX_DAYS,15,12.628275871276855,12.343427658081055,0.8504757331718359,TRAIN,2022-04
BRAP4,BEAR_CALM,-0.054005741969206204,0,STOP_LOSS,1,15.137064933776855,15.945471117801262,0.4524590032587419,TRAIN,2022-04
BRAP4,BULL_CALM,-0.047980455283980164,0,STOP_LOSS,1,18.823144912719727,19.714994088560722,0.5419218351965576,TEST,2022-04
BPAC11,SIDEWAYS_VOLATILE,0.12599223400547624,1,MAX_DAYS,15,23.54336929321289,20.56296157836914,1.0813049203607144,TRAIN,2022-04
BPAC11,BEAR_CALM,-0.07505003007812298,0,STOP_LOSS,5,22.125858306884766,20.478587490432908,0.7859908347562214,TRAIN,2022-04
BPAC11,BULL_CALM,-0.08073009428073917,0,STOP_LOSS,13,24.252634048461914,26.195999901321432,0.8119268376932413,TRAIN,2022-04
BPAC11,SIDEWAYS_VOLATILE,-0.06578668939359406,0,STOP_LOSS,13,24.225019454956055,22.64587063619206,1.272129881923649,TRAIN,2022-04
BRKM5,BEAR_CALM,0.05835960816830722,1,MAX_DAYS,15,43.72819900512695,41.150001525878906,1.3700244481610053,TRAIN,2022-04
BRKM5,BEAR_CALM,-0.07719339369200845,0,STOP_LOSS,3,19.940000534057617,18.412728222933683,0.7778569630214146,TEST,2022-04
BRKM5,BEAR_CALM,-0.0861410093017147,0,STOP_LOSS,4,19.790000915527344,21.48285756792341,1.4614283697945731,TEST,2022-04
CMIG4,BULL_VOLATILE,0.05767692169898252,1,MAX_DAYS,15,6.133081436157227,5.775664329528809,0.2364285540388829,TRAIN,2022-04
CMIG4,BULL_CALM,-0.04082987798679018,0,STOP_LOSS,3,6.733668804168701,7.004563478563863,0.14610929345877174,TEST,2022-04
CPFE3,BULL_CALM,-0.04300601339682011,0,STOP_LOSS,5,27.71727752685547,28.892656768982683,0.6205702436951491,TRAIN,2022-04
CPFE3,BULL_CALM,0.05711922055536154,1,MAX_DAYS,15,32.68255615234375,30.796144485473633,0.8758343146842746,TRAIN,2022-04
CPFE3,BULL_CALM,-0.05920804385616281,0,STOP_LOSS,5,31.42799949645996,33.26993306925995,1.058980907469739,TRAIN,2022-04
CPFE3,BEAR_VOLATILE,0.11264040726614198,1,MAX_DAYS,15,31.53788948059082,27.96652603149414,1.0419751217848467,TRAIN,2022-04
CPFE3,BEAR_VOLATILE,-0.04857246091764811,0,STOP_LOSS,13,29.61484718322754,28.194150084148035,0.8483627915219353,TRAIN,2022-04
COGN3,BEAR_CALM,-0.0890615540965272,0,STOP_LOSS,6,2.5314338207244873,2.3074992508506895,0.11892172007822722,TRAIN,2022-04
COGN3,BULL_CALM,0.21424369619416248,1,MAX_DAYS,15,2.4924888610839844,3.027984380722046,0.16968949523393942,TRAIN,2022-04
COGN3,SIDEWAYS_VOLATILE,-0.12931771539899647,0,STOP_LOSS,3,2.852731466293335,2.4855343893052275,0.19124847948912346,TRAIN,2022-04
COGN3,BEAR_CALM,-0.09800260344073339,0,STOP_LOSS,14,2.1419825553894043,1.9333478779698414,0.09805831762650853,TRAIN,2022-04
COGN3,BEAR_VOLATILE,0.19939997773851348,1,MAX_DAYS,15,2.1419825553894043,1.7135860919952393,0.12170356366102521,TRAIN,2022-04
CMIN3,BEAR_CALM,0.004879542135672239,1,MAX_DAYS,15,2.3131580352783203,2.3258330821990967,0.08464982035525792,TRAIN,2022-04
CMIN3,BEAR_CALM,-0.08458523368027024,0,STOP_LOSS,11,2.199084520339966,2.383775147663383,0.10909410179006225,TRAIN,2022-04
CMIN3,BULL_CALM,-0.0687035867294073,0,STOP_LOSS,2,3.314070701599121,3.5397708030528645,0.12754285686949965,TEST,2022-04
CMIN3,BULL_CALM,-0.07123833171584573,0,STOP_LOSS,5,3.356924295425415,3.119796763500173,0.11427835029060117,TEST,2022-04
CMIN3,BULL_CALM,-0.07172067491281248,0,STOP_LOSS,5,3.314070701599121,3.5497696466056285,0.1352364814249063,TEST,2022-04
CSAN3,BEAR_VOLATILE,0.11322106135273947,1,MAX_DAYS,15,17.351247787475586,15.376310348510742,0.712052789836986,TRAIN,2022-04
CSAN3,BEAR_CALM,-0.027563722276531557,0,MAX_DAYS,15,16.04402732849121,15.611420631408691,0.6643588094669474,TRAIN,2022-04
CSAN3,BEAR_CALM,-0.08116178519673992,0,STOP_LOSS,4,15.592613220214844,16.84878197711764,0.6395040614415858,TRAIN,2022-04
CSAN3,BEAR_CALM,-0.04316597789496806,0,MAX_DAYS,15,15.686657905578613,15.018939971923828,0.6032297106083707,TRAIN,2022-04
CSAN3,SIDEWAYS_CALM,-0.06556909564554841,0,STOP_LOSS,3,14.351222038269043,15.283607955503847,0.49104768851350183,TEST,2022-04
CPLE6,SIDEWAYS_CALM,0.04442729549538951,1,MAX_DAYS,15,6.185668468475342,5.907144546508789,0.16774949034866987,TRAIN,2022-04
CPLE6,BULL_VOLATILE,-0.05594126334548453,0,STOP_LOSS,4,6.101400375366211,6.439059580315591,0.17438400166361565,TRAIN,2022-04
CPLE6,BULL_CALM,0.013706182039840989,1,MAX_DAYS,15,6.17203950881958,6.260337829589844,0.13244706590759942,TRAIN,2022-04
CPLE6,BULL_CALM,0.005944553137370069,1,MAX_DAYS,15,7.041934013366699,7.088020324707031,0.20014459791642356,TRAIN,2022-04
CPLE6,BULL_CALM,-0.04971298635365535,0,STOP_LOSS,12,7.051151752471924,6.704848632675217,0.1929025887769719,TRAIN,2022-04
CPLE6,BULL_CALM,-0.04438480058608497,0,STOP_LOSS,1,7.0972371101379395,7.407988221717491,0.17117638291220696,TEST,2022-04
CVCB3,BEAR_CALM,0.14185430396023582,1,MAX_DAYS,15,6.529582977294922,7.459750175476074,0.49008052689688547,TRAIN,2022-04
CVCB3,BEAR_CALM,-0.13393330432701295,0,STOP_LOSS,8,7.045319080352783,6.1059434073311945,0.4104837349482945,TRAIN,2022-04
CVCB3,BEAR_CALM,-0.13322264995294428,0,STOP_LOSS,3,6.17041015625,5.352074010031564,0.46113623891557964,TRAIN,2022-04
CVCB3,BEAR_CALM,-0.1352397191054582,0,STOP_LOSS,3,4.162724018096924,4.723192010607038,0.2729980264391218,TRAIN,2022-04
CVCB3,BEAR_CALM,-0.12818624814520357,0,STOP_LOSS,5,2.670773983001709,2.330019950866699,0.16971913405827113,TEST,2022-04
CVCB3,BEAR_CALM,0.0287159180622582,1,MAX_DAYS,15,2.8273370265960693,2.7444510459899902,0.1901115689958845,TEST,2022-04
CVCB3,BEAR_CALM,-0.13562287849520466,0,STOP_LOSS,3,2.854965925216675,3.2404516424451555,0.22760771002088273,TEST,2022-04
CSNA3,BEAR_CALM,-0.09538948961829992,0,STOP_LOSS,8,10.401626586914062,9.41566171154034,0.5184815337931244,TRAIN,2022-04
CSNA3,BULL_CALM,-0.07811322642144233,0,STOP_LOSS,1,11.912690162658691,12.836081212525343,0.5449478620689631,TEST,2022-04
CXSE3,BULL_CALM,-0.0547815797695084,0,STOP_LOSS,5,6.548562526702881,6.9033739896190465,0.19888763041978047,TRAIN,2022-04
CXSE3,BULL_CALM,-0.04105661270660297,0,STOP_LOSS,1,6.605830192565918,6.873079706272142,0.1413872044016249,TRAIN,2022-04
DIRR3,BULL_CALM,-0.08614870021227443,0,STOP_LOSS,6,4.253643035888672,4.617536668775941,0.20738020341782698,TRAIN,2022-04
DIRR3,BULL_CALM,-0.08014541388362025,0,STOP_LOSS,3,4.470022678375244,4.114452874354717,0.17705575120645253,TEST,2022-04
ECOR3,BEAR_CALM,0.18082363089428538,1,PROFIT_TARGET,13,7.0552825927734375,5.775287607807233,0.2775656283976185,TRAIN,2022-04
ECOR3,BEAR_CALM,-0.09123231976906881,0,STOP_LOSS,1,5.6038055419921875,5.095919646186672,0.2992196008840858,TRAIN,2022-04
ECOR3,BEAR_CALM,-0.10896499219164806,0,STOP_LOSS,2,4.832134246826172,4.308500056899859,0.30184423691036416,TRAIN,2022-04
ECOR3,BEAR_CALM,-0.03331036267344683,0,MAX_DAYS,15,3.9393222332000732,3.8104655742645264,0.1794785464674479,TRAIN,2022-04
ELET3,BULL_CALM,-0.07182765188397051,0,STOP_LOSS,3,35.123348236083984,37.625101857243244,1.3818457348744033,TRAIN,2022-04
ELET3,BULL_CALM,0.04712224483505029,1,MAX_DAYS,15,40.318382263183594,38.3942985534668,1.2800173421678391,TRAIN,2022-04
ELET3,BEAR_CALM,0.03686883109328053,1,MAX_DAYS,15,28.72138214111328,29.79753875732422,0.953582903732113,TEST,2022-04
EGIE3,BULL_VOLATILE,0.03627744238565062,1,MAX_DAYS,15,25.080270767211914,24.15537452697754,0.621807575527457,TRAIN,2022-04
ELET6,BULL_CALM,0.01707685316443228,1,MAX_DAYS,15,38.65053939819336,37.96731948852539,1.1253316025842501,TRAIN,2022-04
ELET6,BEAR_CALM,0.055918768233192334,1,MAX_DAYS,15,29.166837692260742,30.815311431884766,0.9524252226387429,TEST,2022-04
ENEV3,SIDEWAYS_CALM,-0.07332726341745617,0,STOP_LOSS,5,14.899999618530273,13.816363421353426,0.5635713849748883,TRAIN,2022-04
ENEV3,BULL_CALM,-0.01676160033353554,0,MAX_DAYS,15,14.850000381469727,15.09000015258789,0.6285713740757534,TRAIN,2022-04
ENEV3,BULL_CALM,0.015561600333535541,1,MAX_DAYS,15,14.850000381469727,15.09000015258789,0.4671428544180734,TRAIN,2022-04
ENEV3,BEAR_VOLATILE,0.14388667753823176,1,MAX_DAYS,15,15.779999732971191,13.5,0.6178571156093052,TRAIN,2022-04
EMBR3,BEAR_CALM,0.06289203506602863,1,MAX_DAYS,15,13.84575366973877,12.966658592224121,0.6322066139530506,TRAIN,2022-04
EMBR3,BEAR_CALM,0.12877807499402916,1,MAX_DAYS,15,13.97562026977539,12.167481422424316,0.5637055878875205,TRAIN,2022-04
EMBR3,BEAR_CALM,-0.08964343817474918,0,STOP_LOSS,9,12.517121315002441,13.631688832940696,0.5687005334069868,TRAIN,2022-04
EMBR3,BULL_CALM,-0.08185065647850844,0,STOP_LOSS,15,13.875723838806152,15.003135509823641,0.46166787144590365,TRAIN,2022-04
EMBR3,BULL_VOLATILE,0.17403415969869024,1,MAX_DAYS,15,20.47892951965332,16.90260887145996,0.652186260747053,TEST,2022-04
EMBR3,BULL_CALM,-0.06520468697571583,0,STOP_LOSS,1,19.240203857421875,17.997196509864175,0.6714522000343328,TEST,2022-04
EQTL3,SIDEWAYS_CALM,-0.04736090939608848,0,STOP_LOSS,11,24.847455978393555,23.685566340664597,0.6762458306766482,TRAIN,2022-04
EZTC3,BEAR_CALM,-0.0788334304811288,0,STOP_LOSS,9,13.539912223815918,12.48063844213343,0.4737595820578572,TRAIN,2022-04
EZTC3,BULL_CALM,0.22945312512310181,1,MAX_DAYS,15,12.51630687713623,15.395722389221191,0.5825406800199253,TRAIN,2022-04
EZTC3,BEAR_CALM,-0.057721668699915636,0,MAX_DAYS,15,11.353885650634766,10.70533275604248,0.4782926691417288,TRAIN,2022-04
FLRY3,BEAR_VOLATILE,0.1051934951363451,1,MAX_DAYS,15,12.104719161987305,10.824118614196777,0.39419804377168244,TRAIN,2022-04
FLRY3,SIDEWAYS_CALM,0.06092857083010325,1,MAX_DAYS,15,11.76932430267334,12.493474006652832,0.40290975877013313,TRAIN,2022-04
FLRY3,BEAR_CALM,0.008943155806271948,1,MAX_DAYS,15,11.508261680603027,11.398436546325684,0.4146516845429442,TRAIN,2022-04
GGBR4,BEAR_VOLATILE,0.10346330440034458,1,MAX_DAYS,15,18.443050384521484,16.523805618286133,0.8490818638845042,TRAIN,2022-04
GGBR4,SIDEWAYS_CALM,-0.07382093427191301,0,STOP_LOSS,14,15.546258926391602,16.684570529415062,0.47094605020159175,TRAIN,2022-04
GGBR4,BEAR_CALM,0.08543383273527994,1,MAX_DAYS,15,18.883085250854492,17.258501052856445,0.6733556968809443,TEST,2022-04
GGBR4,SIDEWAYS_CALM,0.0490452922281915,1,MAX_DAYS,15,17.834959030151367,18.720380783081055,0.480977986341804,TEST,2022-04
GOAU4,SIDEWAYS_CALM,0.05590842137686451,1,MAX_DAYS,15,7.655184268951416,8.087766647338867,0.2449834486335405,TRAIN,2022-04
GOAU4,BULL_VOLATILE,0.09832256258268174,1,MAX_DAYS,15,7.8869242668151855,8.667119026184082,0.2400177548608153,TRAIN,2022-04
GOAU4,BEAR_CALM,0.09553799072370284,1,MAX_DAYS,15,9.859664916992188,8.911776542663574,0.31249080544948554,TEST,2022-04
HAPV3,BEAR_VOLATILE,-0.14225412310072055,0,STOP_LOSS,3,71.25,61.15714372907366,6.428571428571429,TRAIN,2022-04
HAPV3,BEAR_CALM,0.2785666454739041,1,MAX_DAYS,15,36.0,46.04999923706055,2.7964284079415456,TEST,2022-04
IRBR3,BEAR_VOLATILE,-0.18824069732921542,0,STOP_LOSS,2,51.599998474121094,41.91773877825056,4.929628917149135,TRAIN,2022-04
IRBR3,SIDEWAYS_CALM,0.36851470915133133,1,PROFIT_TARGET,15,21.239999771118164,29.07999610900879,1.5892857142857142,TEST,2022-04
IGTI11,BULL_CALM,0.061394699225900344,1,MAX_DAYS,15,19.294511795043945,18.09835433959961,0.9194473697215955,TRAIN,2022-04
IGTI11,SIDEWAYS_CALM,0.03823979687999768,1,MAX_DAYS,15,18.676841735839844,17.95143699645996,0.684739150152413,TRAIN,2022-04
IGTI11,BULL_CALM,-0.06991114803044196,0,STOP_LOSS,10,18.585018157958984,19.87316710265373,0.6840833671548859,TRAIN,2022-04
IGTI11,BEAR_CALM,-0.07805028642896349,0,STOP_LOSS,3,19.71444320678711,18.187553933633914,0.874944294455552,TRAIN,2022-04
IGTI11,SIDEWAYS_CALM,0.04473210263437434,1,MAX_DAYS,15,17.01483917236328,17.786157608032227,0.573895127669763,TRAIN,2022-04
HYPE3,BULL_CALM,-0.03630590812157631,0,MAX_DAYS,15,38.541725158691406,39.91789245605469,1.123405042610598,TRAIN,2022-04
HYPE3,SIDEWAYS_CALM,-0.051856543913183104,0,STOP_LOSS,13,39.77491760253906,37.73619279180128,1.1182984203315642,TRAIN,2022-04
HYPE3,BEAR_CALM,-0.06506779330973554,0,STOP_LOSS,14,33.541316986083984,35.70365167687917,0.8129672627233313,TEST,2022-04
ITSA4,BEAR_CALM,0.09399778376437425,1,MAX_DAYS,15,6.384807586669922,5.780818939208984,0.14541561374203882,TRAIN,2022-04
KLBN11,BEAR_CALM,-0.05588067839754876,0,STOP_LOSS,4,16.154367446899414,15.261343055351537,0.4112750342982451,TRAIN,2022-04
KLBN11,SIDEWAYS_CALM,-0.04806133594907519,0,STOP_LOSS,13,14.13260269165039,14.803354895833614,0.3515320421981685,TEST,2022-04
LREN3,BULL_CALM,0.1666213264698418,1,MAX_DAYS,15,18.953365325927734,22.122772216796875,1.061536668102162,TRAIN,2022-04
LREN3,BULL_CALM,0.07809357001195101,1,MAX_DAYS,15,21.373260498046875,23.055198669433594,0.9231367783675007,TRAIN,2022-04
LREN3,BEAR_CALM,-0.08735218443161062,0,STOP_LOSS,4,23.150402069091797,21.142054119128005,1.1571798981582013,TRAIN,2022-04
LREN3,BEAR_CALM,-0.08909240916956351,0,STOP_LOSS,10,16.218128204345703,14.782946967322305,0.7844899050833136,TRAIN,2022-04
LREN3,BEAR_VOLATILE,0.05360550133962313,1,MAX_DAYS,15,12.982518196105957,13.68624210357666,0.6419038186473813,TEST,2022-04
LWSA3,BULL_CALM,-0.10392799357305021,0,STOP_LOSS,3,9.456313133239746,10.433414995895893,0.5606998160500026,TRAIN,2022-04
MRVE3,BULL_CALM,0.2877750767434166,1,PROFIT_TARGET,8,8.456835746765137,10.895576404245002,0.4936551354682638,TRAIN,2022-04
MRVE3,BEAR_CALM,-0.1126900276964669,0,STOP_LOSS,3,6.809999942779541,6.046666860580444,0.41928556987217497,TEST,2022-04
MGLU3,BULL_CALM,-0.12255123177027288,0,STOP_LOSS,3,29.782686233520508,33.41472150512588,2.088420947655017,TEST,2022-04
MULT3,SIDEWAYS_CALM,-0.07787464624679341,0,STOP_LOSS,14,20.830833435058594,19.221138150338565,0.6453614855245069,TRAIN,2022-04
MULT3,BULL_CALM,-0.05306630664209404,0,STOP_LOSS,8,21.490856170654297,22.618402020504984,0.6654960981745618,TRAIN,2022-04
MULT3,BULL_CALM,0.05963619491598648,1,MAX_DAYS,15,21.65525245666504,22.95968246459961,0.9034040910092036,TRAIN,2022-04
MULT3,BULL_CALM,0.06614622572013504,1,MAX_DAYS,15,22.60108757019043,24.1096248626709,0.6189353275086541,TEST,2022-04
PCAR3,BULL_CALM,-0.07939970169917705,0,STOP_LOSS,5,25.17241096496582,23.18883248987742,0.8938642752913375,TRAIN,2022-04
PCAR3,BEAR_VOLATILE,-0.07490902530438086,0,STOP_LOSS,14,19.59000015258789,18.134286335536412,1.3014285223824638,TRAIN,2022-04
PCAR3,BEAR_CALM,0.1947231916344266,1,MAX_DAYS,15,14.539999961853027,17.3799991607666,0.6621426854814801,TEST,2022-04
PETR3,BULL_CALM,-0.06486785856726726,0,STOP_LOSS,4,19.498306274414062,20.751420664359365,0.7128060051545455,TRAIN,2022-04
PETR4,BULL_VOLATILE,0.12080088668330714,1,MAX_DAYS,15,12.185362815856934,13.664676666259766,0.3978818449690883,TRAIN,2022-04
PETR4,BULL_VOLATILE,-0.07065240605086229,0,STOP_LOSS,7,17.56000518798828,18.790125801672485,0.7643430550068582,TRAIN,2022-04
PETR4,SIDEWAYS_CALM,-0.061799568873402745,0,STOP_LOSS,2,14.308998107910156,15.184702623124593,0.4928960404928076,TEST,2022-04
PRIO3,BULL_CALM,-0.07382193965595944,0,STOP_LOSS,9,24.300968170166016,26.080332195103303,1.098949160233973,TRAIN,2022-04
RADL3,BULL_CALM,0.14167452118447754,1,MAX_DAYS,15,17.850738525390625,20.390443801879883,0.6092431387069325,TRAIN,2022-04
RADL3,BULL_CALM,-0.048614060647667,0,MAX_DAYS,15,21.00428581237793,22.012786865234375,0.5926566821370436,TRAIN,2022-04
RADL3,BULL_CALM,-0.053675194173609525,0,STOP_LOSS,6,21.44435691833496,22.582520325703776,0.5455066891005718,TRAIN,2022-04
RADL3,BULL_CALM,0.11057107424540995,1,MAX_DAYS,15,23.149656295776367,25.723228454589844,0.5534381597616339,TEST,2022-04
RAIL3,BEAR_VOLATILE,0.14852446376118458,1,MAX_DAYS,15,17.531522750854492,14.917143821716309,0.5891489354294661,TRAIN,2022-04
RAIL3,BULL_CALM,-0.06808461436600072,0,STOP_LOSS,8,18.596515655517578,19.851494343081477,0.8040556559420148,TRAIN,2022-04
RAIZ4,BEAR_CALM,-0.07334347691918523,0,STOP_LOSS,14,6.14585018157959,5.698779670747085,0.26021245550999417,TRAIN,2022-04
RAIZ4,BEAR_CALM,-0.05169486880816603,0,MAX_DAYS,15,3.688603162765503,3.5001344680786133,0.17692988937143417,TRAIN,2022-04
RECV3,BULL_CALM,0.11165007883163403,1,MAX_DAYS,15,17.626216888427734,19.604761123657227,0.9784889938191788,TRAIN,2022-04
RECV3,BULL_CALM,0.04587554273751826,1,MAX_DAYS,15,19.528764724731445,18.62115478515625,1.1555836115915932,TRAIN,2022-04
RECV3,BULL_CALM,0.175283593890164,1,MAX_DAYS,15,18.190038681030273,21.389368057250977,0.9675783804634592,TRAIN,2022-04
RECV3,BULL_VOLATILE,-0.08473324148738902,0,STOP_LOSS,9,21.049013137817383,22.819934843212597,0.8773573363570968,TRAIN,2022-04
RECV3,BEAR_CALM,-0.07873529178037879,0,STOP_LOSS,5,15.97932243347168,14.730773412679618,0.5593919014194729,TEST,2022-04
RDOR3,BEAR_CALM,0.11355282141037391,1,MAX_DAYS,15,32.01310729980469,28.358720779418945,1.446969091056858,TRAIN,2022-04
RDOR3,BEAR_CALM,0.029816475883587868,1,MAX_DAYS,15,20.215723037719727,20.83061408996582,1.03517912431126,TEST,2022-04
RENT3,BEAR_CALM,0.04325833365475555,1,MAX_DAYS,15,50.34086990356445,48.13300323486328,2.1891790411965486,TRAIN,2022-04
RENT3,BEAR_CALM,0.0719499520620414,1,MAX_DAYS,15,47.33561325073242,50.76980972290039,1.8238861851081012,TEST,2022-04
SANB11,BULL_VOLATILE,0.14108053020991512,1,PROFIT_TARGET,12,22.550933837890625,25.745962100771685,0.6408298261726885,TEST,2022-04
SBSP3,SIDEWAYS_CALM,-0.06834632513487343,0,STOP_LOSS,9,42.317386627197266,39.450539193893015,1.2082752347074077,TRAIN,2022-04
SBSP3,SIDEWAYS_CALM,0.06091242428702646,1,MAX_DAYS,15,49.139190673828125,46.116519927978516,1.7424262441739689,TRAIN,2022-04
SBSP3,BEAR_CALM,-0.06230109063625675,0,STOP_LOSS,8,45.87618637084961,43.04557563753601,1.3891875063578512,TEST,2022-04
SMFT3,BEAR_VOLATILE,0.15816018357119224,1,MAX_DAYS,15,14.434951782226562,12.143256187438965,0.8184631725097772,TRAIN,2022-04
SMFT3,BULL_CALM,0.21482959253394995,1,MAX_DAYS,15,12.544986724853516,15.24754810333252,0.6691179232912908,TEST,2022-04
SLCE3,BULL_CALM,-0.06754350459466396,0,STOP_LOSS,5,18.728546142578125,19.98230065732518,0.6635172245595099,TRAIN,2022-04
SLCE3,BULL_CALM,0.12636936800284937,1,MAX_DAYS,15,16.97056007385254,19.125301361083984,0.6633863423341084,TRAIN,2022-04
SLCE3,BEAR_CALM,-0.0032731929256885214,0,MAX_DAYS,15,17.650798797607422,17.603614807128906,0.5440217312997204,TRAIN,2022-04
SLCE3,SIDEWAYS_CALM,-0.061380576028211474,0,STOP_LOSS,15,17.355897903442383,18.41079937550044,0.6200141690684801,TRAIN,2022-04
SUZB3,BEAR_CALM,0.06873025108774689,1,MAX_DAYS,15,40.2644157409668,37.47287368774414,1.1808284378785194,TEST,2022-04
TAEE11,BULL_CALM,-0.03008284793399489,0,STOP_LOSS,15,30.14502716064453,29.256265908901103,0.7067263008228171,TRAIN,2022-04
TAEE11,SIDEWAYS_CALM,-0.048356202755740645,0,STOP_LOSS,11,27.58780860900879,28.90529759052718,0.6224008890071967,TEST,2022-04
TIMS3,SIDEWAYS_CALM,0.0683944968504097,1,MAX_DAYS,15,8.96131420135498,9.579595565795898,0.25805948967620534,TRAIN,2022-04
UGPA3,BEAR_VOLATILE,0.17003221864912305,1,MAX_DAYS,15,12.431793212890625,10.310528755187988,0.4986240007553692,TRAIN,2022-04
UGPA3,BULL_VOLATILE,0.1728439480991587,1,PROFIT_TARGET,13,12.69272518157959,14.894201549210365,0.4771370628689242,TEST,2022-04
TOTS3,BULL_CALM,-0.06724866545662384,0,STOP_LOSS,8,35.09632110595703,32.757198141807855,1.2336421747064223,TRAIN,2022-04
TOTS3,BEAR_VOLATILE,0.23988866362332512,1,PROFIT_TARGET,12,34.14802932739258,25.935815389077824,1.8044661460474813,TRAIN,2022-04
TOTS3,BEAR_VOLATILE,0.07879079371831109,1,MAX_DAYS,15,29.370737075805664,27.038970947265625,1.3861436410795158,TRAIN,2022-04
USIM5,BEAR_CALM,-0.06969976509358831,0,STOP_LOSS,8,11.984582901000977,11.156451037797174,0.3355997636404435,TRAIN,2022-04
USIM5,BEAR_VOLATILE,-0.07808183359234618,0,STOP_LOSS,6,8.15991497039795,7.527669796533881,0.38527438506408496,TRAIN,2022-04
USIM5,BEAR_CALM,0.03106227020940409,1,MAX_DAYS,15,6.988943576812744,7.210229396820068,0.3141467860846197,TRAIN,2022-04
USIM5,SIDEWAYS_CALM,-0.057506117394008134,0,STOP_LOSS,1,6.675455093383789,7.0553293245863165,0.25202002271206,TEST,2022-04
USIM5,BULL_CALM,0.11059833741337784,1,MAX_DAYS,15,6.620133876800537,7.356281757354736,0.2295330165257327,TEST,2022-04
VALE3,SIDEWAYS_CALM,0.1280112659703267,1,PROFIT_TARGET,8,72.16717529296875,62.88566351703756,1.776904445418893,TRAIN,2022-04
VALE3,BULL_CALM,-0.09056539511777072,0,STOP_LOSS,5,56.463783264160156,61.543569835364494,2.9825601030592517,TRAIN,2022-04
VALE3,BULL_CALM,0.0635954999505899,1,MAX_DAYS,15,69.94755554199219,65.45723724365234,1.5639510178011082,TRAIN,2022-04
VALE3,BEAR_VOLATILE,0.15942910411392483,1,PROFIT_TARGET,11,66.002197265625,55.43992476765649,1.8678028959488715,TEST,2022-04
VBBR3,BEAR_CALM,0.06348181599133715,1,MAX_DAYS,15,13.98731803894043,13.090985298156738,0.4417107713232299,TRAIN,2022-04
VBBR3,BEAR_CALM,-0.08087735224491427,0,STOP_LOSS,12,12.100021362304688,11.128663685231967,0.4514604831688673,TRAIN,2022-04
VBBR3,BEAR_CALM,-0.07675659654833741,0,STOP_LOSS,4,10.856022834777832,10.029265083630118,0.3921303457113597,TEST,2022-04
VBBR3,BEAR_CALM,-0.0691258020481293,0,STOP_LOSS,4,10.647403717041016,11.377025596481484,0.373641448395296,TEST,2022-04
VIVT3,BEAR_CALM,-0.04574259283652896,0,STOP_LOSS,4,16.80239486694336,16.04389119678635,0.43988523990262024,TRAIN,2022-04
VIVT3,SIDEWAYS_CALM,0.010373277565882182,1,MAX_DAYS,15,16.980066299438477,17.166393280029297,0.3330505281411301,TRAIN,2022-04
WEGE3,BULL_CALM,0.014352965754231187,1,MAX_DAYS,15,35.829612731933594,35.293853759765625,0.8956058940954362,TRAIN,2022-04
WEGE3,BULL_CALM,-0.003783953426066551,0,MAX_DAYS,15,35.425445556640625,35.312652587890625,1.0970169489565806,TRAIN,2022-04
WEGE3,BULL_CALM,-0.04474245748566471,0,MAX_DAYS,15,35.69801330566406,37.27381134033203,0.9641375552683193,TRAIN,2022-04
WEGE3,BULL_CALM,-0.05022907653773183,0,STOP_LOSS,9,37.00180435180664,38.83816973201663,0.8803189666100825,TEST,2022-04
WEGE3,BULL_CALM,-0.0072160372685966135,0,MAX_DAYS,15,37.200584411621094,36.954463958740234,0.7836329552959762,TEST,2022-04
YDUQ3,BEAR_VOLATILE,-0.12482359821432933,0,STOP_LOSS,3,13.082439422607422,11.457291724110135,0.8685215089595655,TRAIN,2022-04
YDUQ3,BEAR_CALM,-0.09932237348022657,0,STOP_LOSS,4,11.469280242919922,12.601554810610846,0.6160905955842377,TRAIN,2022-04
YDUQ3,BEAR_CALM,0.31801431033588123,1,PROFIT_TARGET,12,6.862918853759766,9.04954301124155,0.4522440323879899,TEST,2022-04
ALOS3,BEAR_CALM,0.026805626653526135,1,MAX_DAYS,15,14.122130393981934,14.509156227111816,0.41467030121710735,TRAIN,2022-07
ALOS3,SIDEWAYS_CALM,-0.07507248484456835,0,STOP_LOSS,4,14.732770919799805,15.829956978843093,0.5442930600146364,TRAIN,2022-07
ALOS3,SIDEWAYS_CALM,0.02609768874450876,1,MAX_DAYS,15,14.818774223327637,15.214401245117188,0.4890035845467851,TRAIN,2022-07
ALOS3,BULL_CALM,-0.050719933054446976,0,STOP_LOSS,10,22.15263557434082,21.042346962375298,0.5725210896256515,TEST,2022-07
ALOS3,BULL_CALM,0.02675300741808663,1,MAX_DAYS,15,21.993391036987305,21.39180564880371,0.6540386292971715,TEST,2022-07
ALOS3,BULL_CALM,-0.0010147367280223067,0,MAX_DAYS,15,21.329875946044922,21.338722229003906,0.5244940585713282,TEST,2022-07
ABEV3,BULL_VOLATILE,0.03701342960870543,1,MAX_DAYS,15,12.688796997070312,13.16606616973877,0.3003509186304966,TRAIN,2022-07
ABEV3,SIDEWAYS_CALM,0.03626333373597823,1,MAX_DAYS,15,12.924248695373535,12.4478178024292,0.3062765233752747,TEST,2022-07
AURE3,SIDEWAYS_CALM,-0.044253775957018134,0,STOP_LOSS,1,10.676185607910156,11.142241422513408,0.2945156869086823,TRAIN,2022-07
AURE3,SIDEWAYS_CALM,0.013757507504462823,1,MAX_DAYS,15,10.911170959472656,11.067828178405762,0.3675849489028758,TRAIN,2022-07
AURE3,SIDEWAYS_CALM,0.026935323307499717,1,MAX_DAYS,15,11.663125038146973,11.3419771194458,0.273590537068712,TRAIN,2022-07
AURE3,BULL_CALM,-0.0202628096575354,0,MAX_DAYS,15,12.328092575073242,12.085687637329102,0.16881890308219574,TEST,2022-07
ASAI3,BULL_VOLATILE,0.1377928084729125,1,MAX_DAYS,15,17.49529266357422,19.916515350341797,0.928879409671824,TRAIN,2022-07
ASAI3,BULL_CALM,0.01337594821016606,1,MAX_DAYS,15,19.086658477783203,18.819904327392578,0.6652794076090977,TRAIN,2022-07
ASAI3,BEAR_CALM,-0.056891378518332474,0,STOP_LOSS,6,13.347548484802246,12.596196580752448,0.4920619464053507,TEST,2022-07
ASAI3,BEAR_VOLATILE,-0.0935929578251369,0,STOP_LOSS,11,12.915396690368652,11.714355750646288,0.41390998122372913,TEST,2022-07
AZUL4,BEAR_CALM,0.05723134763528215,1,MAX_DAYS,15,12.449999809265137,11.729999542236328,0.6214286259242466,TRAIN,2022-07
AZUL4,BEAR_CALM,0.14728315016190285,1,MAX_DAYS,15,16.770000457763672,14.289999961853027,0.8721424511500767,TRAIN,2022-07
AZUL4,BEAR_VOLATILE,0.21202251092167482,1,MAX_DAYS,15,16.31999969482422,12.850000381469727,1.0014285360063826,TRAIN,2022-07
AZUL4,BEAR_CALM,-0.11844126645042789,0,STOP_LOSS,14,11.25,9.924285752432686,0.7364286014011928,TRAIN,2022-07
AZUL4,SIDEWAYS_CALM,-0.10995527602462932,0,STOP_LOSS,6,11.300000190734863,12.535714830671038,0.6085716656276158,TRAIN,2022-07
AZUL4,BULL_CALM,0.09674042542398434,1,MAX_DAYS,15,18.799999237060547,16.969999313354492,0.9071426391601562,TEST,2022-07
B3SA3,BEAR_CALM,-0.07974882215583315,0,STOP_LOSS,10,10.015340805053711,10.808043233262966,0.40284870462181477,TRAIN,2022-07
B3SA3,BULL_VOLATILE,0.19851132664283563,1,MAX_DAYS,15,10.462079048156738,12.545197486877441,0.438410975467907,TRAIN,2022-07
B3SA3,BULL_CALM,-0.06577089608323225,0,STOP_LOSS,8,13.652266502380371,14.541996943907595,0.4601207817441629,TEST,2022-07
B3SA3,BULL_CALM,-0.06625553789946412,0,STOP_LOSS,15,13.689773559570312,12.790964112794862,0.36903430392602143,TEST,2022-07
BBAS3,BULL_CALM,-0.06151920736713939,0,STOP_LOSS,13,16.222858428955078,17.211142105676338,0.7043210855051684,TRAIN,2022-07
BBAS3,BULL_CALM,0.05304310110291618,1,MAX_DAYS,15,21.323806762695312,20.179931640625,0.43078053394800647,TEST,2022-07
BBAS3,BULL_CALM,-0.013595650398456251,0,MAX_DAYS,15,20.453474044799805,20.187667846679688,0.3377760490116152,TEST,2022-07
BBDC3,SIDEWAYS_CALM,-0.04474884420087756,0,STOP_LOSS,12,10.889741897583008,11.370511416007169,0.23999514268918265,TRAIN,2022-07
BBDC3,BEAR_CALM,0.09703145398666803,1,MAX_DAYS,15,10.075976371765137,9.092244148254395,0.27584079338585277,TRAIN,2022-07
BBDC3,BULL_CALM,-0.0409868828632584,0,STOP_LOSS,7,11.856447219848633,12.335292164891065,0.2544156041225064,TEST,2022-07
BBDC3,BULL_CALM,-0.04546992783637462,0,STOP_LOSS,6,11.832053184509277,11.3011498119642,0.281237242507745,TEST,2022-07
BBDC4,BEAR_CALM,-0.0011756161151278142,0,MAX_DAYS,15,13.294073104858398,13.301725387573242,0.3349199235995843,TRAIN,2022-07
BBDC4,BEAR_VOLATILE,-0.07126091414111947,0,STOP_LOSS,14,11.252387046813965,10.457283091816398,0.375022941343249,TRAIN,2022-07
BBDC4,BULL_CALM,-0.0017430199478419574,0,MAX_DAYS,15,13.523082733154297,13.53853988647461,0.32398580901848767,TEST,2022-07
BEEF3,BULL_CALM,-0.06354964987963488,0,STOP_LOSS,4,13.021056175231934,12.201385247938026,0.457454321904687,TRAIN,2022-07
BEEF3,BULL_CALM,-0.07508376414841021,0,STOP_LOSS,6,12.702556610107422,13.648690840736492,0.5734349949688345,TRAIN,2022-07
BEEF3,SIDEWAYS_CALM,-0.023156381892455405,0,MAX_DAYS,15,12.628275871276855,12.343427658081055,0.8504757331718359,TRAIN,2022-07
BEEF3,BEAR_CALM,0.0946380644575069,1,MAX_DAYS,15,10.327659606933594,9.344073295593262,0.3590091520659872,TEST,2022-07
BEEF3,BEAR_CALM,-0.0824434614995405,0,STOP_LOSS,2,10.460000038146973,9.603917427739699,0.558791606420345,TEST,2022-07
BPAC11,BULL_CALM,-0.08073009428073917,0,STOP_LOSS,13,24.252634048461914,26.195999901321432,0.8119268376932413,TRAIN,2022-07
BPAC11,SIDEWAYS_VOLATILE,-0.06578668939359406,0,STOP_LOSS,13,24.225019454956055,22.64587063619206,1.272129881923649,TRAIN,2022-07
BPAC11,BULL_CALM,-0.06703897568426626,0,STOP_LOSS,10,30.12848663330078,32.13019242413439,0.9033064802300002,TEST,2022-07
BPAC11,BULL_CALM,-0.029066581015061536,0,MAX_DAYS,15,30.935657501220703,31.8162899017334,0.8779235282740433,TEST,2022-07
BRAP4,SIDEWAYS_CALM,0.17994150407656645,1,PROFIT_TARGET,8,15.036728858947754,17.751482503533694,0.4968924943785309,TRAIN,2022-07
BRAP4,BEAR_CALM,-0.0287843057633789,0,STOP_LOSS,3,16.659486770629883,17.12902283963428,0.28123307938504327,TEST,2022-07
BRKM5,BEAR_VOLATILE,-0.08410361972208197,0,STOP_LOSS,12,34.25,31.390001024518693,1.1057141167776925,TRAIN,2022-07
BRKM5,BEAR_CALM,0.23262255972771648,1,PROFIT_TARGET,9,19.350000381469727,23.862857001168386,1.4614283697945731,TRAIN,2022-07
BRKM5,SIDEWAYS_CALM,-0.09749082863196487,0,STOP_LOSS,10,27.65999984741211,24.979999542236328,0.8953848618727464,TEST,2022-07
CMIG4,BULL_CALM,-0.05935497046213866,0,STOP_LOSS,13,5.228635311126709,5.535843624389254,0.12679237326799728,TRAIN,2022-07
CMIG4,BULL_VOLATILE,0.05767692169898252,1,MAX_DAYS,15,6.133081436157227,5.775664329528809,0.2364285540388829,TRAIN,2022-07
CMIG4,BULL_CALM,-0.04082987798679018,0,STOP_LOSS,3,6.733668804168701,7.004563478563863,0.14610929345877174,TRAIN,2022-07
CMIG4,BULL_CALM,0.018282975256880933,1,MAX_DAYS,15,7.133829593658447,6.99912166595459,0.13711180924869953,TEST,2022-07
CMIN3,BEAR_CALM,0.004879542135672239,1,MAX_DAYS,15,2.3131580352783203,2.3258330821990967,0.08464982035525792,TRAIN,2022-07
CMIN3,BEAR_CALM,-0.08458523368027024,0,STOP_LOSS,11,2.199084520339966,2.383775147663383,0.10909410179006225,TRAIN,2022-07
CMIN3,BULL_CALM,0.07680614715818326,1,MAX_DAYS,15,3.414064645767212,3.1497950553894043,0.11835975357040437,TRAIN,2022-07
CMIN3,BULL_CALM,-0.03670458104771578,0,STOP_LOSS,12,3.3147852420806885,3.434464174509163,0.08492251520861901,TEST,2022-07
COGN3,SIDEWAYS_VOLATILE,-0.12931771539899647,0,STOP_LOSS,3,2.852731466293335,2.4855343893052275,0.19124847948912346,TRAIN,2022-07
COGN3,BEAR_CALM,-0.09800260344073339,0,STOP_LOSS,14,2.1419825553894043,1.9333478779698414,0.09805831762650853,TRAIN,2022-07
COGN3,BEAR_VOLATILE,0.19939997773851348,1,MAX_DAYS,15,2.1419825553894043,1.7135860919952393,0.12170356366102521,TRAIN,2022-07
COGN3,BULL_CALM,-0.09123443262819725,0,STOP_LOSS,12,3.222710132598877,3.5147986369921185,0.15230331201258304,TEST,2022-07
COGN3,BULL_CALM,-0.09540124995294468,0,STOP_LOSS,13,3.183764934539795,2.8819400391890673,0.17108046433562238,TEST,2022-07
CPFE3,BULL_CALM,-0.029553247257586412,0,MAX_DAYS,15,28.78152847290039,29.61484718322754,0.8320098900545813,TRAIN,2022-07
CPFE3,BULL_CALM,0.05711922055536154,1,MAX_DAYS,15,32.68255615234375,30.796144485473633,0.8758343146842746,TRAIN,2022-07
CPFE3,BULL_CALM,-0.05920804385616281,0,STOP_LOSS,5,31.42799949645996,33.26993306925995,1.058980907469739,TRAIN,2022-07
CPFE3,BEAR_VOLATILE,0.11264040726614198,1,MAX_DAYS,15,31.53788948059082,27.96652603149414,1.0419751217848467,TRAIN,2022-07
CPFE3,BEAR_VOLATILE,-0.04857246091764811,0,STOP_LOSS,13,29.61484718322754,28.194150084148035,0.8483627915219353,TRAIN,2022-07
CPFE3,BULL_CALM,-0.011976523250162562,0,MAX_DAYS,15,34.37797546386719,33.986873626708984,0.715858856363738,TEST,2022-07
CPFE3,BULL_CALM,-0.01415455125494835,0,MAX_DAYS,15,34.808189392089844,35.279998779296875,0.6425218099641258,TEST,2022-07
CPFE3,BULL_CALM,0.00440141690351869,1,MAX_DAYS,15,33.9900016784668,34.15999984741211,0.6942855290004185,TEST,2022-07
CPLE6,BULL_CALM,-0.004947874747584477,0,MAX_DAYS,15,6.092570781707764,6.119060516357422,0.13433967848268016,TRAIN,2022-07
CPLE6,BULL_CALM,0.013706182039840989,1,MAX_DAYS,15,6.17203950881958,6.260337829589844,0.13244706590759942,TRAIN,2022-07
CPLE6,BULL_CALM,0.005944553137370069,1,MAX_DAYS,15,7.041934013366699,7.088020324707031,0.20014459791642356,TRAIN,2022-07
CPLE6,BULL_CALM,-0.04971298635365535,0,STOP_LOSS,12,7.051151752471924,6.704848632675217,0.1929025887769719,TRAIN,2022-07
CPLE6,BULL_CALM,-0.04438480058608497,0,STOP_LOSS,1,7.0972371101379395,7.407988221717491,0.17117638291220696,TRAIN,2022-07
CPLE6,BULL_CALM,-0.038547081391388245,0,STOP_LOSS,9,7.50279426574707,7.787503410412215,0.17067882304040952,TEST,2022-07
CSAN3,BEAR_CALM,-0.05122572074751468,0,MAX_DAYS,15,16.533058166503906,17.37005615234375,0.4876887896477275,TRAIN,2022-07
CSAN3,BEAR_VOLATILE,0.11322106135273947,1,MAX_DAYS,15,17.351247787475586,15.376310348510742,0.712052789836986,TRAIN,2022-07
CSAN3,BEAR_CALM,-0.027563722276531557,0,MAX_DAYS,15,16.04402732849121,15.611420631408691,0.6643588094669474,TRAIN,2022-07
CSAN3,BEAR_CALM,-0.08116178519673992,0,STOP_LOSS,4,15.592613220214844,16.84878197711764,0.6395040614415858,TRAIN,2022-07
CSAN3,BEAR_CALM,-0.04316597789496806,0,MAX_DAYS,15,15.686657905578613,15.018939971923828,0.6032297106083707,TRAIN,2022-07
CSAN3,BEAR_CALM,-0.0643014721306783,0,STOP_LOSS,6,14.257177352905273,13.34897416709704,0.43999482979942606,TRAIN,2022-07
CSAN3,SIDEWAYS_CALM,-0.06556909564554841,0,STOP_LOSS,3,14.351222038269043,15.283607955503847,0.49104768851350183,TRAIN,2022-07
CSNA3,BULL_CALM,0.1246031648318583,1,MAX_DAYS,15,10.598671913146973,11.9256591796875,0.35882833409560533,TEST,2022-07
CVCB3,BEAR_CALM,-0.1277875783025422,0,STOP_LOSS,11,6.465116024017334,7.287398474557059,0.4058786460331508,TRAIN,2022-07
CVCB3,BEAR_CALM,0.12331936597780588,1,MAX_DAYS,15,6.391439914703369,7.183463096618652,0.5361282825469971,TRAIN,2022-07
CVCB3,BEAR_CALM,-0.13322264995294428,0,STOP_LOSS,3,6.17041015625,5.352074010031564,0.46113623891557964,TRAIN,2022-07
CVCB3,BEAR_CALM,-0.1352397191054582,0,STOP_LOSS,3,4.162724018096924,4.723192010607038,0.2729980264391218,TRAIN,2022-07
CVCB3,BEAR_CALM,0.385696814133626,1,PROFIT_TARGET,13,2.707612991333008,3.7535552637917657,0.25260513169424875,TRAIN,2022-07
CXSE3,BEAR_CALM,-0.041238566353592875,0,STOP_LOSS,14,5.138906955718994,5.34774476702392,0.11880314571705952,TRAIN,2022-07
CXSE3,BULL_CALM,-0.0547815797695084,0,STOP_LOSS,5,6.548562526702881,6.9033739896190465,0.19888763041978047,TRAIN,2022-07
CXSE3,BULL_CALM,-0.04105661270660297,0,STOP_LOSS,1,6.605830192565918,6.873079706272142,0.1413872044016249,TRAIN,2022-07
CXSE3,BULL_CALM,-0.036081076218137456,0,STOP_LOSS,9,8.428963661193848,8.728032363296578,0.15957762497693004,TEST,2022-07
CYRE3,BULL_CALM,0.25182419224784397,1,PROFIT_TARGET,15,10.785836219787598,13.50844221528502,0.46718799778996434,TRAIN,2022-07
CYRE3,BULL_CALM,0.1877477011905962,1,PROFIT_TARGET,13,18.259323120117188,21.698424655087564,0.7592220893258101,TEST,2022-07
DIRR3,BULL_CALM,-0.08614870021227443,0,STOP_LOSS,6,4.253643035888672,4.617536668775941,0.20738020341782698,TRAIN,2022-07
DIRR3,BULL_CALM,0.09688235443001839,1,MAX_DAYS,15,4.242686748504639,4.65627384185791,0.17705580474310662,TRAIN,2022-07
DIRR3,BULL_CALM,0.0809676861028056,1,MAX_DAYS,15,5.192604064941406,5.616152763366699,0.17248438760596457,TEST,2022-07
ECOR3,BEAR_CALM,0.022167152518759534,1,MAX_DAYS,15,5.245529651641846,5.12610387802124,0.1843875475186467,TRAIN,2022-07
ECOR3,BEAR_CALM,-0.09123231976906881,0,STOP_LOSS,1,5.6038055419921875,5.095919646186672,0.2992196008840858,TRAIN,2022-07
ECOR3,BEAR_CALM,-0.10896499219164806,0,STOP_LOSS,2,4.832134246826172,4.308500056899859,0.30184423691036416,TRAIN,2022-07
ECOR3,BEAR_CALM,-0.03331036267344683,0,MAX_DAYS,15,3.9393222332000732,3.8104655742645264,0.1794785464674479,TRAIN,2022-07
ECOR3,BULL_CALM,-0.06349064213473367,0,STOP_LOSS,3,5.890575408935547,6.261037478946575,0.19663147235102374,TEST,2022-07
EGIE3,BULL_CALM,-0.04034210212208163,0,STOP_LOSS,12,24.201614379882812,25.163437410087354,0.4558086661753575,TRAIN,2022-07
EGIE3,BULL_CALM,0.029131394135029392,1,MAX_DAYS,15,28.206201553344727,27.367591857910156,0.4492576661702398,TEST,2022-07
EGIE3,BULL_CALM,-0.03061774198490432,0,STOP_LOSS,1,26.811481475830078,26.00666134265557,0.4472239616046872,TEST,2022-07
ELET3,BULL_CALM,-0.0630500427870697,0,STOP_LOSS,10,38.674163818359375,41.08936700357006,0.8908282847242569,TRAIN,2022-07
ELET3,BULL_CALM,0.04712224483505029,1,MAX_DAYS,15,40.318382263183594,38.3942985534668,1.2800173421678391,TRAIN,2022-07
ELET3,BEAR_CALM,0.06799550088030189,1,MAX_DAYS,15,29.51584815979004,31.540502548217773,1.1286471441369226,TRAIN,2022-07
ELET6,BULL_CALM,-0.061154927365621,0,STOP_LOSS,11,36.64155960083008,38.860386581021416,0.9382610558016619,TRAIN,2022-07
ELET6,BULL_CALM,0.01707685316443228,1,MAX_DAYS,15,38.65053939819336,37.96731948852539,1.1253316025842501,TRAIN,2022-07
ELET6,SIDEWAYS_CALM,0.0466131495377706,1,MAX_DAYS,15,36.7481689453125,35.0131721496582,1.0410008986534873,TEST,2022-07
EMBR3,BEAR_CALM,-0.010873989397439103,0,MAX_DAYS,15,11.66799545288086,11.787872314453125,0.4509645046914591,TRAIN,2022-07
EMBR3,BEAR_CALM,0.12877807499402916,1,MAX_DAYS,15,13.97562026977539,12.167481422424316,0.5637055878875205,TRAIN,2022-07
EMBR3,BEAR_CALM,-0.08964343817474918,0,STOP_LOSS,9,12.517121315002441,13.631688832940696,0.5687005334069868,TRAIN,2022-07
EMBR3,BULL_CALM,-0.08185065647850844,0,STOP_LOSS,15,13.875723838806152,15.003135509823641,0.46166787144590365,TRAIN,2022-07
EMBR3,BULL_CALM,-0.06520468697571583,0,STOP_LOSS,1,19.240203857421875,17.997196509864175,0.6714522000343328,TRAIN,2022-07
EMBR3,BULL_CALM,-0.058271369715803004,0,STOP_LOSS,15,18.361106872558594,19.42001705539729,0.6657438692342984,TEST,2022-07
ENEV3,BULL_CALM,0.009366815302562836,1,MAX_DAYS,15,15.050000190734863,14.899999618530273,0.46000003814697266,TRAIN,2022-07
ENEV3,BEAR_VOLATILE,0.14388667753823176,1,MAX_DAYS,15,15.779999732971191,13.5,0.6178571156093052,TRAIN,2022-07
ENGI11,BULL_CALM,-0.04317316597558718,0,STOP_LOSS,2,39.95564651489258,41.65668488563299,0.9231458038898117,TEST,2022-07
ENGI11,BULL_CALM,-0.04813372689820129,0,STOP_LOSS,6,39.86826705932617,37.97317974102361,0.9537841456455871,TEST,2022-07
EQTL3,SIDEWAYS_CALM,-0.057124223257387176,0,STOP_LOSS,13,20.96361541748047,22.14856749562014,0.4954346066694565,TRAIN,2022-07
EQTL3,SIDEWAYS_CALM,-0.04736090939608848,0,STOP_LOSS,11,24.847455978393555,23.685566340664597,0.6762458306766482,TRAIN,2022-07
EQTL3,BULL_CALM,0.02540192053236976,1,MAX_DAYS,15,30.294601440429688,31.082319259643555,0.6195813901542638,TEST,2022-07
EQTL3,BULL_CALM,-0.04139064925590885,0,STOP_LOSS,2,29.469818115234375,30.67191112960833,0.6725366724980358,TEST,2022-07
EZTC3,BULL_CALM,0.13769780444240398,1,MAX_DAYS,15,13.298575401306152,15.137739181518555,0.5700575688514531,TRAIN,2022-07
EZTC3,BEAR_CALM,-0.057721668699915636,0,MAX_DAYS,15,11.353885650634766,10.70533275604248,0.4782926691417288,TRAIN,2022-07
FLRY3,SIDEWAYS_CALM,0.06092857083010325,1,MAX_DAYS,15,11.76932430267334,12.493474006652832,0.40290975877013313,TRAIN,2022-07
FLRY3,BEAR_CALM,0.008943155806271948,1,MAX_DAYS,15,11.508261680603027,11.398436546325684,0.4146516845429442,TRAIN,2022-07
FLRY3,BEAR_CALM,-0.006105798256661764,0,MAX_DAYS,15,11.398436546325684,11.461194038391113,0.31323001541682227,TRAIN,2022-07
GGBR4,BEAR_CALM,0.08625865306756858,1,MAX_DAYS,15,13.81760025024414,15.017778396606445,0.6031987585747818,TRAIN,2022-07
GGBR4,SIDEWAYS_CALM,-0.07382093427191301,0,STOP_LOSS,14,15.546258926391602,16.684570529415062,0.47094605020159175,TRAIN,2022-07
GGBR4,SIDEWAYS_CALM,0.0490452922281915,1,MAX_DAYS,15,17.834959030151367,18.720380783081055,0.480977986341804,TRAIN,2022-07
GOAU4,BEAR_CALM,0.08282224994942305,1,MAX_DAYS,15,6.981400489807129,7.563804626464844,0.2581360127869797,TRAIN,2022-07
HYPE3,BULL_CALM,-0.05455812896605365,0,STOP_LOSS,1,33.10170364379883,34.88780963800701,1.2734787212939889,TRAIN,2022-07
HYPE3,BULL_CALM,-0.03630590812157631,0,MAX_DAYS,15,38.541725158691406,39.91789245605469,1.123405042610598,TRAIN,2022-07
HYPE3,SIDEWAYS_CALM,-0.051856543913183104,0,STOP_LOSS,13,39.77491760253906,37.73619279180128,1.1182984203315642,TRAIN,2022-07
HAPV3,BEAR_CALM,0.076072140138582,1,MAX_DAYS,15,91.94999694824219,99.0,5.2928570338657925,TRAIN,2022-07
HAPV3,BEAR_VOLATILE,-0.14225412310072055,0,STOP_LOSS,3,71.25,61.15714372907366,6.428571428571429,TRAIN,2022-07
HAPV3,BULL_CALM,-0.0508283592852755,0,MAX_DAYS,15,65.69999694824219,69.0,3.0321431841169084,TEST,2022-07
HAPV3,BULL_CALM,-0.07036740184856098,0,MAX_DAYS,15,70.94999694824219,66.0,3.0749999455043246,TEST,2022-07
IRBR3,BEAR_CALM,-0.037636984481553455,0,MAX_DAYS,15,53.76606750488281,55.75740051269531,2.755866459437779,TRAIN,2022-07
IRBR3,BULL_CALM,-0.12298752436922492,0,STOP_LOSS,5,49.5,43.44181754372337,3.2400005885532925,TEST,2022-07
IRBR3,BULL_CALM,-0.011814536445104449,0,MAX_DAYS,15,41.90999984741211,41.439998626708984,1.9028565543038505,TEST,2022-07
IGTI11,BULL_CALM,0.17571011638990933,1,MAX_DAYS,15,16.822011947631836,19.78790283203125,0.628988683969058,TRAIN,2022-07
IGTI11,BULL_CALM,-0.06991114803044196,0,STOP_LOSS,10,18.585018157958984,19.87316710265373,0.6840833671548859,TRAIN,2022-07
IGTI11,BEAR_CALM,-0.07805028642896349,0,STOP_LOSS,3,19.71444320678711,18.187553933633914,0.874944294455552,TRAIN,2022-07
IGTI11,SIDEWAYS_CALM,0.04473210263437434,1,MAX_DAYS,15,17.01483917236328,17.786157608032227,0.573895127669763,TRAIN,2022-07
IGTI11,BULL_CALM,0.02151408221778284,1,MAX_DAYS,15,21.166109085083008,20.698040008544922,0.48946733492569067,TEST,2022-07
ITUB4,BEAR_CALM,-0.04886625434683296,0,STOP_LOSS,15,16.58899688720703,17.389685630323786,0.43362374598021997,TRAIN,2022-07
ITUB4,BULL_CALM,0.008700812266969454,1,MAX_DAYS,15,22.428871154785156,22.220264434814453,0.5115773667842161,TEST,2022-07
ITSA4,BEAR_CALM,-0.03848953373290763,0,STOP_LOSS,15,5.25766658782959,5.45687712336554,0.12203025701738841,TRAIN,2022-07
ITSA4,BEAR_CALM,0.09399778376437425,1,MAX_DAYS,15,6.384807586669922,5.780818939208984,0.14541561374203882,TRAIN,2022-07
ITSA4,BULL_CALM,-0.00478214828106101,0,MAX_DAYS,15,7.279889106750488,7.3103346824646,0.15042604482678826,TEST,2022-07
ITSA4,BULL_CALM,-0.031591581613648216,0,MAX_DAYS,15,7.213459491729736,6.989902973175049,0.13466685213068777,TEST,2022-07
ITSA4,BULL_CALM,0.022412742018503698,1,MAX_DAYS,15,7.17215633392334,7.007105350494385,0.1312893507861614,TEST,2022-07
LREN3,SIDEWAYS_CALM,-0.08086558540719231,0,STOP_LOSS,2,18.204374313354492,19.665559074587545,0.7821013821317984,TRAIN,2022-07
LREN3,BULL_CALM,0.07809357001195101,1,MAX_DAYS,15,21.373260498046875,23.055198669433594,0.9231367783675007,TRAIN,2022-07
LREN3,BEAR_CALM,-0.08735218443161062,0,STOP_LOSS,4,23.150402069091797,21.142054119128005,1.1571798981582013,TRAIN,2022-07
LREN3,BEAR_CALM,-0.08909240916956351,0,STOP_LOSS,10,16.218128204345703,14.782946967322305,0.7844899050833136,TRAIN,2022-07
KLBN11,BULL_VOLATILE,0.1435811881048494,1,PROFIT_TARGET,13,14.304190635681152,16.36658583641192,0.43941894517863717,TRAIN,2022-07
KLBN11,BULL_CALM,-0.027618780992629457,0,STOP_LOSS,1,17.436471939086914,16.965359722480596,0.3116491770741172,TEST,2022-07
KLBN11,BULL_CALM,-0.039704670604760406,0,STOP_LOSS,3,17.23002815246582,17.903802727878745,0.3402903256487621,TEST,2022-07
LWSA3,BEAR_CALM,0.16306620476176067,1,MAX_DAYS,15,5.8777289390563965,6.839714527130127,0.44594883646376804,TRAIN,2022-07
LWSA3,BULL_CALM,-0.10392799357305021,0,STOP_LOSS,3,9.456313133239746,10.433414995895893,0.5606998160500026,TRAIN,2022-07
MGLU3,BULL_CALM,0.32555386047261975,1,MAX_DAYS,15,29.510284423828125,39.13517761230469,1.945732523898901,TRAIN,2022-07
MGLU3,BEAR_CALM,0.09324164837074457,1,MAX_DAYS,15,30.963098526000977,28.057470321655273,1.186897133842453,TEST,2022-07
MRVE3,BEAR_CALM,-0.04144506559835442,0,MAX_DAYS,15,7.099999904632568,7.389999866485596,0.4649998801095145,TRAIN,2022-07
MULT3,BULL_CALM,-0.05306630664209404,0,STOP_LOSS,8,21.490856170654297,22.618402020504984,0.6654960981745618,TRAIN,2022-07
MULT3,BULL_CALM,0.05963619491598648,1,MAX_DAYS,15,21.65525245666504,22.95968246459961,0.9034040910092036,TRAIN,2022-07
MULT3,BULL_CALM,0.04770569120498431,1,MAX_DAYS,15,25.133800506591797,23.919694900512695,0.6025226730800871,TEST,2022-07
PCAR3,BEAR_CALM,-0.07432372312170546,0,STOP_LOSS,10,16.649999618530273,15.422499656677246,0.6507143293108258,TRAIN,2022-07
PCAR3,BEAR_VOLATILE,-0.07490902530438086,0,STOP_LOSS,14,19.59000015258789,18.134286335536412,1.3014285223824638,TRAIN,2022-07
PCAR3,BEAR_CALM,0.1947231916344266,1,MAX_DAYS,15,14.539999961853027,17.3799991607666,0.6621426854814801,TRAIN,2022-07
PETR3,BULL_CALM,-0.08425386970558899,0,STOP_LOSS,12,13.974711418151855,15.143750106299137,0.4037572237901833,TRAIN,2022-07
PETR3,BULL_CALM,-0.06486785856726726,0,STOP_LOSS,4,19.498306274414062,20.751420664359365,0.7128060051545455,TRAIN,2022-07
PETR3,BULL_CALM,-0.04443067804249432,0,STOP_LOSS,6,23.89081573486328,24.93796638751063,0.6577995862848471,TEST,2022-07
PETR3,BULL_CALM,0.10220796449426374,1,MAX_DAYS,15,23.582408905029297,26.006868362426758,0.7005868800637656,TEST,2022-07
PETR4,BULL_CALM,-0.09175171073975552,0,STOP_LOSS,13,12.654864311218262,13.808376842365284,0.3542042215564346,TRAIN,2022-07
PETR4,BULL_VOLATILE,-0.07065240605086229,0,STOP_LOSS,7,17.56000518798828,18.790125801672485,0.7643430550068582,TRAIN,2022-07
PETR4,BULL_CALM,-0.04001106275128981,0,STOP_LOSS,7,21.097997665405273,20.26650315548742,0.4813784341109681,TEST,2022-07
PETR4,BULL_CALM,-0.04776979356574201,0,STOP_LOSS,3,20.79669952392578,21.777675547318125,0.48498240698402056,TEST,2022-07
PETR4,BULL_CALM,0.06915172463487977,1,MAX_DAYS,15,20.593496322631836,22.02992820739746,0.6416393146824427,TEST,2022-07
PRIO3,SIDEWAYS_CALM,-0.09913632112522892,0,STOP_LOSS,9,22.054576873779297,24.22775374289506,0.967018431462935,TRAIN,2022-07
PRIO3,SIDEWAYS_CALM,-0.013875737578958186,0,MAX_DAYS,15,34.59443664550781,34.135169982910156,1.046890086329292,TRAIN,2022-07
RADL3,BULL_CALM,0.14167452118447754,1,MAX_DAYS,15,17.850738525390625,20.390443801879883,0.6092431387069325,TRAIN,2022-07
RADL3,BULL_CALM,-0.048614060647667,0,MAX_DAYS,15,21.00428581237793,22.012786865234375,0.5926566821370436,TRAIN,2022-07
RADL3,BULL_CALM,-0.053675194173609525,0,STOP_LOSS,6,21.44435691833496,22.582520325703776,0.5455066891005718,TRAIN,2022-07
RADL3,BULL_CALM,0.10453929761007333,1,MAX_DAYS,15,21.89360237121582,24.195480346679688,0.5618087905506525,TRAIN,2022-07
RADL3,BULL_CALM,-0.006884894904308256,0,MAX_DAYS,15,27.393444061279297,27.565608978271484,0.5494489551244219,TEST,2022-07
RADL3,BULL_CALM,-0.039918482888358225,0,STOP_LOSS,4,27.18195152282715,26.113198427004686,0.5508189411341705,TEST,2022-07
RAIL3,BULL_CALM,-0.049946890677176996,0,STOP_LOSS,6,15.116799354553223,15.86276639969118,0.3830133057177062,TRAIN,2022-07
RAIL3,BULL_CALM,-0.06808461436600072,0,STOP_LOSS,8,18.596515655517578,19.851494343081477,0.8040556559420148,TRAIN,2022-07
RAIL3,BULL_CALM,-0.06586062978030326,0,STOP_LOSS,8,21.598644256591797,23.008185383177707,0.5737653230805204,TEST,2022-07
RAIL3,BULL_CALM,-0.02806785144770596,0,MAX_DAYS,15,22.228286743164062,22.838850021362305,0.5383306385395229,TEST,2022-07
RAIZ4,BEAR_CALM,-0.05169486880816603,0,MAX_DAYS,15,3.688603162765503,3.5001344680786133,0.17692988937143417,TRAIN,2022-07
RAIZ4,BULL_CALM,0.06647770405589058,1,MAX_DAYS,15,4.07142448425293,3.7983226776123047,0.11798457662791521,TEST,2022-07
RDOR3,BEAR_CALM,-0.0958529783869505,0,STOP_LOSS,5,27.398174285888672,24.788416582793015,1.2507124823278188,TRAIN,2022-07
RDOR3,BEAR_CALM,0.11355282141037391,1,MAX_DAYS,15,32.01310729980469,28.358720779418945,1.446969091056858,TRAIN,2022-07
RDOR3,BULL_CALM,-0.07744901820925901,0,STOP_LOSS,6,30.55534553527832,32.903493840709125,1.1473465462504424,TEST,2022-07
RECV3,SIDEWAYS_CALM,-0.14497863863417018,0,STOP_LOSS,7,19.17328453063965,16.4050718119603,1.2328385209610908,TRAIN,2022-07
RECV3,BULL_CALM,-0.02694824437610965,0,MAX_DAYS,15,18.37156105041504,18.855619430541992,0.8454832352021524,TRAIN,2022-07
RECV3,BULL_CALM,0.175283593890164,1,MAX_DAYS,15,18.190038681030273,21.389368057250977,0.9675783804634592,TRAIN,2022-07
RECV3,BULL_VOLATILE,-0.08473324148738902,0,STOP_LOSS,9,21.049013137817383,22.819934843212597,0.8773573363570968,TRAIN,2022-07
RECV3,BEAR_VOLATILE,0.15187325877665203,1,MAX_DAYS,15,15.489455223083496,17.85118293762207,0.6262581590665529,TEST,2022-07
RENT3,BEAR_CALM,0.04325833365475555,1,MAX_DAYS,15,50.34086990356445,48.13300323486328,2.1891790411965486,TRAIN,2022-07
RENT3,BULL_CALM,-0.04536513478169592,0,MAX_DAYS,15,63.06949996948242,60.246185302734375,1.5873096300286034,TEST,2022-07
SBSP3,SIDEWAYS_CALM,0.06091242428702646,1,MAX_DAYS,15,49.139190673828125,46.116519927978516,1.7424262441739689,TRAIN,2022-07
SBSP3,BULL_CALM,-0.005421380831260055,0,MAX_DAYS,15,53.23697280883789,53.493648529052734,1.2331416620124709,TEST,2022-07
SBSP3,SIDEWAYS_CALM,-0.05112203526465078,0,STOP_LOSS,4,52.55249786376953,49.89743871345068,1.4137685924127272,TEST,2022-07
SBSP3,BULL_CALM,-0.05686784584820341,0,STOP_LOSS,4,53.389076232910156,56.393164544361525,1.7689077556606725,TEST,2022-07
SANB11,BEAR_CALM,-0.04647255531755097,0,STOP_LOSS,15,22.944738388061523,23.99727216901461,0.5756923783653612,TRAIN,2022-07
SANB11,BULL_VOLATILE,0.1503170176644913,1,PROFIT_TARGET,11,22.450864791870117,25.839082350247885,0.6601904636691547,TRAIN,2022-07
SANB11,SIDEWAYS_CALM,0.056720760499585986,1,MAX_DAYS,15,25.665477752685547,24.194313049316406,0.5349548893655187,TEST,2022-07
SLCE3,BULL_CALM,0.12636936800284937,1,MAX_DAYS,15,16.97056007385254,19.125301361083984,0.6633863423341084,TRAIN,2022-07
SLCE3,BEAR_CALM,-0.0032731929256885214,0,MAX_DAYS,15,17.650798797607422,17.603614807128906,0.5440217312997204,TRAIN,2022-07
SLCE3,SIDEWAYS_CALM,-0.061380576028211474,0,STOP_LOSS,15,17.355897903442383,18.41079937550044,0.6200141690684801,TRAIN,2022-07
SMFT3,BEAR_VOLATILE,0.15816018357119224,1,MAX_DAYS,15,14.434951782226562,12.143256187438965,0.8184631725097772,TRAIN,2022-07
SMFT3,BULL_CALM,0.06962343764780095,1,MAX_DAYS,15,20.022676467895508,21.42873764038086,0.6358577119765602,TEST,2022-07
SMFT3,BULL_CALM,-0.08015558026382069,0,STOP_LOSS,15,20.543100357055664,18.9087820877322,0.8034632473258055,TEST,2022-07
SUZB3,SIDEWAYS_CALM,0.04484441274273348,1,MAX_DAYS,15,42.062355041503906,43.973854064941406,0.8543598973847598,TEST,2022-07
TAEE11,SIDEWAYS_CALM,-0.039063074167757096,0,STOP_LOSS,10,27.786569595336914,28.855326482549902,0.6224008890071967,TRAIN,2022-07
TIMS3,SIDEWAYS_CALM,0.0683944968504097,1,MAX_DAYS,15,8.96131420135498,9.579595565795898,0.25805948967620534,TRAIN,2022-07
TIMS3,BULL_CALM,-0.04003398577487652,0,STOP_LOSS,4,12.024678230285645,11.550497240005093,0.27614082022328723,TEST,2022-07
TIMS3,BULL_CALM,-0.0027052510349704563,0,MAX_DAYS,15,11.924263954162598,11.94936752319336,0.29347431447412603,TEST,2022-07
TIMS3,BULL_CALM,0.023454789284335142,1,MAX_DAYS,15,12.175302505493164,12.46817684173584,0.2558187327633336,TEST,2022-07
TOTS3,BEAR_CALM,0.08925034856420262,1,MAX_DAYS,15,22.79696273803711,24.845277786254883,0.9645494220941286,TRAIN,2022-07
TOTS3,BEAR_VOLATILE,0.07879079371831109,1,MAX_DAYS,15,29.370737075805664,27.038970947265625,1.3861436410795158,TRAIN,2022-07
TOTS3,SIDEWAYS_CALM,0.03409677821452951,1,MAX_DAYS,15,29.250505447387695,28.235607147216797,0.7051172980557688,TEST,2022-07
UGPA3,BEAR_CALM,-0.058716796551181796,0,STOP_LOSS,8,10.39555549621582,10.999711880025915,0.3417053238410283,TRAIN,2022-07
UGPA3,BULL_CALM,-0.04056466787649659,0,STOP_LOSS,6,16.546188354492188,17.207451276701423,0.46717471488612916,TEST,2022-07
UGPA3,BULL_CALM,0.01476039668662077,1,MAX_DAYS,15,16.572519302368164,16.82707977294922,0.441398705609772,TEST,2022-07
USIM5,BEAR_CALM,-0.0006,0,MAX_DAYS,15,7.938628196716309,7.938628196716309,0.3121710736637624,TRAIN,2022-07
USIM5,BEAR_CALM,0.03106227020940409,1,MAX_DAYS,15,6.988943576812744,7.210229396820068,0.3141467860846197,TRAIN,2022-07
USIM5,BULL_CALM,0.11059833741337784,1,MAX_DAYS,15,6.620133876800537,7.356281757354736,0.2295330165257327,TRAIN,2022-07
VALE3,BEAR_CALM,-0.06279299229363508,0,STOP_LOSS,3,52.29054260253906,49.03843728942935,1.6126933339212701,TRAIN,2022-07
VALE3,BULL_CALM,-0.09056539511777072,0,STOP_LOSS,5,56.463783264160156,61.543569835364494,2.9825601030592517,TRAIN,2022-07
VALE3,BULL_CALM,0.0635954999505899,1,MAX_DAYS,15,69.94755554199219,65.45723724365234,1.5639510178011082,TRAIN,2022-07
VALE3,BEAR_CALM,-0.04149598493145538,0,STOP_LOSS,9,53.3563117980957,55.53837072138866,1.1517065292670543,TEST,2022-07
VBBR3,BEAR_CALM,-0.019330909460724778,0,MAX_DAYS,15,12.237496376037598,12.466715812683105,0.43203584548217006,TRAIN,2022-07
VBBR3,BEAR_CALM,0.06348181599133715,1,MAX_DAYS,15,13.98731803894043,13.090985298156738,0.4417107713232299,TRAIN,2022-07
VBBR3,BEAR_CALM,-0.08087735224491427,0,STOP_LOSS,12,12.100021362304688,11.128663685231967,0.4514604831688673,TRAIN,2022-07
VBBR3,BULL_CALM,0.07567123785328782,1,MAX_DAYS,15,13.676270484924316,12.633164405822754,0.3730895121131765,TEST,2022-07
YDUQ3,BEAR_VOLATILE,-0.12482359821432933,0,STOP_LOSS,3,13.082439422607422,11.457291724110135,0.8685215089595655,TRAIN,2022-07
YDUQ3,BEAR_CALM,-0.09932237348022657,0,STOP_LOSS,4,11.469280242919922,12.601554810610846,0.6160905955842377,TRAIN,2022-07
YDUQ3,BEAR_CALM,0.3330570174310803,1,PROFIT_TARGET,12,6.862918853759766,9.152779889376777,0.4522440323879899,TRAIN,2022-07
YDUQ3,BULL_CALM,0.02947517486443066,1,MAX_DAYS,15,18.60261344909668,19.162090301513672,0.8245627034170041,TEST,2022-07
VIVT3,BEAR_CALM,-0.04574259283652896,0,STOP_LOSS,4,16.80239486694336,16.04389119678635,0.43988523990262024,TRAIN,2022-07
VIVT3,SIDEWAYS_CALM,0.010373277565882182,1,MAX_DAYS,15,16.980066299438477,17.166393280029297,0.3330505281411301,TRAIN,2022-07
VIVT3,SIDEWAYS_CALM,0.02492759050153268,1,MAX_DAYS,15,16.601028442382812,17.024812698364258,0.39162270095901547,TRAIN,2022-07
VIVT3,BULL_CALM,-0.013405466934515178,0,MAX_DAYS,15,18.797534942626953,19.038246154785156,0.37357429170523027,TEST,2022-07
VIVT3,BULL_CALM,-0.03910535875513211,0,STOP_LOSS,5,18.498939514160156,19.211247816742382,0.34867535362061525,TEST,2022-07
WEGE3,BEAR_CALM,-0.0759440132835693,0,STOP_LOSS,4,24.81698989868164,26.686801515266115,0.8980676144271145,TRAIN,2022-07
WEGE3,BULL_CALM,0.014352965754231187,1,MAX_DAYS,15,35.829612731933594,35.293853759765625,0.8956058940954362,TRAIN,2022-07
WEGE3,BULL_CALM,-0.003783953426066551,0,MAX_DAYS,15,35.425445556640625,35.312652587890625,1.0970169489565806,TRAIN,2022-07
WEGE3,BULL_CALM,-0.04474245748566471,0,MAX_DAYS,15,35.69801330566406,37.27381134033203,0.9641375552683193,TRAIN,2022-07
WEGE3,BULL_CALM,0.014555030101702695,1,MAX_DAYS,15,38.09982681274414,37.522422790527344,0.8728816405161629,TRAIN,2022-07
AURE3,SIDEWAYS_CALM,0.026935323307499717,1,MAX_DAYS,15,11.663125038146973,11.3419771194458,0.273590537068712,TRAIN,2022-10
ABEV3,SIDEWAYS_CALM,-0.05578662043211229,0,STOP_LOSS,10,13.100235939025879,12.377278190687742,0.30975515943206566,TRAIN,2022-10
ABEV3,SIDEWAYS_CALM,0.06083791677412224,1,MAX_DAYS,15,13.25341796875,12.439155578613281,0.295757992535,TRAIN,2022-10
ABEV3,BEAR_CALM,-0.04425689585562298,0,STOP_LOSS,5,11.243749618530273,10.752882412407397,0.22460271873025914,TEST,2022-10
ALOS3,BULL_CALM,0.03416205064744743,1,MAX_DAYS,15,18.061185836791992,18.689029693603516,0.5799242111547126,TRAIN,2022-10
ALOS3,SIDEWAYS_CALM,-0.07402691245709161,0,STOP_LOSS,1,18.13858985900879,16.80672920933626,0.7623791894348232,TRAIN,2022-10
ALOS3,BEAR_CALM,-0.020680375449321487,0,MAX_DAYS,15,14.9907865524292,14.689765930175781,0.4865464665232001,TRAIN,2022-10
ALOS3,SIDEWAYS_CALM,-0.07507248484456835,0,STOP_LOSS,4,14.732770919799805,15.829956978843093,0.5442930600146364,TRAIN,2022-10
ALOS3,SIDEWAYS_CALM,0.02609768874450876,1,MAX_DAYS,15,14.818774223327637,15.214401245117188,0.4890035845467851,TRAIN,2022-10
ALOS3,BULL_CALM,-0.0010147367280223067,0,MAX_DAYS,15,21.329875946044922,21.338722229003906,0.5244940585713282,TRAIN,2022-10
ALOS3,BULL_CALM,-0.07259886198714398,0,STOP_LOSS,5,19.578189849853516,20.987797238811222,0.7132812691630548,TEST,2022-10
ALOS3,BULL_CALM,0.09216964075220843,1,MAX_DAYS,15,19.45433235168457,21.259103775024414,0.7462989251933408,TEST,2022-10
ASAI3,BULL_VOLATILE,0.1377928084729125,1,MAX_DAYS,15,17.49529266357422,19.916515350341797,0.928879409671824,TRAIN,2022-10
ASAI3,BULL_CALM,0.01337594821016606,1,MAX_DAYS,15,19.086658477783203,18.819904327392578,0.6652794076090977,TRAIN,2022-10
ASAI3,BEAR_CALM,0.03569631387814198,1,MAX_DAYS,15,13.259153366088867,12.777894973754883,0.5030060717049983,TRAIN,2022-10
ASAI3,BEAR_CALM,0.06663401013093259,1,MAX_DAYS,15,11.540373802185059,10.7644681930542,0.5591292609961008,TEST,2022-10
AZUL4,BEAR_CALM,-0.10540720550773092,0,STOP_LOSS,10,16.81999969482422,15.057142530168806,0.8721424511500767,TRAIN,2022-10
AZUL4,BEAR_VOLATILE,0.21202251092167482,1,MAX_DAYS,15,16.31999969482422,12.850000381469727,1.0014285360063826,TRAIN,2022-10
AZUL4,BEAR_CALM,-0.11844126645042789,0,STOP_LOSS,14,11.25,9.924285752432686,0.7364286014011928,TRAIN,2022-10
AZUL4,SIDEWAYS_CALM,-0.10995527602462932,0,STOP_LOSS,6,11.300000190734863,12.535714830671038,0.6085716656276158,TRAIN,2022-10
AZUL4,BEAR_CALM,-0.008901860881301592,0,MAX_DAYS,15,13.25,13.359999656677246,0.7021429198128837,TEST,2022-10
BBDC3,BULL_CALM,-0.06487614559745232,0,STOP_LOSS,5,13.220373153686523,12.370618524007519,0.3709681116808914,TRAIN,2022-10
BBDC3,BEAR_VOLATILE,0.147220360877023,1,PROFIT_TARGET,13,12.900157928466797,10.993251928110245,0.5139463594686958,TRAIN,2022-10
BBDC3,BEAR_CALM,0.09703145398666803,1,MAX_DAYS,15,10.075976371765137,9.092244148254395,0.27584079338585277,TRAIN,2022-10
BBAS3,BULL_CALM,-0.09673012917261398,0,STOP_LOSS,10,15.874613761901855,17.400642433398836,0.6489818470448302,TRAIN,2022-10
BBAS3,BULL_CALM,-0.031084266754940807,0,STOP_LOSS,2,20.46756362915039,21.091502298645135,0.5160622875309322,TEST,2022-10
B3SA3,BULL_VOLATILE,0.19851132664283563,1,MAX_DAYS,15,10.462079048156738,12.545197486877441,0.438410975467907,TRAIN,2022-10
B3SA3,BULL_CALM,-0.06625553789946412,0,STOP_LOSS,15,13.689773559570312,12.790964112794862,0.36903430392602143,TRAIN,2022-10
B3SA3,BEAR_CALM,0.01036115515530514,1,MAX_DAYS,15,11.21475887298584,11.091832160949707,0.3417653699658421,TEST,2022-10
BBSE3,BULL_CALM,0.07500628834920645,1,MAX_DAYS,15,20.87278175354004,22.450895309448242,0.7741683722064044,TRAIN,2022-10
BEEF3,SIDEWAYS_CALM,-0.012549310619291588,0,MAX_DAYS,15,12.713730812072754,12.561810493469238,0.8375897643653748,TRAIN,2022-10
BEEF3,BEAR_CALM,-0.0824434614995405,0,STOP_LOSS,2,10.460000038146973,9.603917427739699,0.558791606420345,TRAIN,2022-10
BEEF3,BEAR_CALM,0.06802744525137967,1,MAX_DAYS,15,8.15999984741211,7.599999904632568,0.21928576060703822,TEST,2022-10
BBDC4,BEAR_VOLATILE,0.16125578086822168,1,PROFIT_TARGET,12,15.903834342956543,13.32970681657847,0.6458837432862572,TRAIN,2022-10
BBDC4,BEAR_VOLATILE,-0.07126091414111947,0,STOP_LOSS,14,11.252387046813965,10.457283091816398,0.375022941343249,TRAIN,2022-10
BPAC11,BULL_CALM,0.09852642453623621,1,MAX_DAYS,15,24.23422622680664,26.636478424072266,0.9611639994558215,TRAIN,2022-10
BPAC11,BULL_CALM,-0.029066581015061536,0,MAX_DAYS,15,30.935657501220703,31.8162899017334,0.8779235282740433,TRAIN,2022-10
BPAC11,BULL_CALM,-0.0594716599958823,0,STOP_LOSS,6,29.73307991027832,27.982644139170016,0.8684543148120374,TRAIN,2022-10
BPAC11,BULL_CALM,-0.010006485171521202,0,MAX_DAYS,15,29.19333839416504,29.467945098876953,0.92729881024464,TEST,2022-10
BRAP4,BEAR_CALM,-0.014594230191923706,0,MAX_DAYS,15,16.729028701782227,16.494918823242188,0.6282824504790209,TRAIN,2022-10
BRAP4,SIDEWAYS_CALM,-0.03365690644620543,0,STOP_LOSS,14,16.787403106689453,17.342342720662025,0.4778117314365895,TEST,2022-10
BRKM5,BEAR_CALM,0.20998022506018124,1,PROFIT_TARGET,2,27.40999984741211,33.182003784179685,1.7271434238978796,TRAIN,2022-10
BRKM5,BEAR_CALM,0.23262255972771648,1,PROFIT_TARGET,9,19.350000381469727,23.862857001168386,1.4614283697945731,TRAIN,2022-10
BRKM5,BEAR_CALM,0.10944401861492904,1,MAX_DAYS,15,24.989999771118164,22.239999771118164,0.7528566632952008,TRAIN,2022-10
CMIG4,BULL_CALM,-0.04082987798679018,0,STOP_LOSS,3,6.733668804168701,7.004563478563863,0.14610929345877174,TRAIN,2022-10
CMIG4,SIDEWAYS_CALM,0.05032963748019191,1,MAX_DAYS,15,7.046426296234131,6.687554359436035,0.1586851955570269,TEST,2022-10
CMIN3,BEAR_CALM,-0.07361593739002037,0,STOP_LOSS,2,2.281470775604248,2.114887048295567,0.09435717158862778,TRAIN,2022-10
CMIN3,BULL_CALM,0.07680614715818326,1,MAX_DAYS,15,3.414064645767212,3.1497950553894043,0.11835975357040437,TRAIN,2022-10
CMIN3,SIDEWAYS_CALM,-0.029103690908370342,0,MAX_DAYS,15,3.3147852420806885,3.220301628112793,0.06186395783277786,TRAIN,2022-10
CMIN3,BULL_CALM,-0.05073599794465009,0,STOP_LOSS,3,3.724212169647217,3.9109292633300905,0.099207374526457,TEST,2022-10
CMIN3,BULL_VOLATILE,0.16171016800157484,1,PROFIT_TARGET,9,3.7005903720855713,4.301233817083791,0.12485279187528302,TEST,2022-10
COGN3,BULL_CALM,0.033646543176311126,1,MAX_DAYS,15,2.8429951667785645,2.9403579235076904,0.14256707652902403,TRAIN,2022-10
COGN3,SIDEWAYS_VOLATILE,-0.12931771539899647,0,STOP_LOSS,3,2.852731466293335,2.4855343893052275,0.19124847948912346,TRAIN,2022-10
COGN3,BEAR_CALM,-0.09800260344073339,0,STOP_LOSS,14,2.1419825553894043,1.9333478779698414,0.09805831762650853,TRAIN,2022-10
COGN3,BEAR_VOLATILE,0.19939997773851348,1,MAX_DAYS,15,2.1419825553894043,1.7135860919952393,0.12170356366102521,TRAIN,2022-10
CPFE3,BULL_CALM,-0.061242924592286564,0,STOP_LOSS,13,31.620304107666016,33.537851825252375,1.058980907469739,TRAIN,2022-10
CPFE3,BEAR_VOLATILE,0.11264040726614198,1,MAX_DAYS,15,31.53788948059082,27.96652603149414,1.0419751217848467,TRAIN,2022-10
CPFE3,BEAR_VOLATILE,-0.04857246091764811,0,STOP_LOSS,13,29.61484718322754,28.194150084148035,0.8483627915219353,TRAIN,2022-10
CPFE3,BULL_CALM,-0.03972830186837039,0,STOP_LOSS,3,34.939998626708984,33.57285581316267,0.7242856706891742,TRAIN,2022-10
CPFE3,BULL_CALM,0.005345325997865403,1,MAX_DAYS,15,33.63999938964844,33.439998626708984,0.7935713359287807,TEST,2022-10
CPLE6,BULL_CALM,0.005944553137370069,1,MAX_DAYS,15,7.041934013366699,7.088020324707031,0.20014459791642356,TRAIN,2022-10
CPLE6,BULL_CALM,-0.04971298635365535,0,STOP_LOSS,12,7.051151752471924,6.704848632675217,0.1929025887769719,TRAIN,2022-10
CPLE6,BULL_CALM,-0.04438480058608497,0,STOP_LOSS,1,7.0972371101379395,7.407988221717491,0.17117638291220696,TRAIN,2022-10
CPLE6,BULL_CALM,0.0592958177209569,1,MAX_DAYS,15,7.078803539276123,7.50279426574707,0.17841859152905373,TRAIN,2022-10
CPLE6,BULL_CALM,-0.007625781604357139,0,MAX_DAYS,15,8.17896842956543,8.236432075500488,0.20796296261289696,TEST,2022-10
CSNA3,BEAR_CALM,-0.07844146462087627,0,STOP_LOSS,3,9.771650314331055,9.01101074210048,0.4098742699542767,TRAIN,2022-10
CSNA3,BEAR_CALM,-0.12022575838673383,0,STOP_LOSS,5,9.51266098022461,10.650620264259869,0.6574764757807472,TRAIN,2022-10
CSNA3,BEAR_CALM,-0.047541392777612705,0,STOP_LOSS,15,10.14198112487793,10.618059844403959,0.31389776891267,TEST,2022-10
CSAN3,BEAR_VOLATILE,0.10356669446449594,1,MAX_DAYS,15,17.15375518798828,15.366905212402344,0.624053933047013,TRAIN,2022-10
CSAN3,BEAR_CALM,-0.027563722276531557,0,MAX_DAYS,15,16.04402732849121,15.611420631408691,0.6643588094669474,TRAIN,2022-10
CSAN3,BEAR_CALM,-0.08116178519673992,0,STOP_LOSS,4,15.592613220214844,16.84878197711764,0.6395040614415858,TRAIN,2022-10
CSAN3,BEAR_CALM,-0.04316597789496806,0,MAX_DAYS,15,15.686657905578613,15.018939971923828,0.6032297106083707,TRAIN,2022-10
CSAN3,BEAR_CALM,-0.0643014721306783,0,STOP_LOSS,6,14.257177352905273,13.34897416709704,0.43999482979942606,TRAIN,2022-10
CSAN3,SIDEWAYS_CALM,-0.06556909564554841,0,STOP_LOSS,3,14.351222038269043,15.283607955503847,0.49104768851350183,TRAIN,2022-10
CXSE3,BULL_CALM,0.033336705252017367,1,MAX_DAYS,15,6.593314170837402,6.369558811187744,0.16035779461986804,TRAIN,2022-10
CXSE3,BULL_CALM,-0.0547815797695084,0,STOP_LOSS,5,6.548562526702881,6.9033739896190465,0.19888763041978047,TRAIN,2022-10
CXSE3,SIDEWAYS_CALM,0.07174552388502559,1,MAX_DAYS,15,6.652405261993408,6.171133518218994,0.17631818034252358,TRAIN,2022-10
CXSE3,BULL_CALM,-0.04105661270660297,0,STOP_LOSS,1,6.605830192565918,6.873079706272142,0.1413872044016249,TRAIN,2022-10
CXSE3,BULL_CALM,-0.03527414461581061,0,STOP_LOSS,9,8.428963661193848,8.721230766143496,0.15957762497693004,TRAIN,2022-10
CXSE3,BULL_CALM,0.024819958057189295,1,MAX_DAYS,15,9.13274097442627,9.36489486694336,0.15959418140229825,TEST,2022-10
CVCB3,BEAR_CALM,-0.08067720335743087,0,STOP_LOSS,2,6.363811016082764,5.8542148272196455,0.3062182068824768,TRAIN,2022-10
CVCB3,BEAR_CALM,-0.10929566848654035,0,STOP_LOSS,13,6.354601860046387,7.045319557189941,0.4045632226126535,TRAIN,2022-10
CVCB3,BEAR_CALM,-0.13322264995294428,0,STOP_LOSS,3,6.17041015625,5.352074010031564,0.46113623891557964,TRAIN,2022-10
CVCB3,BEAR_CALM,-0.1352397191054582,0,STOP_LOSS,3,4.162724018096924,4.723192010607038,0.2729980264391218,TRAIN,2022-10
CVCB3,BEAR_CALM,0.385696814133626,1,PROFIT_TARGET,13,2.707612991333008,3.7535552637917657,0.25260513169424875,TRAIN,2022-10
CVCB3,SIDEWAYS_CALM,0.11010108785733314,1,MAX_DAYS,15,2.7100000381469727,3.009999990463257,0.23214285714285715,TEST,2022-10
CYRE3,BEAR_VOLATILE,0.2641465592873761,1,PROFIT_TARGET,11,16.48451805114746,12.120298615595528,0.950835057463333,TRAIN,2022-10
CYRE3,BULL_CALM,0.03241162108181549,1,MAX_DAYS,15,18.05756187438965,17.46145248413086,0.6399999992832563,TEST,2022-10
DIRR3,BULL_CALM,0.06738864505510732,1,MAX_DAYS,15,4.598487854003906,4.2858428955078125,0.1706520135200861,TRAIN,2022-10
DIRR3,BULL_CALM,-0.08614870021227443,0,STOP_LOSS,6,4.253643035888672,4.617536668775941,0.20738020341782698,TRAIN,2022-10
DIRR3,BULL_CALM,0.09688235443001839,1,MAX_DAYS,15,4.242686748504639,4.65627384185791,0.17705580474310662,TRAIN,2022-10
DIRR3,SIDEWAYS_CALM,0.04840383040529734,1,MAX_DAYS,15,5.107344150543213,4.857064723968506,0.19664785259091394,TEST,2022-10
ECOR3,BEAR_CALM,0.1221105424444514,1,MAX_DAYS,15,5.015864849090576,4.400365352630615,0.30709373814195423,TRAIN,2022-10
ECOR3,BEAR_CALM,-0.03331036267344683,0,MAX_DAYS,15,3.9393222332000732,3.8104655742645264,0.1794785464674479,TRAIN,2022-10
ECOR3,BULL_CALM,0.06339997734286673,1,MAX_DAYS,15,6.903017520904541,6.461224555969238,0.2517957749111773,TEST,2022-10
ELET3,BULL_CALM,-0.06314106760801481,0,MAX_DAYS,15,39.854854583740234,42.34741973876953,1.3268702526165914,TRAIN,2022-10
ELET3,BEAR_CALM,0.06799550088030189,1,MAX_DAYS,15,29.51584815979004,31.540502548217773,1.1286471441369226,TRAIN,2022-10
EGIE3,BULL_CALM,-0.03061774198490432,0,STOP_LOSS,1,26.811481475830078,26.00666134265557,0.4472239616046872,TRAIN,2022-10
EMBR3,BEAR_VOLATILE,-0.07729901300697782,0,STOP_LOSS,4,12.347295761108398,11.400270362926143,0.5061456762824901,TRAIN,2022-10
EMBR3,BEAR_CALM,-0.085487161966506,0,STOP_LOSS,9,12.517121315002441,13.579664219423458,0.5687005334069868,TRAIN,2022-10
EMBR3,BULL_CALM,-0.06520468697571583,0,STOP_LOSS,1,19.240203857421875,17.997196509864175,0.6714522000343328,TRAIN,2022-10
EMBR3,SIDEWAYS_CALM,-0.032802469983246596,0,MAX_DAYS,15,17.37212562561035,17.931550979614258,0.5201790406260578,TEST,2022-10
ELET6,BULL_CALM,-0.06727369846256266,0,STOP_LOSS,9,38.60987091064453,41.184133801419314,1.0798825447682296,TRAIN,2022-10
ENEV3,BEAR_CALM,0.049363831505572706,1,MAX_DAYS,15,13.8100004196167,13.119999885559082,0.5985714367457798,TRAIN,2022-10
ENEV3,BEAR_CALM,0.054421844972532926,1,MAX_DAYS,15,11.449999809265137,10.819999694824219,0.3342858042035784,TEST,2022-10
ENGI11,BULL_CALM,-0.048098709798598795,0,STOP_LOSS,3,38.27817153930664,40.09633530087315,1.0213496930418569,TRAIN,2022-10
EQTL3,SIDEWAYS_CALM,-0.04736090939608848,0,STOP_LOSS,11,24.847455978393555,23.685566340664597,0.6762458306766482,TRAIN,2022-10
EQTL3,BULL_CALM,-0.03591451167262736,0,STOP_LOSS,11,29.803438186645508,30.85593205237223,0.6718749661982343,TRAIN,2022-10
EQTL3,BULL_CALM,-0.051111017866230575,0,STOP_LOSS,8,29.145465850830078,30.61763299714097,0.799631000781246,TEST,2022-10
FLRY3,BULL_CALM,0.09026021816895337,1,MAX_DAYS,15,14.319302558898926,13.018247604370117,0.5669435502727503,TRAIN,2022-10
FLRY3,BEAR_CALM,0.008943155806271948,1,MAX_DAYS,15,11.508261680603027,11.398436546325684,0.4146516845429442,TRAIN,2022-10
FLRY3,BEAR_CALM,-0.006105798256661764,0,MAX_DAYS,15,11.398436546325684,11.461194038391113,0.31323001541682227,TRAIN,2022-10
FLRY3,SIDEWAYS_CALM,0.060792369861988806,1,MAX_DAYS,15,13.014456748962402,12.215468406677246,0.33418695295338907,TRAIN,2022-10
FLRY3,BULL_VOLATILE,-0.05071410588471667,0,STOP_LOSS,10,13.040407180786133,13.693915527023869,0.3588939276261666,TEST,2022-10
GGBR4,SIDEWAYS_CALM,0.0490452922281915,1,MAX_DAYS,15,17.834959030151367,18.720380783081055,0.480977986341804,TRAIN,2022-10
GGBR4,BEAR_CALM,0.04017043153623933,1,MAX_DAYS,15,17.222375869750977,17.92453956604004,0.352185664308626,TEST,2022-10
EZTC3,BULL_CALM,0.08697206896663072,1,MAX_DAYS,15,18.9017333984375,17.246469497680664,0.71178534146137,TRAIN,2022-10
EZTC3,BEAR_CALM,-0.057721668699915636,0,MAX_DAYS,15,11.353885650634766,10.70533275604248,0.4782926691417288,TRAIN,2022-10
HAPV3,BEAR_CALM,-0.10625109864011609,0,STOP_LOSS,5,122.0999984741211,109.1999994913737,6.206250190734863,TRAIN,2022-10
HAPV3,BEAR_VOLATILE,-0.14225412310072055,0,STOP_LOSS,3,71.25,61.15714372907366,6.428571428571429,TRAIN,2022-10
HAPV3,BEAR_CALM,0.12146572013218791,1,MAX_DAYS,15,63.89999771118164,56.099998474121094,3.535714558192662,TEST,2022-10
HYPE3,BULL_CALM,0.10564833357463063,1,MAX_DAYS,15,40.761173248291016,45.09197998046875,1.330559719674172,TRAIN,2022-10
HYPE3,BULL_CALM,-0.03630590812157631,0,MAX_DAYS,15,38.541725158691406,39.91789245605469,1.123405042610598,TRAIN,2022-10
HYPE3,SIDEWAYS_CALM,-0.051856543913183104,0,STOP_LOSS,13,39.77491760253906,37.73619279180128,1.1182984203315642,TRAIN,2022-10
HYPE3,BEAR_VOLATILE,0.11747279264391537,1,MAX_DAYS,15,40.07356643676758,35.34196853637695,0.7620533449006623,TRAIN,2022-10
HYPE3,BEAR_VOLATILE,0.16243979596126787,1,PROFIT_TARGET,13,33.06416320800781,27.67338878494416,1.1041403885716081,TEST,2022-10
IGTI11,BULL_CALM,-0.07509734325383204,0,STOP_LOSS,14,20.090919494628906,18.59419936875243,0.6211188326387046,TRAIN,2022-10
IGTI11,BEAR_VOLATILE,0.20645166408798704,1,PROFIT_TARGET,11,20.127649307250977,15.960186024005242,0.9064265447014528,TRAIN,2022-10
IGTI11,SIDEWAYS_CALM,0.04473210263437434,1,MAX_DAYS,15,17.01483917236328,17.786157608032227,0.573895127669763,TRAIN,2022-10
IGTI11,BULL_CALM,-0.04821908686693664,0,STOP_LOSS,7,20.698040008544922,21.683661773687152,0.5429603112715016,TRAIN,2022-10
ITSA4,BULL_VOLATILE,-0.04954424799444934,0,STOP_LOSS,3,6.5445756912231445,6.864895026872815,0.16309200181669029,TRAIN,2022-10
ITSA4,SIDEWAYS_CALM,-0.04868912452316886,0,STOP_LOSS,11,6.442812442779541,6.132983232939294,0.2236035423759754,TRAIN,2022-10
ITSA4,BEAR_CALM,0.09399778376437425,1,MAX_DAYS,15,6.384807586669922,5.780818939208984,0.14541561374203882,TRAIN,2022-10
ITSA4,BULL_CALM,0.022412742018503698,1,MAX_DAYS,15,7.17215633392334,7.007105350494385,0.1312893507861614,TRAIN,2022-10
ITSA4,BULL_CALM,-0.007592028553759964,0,MAX_DAYS,15,6.754665374755859,6.801894187927246,0.13976482627576056,TEST,2022-10
IRBR3,BEAR_VOLATILE,0.16904283078706064,1,MAX_DAYS,15,33.599998474121094,27.899999618530273,1.7357147761753626,TRAIN,2022-10
IRBR3,BULL_CALM,-0.011814536445104449,0,MAX_DAYS,15,41.90999984741211,41.439998626708984,1.9028565543038505,TRAIN,2022-10
IRBR3,BULL_CALM,0.03064234174174398,1,MAX_DAYS,15,40.970001220703125,42.25,1.5164288112095423,TEST,2022-10
ITUB4,BULL_CALM,-0.04760604659997217,0,STOP_LOSS,3,21.82853126525879,22.854604223122493,0.5379941396265936,TRAIN,2022-10
ITUB4,BULL_CALM,-0.04966020484031304,0,STOP_LOSS,10,21.695741653442383,20.631344123761988,0.7294541572005614,TRAIN,2022-10
ITUB4,BULL_CALM,0.06562158202654915,1,MAX_DAYS,15,21.357099533081055,22.771400451660156,0.5148282218005775,TEST,2022-10
LWSA3,BULL_CALM,0.11497792499513536,1,MAX_DAYS,15,9.571751594543457,10.678034782409668,0.6926292724554983,TRAIN,2022-10
LWSA3,BEAR_CALM,-0.1513936581226592,0,STOP_LOSS,5,9.696809768676758,8.234592351538453,0.7908892472175751,TRAIN,2022-10
LWSA3,BEAR_CALM,-0.1126203791783601,0,STOP_LOSS,11,5.929360866546631,5.2651516139907475,0.266869803959008,TEST,2022-10
LREN3,BULL_CALM,-0.08130591716653748,0,STOP_LOSS,10,23.761289596557617,21.84361292660773,0.8114991576424249,TRAIN,2022-10
LREN3,BEAR_CALM,-0.08909240916956351,0,STOP_LOSS,10,16.218128204345703,14.782946967322305,0.7844899050833136,TRAIN,2022-10
LREN3,BEAR_CALM,-0.07608452101151068,0,STOP_LOSS,8,10.488182067871094,11.279877467545859,0.491559905224704,TEST,2022-10
KLBN11,BULL_VOLATILE,0.1435811881048494,1,PROFIT_TARGET,13,14.304190635681152,16.36658583641192,0.43941894517863717,TRAIN,2022-10
KLBN11,BULL_CALM,-0.039704670604760406,0,STOP_LOSS,3,17.23002815246582,17.903802727878745,0.3402903256487621,TRAIN,2022-10
KLBN11,BULL_CALM,-0.0441511789650306,0,STOP_LOSS,11,19.159639358520508,18.325214475912137,0.3942882674470667,TEST,2022-10
KLBN11,SIDEWAYS_CALM,-0.044083744595494564,0,STOP_LOSS,1,18.34973907470703,17.551823707388504,0.46283756453608504,TEST,2022-10
MGLU3,BEAR_CALM,-0.11278568027516506,0,STOP_LOSS,2,46.944053649902344,41.677603056314204,3.0872298076110596,TRAIN,2022-10
MGLU3,BULL_CALM,0.32555386047261975,1,MAX_DAYS,15,29.510284423828125,39.13517761230469,1.945732523898901,TRAIN,2022-10
MRVE3,BEAR_VOLATILE,0.21052005783831157,1,MAX_DAYS,15,12.40999984741211,9.789999961853027,0.6364286286490304,TRAIN,2022-10
MRVE3,BEAR_CALM,-0.04144506559835442,0,MAX_DAYS,15,7.099999904632568,7.389999866485596,0.4649998801095145,TRAIN,2022-10
MULT3,BULL_CALM,-0.05725516595081558,0,STOP_LOSS,7,22.201702117919922,23.45954323580125,0.7768645635764643,TRAIN,2022-10
MULT3,SIDEWAYS_CALM,-0.05222470930797846,0,STOP_LOSS,15,24.01936149597168,22.77936894097889,0.5992866722797301,TRAIN,2022-10
PCAR3,BULL_CALM,-0.05964177032324502,0,STOP_LOSS,8,19.760000228881836,20.926665623982746,0.7149996076311383,TRAIN,2022-10
PCAR3,BEAR_VOLATILE,-0.07490902530438086,0,STOP_LOSS,14,19.59000015258789,18.134286335536412,1.3014285223824638,TRAIN,2022-10
PCAR3,BEAR_CALM,0.1947231916344266,1,MAX_DAYS,15,14.539999961853027,17.3799991607666,0.6621426854814801,TRAIN,2022-10
PCAR3,BEAR_CALM,0.08297347534927119,1,MAX_DAYS,15,3.4700000286102295,3.759999990463257,0.21214289324624197,TEST,2022-10
PCAR3,BEAR_CALM,-0.09795173245383282,0,STOP_LOSS,2,3.8299999237060547,4.202857051576887,0.2085714340209961,TEST,2022-10
PETR4,BULL_VOLATILE,-0.0929706835552086,0,STOP_LOSS,9,17.761903762817383,19.402582954630656,0.7007450427540384,TRAIN,2022-10
PETR4,BULL_CALM,-0.062193498573732645,0,STOP_LOSS,4,24.37540626525879,25.87677281629216,0.7540787954027858,TEST,2022-10
PRIO3,SIDEWAYS_CALM,-0.013875737578958186,0,MAX_DAYS,15,34.59443664550781,34.135169982910156,1.046890086329292,TRAIN,2022-10
PRIO3,BULL_CALM,0.05936210205306806,1,MAX_DAYS,15,47.45378112792969,44.60835266113281,1.4170097240161361,TEST,2022-10
PETR3,BULL_CALM,-0.058779759578142556,0,STOP_LOSS,4,26.993995666503906,28.564499844434525,0.8172489983709741,TEST,2022-10
PETR3,BULL_CALM,0.008526519523016123,1,MAX_DAYS,15,28.46356201171875,28.72333526611328,0.681768695596551,TEST,2022-10
PETR3,BULL_CALM,-0.046266849033612334,0,STOP_LOSS,7,28.7084903717041,30.019516667491626,0.6373810541510322,TEST,2022-10
RADL3,BULL_CALM,-0.04342109540606657,0,MAX_DAYS,15,21.78847312927246,22.721479415893555,0.6481401476617147,TRAIN,2022-10
RADL3,BULL_CALM,-0.048614060647667,0,MAX_DAYS,15,21.00428581237793,22.012786865234375,0.5926566821370436,TRAIN,2022-10
RADL3,BULL_CALM,-0.053675194173609525,0,STOP_LOSS,6,21.44435691833496,22.582520325703776,0.5455066891005718,TRAIN,2022-10
RADL3,BULL_CALM,0.10453929761007333,1,MAX_DAYS,15,21.89360237121582,24.195480346679688,0.5618087905506525,TRAIN,2022-10
RADL3,SIDEWAYS_CALM,-0.041925515495971115,0,STOP_LOSS,1,26.580734252929688,25.48227170766595,0.6123739910319301,TEST,2022-10
RAIL3,BULL_CALM,0.15795561363283012,1,MAX_DAYS,15,18.168684005737305,21.04943084716797,0.8380105782680342,TRAIN,2022-10
RAIL3,BULL_CALM,-0.02806785144770596,0,MAX_DAYS,15,22.228286743164062,22.838850021362305,0.5383306385395229,TRAIN,2022-10
RAIL3,BULL_CALM,-0.06352592444388139,0,STOP_LOSS,8,21.39830207824707,22.744810018050195,0.7209542218097599,TEST,2022-10
RAIZ4,BEAR_CALM,-0.0810597574796883,0,MAX_DAYS,15,3.903995990753174,4.21811056137085,0.16474988972096652,TRAIN,2022-10
RAIZ4,BEAR_CALM,-0.05169486880816603,0,MAX_DAYS,15,3.688603162765503,3.5001344680786133,0.17692988937143417,TRAIN,2022-10
RDOR3,BEAR_CALM,-0.08680911928133458,0,STOP_LOSS,12,29.40555191040039,26.870525178223208,1.1532644898480395,TRAIN,2022-10
RDOR3,BEAR_CALM,-0.0878650424623997,0,STOP_LOSS,2,28.669939041137695,31.171822488956987,1.4308025012497534,TRAIN,2022-10
RDOR3,BEAR_CALM,-0.059989406010569096,0,MAX_DAYS,15,22.7991943359375,24.15322494506836,1.1769436571872476,TEST,2022-10
RECV3,BEAR_CALM,0.010839315620740671,1,MAX_DAYS,15,16.571582794189453,16.382015228271484,0.5918425273092477,TEST,2022-10
RENT3,BULL_CALM,0.09067460127648161,1,MAX_DAYS,15,57.656700134277344,62.91929244995117,2.2910785079122324,TRAIN,2022-10
RENT3,BEAR_CALM,0.04325833365475555,1,MAX_DAYS,15,50.34086990356445,48.13300323486328,2.1891790411965486,TRAIN,2022-10
RENT3,BULL_CALM,0.06837593633250576,1,MAX_DAYS,15,60.47386932373047,56.30262756347656,1.5092440817594155,TRAIN,2022-10
RENT3,BEAR_CALM,0.013431351196429353,1,MAX_DAYS,15,51.05683135986328,50.34043502807617,1.497079792061539,TEST,2022-10
SANB11,SIDEWAYS_CALM,-0.05179343736468419,0,STOP_LOSS,4,26.078765869140625,24.74370420207051,0.6368165042569425,TRAIN,2022-10
SANB11,BULL_VOLATILE,0.1503170176644913,1,PROFIT_TARGET,11,22.450864791870117,25.839082350247885,0.6601904636691547,TRAIN,2022-10
SANB11,SIDEWAYS_VOLATILE,0.09303544453990885,1,MAX_DAYS,15,26.08014678955078,23.638120651245117,0.5195670166497995,TRAIN,2022-10
SANB11,BULL_CALM,0.10569712583880499,1,MAX_DAYS,15,23.264432907104492,25.737375259399414,0.6686893436025996,TEST,2022-10
SBSP3,BULL_CALM,0.08058141836483879,1,MAX_DAYS,15,54.7685661315918,50.3223762512207,1.8711764369038488,TRAIN,2022-10
SBSP3,SIDEWAYS_CALM,0.06091242428702646,1,MAX_DAYS,15,49.139190673828125,46.116519927978516,1.7424262441739689,TRAIN,2022-10
SBSP3,SIDEWAYS_CALM,-0.05112203526465078,0,STOP_LOSS,4,52.55249786376953,49.89743871345068,1.4137685924127272,TRAIN,2022-10
SBSP3,BULL_CALM,-0.05686784584820341,0,STOP_LOSS,4,53.389076232910156,56.393164544361525,1.7689077556606725,TRAIN,2022-10
SBSP3,BULL_CALM,-0.050639822666582936,0,STOP_LOSS,13,57.97126007080078,60.87213164450201,1.4674125234765338,TEST,2022-10
SUZB3,BULL_CALM,-0.04963707363856275,0,STOP_LOSS,4,53.067649841308594,50.46536758821488,1.3450756645254447,TEST,2022-10
SLCE3,BEAR_CALM,-0.0006,0,MAX_DAYS,15,17.104246139526367,17.104246139526367,0.706638320926133,TRAIN,2022-10
SLCE3,BEAR_CALM,-0.0010421925459032104,0,MAX_DAYS,15,17.78841781616211,17.796283721923828,0.61704430769257,TRAIN,2022-10
SLCE3,BEAR_CALM,0.0025388773813815107,1,MAX_DAYS,15,17.725849151611328,17.670209884643555,0.4782354705702238,TEST,2022-10
TAEE11,SIDEWAYS_CALM,-0.008864459631460982,0,MAX_DAYS,15,29.7563533782959,30.002273559570312,0.7042263734882874,TRAIN,2022-10
TAEE11,SIDEWAYS_CALM,-0.039063074167757096,0,STOP_LOSS,10,27.786569595336914,28.855326482549902,0.6224008890071967,TRAIN,2022-10
SMFT3,BULL_CALM,-0.011522391939756571,0,MAX_DAYS,15,15.046680450439453,15.211026191711426,0.7265088966719617,TRAIN,2022-10
SMFT3,BEAR_VOLATILE,0.15816018357119224,1,MAX_DAYS,15,14.434951782226562,12.143256187438965,0.8184631725097772,TRAIN,2022-10
SMFT3,BULL_CALM,0.03464421659594058,1,MAX_DAYS,15,19.310514450073242,18.62993049621582,0.8096171512934688,TEST,2022-10
TIMS3,SIDEWAYS_CALM,-0.06181112063644295,0,STOP_LOSS,7,9.102849960327148,9.660045607384173,0.28058430592867084,TRAIN,2022-10
TIMS3,BULL_CALM,-0.045802852284222005,0,STOP_LOSS,12,11.874055862426758,12.410797055590635,0.3406932053166152,TRAIN,2022-10
TIMS3,BULL_CALM,0.023454789284335142,1,MAX_DAYS,15,12.175302505493164,12.46817684173584,0.2558187327633336,TRAIN,2022-10
TIMS3,BULL_CALM,-0.03500565592288888,0,STOP_LOSS,4,12.631300926208496,13.065889119734093,0.22979190362930474,TEST,2022-10
TIMS3,BULL_VOLATILE,0.1150775708782798,1,PROFIT_TARGET,12,12.859881401062012,14.347481243319635,0.3380360858918765,TEST,2022-10
USIM5,BEAR_CALM,-0.07560002826692598,0,STOP_LOSS,15,7.081145763397217,6.550059630980202,0.3273186240140351,TRAIN,2022-10
USIM5,BEAR_CALM,0.03106227020940409,1,MAX_DAYS,15,6.988943576812744,7.210229396820068,0.3141467860846197,TRAIN,2022-10
USIM5,BULL_CALM,0.11059833741337784,1,MAX_DAYS,15,6.620133876800537,7.356281757354736,0.2295330165257327,TRAIN,2022-10
USIM5,BEAR_CALM,-0.0469196166270284,0,STOP_LOSS,1,6.0222907066345215,6.301240903382348,0.1512131535147462,TEST,2022-10
UGPA3,BULL_CALM,-0.08088618570272886,0,STOP_LOSS,10,10.961952209472656,11.842045540226817,0.402701712288376,TRAIN,2022-10
UGPA3,SIDEWAYS_CALM,0.040637124139168264,1,MAX_DAYS,15,10.988093376159668,11.441210746765137,0.6796761308671954,TRAIN,2022-10
UGPA3,BULL_CALM,-0.008122813044595601,0,MAX_DAYS,15,16.558317184448242,16.68288230895996,0.42390432492876634,TRAIN,2022-10
UGPA3,BULL_VOLATILE,0.11797920539935966,1,MAX_DAYS,15,16.282493591308594,18.213258743286133,0.44424087356606784,TEST,2022-10
TOTS3,BULL_CALM,-0.07730970341007982,0,STOP_LOSS,10,29.50398063659668,31.76722224064675,1.318842374172679,TRAIN,2022-10
TOTS3,BEAR_CALM,-0.10315831064281834,0,STOP_LOSS,15,29.656261444091797,26.614765370403994,1.5159878454776554,TRAIN,2022-10
TOTS3,SIDEWAYS_CALM,0.06500700908499085,1,MAX_DAYS,15,28.583595275878906,26.708311080932617,0.8030032086683961,TRAIN,2022-10
TOTS3,BEAR_CALM,0.014325266541812105,1,MAX_DAYS,15,25.905996322631836,25.51934242248535,0.650412085521969,TEST,2022-10
VBBR3,SIDEWAYS_CALM,-0.0721890454561123,0,STOP_LOSS,11,13.71615982055664,14.698086609433771,0.5670677693714398,TRAIN,2022-10
VBBR3,BEAR_CALM,-0.08087735224491427,0,STOP_LOSS,12,12.100021362304688,11.128663685231967,0.4514604831688673,TRAIN,2022-10
VBBR3,BULL_CALM,0.07567123785328782,1,MAX_DAYS,15,13.676270484924316,12.633164405822754,0.3730895121131765,TRAIN,2022-10
VBBR3,BULL_CALM,-0.0631101400297774,0,STOP_LOSS,5,13.614457130432129,14.465498752084843,0.545837146864579,TRAIN,2022-10
VBBR3,BULL_CALM,0.12361389536893583,1,MAX_DAYS,15,15.073570251464844,16.9459171295166,0.5631711108688661,TEST,2022-10
VBBR3,BULL_CALM,0.05379307105046713,1,MAX_DAYS,15,17.3646240234375,18.309139251708984,0.4874254734441819,TEST,2022-10
VALE3,BEAR_CALM,-0.08092612244064637,0,STOP_LOSS,13,57.8235969543457,53.178851625432344,2.2892516114375034,TRAIN,2022-10
VALE3,BULL_CALM,-0.09056539511777072,0,STOP_LOSS,5,56.463783264160156,61.543569835364494,2.9825601030592517,TRAIN,2022-10
VALE3,BULL_CALM,0.0635954999505899,1,MAX_DAYS,15,69.94755554199219,65.45723724365234,1.5639510178011082,TRAIN,2022-10
VALE3,BEAR_CALM,-0.020342695118491485,0,MAX_DAYS,15,55.19716262817383,56.286903381347656,1.2743171167752136,TEST,2022-10
VIVT3,BEAR_CALM,0.0075063683436041775,1,MAX_DAYS,15,16.939714431762695,16.80239486694336,0.37925183507850463,TRAIN,2022-10
VIVT3,BEAR_CALM,-0.04991469462387375,0,STOP_LOSS,2,16.827363967895508,15.997527652493964,0.43988523990262024,TRAIN,2022-10
VIVT3,SIDEWAYS_CALM,0.010373277565882182,1,MAX_DAYS,15,16.980066299438477,17.166393280029297,0.3330505281411301,TRAIN,2022-10
VIVT3,SIDEWAYS_CALM,0.02492759050153268,1,MAX_DAYS,15,16.601028442382812,17.024812698364258,0.39162270095901547,TRAIN,2022-10
VIVT3,BULL_CALM,-0.03910535875513211,0,STOP_LOSS,5,18.498939514160156,19.211247816742382,0.34867535362061525,TRAIN,2022-10
WEGE3,BULL_VOLATILE,-0.09603612892390351,0,STOP_LOSS,14,31.601049423217773,34.61693125010263,1.1034679726242727,TRAIN,2022-10
WEGE3,BULL_CALM,0.014352965754231187,1,MAX_DAYS,15,35.829612731933594,35.293853759765625,0.8956058940954362,TRAIN,2022-10
WEGE3,BULL_CALM,-0.003783953426066551,0,MAX_DAYS,15,35.425445556640625,35.312652587890625,1.0970169489565806,TRAIN,2022-10
WEGE3,BULL_CALM,-0.04474245748566471,0,MAX_DAYS,15,35.69801330566406,37.27381134033203,0.9641375552683193,TRAIN,2022-10
WEGE3,BULL_CALM,0.014555030101702695,1,MAX_DAYS,15,38.09982681274414,37.522422790527344,0.8728816405161629,TRAIN,2022-10
WEGE3,BEAR_VOLATILE,0.06228927101271366,1,MAX_DAYS,15,33.651187896728516,31.534889221191406,1.0533853103465787,TEST,2022-10
YDUQ3,BEAR_CALM,-0.14306196735569934,0,STOP_LOSS,9,13.4833984375,11.562526969452987,0.7995859012499941,TRAIN,2022-10
YDUQ3,BEAR_CALM,0.3330570174310803,1,PROFIT_TARGET,12,6.862918853759766,9.152779889376777,0.4522440323879899,TRAIN,2022-10
YDUQ3,BULL_CALM,-0.08246531545791522,0,MAX_DAYS,15,18.219635009765625,16.728078842163086,0.8024189361542761,TEST,2022-10
YDUQ3,BULL_CALM,-0.08440752875423735,0,STOP_LOSS,15,18.247957229614258,19.777273429841248,0.9682974815915895,TEST,2022-10
ABEV3,SIDEWAYS_CALM,0.06083791677412224,1,MAX_DAYS,15,13.25341796875,12.439155578613281,0.295757992535,TRAIN,2023-01
ALOS3,BEAR_CALM,-0.07849401340108642,0,STOP_LOSS,3,13.967320442199707,15.05529108790168,0.6376700245289528,TRAIN,2023-01
ALOS3,SIDEWAYS_CALM,-0.07507248484456835,0,STOP_LOSS,4,14.732770919799805,15.829956978843093,0.5442930600146364,TRAIN,2023-01
ALOS3,SIDEWAYS_CALM,0.02609768874450876,1,MAX_DAYS,15,14.818774223327637,15.214401245117188,0.4890035845467851,TRAIN,2023-01
ALOS3,BULL_CALM,-0.0010147367280223067,0,MAX_DAYS,15,21.329875946044922,21.338722229003906,0.5244940585713282,TRAIN,2023-01
ALOS3,BULL_CALM,-0.0707162426401501,0,STOP_LOSS,11,20.224010467529297,21.642042092627516,0.7102795331784189,TRAIN,2023-01
ALOS3,BULL_CALM,0.04681395223334018,1,MAX_DAYS,15,22.577287673950195,21.50680923461914,0.5181757873835117,TEST,2023-01
AURE3,SIDEWAYS_CALM,0.026935323307499717,1,MAX_DAYS,15,11.663125038146973,11.3419771194458,0.273590537068712,TRAIN,2023-01
AURE3,BULL_CALM,-0.007351657696767863,0,MAX_DAYS,15,12.829208374023438,12.742589950561523,0.1581138324300268,TEST,2023-01
ASAI3,BULL_CALM,-0.07048113880229628,0,STOP_LOSS,6,18.66339683532715,19.967616260098982,0.6868892983669883,TRAIN,2023-01
ASAI3,BEAR_CALM,0.03569631387814198,1,MAX_DAYS,15,13.259153366088867,12.777894973754883,0.5030060717049983,TRAIN,2023-01
ASAI3,BEAR_CALM,0.09120334183858028,1,MAX_DAYS,15,11.982346534729004,10.88232707977295,0.48827346465189486,TRAIN,2023-01
ASAI3,BULL_CALM,0.002300669854410948,1,MAX_DAYS,15,13.54397964477539,13.583266258239746,0.49669195884015743,TEST,2023-01
ASAI3,BULL_CALM,-0.06748451857550797,0,STOP_LOSS,2,13.740410804748535,14.659431566453849,0.4756458668591674,TEST,2023-01
AZUL4,BEAR_CALM,0.014511117892795139,1,MAX_DAYS,15,11.25,11.420000076293945,0.6449999809265137,TRAIN,2023-01
AZUL4,SIDEWAYS_CALM,-0.10995527602462932,0,STOP_LOSS,6,11.300000190734863,12.535714830671038,0.6085716656276158,TRAIN,2023-01
AZUL4,BEAR_CALM,0.10871173541959354,1,MAX_DAYS,15,14.819999694824219,13.199999809265137,0.7071427617754255,TEST,2023-01
B3SA3,BULL_VOLATILE,0.19851132664283563,1,MAX_DAYS,15,10.462079048156738,12.545197486877441,0.438410975467907,TRAIN,2023-01
B3SA3,BULL_CALM,-0.06625553789946412,0,STOP_LOSS,15,13.689773559570312,12.790964112794862,0.36903430392602143,TRAIN,2023-01
B3SA3,SIDEWAYS_CALM,0.07432997557430199,1,MAX_DAYS,15,13.59703540802002,12.57820987701416,0.29789440120182953,TEST,2023-01
BBAS3,SIDEWAYS_CALM,-0.061096064411540786,0,STOP_LOSS,2,13.375443458557129,14.184605147558923,0.4458481977775627,TRAIN,2023-01
BBAS3,BULL_CALM,-0.03579800044251839,0,STOP_LOSS,10,20.834928512573242,21.568276335578634,0.4164106901172632,TRAIN,2023-01
BBAS3,BULL_CALM,-0.030756716594267965,0,STOP_LOSS,12,24.153152465820312,24.8815322395902,0.37094838796800467,TEST,2023-01
BBDC3,BEAR_CALM,-0.0027138830662594778,0,MAX_DAYS,15,10.00105094909668,10.022192001342773,0.2600577346213602,TRAIN,2023-01
BBDC3,BEAR_CALM,0.09703145398666803,1,MAX_DAYS,15,10.075976371765137,9.092244148254395,0.27584079338585277,TRAIN,2023-01
BBDC4,BEAR_CALM,-0.0824968319081905,0,STOP_LOSS,4,11.278397560119629,12.202062589294492,0.4649269927587074,TRAIN,2023-01
BBSE3,BULL_CALM,-0.06203753845654984,0,STOP_LOSS,11,24.95949935913086,26.492949560863693,0.5630804007222435,TRAIN,2023-01
BBSE3,BULL_CALM,-0.028382730801163627,0,STOP_LOSS,4,27.81061553955078,28.58327038450078,0.39682283063559204,TEST,2023-01
BBSE3,BULL_CALM,0.007506193948480025,1,MAX_DAYS,15,27.85189437866211,28.077667236328125,0.5705164800446355,TEST,2023-01
BEEF3,BULL_CALM,-0.0984401319889667,0,STOP_LOSS,5,12.163023948669434,13.353055817192214,0.5874995697409224,TRAIN,2023-01
BEEF3,BEAR_CALM,-0.0824434614995405,0,STOP_LOSS,2,10.460000038146973,9.603917427739699,0.558791606420345,TRAIN,2023-01
BEEF3,BEAR_CALM,0.09336915365217799,1,MAX_DAYS,15,7.130000114440918,6.460000038146973,0.19071439334324428,TEST,2023-01
BPAC11,BEAR_CALM,0.0031680596033426896,1,MAX_DAYS,15,20.430782318115234,20.353797912597656,0.9480706763331425,TRAIN,2023-01
BPAC11,BULL_CALM,-0.029066581015061536,0,MAX_DAYS,15,30.935657501220703,31.8162899017334,0.8779235282740433,TRAIN,2023-01
BPAC11,BULL_CALM,-0.0594716599958823,0,STOP_LOSS,6,29.73307991027832,27.982644139170016,0.8684543148120374,TRAIN,2023-01
BPAC11,BULL_CALM,-0.06369601492711932,0,STOP_LOSS,9,29.22174644470215,31.06552219457357,1.0490444124196234,TRAIN,2023-01
BPAC11,BULL_CALM,-0.00904002916431688,0,MAX_DAYS,15,35.15385055541992,35.4505500793457,0.8470235728555231,TEST,2023-01
BPAC11,BULL_CALM,-0.036526499736760795,0,MAX_DAYS,15,35.43140411376953,34.158477783203125,0.7451616904395593,TEST,2023-01
BRAP4,BULL_CALM,-0.052208567066641225,0,STOP_LOSS,4,21.324321746826172,22.424839435847886,0.5839482298013,TRAIN,2023-01
BRAP4,BEAR_CALM,-0.03851893580740691,0,MAX_DAYS,15,17.06581687927246,16.418699264526367,0.3240955502768692,TRAIN,2023-01
BRKM5,BEAR_CALM,0.014991191337052208,1,MAX_DAYS,15,23.09000015258789,22.729999542236328,0.8885713304792132,TRAIN,2023-01
BRKM5,BEAR_CALM,0.23262255972771648,1,PROFIT_TARGET,9,19.350000381469727,23.862857001168386,1.4614283697945731,TRAIN,2023-01
BRKM5,BEAR_CALM,0.10944401861492904,1,MAX_DAYS,15,24.989999771118164,22.239999771118164,0.7528566632952008,TRAIN,2023-01
CMIN3,BULL_CALM,-0.06973579205965946,0,STOP_LOSS,1,2.892669677734375,3.092656687071501,0.12284916089931039,TRAIN,2023-01
CMIN3,SIDEWAYS_CALM,-0.029103690908370342,0,MAX_DAYS,15,3.3147852420806885,3.220301628112793,0.06186395783277786,TRAIN,2023-01
CMIG4,BULL_CALM,-0.07045304519636839,0,STOP_LOSS,4,5.855083465576172,6.264078875525573,0.20920654675018546,TRAIN,2023-01
CMIG4,SIDEWAYS_CALM,-0.017564436099606104,0,MAX_DAYS,15,6.027292728424072,5.925043106079102,0.18412457375560537,TRAIN,2023-01
CMIG4,BULL_CALM,-0.04082987798679018,0,STOP_LOSS,3,6.733668804168701,7.004563478563863,0.14610929345877174,TRAIN,2023-01
CMIG4,BULL_CALM,0.019416173412871603,1,MAX_DAYS,15,7.114784240722656,6.9723734855651855,0.17211235350354498,TRAIN,2023-01
CMIG4,BULL_CALM,-0.05306089246880663,0,STOP_LOSS,3,7.1528496742248535,7.528094551829902,0.19019845275691077,TEST,2023-01
COGN3,BEAR_CALM,-0.112258392489708,0,STOP_LOSS,6,1.9764657020568848,2.1971546851595987,0.11575355812327007,TRAIN,2023-01
COGN3,BEAR_CALM,0.06670767759156579,1,MAX_DAYS,15,2.0251471996307373,2.1614551544189453,0.10223102170189158,TRAIN,2023-01
COGN3,BEAR_VOLATILE,0.19939997773851348,1,MAX_DAYS,15,2.1419825553894043,1.7135860919952393,0.12170356366102521,TRAIN,2023-01
COGN3,BULL_CALM,0.0922143675258185,1,MAX_DAYS,15,3.2519190311431885,2.950094223022461,0.10501281096409046,TEST,2023-01
CPFE3,SIDEWAYS_CALM,-0.053875298529368204,0,STOP_LOSS,15,29.450016021728516,31.01897441698078,0.7345499860565526,TRAIN,2023-01
CPFE3,BULL_CALM,-0.03972830186837039,0,STOP_LOSS,3,34.939998626708984,33.57285581316267,0.7242856706891742,TRAIN,2023-01
CPFE3,BULL_CALM,0.06875060179078733,1,MAX_DAYS,15,38.5,35.83000183105469,0.7171426500592913,TEST,2023-01
CPLE6,BULL_CALM,-0.013570200725798206,0,MAX_DAYS,15,7.106454849243164,7.19862699508667,0.17183471060767483,TRAIN,2023-01
CPLE6,BULL_CALM,-0.04971298635365535,0,STOP_LOSS,12,7.051151752471924,6.704848632675217,0.1929025887769719,TRAIN,2023-01
CPLE6,BULL_CALM,-0.04438480058608497,0,STOP_LOSS,1,7.0972371101379395,7.407988221717491,0.17117638291220696,TRAIN,2023-01
CPLE6,BULL_CALM,0.0592958177209569,1,MAX_DAYS,15,7.078803539276123,7.50279426574707,0.17841859152905373,TRAIN,2023-01
CPLE6,BULL_CALM,0.025818717764718436,1,MAX_DAYS,15,9.787945747375488,9.5293607711792,0.16965413908205765,TEST,2023-01
CPLE6,BULL_CALM,0.0003931010968610272,1,MAX_DAYS,15,9.644286155700684,9.653863906860352,0.16896991140786,TEST,2023-01
CSAN3,BEAR_CALM,-0.09017555672300612,0,STOP_LOSS,5,15.065961837768555,16.415503756954237,0.6729423796261759,TRAIN,2023-01
CSAN3,BEAR_CALM,-0.06175114714864494,0,MAX_DAYS,15,15.686657905578613,14.727400779724121,0.5185897319637295,TRAIN,2023-01
CSAN3,BEAR_CALM,-0.0643014721306783,0,STOP_LOSS,6,14.257177352905273,13.34897416709704,0.43999482979942606,TRAIN,2023-01
CSAN3,SIDEWAYS_CALM,-0.06556909564554841,0,STOP_LOSS,3,14.351222038269043,15.283607955503847,0.49104768851350183,TRAIN,2023-01
CSAN3,BULL_CALM,-0.043709851810682,0,STOP_LOSS,4,18.56658172607422,17.766179139232243,0.47685438137127534,TEST,2023-01
CVCB3,BEAR_CALM,-0.1511883745108081,0,STOP_LOSS,3,3.9140660762786865,4.503478924433391,0.3069857358932495,TRAIN,2023-01
CVCB3,BEAR_CALM,-0.0322027040546795,0,MAX_DAYS,15,4.079837799072266,3.95090389251709,0.286812356540135,TRAIN,2023-01
CVCB3,BEAR_CALM,0.385696814133626,1,PROFIT_TARGET,13,2.707612991333008,3.7535552637917657,0.25260513169424875,TRAIN,2023-01
CVCB3,SIDEWAYS_CALM,0.18690001164153244,1,MAX_DAYS,15,2.559999942779541,3.0399999618530273,0.2335714442389352,TRAIN,2023-01
CVCB3,SIDEWAYS_CALM,0.10482166014163356,1,MAX_DAYS,15,3.319999933242798,2.9700000286102295,0.1657141957964216,TEST,2023-01
CVCB3,SIDEWAYS_CALM,-0.08727244388671755,0,STOP_LOSS,12,3.2799999713897705,2.9957143579210554,0.15357146944318498,TEST,2023-01
CXSE3,BULL_CALM,-0.04370347383021789,0,STOP_LOSS,7,6.303095817565918,6.574781143187726,0.1492776144613937,TRAIN,2023-01
CXSE3,BULL_CALM,-0.04105661270660297,0,STOP_LOSS,1,6.605830192565918,6.873079706272142,0.1413872044016249,TRAIN,2023-01
CXSE3,BULL_CALM,-0.03527414461581061,0,STOP_LOSS,9,8.428963661193848,8.721230766143496,0.15957762497693004,TRAIN,2023-01
CYRE3,BEAR_CALM,-0.10195843396028698,0,STOP_LOSS,4,11.308732986450195,12.454968452031826,0.5912650159278068,TRAIN,2023-01
CYRE3,BULL_CALM,0.009496674459400981,1,MAX_DAYS,15,21.20517921447754,20.991077423095703,0.7174334012546149,TEST,2023-01
CYRE3,BULL_CALM,-0.07332847624562441,0,STOP_LOSS,8,20.972461700439453,22.49775688303213,0.666236180471471,TEST,2023-01
DIRR3,BULL_CALM,-0.04986753001330963,0,MAX_DAYS,15,4.113955020904541,4.316639423370361,0.17040405791007635,TRAIN,2023-01
DIRR3,BULL_CALM,0.015241861769241555,1,MAX_DAYS,15,4.149560928344727,4.215297698974609,0.17920796544850687,TRAIN,2023-01
DIRR3,BULL_CALM,-0.08614870021227443,0,STOP_LOSS,6,4.253643035888672,4.617536668775941,0.20738020341782698,TRAIN,2023-01
DIRR3,BULL_CALM,0.09688235443001839,1,MAX_DAYS,15,4.242686748504639,4.65627384185791,0.17705580474310662,TRAIN,2023-01
DIRR3,BULL_CALM,-0.010299764394305399,0,MAX_DAYS,15,6.098551273345947,6.157705783843994,0.18088412193473521,TEST,2023-01
DIRR3,BULL_CALM,0.1123630192729622,1,MAX_DAYS,15,6.084466934204102,6.771786689758301,0.21126644459371308,TEST,2023-01
ECOR3,BEAR_CALM,-0.10177653805213797,0,STOP_LOSS,3,3.911710262298584,4.307483564500975,0.23141554572999543,TRAIN,2023-01
ECOR3,BEAR_CALM,-0.03331036267344683,0,MAX_DAYS,15,3.9393222332000732,3.8104655742645264,0.1794785464674479,TRAIN,2023-01
ECOR3,BULL_CALM,0.033620571766637894,1,MAX_DAYS,15,7.261974811553955,7.013465881347656,0.24850866766651952,TRAIN,2023-01
ECOR3,BULL_CALM,-0.0754115556048006,0,STOP_LOSS,10,6.801773548126221,7.310624808133127,0.29124166996915385,TRAIN,2023-01
ECOR3,BULL_CALM,0.033624731136681636,1,MAX_DAYS,15,8.694819450378418,8.397241592407227,0.2597153345705521,TEST,2023-01
ECOR3,SIDEWAYS_CALM,-0.07045180608461003,0,STOP_LOSS,14,8.425140380859375,7.836629108739968,0.31218963679775824,TEST,2023-01
ELET3,BEAR_CALM,-0.0441206957253963,0,MAX_DAYS,15,35.77054214477539,37.327301025390625,1.0195165767461631,TRAIN,2023-01
ELET3,BEAR_CALM,-0.05611711078370935,0,STOP_LOSS,4,36.12037658691406,34.11507763838905,1.0107705798880982,TRAIN,2023-01
ELET3,BEAR_CALM,0.06799550088030189,1,MAX_DAYS,15,29.51584815979004,31.540502548217773,1.1286471441369226,TRAIN,2023-01
ELET3,BULL_CALM,-0.03810798428704772,0,STOP_LOSS,2,36.69015121459961,38.06632482984622,0.824163185526948,TEST,2023-01
ELET3,BULL_CALM,0.02581606647965191,1,MAX_DAYS,15,36.989444732666016,37.96656036376953,0.9991183282332544,TEST,2023-01
EGIE3,BULL_CALM,-0.03061774198490432,0,STOP_LOSS,1,26.811481475830078,26.00666134265557,0.4472239616046872,TRAIN,2023-01
EGIE3,SIDEWAYS_VOLATILE,0.07213135267539421,1,PROFIT_TARGET,7,28.544919967651367,26.468809326393213,0.43410963021503146,TEST,2023-01
ELET6,BEAR_CALM,0.0060367133944975344,1,MAX_DAYS,15,34.315364837646484,34.54310607910156,0.879583914118874,TRAIN,2023-01
ELET6,BULL_CALM,-0.03694657303486913,0,STOP_LOSS,2,39.04176330566406,40.460797607063455,0.8495160412137661,TEST,2023-01
ELET6,BULL_CALM,0.022776566107588866,1,MAX_DAYS,15,39.10100555419922,40.015052795410156,0.9182812608700043,TEST,2023-01
EMBR3,BULL_CALM,0.12379863264462539,1,MAX_DAYS,15,14.535045623779297,16.343185424804688,0.513043446492673,TRAIN,2023-01
EMBR3,BULL_CALM,-0.06520468697571583,0,STOP_LOSS,1,19.240203857421875,17.997196509864175,0.6714522000343328,TRAIN,2023-01
EMBR3,BULL_VOLATILE,0.1346905620573864,1,MAX_DAYS,15,17.352148056030273,19.699729919433594,0.5337365858282066,TRAIN,2023-01
EMBR3,BULL_CALM,-0.05226046724200061,0,STOP_LOSS,12,21.657716751098633,22.77656451785529,0.5358773415778071,TEST,2023-01
EMBR3,BULL_CALM,0.11850218120648347,1,MAX_DAYS,15,21.80756187438965,24.404890060424805,0.6264983386307065,TEST,2023-01
ENEV3,BULL_CALM,-0.044960960895457584,0,STOP_LOSS,2,13.300000190734863,12.709999402364096,0.32250022888183594,TEST,2023-01
ENEV3,SIDEWAYS_CALM,0.047165786396342356,1,MAX_DAYS,15,12.979999542236328,12.359999656677246,0.3721429279872349,TEST,2023-01
EQTL3,SIDEWAYS_CALM,-0.04736090939608848,0,STOP_LOSS,11,24.847455978393555,23.685566340664597,0.6762458306766482,TRAIN,2023-01
EQTL3,BULL_CALM,-0.03591451167262736,0,STOP_LOSS,11,29.803438186645508,30.85593205237223,0.6718749661982343,TRAIN,2023-01
EQTL3,BULL_CALM,-0.045014082499164484,0,STOP_LOSS,7,30.016586303710938,28.68342716327463,0.6043569146666314,TRAIN,2023-01
EQTL3,BULL_CALM,0.010272752892557895,1,MAX_DAYS,15,32.388999938964844,32.036842346191406,0.6725368718786294,TEST,2023-01
EQTL3,SIDEWAYS_CALM,-0.01607925794102715,0,MAX_DAYS,15,31.731029510498047,31.239856719970703,0.6222277473041802,TEST,2023-01
ENGI11,SIDEWAYS_CALM,-0.005350601024598287,0,MAX_DAYS,15,32.71873474121094,32.874168395996094,0.9231632411729362,TRAIN,2023-01
ENGI11,BEAR_CALM,-0.05543748197988944,0,STOP_LOSS,3,32.55553436279297,30.770270833827638,1.0541713501834238,TRAIN,2023-01
ENGI11,BULL_CALM,-0.048098709798598795,0,STOP_LOSS,3,38.27817153930664,40.09633530087315,1.0213496930418569,TRAIN,2023-01
ENGI11,BULL_CALM,-0.046518181156078586,0,STOP_LOSS,2,43.47871398925781,41.482250523865744,1.0998872264737931,TEST,2023-01
EZTC3,BEAR_CALM,0.02061234683202672,1,MAX_DAYS,15,11.118045806884766,11.353885650634766,0.4800972877579323,TRAIN,2023-01
EZTC3,BEAR_CALM,0.07464991387952741,1,MAX_DAYS,15,14.492735862731934,13.402158737182617,0.5325081756028315,TEST,2023-01
EZTC3,BEAR_CALM,0.02937489657023916,1,MAX_DAYS,15,13.555521011352539,13.961846351623535,0.553884833010413,TEST,2023-01
FLRY3,SIDEWAYS_CALM,-0.07467405455012902,0,STOP_LOSS,5,11.649470329284668,12.51239382993621,0.46284065270333086,TRAIN,2023-01
FLRY3,BEAR_CALM,-0.005211267654135705,0,MAX_DAYS,15,11.908345222473145,11.853432655334473,0.4051260253428502,TRAIN,2023-01
FLRY3,BEAR_CALM,0.08547092336803329,1,MAX_DAYS,15,11.939725875854492,10.912062644958496,0.3546952385795294,TRAIN,2023-01
FLRY3,BEAR_CALM,0.008943155806271948,1,MAX_DAYS,15,11.508261680603027,11.398436546325684,0.4146516845429442,TRAIN,2023-01
FLRY3,BEAR_CALM,-0.006105798256661764,0,MAX_DAYS,15,11.398436546325684,11.461194038391113,0.31323001541682227,TRAIN,2023-01
FLRY3,SIDEWAYS_CALM,0.060792369861988806,1,MAX_DAYS,15,13.014456748962402,12.215468406677246,0.33418695295338907,TRAIN,2023-01
FLRY3,BULL_VOLATILE,0.06912771560745604,1,MAX_DAYS,15,14.911725997924805,13.871965408325195,0.3109624434625565,TEST,2023-01
GGBR4,SIDEWAYS_CALM,0.0490452922281915,1,MAX_DAYS,15,17.834959030151367,18.720380783081055,0.480977986341804,TRAIN,2023-01
GGBR4,BEAR_CALM,0.04017043153623933,1,MAX_DAYS,15,17.222375869750977,17.92453956604004,0.352185664308626,TRAIN,2023-01
GGBR4,BEAR_CALM,0.02699594849965619,1,MAX_DAYS,15,16.570934295654297,17.02822494506836,0.4307159542803655,TEST,2023-01
GOAU4,BULL_CALM,-0.05176393576219679,0,STOP_LOSS,4,10.468871116638184,11.004499765952577,0.3328551995754171,TRAIN,2023-01
GOAU4,SIDEWAYS_CALM,0.0359483390252709,1,MAX_DAYS,15,9.11490535736084,9.448040008544922,0.19234500995910178,TEST,2023-01
HAPV3,BEAR_CALM,-0.0006,0,MAX_DAYS,15,68.69999694824219,68.69999694824219,4.424999509538923,TRAIN,2023-01
HAPV3,BEAR_VOLATILE,-0.1479213930924718,0,STOP_LOSS,13,67.19999694824219,57.299999782017295,6.428571428571429,TRAIN,2023-01
HAPV3,BULL_CALM,0.0683655626004441,1,MAX_DAYS,15,69.5999984741211,64.79999542236328,3.117856434413365,TRAIN,2023-01
HAPV3,BULL_CALM,-0.08139624679026407,0,STOP_LOSS,6,64.04999542236328,69.22499465942383,2.6550003051757813,TEST,2023-01
HAPV3,SIDEWAYS_CALM,-0.08548371698739304,0,STOP_LOSS,2,64.5,59.02500025431315,2.9999997275216237,TEST,2023-01
HYPE3,BULL_CALM,-0.03728871222811835,0,MAX_DAYS,15,37.996612548828125,39.39065933227539,1.108086017258469,TRAIN,2023-01
HYPE3,SIDEWAYS_CALM,-0.051856543913183104,0,STOP_LOSS,13,39.77491760253906,37.73619279180128,1.1182984203315642,TRAIN,2023-01
HYPE3,BEAR_VOLATILE,0.11747279264391537,1,MAX_DAYS,15,40.07356643676758,35.34196853637695,0.7620533449006623,TRAIN,2023-01
HYPE3,BEAR_VOLATILE,0.11719738227125995,1,MAX_DAYS,15,32.4827880859375,28.656400680541992,0.8159884745824425,TEST,2023-01
HYPE3,BEAR_CALM,0.022147147440134976,1,MAX_DAYS,15,30.223569869995117,30.911069869995117,0.9972443035788761,TEST,2023-01
IGTI11,BEAR_CALM,-0.09290330059526042,0,STOP_LOSS,5,15.867053031921387,17.331634397487765,0.6652084069116684,TRAIN,2023-01
IGTI11,BULL_CALM,-0.04821908686693664,0,STOP_LOSS,7,20.698040008544922,21.683661773687152,0.5429603112715016,TRAIN,2023-01
IGTI11,BEAR_CALM,0.08332251801559787,1,MAX_DAYS,15,19.855512619018555,18.18918800354004,0.5155447121105229,TRAIN,2023-01
IGTI11,BULL_CALM,-0.024616662815314192,0,MAX_DAYS,15,22.607763290405273,22.064800262451172,0.5870928515013046,TEST,2023-01
ITSA4,BEAR_CALM,0.09399778376437425,1,MAX_DAYS,15,6.384807586669922,5.780818939208984,0.14541561374203882,TRAIN,2023-01
ITSA4,BULL_CALM,0.022412742018503698,1,MAX_DAYS,15,7.17215633392334,7.007105350494385,0.1312893507861614,TRAIN,2023-01
ITSA4,BULL_CALM,0.02090512040365293,1,MAX_DAYS,15,8.293704986572266,8.115347862243652,0.12392505279077705,TEST,2023-01
IRBR3,BULL_CALM,-0.011814536445104449,0,MAX_DAYS,15,41.90999984741211,41.439998626708984,1.9028565543038505,TRAIN,2023-01
IRBR3,BULL_CALM,0.03064234174174398,1,MAX_DAYS,15,40.970001220703125,42.25,1.5164288112095423,TRAIN,2023-01
IRBR3,BEAR_CALM,-0.09538448808548391,0,STOP_LOSS,11,41.9900016784668,38.01000086466471,1.413571766444615,TEST,2023-01
IRBR3,BEAR_CALM,-0.02276627333006826,0,MAX_DAYS,15,39.70000076293945,38.81999969482422,1.5792860303606306,TEST,2023-01
ITUB4,BULL_CALM,0.007633129207969215,1,MAX_DAYS,15,21.23487663269043,21.060047149658203,0.4030354586070207,TRAIN,2023-01
ITUB4,BULL_CALM,0.025809631856915566,1,MAX_DAYS,15,26.599037170410156,25.89656639099121,0.4233970866885018,TEST,2023-01
KLBN11,BULL_VOLATILE,0.1435811881048494,1,PROFIT_TARGET,13,14.304190635681152,16.36658583641192,0.43941894517863717,TRAIN,2023-01
KLBN11,BULL_CALM,-0.039704670604760406,0,STOP_LOSS,3,17.23002815246582,17.903802727878745,0.3402903256487621,TRAIN,2023-01
KLBN11,SIDEWAYS_CALM,-0.044083744595494564,0,STOP_LOSS,1,18.34973907470703,17.551823707388504,0.46283756453608504,TRAIN,2023-01
KLBN11,SIDEWAYS_CALM,-0.00471510229869314,0,MAX_DAYS,15,17.90823745727539,17.834543228149414,0.3608792735663217,TEST,2023-01
LREN3,BEAR_CALM,-0.0985886045198555,0,STOP_LOSS,4,15.521692276000977,17.042641241912932,0.8663182801795115,TRAIN,2023-01
LREN3,BEAR_CALM,0.09025637379967467,1,MAX_DAYS,15,14.43779468536377,13.126029014587402,0.47684359950259037,TEST,2023-01
LWSA3,BEAR_CALM,0.003987090253626937,1,MAX_DAYS,15,6.291382312774658,6.262523174285889,0.33188484797034107,TRAIN,2023-01
LWSA3,BEAR_CALM,-0.10706900119426757,0,STOP_LOSS,7,6.118225574493408,5.466824208495871,0.3174550999852324,TRAIN,2023-01
LWSA3,BEAR_CALM,0.007464473946368717,1,MAX_DAYS,15,6.01669979095459,5.9681782722473145,0.2502338069553271,TRAIN,2023-01
LWSA3,BEAR_CALM,-0.10238569882059012,0,STOP_LOSS,3,5.434438705444336,5.987586846775651,0.27033539204685997,TEST,2023-01
LWSA3,BEAR_CALM,-0.09243668746265359,0,STOP_LOSS,8,5.706160545349121,5.182125662734169,0.24676781401849837,TEST,2023-01
LWSA3,BEAR_CALM,-0.045322657500866045,0,MAX_DAYS,15,5.424734592437744,5.6673431396484375,0.2405294016503213,TEST,2023-01
MGLU3,BULL_CALM,0.32555386047261975,1,MAX_DAYS,15,29.510284423828125,39.13517761230469,1.945732523898901,TRAIN,2023-01
MGLU3,BEAR_CALM,-0.12117414674803811,0,STOP_LOSS,4,18.97738265991211,21.265564381642026,1.2207670271577586,TEST,2023-01
MGLU3,BEAR_CALM,0.10596924018307849,1,MAX_DAYS,15,18.160175323486328,20.095491409301758,1.2288132824413243,TEST,2023-01
MULT3,BEAR_CALM,-0.08789777823774601,0,STOP_LOSS,4,18.215356826782227,19.805517007568074,0.7670034012658183,TRAIN,2023-01
MULT3,SIDEWAYS_CALM,-0.05222470930797846,0,STOP_LOSS,15,24.01936149597168,22.77936894097889,0.5992866722797301,TRAIN,2023-01
MULT3,BULL_CALM,-0.002398559157395209,0,MAX_DAYS,15,25.81013298034668,25.76371192932129,0.62336920878542,TEST,2023-01
MULT3,SIDEWAYS_VOLATILE,0.07708715137540464,1,MAX_DAYS,15,26.172218322753906,24.138973236083984,0.6392847562377059,TEST,2023-01
MRVE3,BEAR_CALM,0.06282777326180304,1,MAX_DAYS,15,7.409999847412109,6.940000057220459,0.3835713863372803,TRAIN,2023-01
MRVE3,BEAR_CALM,-0.11471786600415608,0,STOP_LOSS,3,6.809999942779541,6.032857281821115,0.41928556987217497,TRAIN,2023-01
PCAR3,BEAR_CALM,0.1947231916344266,1,MAX_DAYS,15,14.539999961853027,17.3799991607666,0.6621426854814801,TRAIN,2023-01
PCAR3,BEAR_VOLATILE,0.009156088483765963,1,MAX_DAYS,15,4.099999904632568,4.139999866485596,0.3957140956606184,TEST,2023-01
PETR3,BULL_CALM,-0.046266849033612334,0,STOP_LOSS,7,28.7084903717041,30.019516667491626,0.6373810541510322,TRAIN,2023-01
PETR3,BULL_CALM,0.06801766986752021,1,MAX_DAYS,15,30.493152618408203,32.58552169799805,0.6818864839782438,TEST,2023-01
PRIO3,BULL_CALM,-0.09303889420941351,0,STOP_LOSS,3,35.12358474731445,38.370370082026824,1.6735624357278258,TRAIN,2023-01
PRIO3,SIDEWAYS_CALM,-0.013875737578958186,0,MAX_DAYS,15,34.59443664550781,34.135169982910156,1.046890086329292,TRAIN,2023-01
PRIO3,BULL_CALM,0.014879897890542258,1,MAX_DAYS,15,48.37230682373047,47.62350845336914,1.279374596186298,TRAIN,2023-01
PRIO3,BULL_CALM,0.05936210205306806,1,MAX_DAYS,15,47.45378112792969,44.60835266113281,1.4170097240161361,TRAIN,2023-01
PRIO3,BULL_CALM,-0.009063610869105225,0,MAX_DAYS,15,46.08000183105469,45.689998626708984,1.2378575461251395,TEST,2023-01
PETR4,SIDEWAYS_CALM,-0.1087706860645023,0,STOP_LOSS,9,13.456645965576172,14.912260591799663,0.5268812354595785,TRAIN,2023-01
PETR4,BULL_CALM,0.05766772102006658,1,MAX_DAYS,15,28.800355911254883,30.478487014770508,0.5658564016140478,TEST,2023-01
RADL3,BULL_CALM,-0.056559021252314275,0,STOP_LOSS,13,21.46269416809082,22.663725527174936,0.6031351663230782,TRAIN,2023-01
RADL3,BULL_CALM,-0.053675194173609525,0,STOP_LOSS,6,21.44435691833496,22.582520325703776,0.5455066891005718,TRAIN,2023-01
RADL3,BULL_CALM,0.10453929761007333,1,MAX_DAYS,15,21.89360237121582,24.195480346679688,0.5618087905506525,TRAIN,2023-01
RADL3,BULL_CALM,-0.01749795082721901,0,MAX_DAYS,15,26.309139251708984,26.75370979309082,0.5513758460531424,TRAIN,2023-01
RADL3,BULL_CALM,-0.04050403765874143,0,STOP_LOSS,4,28.129125595092773,27.006659908038724,0.5893051013932278,TEST,2023-01
RAIL3,SIDEWAYS_CALM,-0.08088907916634493,0,STOP_LOSS,6,16.657001495361328,17.99437680709632,0.6348843022608439,TRAIN,2023-01
RAIL3,BULL_CALM,-0.02806785144770596,0,MAX_DAYS,15,22.228286743164062,22.838850021362305,0.5383306385395229,TRAIN,2023-01
RAIL3,BULL_VOLATILE,-0.049552804127353155,0,STOP_LOSS,5,21.79898452758789,20.73186310783368,0.5512780700520327,TRAIN,2023-01
RAIL3,BULL_CALM,-0.06352592444388139,0,STOP_LOSS,8,21.39830207824707,22.744810018050195,0.7209542218097599,TRAIN,2023-01
RAIL3,BULL_CALM,-0.015156683774417569,0,MAX_DAYS,15,21.62726402282715,21.312442779541016,0.5247023103049092,TRAIN,2023-01
RAIL3,SIDEWAYS_CALM,-0.05577633015658835,0,STOP_LOSS,3,21.72266387939453,20.524087005304462,0.6419086696237412,TEST,2023-01
RAIZ4,BEAR_CALM,0.01731052186799044,1,MAX_DAYS,15,3.082778215408325,3.02756404876709,0.12686059405687095,TRAIN,2023-01
RAIZ4,SIDEWAYS_CALM,-0.07432039077897513,0,STOP_LOSS,7,3.5782687664031982,3.314477394631753,0.1318956790022996,TRAIN,2023-01
RDOR3,SIDEWAYS_CALM,0.15358976911221428,1,MAX_DAYS,15,25.39972686767578,29.316104888916016,1.412221869796179,TRAIN,2023-01
RECV3,BULL_CALM,-0.0432810568456566,0,MAX_DAYS,15,24.404922485351562,25.446550369262695,0.9027427975997345,TRAIN,2023-01
RECV3,BEAR_CALM,0.010839315620740671,1,MAX_DAYS,15,16.571582794189453,16.382015228271484,0.5918425273092477,TRAIN,2023-01
RECV3,BEAR_CALM,0.07993075226604072,1,MAX_DAYS,15,16.674270629882812,15.3314790725708,0.6234371772988088,TRAIN,2023-01
RECV3,BULL_VOLATILE,0.14294753048810283,1,MAX_DAYS,15,16.785900115966797,19.19547462463379,0.7944993979192996,TEST,2023-01
SANB11,BULL_VOLATILE,0.1503170176644913,1,PROFIT_TARGET,11,22.450864791870117,25.839082350247885,0.6601904636691547,TRAIN,2023-01
SANB11,SIDEWAYS_VOLATILE,0.09303544453990885,1,MAX_DAYS,15,26.08014678955078,23.638120651245117,0.5195670166497995,TRAIN,2023-01
SANB11,BULL_CALM,0.12307298148172015,1,PROFIT_TARGET,15,23.038476943969727,25.88771407642833,0.6617428525362661,TRAIN,2023-01
SANB11,BULL_VOLATILE,0.0726311745306437,1,MAX_DAYS,15,28.34905433654785,26.273019790649414,0.5552341754392808,TEST,2023-01
RENT3,BEAR_CALM,-0.0580509483553637,0,STOP_LOSS,3,45.84614562988281,48.48005017475769,1.6258041019592042,TRAIN,2023-01
RENT3,BEAR_CALM,0.04325833365475555,1,MAX_DAYS,15,50.34086990356445,48.13300323486328,2.1891790411965486,TRAIN,2023-01
RENT3,BULL_CALM,0.06837593633250576,1,MAX_DAYS,15,60.47386932373047,56.30262756347656,1.5092440817594155,TRAIN,2023-01
SBSP3,BULL_CALM,-0.022905637310111464,0,MAX_DAYS,15,49.3148193359375,50.414817810058594,1.3059938946041842,TRAIN,2023-01
SBSP3,SIDEWAYS_CALM,0.04288615897566061,1,MAX_DAYS,15,50.377838134765625,48.18709945678711,1.3766423004149833,TRAIN,2023-01
SBSP3,SIDEWAYS_CALM,-0.05112203526465078,0,STOP_LOSS,4,52.55249786376953,49.89743871345068,1.4137685924127272,TRAIN,2023-01
SBSP3,BULL_CALM,-0.05686784584820341,0,STOP_LOSS,4,53.389076232910156,56.393164544361525,1.7689077556606725,TRAIN,2023-01
SBSP3,BULL_CALM,-0.052144934415460274,0,STOP_LOSS,8,57.88570022583008,60.86941484756348,1.4674125234765338,TRAIN,2023-01
SBSP3,BULL_CALM,-0.03912960496026417,0,STOP_LOSS,2,69.82598876953125,72.51635653278113,1.581660667437399,TEST,2023-01
SBSP3,BULL_CALM,-0.03445464845693334,0,STOP_LOSS,1,74.85498046875,77.38916951777014,1.455868196988618,TEST,2023-01
SLCE3,BEAR_CALM,-0.04678729855133913,0,STOP_LOSS,3,17.074745178222656,16.286108824988048,0.406873022714239,TEST,2023-01
SLCE3,SIDEWAYS_CALM,-0.0483146747828563,0,STOP_LOSS,2,16.83294677734375,17.636125358461836,0.4592751665026208,TEST,2023-01
SMFT3,SIDEWAYS_CALM,-0.12166668730781689,0,STOP_LOSS,4,11.412833213806152,12.794547123798289,0.84128896201502,TRAIN,2023-01
SMFT3,BEAR_VOLATILE,0.15816018357119224,1,MAX_DAYS,15,14.434951782226562,12.143256187438965,0.8184631725097772,TRAIN,2023-01
SMFT3,BULL_CALM,0.03320531564632342,1,MAX_DAYS,15,19.98615264892578,19.310514450073242,0.7434649571162714,TRAIN,2023-01
SMFT3,BULL_CALM,0.009570911154119222,1,MAX_DAYS,15,22.899635314941406,23.132545471191406,0.7792476346809727,TEST,2023-01
SMFT3,BULL_CALM,0.00501368167137244,1,MAX_DAYS,15,23.23502540588379,23.104591369628906,0.722684231182859,TEST,2023-01
TIMS3,BEAR_CALM,0.03805560784811497,1,MAX_DAYS,15,9.000910758972168,8.652975082397461,0.2193499182984374,TRAIN,2023-01
TIMS3,BULL_CALM,-0.045802852284222005,0,STOP_LOSS,12,11.874055862426758,12.410797055590635,0.3406932053166152,TRAIN,2023-01
TIMS3,BULL_CALM,0.023454789284335142,1,MAX_DAYS,15,12.175302505493164,12.46817684173584,0.2558187327633336,TRAIN,2023-01
TIMS3,BULL_CALM,-0.025227696009479248,0,MAX_DAYS,15,15.00727367401123,15.37686824798584,0.2535595312389332,TEST,2023-01
TIMS3,BULL_CALM,0.08848080938705746,1,MAX_DAYS,15,14.955699920654297,16.287965774536133,0.40643148862476547,TEST,2023-01
SUZB3,SIDEWAYS_CALM,-0.05462820987474923,0,STOP_LOSS,2,47.18175506591797,44.63260930095754,1.3295303080741385,TRAIN,2023-01
TAEE11,SIDEWAYS_CALM,-0.039063074167757096,0,STOP_LOSS,10,27.786569595336914,28.855326482549902,0.6224008890071967,TRAIN,2023-01
TOTS3,SIDEWAYS_CALM,-0.1120134279194362,0,STOP_LOSS,4,24.675918579101562,27.42514725506017,1.357716960660815,TRAIN,2023-01
TOTS3,SIDEWAYS_CALM,0.06500700908499085,1,MAX_DAYS,15,28.583595275878906,26.708311080932617,0.8030032086683961,TRAIN,2023-01
TOTS3,BULL_CALM,0.03207182317371945,1,MAX_DAYS,15,31.85333824157715,30.812631607055664,0.8072757449802835,TEST,2023-01
VALE3,BULL_CALM,-0.032441940845217516,0,STOP_LOSS,2,70.1043930053711,72.336652940438,1.3785619326728522,TRAIN,2023-01
VALE3,BULL_CALM,0.0635954999505899,1,MAX_DAYS,15,69.94755554199219,65.45723724365234,1.5639510178011082,TRAIN,2023-01
USIM5,BULL_CALM,0.11059833741337784,1,MAX_DAYS,15,6.620133876800537,7.356281757354736,0.2295330165257327,TRAIN,2023-01
UGPA3,SIDEWAYS_CALM,-0.10359002284380722,0,STOP_LOSS,6,10.491406440734863,11.571916629729813,0.45505355961367144,TRAIN,2023-01
UGPA3,SIDEWAYS_CALM,0.04069529117873531,1,MAX_DAYS,15,10.761536598205566,11.205937385559082,0.3983447198577156,TRAIN,2023-01
UGPA3,BULL_CALM,-0.008122813044595601,0,MAX_DAYS,15,16.558317184448242,16.68288230895996,0.42390432492876634,TRAIN,2023-01
UGPA3,BULL_CALM,0.0842094878924546,1,MAX_DAYS,15,16.576108932495117,17.98192024230957,0.43979202951977825,TRAIN,2023-01
VIVT3,BEAR_CALM,-0.05896085977693159,0,STOP_LOSS,3,15.581806182861328,16.491173788570624,0.46038469108592367,TRAIN,2023-01
VIVT3,SIDEWAYS_CALM,0.010373277565882182,1,MAX_DAYS,15,16.980066299438477,17.166393280029297,0.3330505281411301,TRAIN,2023-01
VIVT3,SIDEWAYS_CALM,0.02492759050153268,1,MAX_DAYS,15,16.601028442382812,17.024812698364258,0.39162270095901547,TRAIN,2023-01
VIVT3,BULL_CALM,-0.03910535875513211,0,STOP_LOSS,5,18.498939514160156,19.211247816742382,0.34867535362061525,TRAIN,2023-01
VIVT3,BULL_VOLATILE,-0.05103254017142103,0,STOP_LOSS,12,24.204818725585938,22.98410823286586,0.49539420348934243,TEST,2023-01
VBBR3,BEAR_CALM,-0.08688519208450683,0,STOP_LOSS,15,11.342805862426758,12.32152204504352,0.3907508137977768,TRAIN,2023-01
VBBR3,BULL_CALM,0.07567123785328782,1,MAX_DAYS,15,13.676270484924316,12.633164405822754,0.3730895121131765,TRAIN,2023-01
VBBR3,BULL_CALM,-0.0631101400297774,0,STOP_LOSS,5,13.614457130432129,14.465498752084843,0.545837146864579,TRAIN,2023-01
VBBR3,BULL_CALM,0.05379307105046713,1,MAX_DAYS,15,17.3646240234375,18.309139251708984,0.4874254734441819,TRAIN,2023-01
VBBR3,BULL_CALM,-0.011431783903039821,0,MAX_DAYS,15,18.566556930541992,18.76766586303711,0.4573833369405954,TEST,2023-01
WEGE3,BULL_CALM,0.002555487141133773,1,MAX_DAYS,15,35.745025634765625,35.632232666015625,1.1520694644194995,TRAIN,2023-01
WEGE3,BULL_CALM,0.03830693878110341,1,MAX_DAYS,15,35.632232666015625,37.01857376098633,0.9606383464011178,TRAIN,2023-01
WEGE3,BULL_CALM,0.014555030101702695,1,MAX_DAYS,15,38.09982681274414,37.522422790527344,0.8728816405161629,TRAIN,2023-01
YDUQ3,BEAR_CALM,0.03016932114230664,1,MAX_DAYS,15,9.091503143310547,8.811763763427734,0.3629939941056487,TRAIN,2023-01
YDUQ3,BEAR_CALM,-0.10472693547986026,0,STOP_LOSS,7,8.392156600952148,7.518307052027921,0.4968688843023767,TRAIN,2023-01
YDUQ3,BEAR_CALM,0.3330570174310803,1,PROFIT_TARGET,12,6.862918853759766,9.152779889376777,0.4522440323879899,TRAIN,2023-01
YDUQ3,BULL_CALM,0.07342165680368531,1,MAX_DAYS,15,20.02271842956543,18.540603637695312,0.9662746130358956,TRAIN,2023-01
YDUQ3,BULL_CALM,0.06980905806654271,1,MAX_DAYS,15,19.843355178833008,18.446203231811523,0.7531951766365353,TEST,2023-01
ABEV3,BEAR_CALM,-0.01858852783720277,0,MAX_DAYS,15,11.147822380065918,10.94728946685791,0.17579225028734577,TEST,2023-04
ABEV3,BEAR_VOLATILE,-0.04019696576458697,0,STOP_LOSS,13,10.983750343322754,10.548827157011432,0.18816260482521038,TEST,2023-04
ASAI3,BEAR_CALM,0.03569631387814198,1,MAX_DAYS,15,13.259153366088867,12.777894973754883,0.5030060717049983,TRAIN,2023-04
ASAI3,BEAR_CALM,0.09120334183858028,1,MAX_DAYS,15,11.982346534729004,10.88232707977295,0.48827346465189486,TRAIN,2023-04
ASAI3,BULL_CALM,0.036935374871344566,1,MAX_DAYS,15,13.86809253692627,13.347548484802246,0.4377625244815884,TEST,2023-04
ALOS3,BULL_CALM,-0.0010147367280223067,0,MAX_DAYS,15,21.329875946044922,21.338722229003906,0.5244940585713282,TRAIN,2023-04
ALOS3,BULL_CALM,-0.0707162426401501,0,STOP_LOSS,11,20.224010467529297,21.642042092627516,0.7102795331784189,TRAIN,2023-04
ALOS3,BEAR_CALM,-0.04911296533653157,0,STOP_LOSS,3,20.737131118774414,19.7311113956302,0.5069277728606597,TEST,2023-04
ALOS3,BEAR_CALM,-0.023822688595380875,0,MAX_DAYS,15,19.72439956665039,19.266345977783203,0.5007885537504198,TEST,2023-04
AZUL4,BEAR_CALM,-0.1273778761966666,0,STOP_LOSS,6,11.390000343322754,9.946000289916991,0.6557143756321498,TRAIN,2023-04
AZUL4,BEAR_VOLATILE,-0.09665908936916878,0,STOP_LOSS,2,12.760000228881836,11.534286226545062,0.6855554580688477,TEST,2023-04
BBAS3,BULL_VOLATILE,0.12395141699332726,1,PROFIT_TARGET,10,16.25299835205078,18.27733232718892,0.4376537558498753,TRAIN,2023-04
BBAS3,BULL_CALM,-0.03579800044251839,0,STOP_LOSS,10,20.834928512573242,21.568276335578634,0.4164106901172632,TRAIN,2023-04
BBAS3,BULL_CALM,-0.03717559022559672,0,STOP_LOSS,6,25.262781143188477,24.338780012136283,0.5015443023732801,TEST,2023-04
BBDC3,BEAR_CALM,0.03802728869619128,1,MAX_DAYS,15,9.32185173034668,9.681929588317871,0.24519154543046578,TRAIN,2023-04
B3SA3,BEAR_CALM,0.05827849132683334,1,MAX_DAYS,15,9.950602531433105,10.536478996276855,0.42114014129927607,TRAIN,2023-04
B3SA3,BULL_CALM,-0.06625553789946412,0,STOP_LOSS,15,13.689773559570312,12.790964112794862,0.36903430392602143,TRAIN,2023-04
B3SA3,BEAR_CALM,-0.05912843426009315,0,STOP_LOSS,4,11.498746871948242,10.825743221579968,0.3251395319381878,TEST,2023-04
BBDC4,BEAR_CALM,0.04698255492249407,1,MAX_DAYS,15,10.480694770812988,10.979393005371094,0.3045044587874836,TRAIN,2023-04
BBDC4,BULL_CALM,-0.038400556835959346,0,STOP_LOSS,1,13.417379379272461,13.924563791088278,0.30143696132808717,TRAIN,2023-04
BBSE3,BULL_CALM,0.05024233851440661,1,MAX_DAYS,15,25.620546340942383,26.923154830932617,0.5453685820555919,TRAIN,2023-04
BBSE3,SIDEWAYS_CALM,0.019914375958073445,1,MAX_DAYS,15,27.983417510986328,27.40935516357422,0.4400337193768217,TEST,2023-04
BBSE3,BULL_CALM,-0.028136104746596353,0,STOP_LOSS,6,28.137643814086914,28.91244492147403,0.5030696031976234,TEST,2023-04
BEEF3,BEAR_CALM,-0.0824434614995405,0,STOP_LOSS,2,10.460000038146973,9.603917427739699,0.558791606420345,TRAIN,2023-04
BEEF3,BEAR_CALM,-0.04568196503918264,0,STOP_LOSS,7,7.320000171661377,6.990000179835728,0.15928564752851213,TRAIN,2023-04
BEEF3,BEAR_CALM,0.09336915365217799,1,MAX_DAYS,15,7.130000114440918,6.460000038146973,0.19071439334324428,TRAIN,2023-04
BPAC11,BULL_CALM,-0.029066581015061536,0,MAX_DAYS,15,30.935657501220703,31.8162899017334,0.8779235282740433,TRAIN,2023-04
BPAC11,BULL_CALM,-0.0594716599958823,0,STOP_LOSS,6,29.73307991027832,27.982644139170016,0.8684543148120374,TRAIN,2023-04
BPAC11,BULL_CALM,-0.06369601492711932,0,STOP_LOSS,9,29.22174644470215,31.06552219457357,1.0490444124196234,TRAIN,2023-04
BPAC11,SIDEWAYS_CALM,-0.05497854940118687,0,STOP_LOSS,6,33.88092803955078,32.03853232039401,0.9312469014508963,TEST,2023-04
BRAP4,BULL_CALM,-0.047980455283980164,0,STOP_LOSS,1,18.823144912719727,19.714994088560722,0.5419218351965576,TRAIN,2023-04
BRAP4,BEAR_CALM,-0.03851893580740691,0,MAX_DAYS,15,17.06581687927246,16.418699264526367,0.3240955502768692,TRAIN,2023-04
BRAP4,SIDEWAYS_CALM,-0.011909935233971141,0,MAX_DAYS,15,17.10063362121582,17.29404067993164,0.39545362837097364,TEST,2023-04
BRKM5,BEAR_CALM,-0.07719339369200845,0,STOP_LOSS,3,19.940000534057617,18.412728222933683,0.7778569630214146,TRAIN,2023-04
BRKM5,BEAR_CALM,-0.0861410093017147,0,STOP_LOSS,4,19.790000915527344,21.48285756792341,1.4614283697945731,TRAIN,2023-04
BRKM5,BEAR_CALM,0.10944401861492904,1,MAX_DAYS,15,24.989999771118164,22.239999771118164,0.7528566632952008,TRAIN,2023-04
CMIN3,BULL_CALM,-0.0687035867294073,0,STOP_LOSS,2,3.314070701599121,3.5397708030528645,0.12754285686949965,TRAIN,2023-04
CMIN3,BULL_CALM,-0.07123833171584573,0,STOP_LOSS,5,3.356924295425415,3.119796763500173,0.11427835029060117,TRAIN,2023-04
CMIN3,BULL_CALM,-0.07172067491281248,0,STOP_LOSS,5,3.314070701599121,3.5497696466056285,0.1352364814249063,TRAIN,2023-04
CMIN3,SIDEWAYS_CALM,-0.029103690908370342,0,MAX_DAYS,15,3.3147852420806885,3.220301628112793,0.06186395783277786,TRAIN,2023-04
CMIN3,BEAR_CALM,0.022476980416096345,1,MAX_DAYS,15,4.285979747772217,4.187072277069092,0.10420582030025148,TEST,2023-04
CMIN3,BEAR_VOLATILE,-0.07999163618545063,0,STOP_LOSS,4,4.381021976470947,4.033205473594502,0.14579017972222807,TEST,2023-04
CMIG4,BULL_CALM,-0.04082987798679018,0,STOP_LOSS,3,6.733668804168701,7.004563478563863,0.14610929345877174,TRAIN,2023-04
CMIG4,BULL_CALM,0.019416173412871603,1,MAX_DAYS,15,7.114784240722656,6.9723734855651855,0.17211235350354498,TRAIN,2023-04
CMIG4,BULL_CALM,-0.05306089246880663,0,STOP_LOSS,3,7.1528496742248535,7.528094551829902,0.19019845275691077,TRAIN,2023-04
CMIG4,BULL_CALM,-0.038788144160621624,0,STOP_LOSS,2,8.330516815185547,8.648643792256335,0.16389688634273192,TEST,2023-04
CPFE3,BULL_CALM,-0.03972830186837039,0,STOP_LOSS,3,34.939998626708984,33.57285581316267,0.7242856706891742,TRAIN,2023-04
CPLE6,BULL_CALM,-0.04438480058608497,0,STOP_LOSS,1,7.0972371101379395,7.407988221717491,0.17117638291220696,TRAIN,2023-04
CPLE6,BULL_CALM,0.0592958177209569,1,MAX_DAYS,15,7.078803539276123,7.50279426574707,0.17841859152905373,TRAIN,2023-04
CPLE6,SIDEWAYS_VOLATILE,-0.047125510792876045,0,STOP_LOSS,4,9.175002098083496,8.748130438944452,0.2281125800059249,TEST,2023-04
CSAN3,SIDEWAYS_CALM,-0.06556909564554841,0,STOP_LOSS,3,14.351222038269043,15.283607955503847,0.49104768851350183,TRAIN,2023-04
CSAN3,BEAR_CALM,0.0829579497610673,1,MAX_DAYS,15,17.91935920715332,16.422054290771484,0.46782162307858094,TRAIN,2023-04
CSAN3,BEAR_VOLATILE,-0.053073089670998844,0,STOP_LOSS,7,14.973050117492676,14.187367916029123,0.4443612487827709,TEST,2023-04
CSNA3,BULL_CALM,-0.07811322642144233,0,STOP_LOSS,1,11.912690162658691,12.836081212525343,0.5449478620689631,TRAIN,2023-04
CSNA3,BULL_CALM,-0.058727520650104316,0,STOP_LOSS,6,16.243192672729492,17.1873691902372,0.5552843375770458,TRAIN,2023-04
CSNA3,BULL_VOLATILE,-0.07812068749135508,0,STOP_LOSS,11,15.773683547973633,14.55089675506364,0.5165883287797334,TRAIN,2023-04
CSNA3,SIDEWAYS_CALM,0.07306366351685604,1,MAX_DAYS,15,13.850504875183105,12.830225944519043,0.4153344380031155,TEST,2023-04
CVCB3,BEAR_CALM,-0.12818624814520357,0,STOP_LOSS,5,2.670773983001709,2.330019950866699,0.16971913405827113,TRAIN,2023-04
CVCB3,BEAR_CALM,0.0287159180622582,1,MAX_DAYS,15,2.8273370265960693,2.7444510459899902,0.1901115689958845,TRAIN,2023-04
CVCB3,BEAR_CALM,-0.13562287849520466,0,STOP_LOSS,3,2.854965925216675,3.2404516424451555,0.22760771002088273,TRAIN,2023-04
CVCB3,SIDEWAYS_CALM,0.18690001164153244,1,MAX_DAYS,15,2.559999942779541,3.0399999618530273,0.2335714442389352,TRAIN,2023-04
CVCB3,SIDEWAYS_CALM,-0.08727244388671755,0,STOP_LOSS,12,3.2799999713897705,2.9957143579210554,0.15357146944318498,TRAIN,2023-04
CXSE3,BULL_CALM,-0.03527414461581061,0,STOP_LOSS,9,8.428963661193848,8.721230766143496,0.15957762497693004,TRAIN,2023-04
CXSE3,BULL_VOLATILE,0.09180784439275007,1,MAX_DAYS,15,13.333216667175293,14.56531047821045,0.37593675438244795,TEST,2023-04
CYRE3,BULL_CALM,-0.012536282817734879,0,MAX_DAYS,15,21.05624008178711,21.307573318481445,0.7147741988970454,TRAIN,2023-04
CYRE3,SIDEWAYS_VOLATILE,0.0885688299059276,1,MAX_DAYS,15,22.163972854614258,20.187637329101562,0.7789205770209845,TEST,2023-04
DIRR3,BULL_CALM,-0.08014541388362025,0,STOP_LOSS,3,4.470022678375244,4.114452874354717,0.17705575120645253,TRAIN,2023-04
DIRR3,BULL_VOLATILE,0.03260001199844616,1,MAX_DAYS,15,7.04220724105835,6.808405876159668,0.24265427966795208,TEST,2023-04
ECOR3,BULL_CALM,0.033620571766637894,1,MAX_DAYS,15,7.261974811553955,7.013465881347656,0.24850866766651952,TRAIN,2023-04
ECOR3,BULL_CALM,-0.0754115556048006,0,STOP_LOSS,10,6.801773548126221,7.310624808133127,0.29124166996915385,TRAIN,2023-04
ECOR3,BULL_CALM,-0.003836248102840404,0,MAX_DAYS,15,8.6204252243042,8.648323059082031,0.28030655759657097,TRAIN,2023-04
ECOR3,SIDEWAYS_CALM,-0.07045180608461003,0,STOP_LOSS,14,8.425140380859375,7.836629108739968,0.31218963679775824,TRAIN,2023-04
ELET3,BEAR_CALM,0.03686883109328053,1,MAX_DAYS,15,28.72138214111328,29.79753875732422,0.953582903732113,TRAIN,2023-04
ELET3,BULL_CALM,-0.052316934982606124,0,STOP_LOSS,4,36.61972427368164,38.5135841730246,0.9670510226907189,TRAIN,2023-04
ELET3,SIDEWAYS_CALM,-0.04754081457512264,0,STOP_LOSS,1,35.8450813293457,34.162484013234696,0.9562071772803913,TEST,2023-04
EGIE3,BULL_CALM,-0.03061774198490432,0,STOP_LOSS,1,26.811481475830078,26.00666134265557,0.4472239616046872,TRAIN,2023-04
EMBR3,BULL_VOLATILE,0.17403415969869024,1,MAX_DAYS,15,20.47892951965332,16.90260887145996,0.652186260747053,TRAIN,2023-04
EMBR3,BULL_CALM,-0.06520468697571583,0,STOP_LOSS,1,19.240203857421875,17.997196509864175,0.6714522000343328,TRAIN,2023-04
EMBR3,BULL_VOLATILE,0.1346905620573864,1,MAX_DAYS,15,17.352148056030273,19.699729919433594,0.5337365858282066,TRAIN,2023-04
EMBR3,BULL_CALM,-0.009488988833075718,0,MAX_DAYS,15,22.47687339782715,22.67667007446289,0.6707387058133794,TRAIN,2023-04
EMBR3,BULL_CALM,-0.05698744230084624,0,STOP_LOSS,4,32.11695861816406,33.927951769124455,0.9461687536971566,TEST,2023-04
ELET6,BEAR_CALM,0.055918768233192334,1,MAX_DAYS,15,29.166837692260742,30.815311431884766,0.9524252226387429,TRAIN,2023-04
ELET6,BEAR_VOLATILE,0.0829150265463416,1,MAX_DAYS,15,38.81324768066406,35.57175827026367,0.791934207817107,TEST,2023-04
ENEV3,BULL_CALM,0.004054803570100795,1,MAX_DAYS,15,12.890000343322754,12.829999923706055,0.3657143456595285,TRAIN,2023-04
ENGI11,BULL_CALM,-0.048098709798598795,0,STOP_LOSS,3,38.27817153930664,40.09633530087315,1.0213496930418569,TRAIN,2023-04
ENGI11,BULL_CALM,-0.008106927060713965,0,MAX_DAYS,15,41.57333755493164,41.88542556762695,0.9427152729012437,TRAIN,2023-04
ENGI11,BEAR_CALM,0.05073694823215312,1,MAX_DAYS,15,38.39497375488281,36.423892974853516,0.9151438649056638,TEST,2023-04
EQTL3,BULL_CALM,-0.03591451167262736,0,STOP_LOSS,11,29.803438186645508,30.85593205237223,0.6718749661982343,TRAIN,2023-04
EQTL3,BULL_CALM,-0.045014082499164484,0,STOP_LOSS,7,30.016586303710938,28.68342716327463,0.6043569146666314,TRAIN,2023-04
EZTC3,BEAR_CALM,0.02937489657023916,1,MAX_DAYS,15,13.555521011352539,13.961846351623535,0.553884833010413,TRAIN,2023-04
EZTC3,BEAR_CALM,0.1104393533318311,1,MAX_DAYS,15,13.268036842346191,11.79476261138916,0.504143766235389,TEST,2023-04
FLRY3,SIDEWAYS_CALM,0.060792369861988806,1,MAX_DAYS,15,13.014456748962402,12.215468406677246,0.33418695295338907,TRAIN,2023-04
FLRY3,BEAR_CALM,0.012858987840272004,1,MAX_DAYS,15,12.685956001281738,12.515215873718262,0.2780613997794574,TEST,2023-04
FLRY3,BEAR_CALM,0.005628290294732091,1,MAX_DAYS,15,12.33594036102295,12.412772178649902,0.3195267700362949,TEST,2023-04
GGBR4,BEAR_CALM,0.08543383273527994,1,MAX_DAYS,15,18.883085250854492,17.258501052856445,0.6733556968809443,TRAIN,2023-04
GGBR4,SIDEWAYS_CALM,0.0490452922281915,1,MAX_DAYS,15,17.834959030151367,18.720380783081055,0.480977986341804,TRAIN,2023-04
GGBR4,BEAR_CALM,0.04017043153623933,1,MAX_DAYS,15,17.222375869750977,17.92453956604004,0.352185664308626,TRAIN,2023-04
GGBR4,BEAR_CALM,0.02699594849965619,1,MAX_DAYS,15,16.570934295654297,17.02822494506836,0.4307159542803655,TRAIN,2023-04
GOAU4,BEAR_CALM,0.09553799072370284,1,MAX_DAYS,15,9.859664916992188,8.911776542663574,0.31249080544948554,TRAIN,2023-04
GOAU4,SIDEWAYS_CALM,0.0359483390252709,1,MAX_DAYS,15,9.11490535736084,9.448040008544922,0.19234500995910178,TRAIN,2023-04
HAPV3,BEAR_CALM,0.2785666454739041,1,MAX_DAYS,15,36.0,46.04999923706055,2.7964284079415456,TRAIN,2023-04
HAPV3,BULL_CALM,0.0683655626004441,1,MAX_DAYS,15,69.5999984741211,64.79999542236328,3.117856434413365,TRAIN,2023-04
HAPV3,BEAR_CALM,0.11903878575396218,1,MAX_DAYS,15,66.44999694824219,58.5,2.8714278084891185,TRAIN,2023-04
HAPV3,BEAR_CALM,-0.08834471532555822,0,STOP_LOSS,4,59.099998474121094,53.91428593226841,2.5772722417658027,TEST,2023-04
IGTI11,BULL_CALM,-0.04821908686693664,0,STOP_LOSS,7,20.698040008544922,21.683661773687152,0.5429603112715016,TRAIN,2023-04
IGTI11,BEAR_CALM,0.08332251801559787,1,MAX_DAYS,15,19.855512619018555,18.18918800354004,0.5155447121105229,TRAIN,2023-04
IGTI11,BULL_CALM,0.009042853766149894,1,MAX_DAYS,15,22.3924503326416,22.176523208618164,0.5814273726282687,TRAIN,2023-04
HYPE3,BEAR_CALM,-0.06506779330973554,0,STOP_LOSS,14,33.541316986083984,35.70365167687917,0.8129672627233313,TRAIN,2023-04
HYPE3,BEAR_VOLATILE,0.11747279264391537,1,MAX_DAYS,15,40.07356643676758,35.34196853637695,0.7620533449006623,TRAIN,2023-04
HYPE3,BEAR_CALM,0.022147147440134976,1,MAX_DAYS,15,30.223569869995117,30.911069869995117,0.9972443035788761,TRAIN,2023-04
HYPE3,BEAR_CALM,-0.049465928613141155,0,STOP_LOSS,3,27.72660255432129,26.371716373216888,0.7485946639645482,TEST,2023-04
IRBR3,SIDEWAYS_CALM,0.36851470915133133,1,PROFIT_TARGET,15,21.239999771118164,29.07999610900879,1.5892857142857142,TRAIN,2023-04
IRBR3,BULL_CALM,-0.011814536445104449,0,MAX_DAYS,15,41.90999984741211,41.439998626708984,1.9028565543038505,TRAIN,2023-04
IRBR3,BULL_CALM,0.03064234174174398,1,MAX_DAYS,15,40.970001220703125,42.25,1.5164288112095423,TRAIN,2023-04
IRBR3,BEAR_CALM,-0.0840153539743574,0,STOP_LOSS,11,40.63999938964844,37.249999455043245,1.225714819771903,TRAIN,2023-04
IRBR3,BEAR_CALM,0.005557046723583099,1,MAX_DAYS,15,38.97999954223633,39.220001220703125,1.6999994005475725,TEST,2023-04
ITSA4,BULL_CALM,0.022412742018503698,1,MAX_DAYS,15,7.17215633392334,7.007105350494385,0.1312893507861614,TRAIN,2023-04
ITSA4,BULL_VOLATILE,0.06306331114761549,1,MAX_DAYS,15,8.59045696258545,8.043560028076172,0.14063036314316024,TEST,2023-04
ITUB4,BULL_CALM,0.007633129207969215,1,MAX_DAYS,15,21.23487663269043,21.060047149658203,0.4030354586070207,TRAIN,2023-04
ITUB4,BULL_CALM,0.03732922605929066,1,MAX_DAYS,15,27.313156127929688,26.277189254760742,0.48450510766546173,TEST,2023-04
ITUB4,BULL_CALM,-0.03978113006631528,0,STOP_LOSS,5,26.695093154907227,25.649149237872404,0.4201404779978556,TEST,2023-04
KLBN11,SIDEWAYS_CALM,-0.04806133594907519,0,STOP_LOSS,13,14.13260269165039,14.803354895833614,0.3515320421981685,TRAIN,2023-04
KLBN11,BULL_CALM,-0.039704670604760406,0,STOP_LOSS,3,17.23002815246582,17.903802727878745,0.3402903256487621,TRAIN,2023-04
KLBN11,SIDEWAYS_CALM,-0.044083744595494564,0,STOP_LOSS,1,18.34973907470703,17.551823707388504,0.46283756453608504,TRAIN,2023-04
LREN3,BEAR_VOLATILE,0.05360550133962313,1,MAX_DAYS,15,12.982518196105957,13.68624210357666,0.6419038186473813,TRAIN,2023-04
LREN3,SIDEWAYS_CALM,0.10802051794090492,1,MAX_DAYS,15,14.6793851852417,13.0849027633667,0.5085963152005667,TEST,2023-04
LWSA3,BEAR_CALM,0.007464473946368717,1,MAX_DAYS,15,6.01669979095459,5.9681782722473145,0.2502338069553271,TRAIN,2023-04
LWSA3,BEAR_CALM,-0.09401573555907232,0,STOP_LOSS,3,5.832316875457764,5.287486704523286,0.2696424279858047,TRAIN,2023-04
LWSA3,BEAR_CALM,0.1415568686486466,1,MAX_DAYS,15,5.9390645027160645,5.094785690307617,0.24676781401849837,TRAIN,2023-04
LWSA3,BEAR_CALM,0.10654295610179068,1,MAX_DAYS,15,5.162716865539551,4.609568119049072,0.1920076120372178,TEST,2023-04
MRVE3,BEAR_CALM,-0.1126900276964669,0,STOP_LOSS,3,6.809999942779541,6.046666860580444,0.41928556987217497,TRAIN,2023-04
MRVE3,BEAR_CALM,0.0820666514078776,1,MAX_DAYS,15,7.5,6.880000114440918,0.3049999305180141,TEST,2023-04
MRVE3,BEAR_CALM,-0.016404616797630174,0,MAX_DAYS,15,6.960000038146973,6.849999904632568,0.3028570924486433,TEST,2023-04
MULT3,BULL_CALM,0.06614622572013504,1,MAX_DAYS,15,22.60108757019043,24.1096248626709,0.6189353275086541,TRAIN,2023-04
MULT3,SIDEWAYS_CALM,-0.05222470930797846,0,STOP_LOSS,15,24.01936149597168,22.77936894097889,0.5992866722797301,TRAIN,2023-04
MULT3,SIDEWAYS_VOLATILE,0.07708715137540464,1,MAX_DAYS,15,26.172218322753906,24.138973236083984,0.6392847562377059,TRAIN,2023-04
MULT3,BEAR_VOLATILE,-0.041665940175985204,0,STOP_LOSS,3,23.336626052856445,22.378285563460505,0.5643012853321867,TEST,2023-04
MGLU3,BULL_CALM,-0.12255123177027288,0,STOP_LOSS,3,29.782686233520508,33.41472150512588,2.088420947655017,TRAIN,2023-04
MGLU3,BEAR_CALM,-0.038908189611642406,0,MAX_DAYS,15,18.886581420898438,19.610092163085938,1.0774667484939813,TRAIN,2023-04
MGLU3,BEAR_VOLATILE,-0.1075364333126696,0,STOP_LOSS,2,16.794780731201172,14.99880678153817,0.9319648737909961,TEST,2023-04
PCAR3,BEAR_CALM,0.1947231916344266,1,MAX_DAYS,15,14.539999961853027,17.3799991607666,0.6621426854814801,TRAIN,2023-04
PCAR3,BEAR_CALM,0.31821530852004515,1,PROFIT_TARGET,7,4.099999904632568,5.407142639160156,0.38285703318459646,TRAIN,2023-04
PETR3,BULL_CALM,-0.046266849033612334,0,STOP_LOSS,7,28.7084903717041,30.019516667491626,0.6373810541510322,TRAIN,2023-04
PETR3,BULL_CALM,-0.06585251491987383,0,STOP_LOSS,9,30.462383270263672,32.45013038910147,0.8698044477991941,TEST,2023-04
PETR4,SIDEWAYS_CALM,-0.061799568873402745,0,STOP_LOSS,2,14.308998107910156,15.184702623124593,0.4928960404928076,TRAIN,2023-04
PETR4,BULL_CALM,-0.06738746951010832,0,STOP_LOSS,10,29.20099639892578,31.15125705558382,0.8131479333333174,TEST,2023-04
PETR4,BULL_CALM,-0.052099762025749,0,STOP_LOSS,7,30.453866958618164,32.02223385975082,0.7032393771445992,TEST,2023-04
PRIO3,BULL_CALM,0.014879897890542258,1,MAX_DAYS,15,48.37230682373047,47.62350845336914,1.279374596186298,TRAIN,2023-04
PRIO3,BULL_CALM,0.05936210205306806,1,MAX_DAYS,15,47.45378112792969,44.60835266113281,1.4170097240161361,TRAIN,2023-04
PRIO3,SIDEWAYS_CALM,-0.06324792032903509,0,STOP_LOSS,12,45.880001068115234,43.005714416503906,1.1628578730991908,TRAIN,2023-04
PRIO3,BULL_CALM,-0.0026136623928383856,0,MAX_DAYS,15,49.65999984741211,49.560001373291016,1.308572224208287,TEST,2023-04
RADL3,BULL_CALM,0.11057107424540995,1,MAX_DAYS,15,23.149656295776367,25.723228454589844,0.5534381597616339,TRAIN,2023-04
RADL3,BULL_CALM,-0.01749795082721901,0,MAX_DAYS,15,26.309139251708984,26.75370979309082,0.5513758460531424,TRAIN,2023-04
RAIL3,BULL_CALM,-0.02806785144770596,0,MAX_DAYS,15,22.228286743164062,22.838850021362305,0.5383306385395229,TRAIN,2023-04
RAIL3,BULL_VOLATILE,-0.049552804127353155,0,STOP_LOSS,5,21.79898452758789,20.73186310783368,0.5512780700520327,TRAIN,2023-04
RAIL3,BULL_CALM,-0.06352592444388139,0,STOP_LOSS,8,21.39830207824707,22.744810018050195,0.7209542218097599,TRAIN,2023-04
RAIL3,BULL_CALM,-0.015156683774417569,0,MAX_DAYS,15,21.62726402282715,21.312442779541016,0.5247023103049092,TRAIN,2023-04
RAIL3,BULL_CALM,-0.024565054686119758,0,MAX_DAYS,15,21.894386291503906,22.419086456298828,0.5192504909265107,TRAIN,2023-04
RAIL3,SIDEWAYS_CALM,-0.051481536288048184,0,STOP_LOSS,3,21.72266387939453,20.617381368942045,0.6589445510787194,TRAIN,2023-04
RAIL3,BULL_CALM,-0.06187790832324096,0,STOP_LOSS,13,21.884845733642578,23.225903304177,0.6037481332264887,TRAIN,2023-04
RAIZ4,SIDEWAYS_CALM,-0.07432039077897513,0,STOP_LOSS,7,3.5782687664031982,3.314477394631753,0.1318956790022996,TRAIN,2023-04
RAIZ4,BEAR_CALM,-0.06197729562655369,0,STOP_LOSS,4,3.3399999141693115,3.1349997520446777,0.10750007629394531,TEST,2023-04
RDOR3,BEAR_CALM,0.029816475883587868,1,MAX_DAYS,15,20.215723037719727,20.83061408996582,1.03517912431126,TRAIN,2023-04
RDOR3,BEAR_CALM,-0.08139209898776133,0,STOP_LOSS,8,24.359371185302734,22.391326457220135,0.7782132734913038,TEST,2023-04
RDOR3,SIDEWAYS_CALM,-0.06877526455121055,0,STOP_LOSS,5,23.934890747070312,25.566658255756153,0.7876309298087733,TEST,2023-04
RECV3,BEAR_CALM,-0.07873529178037879,0,STOP_LOSS,5,15.97932243347168,14.730773412679618,0.5593919014194729,TRAIN,2023-04
RECV3,BEAR_CALM,0.010839315620740671,1,MAX_DAYS,15,16.571582794189453,16.382015228271484,0.5918425273092477,TRAIN,2023-04
RECV3,BEAR_CALM,0.07993075226604072,1,MAX_DAYS,15,16.674270629882812,15.3314790725708,0.6234371772988088,TRAIN,2023-04
RECV3,BULL_CALM,0.1260248051003574,1,MAX_DAYS,15,16.850805282592773,18.984535217285156,0.784647789461686,TRAIN,2023-04
SANB11,BULL_VOLATILE,0.14108053020991512,1,PROFIT_TARGET,12,22.550933837890625,25.745962100771685,0.6408298261726885,TRAIN,2023-04
SANB11,SIDEWAYS_VOLATILE,0.09303544453990885,1,MAX_DAYS,15,26.08014678955078,23.638120651245117,0.5195670166497995,TRAIN,2023-04
SANB11,BULL_CALM,0.12307298148172015,1,PROFIT_TARGET,15,23.038476943969727,25.88771407642833,0.6617428525362661,TRAIN,2023-04
RENT3,BEAR_CALM,0.0719499520620414,1,MAX_DAYS,15,47.33561325073242,50.76980972290039,1.8238861851081012,TRAIN,2023-04
RENT3,BULL_CALM,0.06837593633250576,1,MAX_DAYS,15,60.47386932373047,56.30262756347656,1.5092440817594155,TRAIN,2023-04
RENT3,BEAR_CALM,-0.05502947462354894,0,STOP_LOSS,3,49.64106369018555,46.93912667377462,1.377225253354897,TEST,2023-04
SBSP3,BEAR_CALM,-0.06230109063625675,0,STOP_LOSS,8,45.87618637084961,43.04557563753601,1.3891875063578512,TRAIN,2023-04
SBSP3,SIDEWAYS_CALM,-0.05112203526465078,0,STOP_LOSS,4,52.55249786376953,49.89743871345068,1.4137685924127272,TRAIN,2023-04
SBSP3,BULL_CALM,-0.05686784584820341,0,STOP_LOSS,4,53.389076232910156,56.393164544361525,1.7689077556606725,TRAIN,2023-04
SBSP3,BULL_CALM,-0.052144934415460274,0,STOP_LOSS,8,57.88570022583008,60.86941484756348,1.4674125234765338,TRAIN,2023-04
SBSP3,BULL_CALM,-0.03445464845693334,0,STOP_LOSS,1,74.85498046875,77.38916951777014,1.455868196988618,TRAIN,2023-04
SBSP3,BULL_CALM,0.0352569066907127,1,MAX_DAYS,15,78.68614196777344,75.86470031738281,1.6258199173701289,TEST,2023-04
SLCE3,BEAR_CALM,-0.039326718726364104,0,MAX_DAYS,15,17.211179733276367,16.544647216796875,0.3768166188567483,TRAIN,2023-04
SMFT3,BULL_CALM,0.21482959253394995,1,MAX_DAYS,15,12.544986724853516,15.24754810333252,0.6691179232912908,TRAIN,2023-04
SMFT3,BULL_CALM,0.03320531564632342,1,MAX_DAYS,15,19.98615264892578,19.310514450073242,0.7434649571162714,TRAIN,2023-04
SMFT3,BULL_CALM,0.00501368167137244,1,MAX_DAYS,15,23.23502540588379,23.104591369628906,0.722684231182859,TRAIN,2023-04
SMFT3,BULL_CALM,0.05070301726358455,1,MAX_DAYS,15,22.881000518798828,24.05486488342285,0.7153644257608993,TRAIN,2023-04
SMFT3,BULL_CALM,0.03943039664800152,1,MAX_DAYS,15,24.43683433532715,23.4586181640625,0.827160177704046,TEST,2023-04
TAEE11,SIDEWAYS_CALM,-0.048356202755740645,0,STOP_LOSS,11,27.58780860900879,28.90529759052718,0.6224008890071967,TRAIN,2023-04
TAEE11,SIDEWAYS_CALM,-0.022002968856166892,0,STOP_LOSS,12,30.609844207763672,29.954702665492785,0.3743657399856922,TEST,2023-04
TAEE11,SIDEWAYS_CALM,-0.028474989131304834,0,STOP_LOSS,3,30.798809051513672,29.940292583945595,0.428919527498589,TEST,2023-04
SUZB3,BEAR_CALM,0.06873025108774689,1,MAX_DAYS,15,40.2644157409668,37.47287368774414,1.1808284378785194,TRAIN,2023-04
TIMS3,BULL_CALM,-0.045802852284222005,0,STOP_LOSS,12,11.874055862426758,12.410797055590635,0.3406932053166152,TRAIN,2023-04
TIMS3,BULL_CALM,0.023454789284335142,1,MAX_DAYS,15,12.175302505493164,12.46817684173584,0.2558187327633336,TRAIN,2023-04
TIMS3,BULL_CALM,0.08848080938705746,1,MAX_DAYS,15,14.955699920654297,16.287965774536133,0.40643148862476547,TRAIN,2023-04
TIMS3,BULL_CALM,-0.04689432818769642,0,STOP_LOSS,7,15.816569328308105,15.084351877019957,0.3361014899345447,TEST,2023-04
UGPA3,BULL_VOLATILE,0.1728439480991587,1,PROFIT_TARGET,13,12.69272518157959,14.894201549210365,0.4771370628689242,TRAIN,2023-04
UGPA3,BULL_CALM,-0.008122813044595601,0,MAX_DAYS,15,16.558317184448242,16.68288230895996,0.42390432492876634,TRAIN,2023-04
UGPA3,BULL_CALM,0.0842094878924546,1,MAX_DAYS,15,16.576108932495117,17.98192024230957,0.43979202951977825,TRAIN,2023-04
UGPA3,BULL_VOLATILE,-0.06688453483832754,0,STOP_LOSS,12,25.180341720581055,23.511274482562207,0.6250946203203634,TEST,2023-04
TOTS3,SIDEWAYS_CALM,0.06500700908499085,1,MAX_DAYS,15,28.583595275878906,26.708311080932617,0.8030032086683961,TRAIN,2023-04
TOTS3,SIDEWAYS_CALM,0.08690901658196598,1,MAX_DAYS,15,26.78598403930664,29.1299991607666,0.7169608388454325,TEST,2023-04
USIM5,SIDEWAYS_CALM,-0.057506117394008134,0,STOP_LOSS,1,6.675455093383789,7.0553293245863165,0.25202002271206,TRAIN,2023-04
USIM5,BULL_CALM,0.11059833741337784,1,MAX_DAYS,15,6.620133876800537,7.356281757354736,0.2295330165257327,TRAIN,2023-04
USIM5,BULL_CALM,-0.06802936481993167,0,STOP_LOSS,8,9.927597045898438,9.258185482905276,0.47849649302225966,TEST,2023-04
VALE3,BEAR_VOLATILE,0.15942910411392483,1,PROFIT_TARGET,11,66.002197265625,55.43992476765649,1.8678028959488715,TRAIN,2023-04
WEGE3,BULL_CALM,-0.05022907653773183,0,STOP_LOSS,9,37.00180435180664,38.83816973201663,0.8803189666100825,TRAIN,2023-04
WEGE3,BULL_CALM,-0.0072160372685966135,0,MAX_DAYS,15,37.200584411621094,36.954463958740234,0.7836329552959762,TRAIN,2023-04
WEGE3,BULL_CALM,-0.015560730288747389,0,MAX_DAYS,15,36.7503662109375,37.30017852783203,0.7461683808418412,TEST,2023-04
VBBR3,BEAR_CALM,-0.07675659654833741,0,STOP_LOSS,4,10.856022834777832,10.029265083630118,0.3921303457113597,TRAIN,2023-04
VBBR3,BEAR_CALM,-0.0691258020481293,0,STOP_LOSS,4,10.647403717041016,11.377025596481484,0.373641448395296,TRAIN,2023-04
VBBR3,BULL_CALM,0.07567123785328782,1,MAX_DAYS,15,13.676270484924316,12.633164405822754,0.3730895121131765,TRAIN,2023-04
VBBR3,BULL_CALM,-0.0631101400297774,0,STOP_LOSS,5,13.614457130432129,14.465498752084843,0.545837146864579,TRAIN,2023-04
VBBR3,BULL_CALM,0.05379307105046713,1,MAX_DAYS,15,17.3646240234375,18.309139251708984,0.4874254734441819,TRAIN,2023-04
VBBR3,BULL_CALM,0.04673079628418883,1,MAX_DAYS,15,20.43286895751953,19.46576499938965,0.5049255222847601,TEST,2023-04
VIVT3,BULL_CALM,-0.03910535875513211,0,STOP_LOSS,5,18.498939514160156,19.211247816742382,0.34867535362061525,TRAIN,2023-04
VIVT3,BULL_VOLATILE,-0.05103254017142103,0,STOP_LOSS,12,24.204818725585938,22.98410823286586,0.49539420348934243,TRAIN,2023-04
VIVT3,BULL_CALM,0.02396217077580848,1,MAX_DAYS,15,22.61732292175293,23.172853469848633,0.41913191258684457,TEST,2023-04
YDUQ3,BEAR_CALM,0.31801431033588123,1,PROFIT_TARGET,12,6.862918853759766,9.04954301124155,0.4522440323879899,TRAIN,2023-04
YDUQ3,BULL_CALM,0.07342165680368531,1,MAX_DAYS,15,20.02271842956543,18.540603637695312,0.9662746130358956,TRAIN,2023-04
ABEV3,SIDEWAYS_CALM,0.03626333373597823,1,MAX_DAYS,15,12.924248695373535,12.4478178024292,0.3062765233752747,TRAIN,2023-07
ABEV3,BEAR_CALM,-0.029129824947487417,0,STOP_LOSS,9,10.43684196472168,10.73460323897978,0.15799584679145454,TEST,2023-07
AURE3,BULL_CALM,-0.0202628096575354,0,MAX_DAYS,15,12.328092575073242,12.085687637329102,0.16881890308219574,TRAIN,2023-07
ALOS3,BULL_CALM,-0.050719933054446976,0,STOP_LOSS,10,22.15263557434082,21.042346962375298,0.5725210896256515,TRAIN,2023-07
ALOS3,BULL_CALM,0.02675300741808663,1,MAX_DAYS,15,21.993391036987305,21.39180564880371,0.6540386292971715,TRAIN,2023-07
ALOS3,BULL_CALM,-0.0010147367280223067,0,MAX_DAYS,15,21.329875946044922,21.338722229003906,0.5244940585713282,TRAIN,2023-07
ALOS3,BULL_CALM,0.0873648941286319,1,MAX_DAYS,15,20.215166091918945,21.993391036987305,0.7045918990653612,TRAIN,2023-07
ALOS3,BEAR_CALM,-0.011372859103904549,0,MAX_DAYS,15,19.958106994628906,19.743101119995117,0.4794219186152322,TRAIN,2023-07
ALOS3,SIDEWAYS_CALM,0.04321908891312611,1,MAX_DAYS,15,20.26658821105957,21.154651641845703,0.4540488132344197,TEST,2023-07
ASAI3,BEAR_CALM,-0.056891378518332474,0,STOP_LOSS,6,13.347548484802246,12.596196580752448,0.4920619464053507,TRAIN,2023-07
ASAI3,BEAR_VOLATILE,-0.0935929578251369,0,STOP_LOSS,11,12.915396690368652,11.714355750646288,0.41390998122372913,TRAIN,2023-07
ASAI3,BEAR_CALM,0.09120334183858028,1,MAX_DAYS,15,11.982346534729004,10.88232707977295,0.48827346465189486,TRAIN,2023-07
ASAI3,SIDEWAYS_CALM,0.10444774247082934,1,MAX_DAYS,15,14.398458480834961,12.885932922363281,0.4433748836907985,TRAIN,2023-07
B3SA3,BULL_CALM,-0.06577089608323225,0,STOP_LOSS,8,13.652266502380371,14.541996943907595,0.4601207817441629,TRAIN,2023-07
B3SA3,BULL_CALM,-0.06625553789946412,0,STOP_LOSS,15,13.689773559570312,12.790964112794862,0.36903430392602143,TRAIN,2023-07
BBAS3,BULL_CALM,0.05304310110291618,1,MAX_DAYS,15,21.323806762695312,20.179931640625,0.43078053394800647,TRAIN,2023-07
BBAS3,BULL_CALM,-0.013595650398456251,0,MAX_DAYS,15,20.453474044799805,20.187667846679688,0.3377760490116152,TRAIN,2023-07
BBAS3,BULL_CALM,-0.03579800044251839,0,STOP_LOSS,10,20.834928512573242,21.568276335578634,0.4164106901172632,TRAIN,2023-07
BBAS3,BULL_CALM,-0.03794627568007747,0,STOP_LOSS,6,25.0278377532959,24.09314122488506,0.5157927513979647,TRAIN,2023-07
AZUL4,BULL_CALM,0.09674042542398434,1,MAX_DAYS,15,18.799999237060547,16.969999313354492,0.9071426391601562,TRAIN,2023-07
AZUL4,BEAR_VOLATILE,-0.0967875625803063,0,STOP_LOSS,10,13.039999961853027,11.785714149475098,0.6950000354221889,TRAIN,2023-07
AZUL4,BEAR_VOLATILE,0.37097472018505395,1,PROFIT_TARGET,10,7.820000171661377,4.914285796029227,0.5192857129233224,TEST,2023-07
BBDC3,BULL_CALM,-0.0409868828632584,0,STOP_LOSS,7,11.856447219848633,12.335292164891065,0.2544156041225064,TRAIN,2023-07
BBDC3,BULL_CALM,-0.04546992783637462,0,STOP_LOSS,6,11.832053184509277,11.3011498119642,0.281237242507745,TRAIN,2023-07
BBDC3,BEAR_CALM,-0.04394965100653442,0,STOP_LOSS,6,10.760763168334961,10.29428784042367,0.2192574762612201,TRAIN,2023-07
BEEF3,BEAR_CALM,0.0946380644575069,1,MAX_DAYS,15,10.327659606933594,9.344073295593262,0.3590091520659872,TRAIN,2023-07
BEEF3,BEAR_CALM,-0.0824434614995405,0,STOP_LOSS,2,10.460000038146973,9.603917427739699,0.558791606420345,TRAIN,2023-07
BEEF3,BEAR_CALM,-0.04568196503918264,0,STOP_LOSS,7,7.320000171661377,6.990000179835728,0.15928564752851213,TRAIN,2023-07
BEEF3,BEAR_CALM,0.09336915365217799,1,MAX_DAYS,15,7.130000114440918,6.460000038146973,0.19071439334324428,TRAIN,2023-07
BEEF3,BEAR_VOLATILE,-0.06173159729466599,0,STOP_LOSS,13,6.590000152587891,6.1871429170881,0.242142881665911,TRAIN,2023-07
BBDC4,BULL_CALM,-0.0017430199478419574,0,MAX_DAYS,15,13.523082733154297,13.53853988647461,0.32398580901848767,TRAIN,2023-07
BBDC4,BULL_CALM,-0.038400556835959346,0,STOP_LOSS,1,13.417379379272461,13.924563791088278,0.30143696132808717,TRAIN,2023-07
BBDC4,BEAR_CALM,-0.04320462237635254,0,STOP_LOSS,6,12.231619834899902,11.710496290782888,0.2391729359478563,TRAIN,2023-07
BBDC4,SIDEWAYS_CALM,0.08758507104059755,1,PROFIT_TARGET,11,11.13784122467041,12.120032544306866,0.2211530222615076,TEST,2023-07
BPAC11,BULL_CALM,-0.06703897568426626,0,STOP_LOSS,10,30.12848663330078,32.13019242413439,0.9033064802300002,TRAIN,2023-07
BPAC11,BULL_CALM,-0.029066581015061536,0,MAX_DAYS,15,30.935657501220703,31.8162899017334,0.8779235282740433,TRAIN,2023-07
BPAC11,SIDEWAYS_CALM,-0.04969614007151022,0,STOP_LOSS,9,34.86672592163086,33.154904261947514,0.8818884889222858,TRAIN,2023-07
BPAC11,BEAR_CALM,0.0015888474551825592,1,MAX_DAYS,15,30.99810028076172,31.065950393676758,0.5836552892322998,TEST,2023-07
BBSE3,BULL_CALM,-0.028136104746596353,0,STOP_LOSS,6,28.137643814086914,28.91244492147403,0.5030696031976234,TRAIN,2023-07
BRKM5,SIDEWAYS_CALM,-0.09749082863196487,0,STOP_LOSS,10,27.65999984741211,24.979999542236328,0.8953848618727464,TRAIN,2023-07
BRKM5,BEAR_CALM,-0.056422491565562956,0,STOP_LOSS,10,18.40999984741211,17.38230778620793,0.5942855562482562,TEST,2023-07
BRKM5,SIDEWAYS_CALM,0.1373897910819703,1,MAX_DAYS,15,17.610000610351562,20.040000915527344,0.8164287294660296,TEST,2023-07
CMIG4,BULL_CALM,0.018282975256880933,1,MAX_DAYS,15,7.133829593658447,6.99912166595459,0.13711180924869953,TRAIN,2023-07
CMIG4,BULL_CALM,0.019416173412871603,1,MAX_DAYS,15,7.114784240722656,6.9723734855651855,0.17211235350354498,TRAIN,2023-07
CMIG4,BULL_CALM,-0.05306089246880663,0,STOP_LOSS,3,7.1528496742248535,7.528094551829902,0.19019845275691077,TRAIN,2023-07
BRAP4,BEAR_CALM,-0.0287843057633789,0,STOP_LOSS,3,16.659486770629883,17.12902283963428,0.28123307938504327,TRAIN,2023-07
BRAP4,BEAR_CALM,-0.03851893580740691,0,MAX_DAYS,15,17.06581687927246,16.418699264526367,0.3240955502768692,TRAIN,2023-07
BRAP4,BEAR_CALM,-0.03156368721111537,0,STOP_LOSS,13,16.195968627929688,15.694481721253435,0.2369754845834921,TEST,2023-07
BRAP4,BEAR_CALM,0.03468766000317854,1,MAX_DAYS,15,15.709833145141602,16.264196395874023,0.3234803016711409,TEST,2023-07
CMIN3,BULL_CALM,-0.03670458104771578,0,STOP_LOSS,12,3.3147852420806885,3.434464174509163,0.08492251520861901,TRAIN,2023-07
CMIN3,BEAR_VOLATILE,-0.07999163618545063,0,STOP_LOSS,4,4.381021976470947,4.033205473594502,0.14579017972222807,TRAIN,2023-07
COGN3,BULL_CALM,-0.09123443262819725,0,STOP_LOSS,12,3.222710132598877,3.5147986369921185,0.15230331201258304,TRAIN,2023-07
COGN3,BULL_CALM,-0.09540124995294468,0,STOP_LOSS,13,3.183764934539795,2.8819400391890673,0.17108046433562238,TRAIN,2023-07
COGN3,BEAR_CALM,-0.08899778124467192,0,STOP_LOSS,4,1.7622674703598022,1.606486936020335,0.07024033561878552,TEST,2023-07
CPFE3,BULL_CALM,-0.011976523250162562,0,MAX_DAYS,15,34.37797546386719,33.986873626708984,0.715858856363738,TRAIN,2023-07
CPFE3,BULL_CALM,-0.01415455125494835,0,MAX_DAYS,15,34.808189392089844,35.279998779296875,0.6425218099641258,TRAIN,2023-07
CPFE3,BULL_CALM,0.00440141690351869,1,MAX_DAYS,15,33.9900016784668,34.15999984741211,0.6942855290004185,TRAIN,2023-07
CPFE3,BEAR_CALM,-0.028017893493969756,0,MAX_DAYS,15,33.189998626708984,32.279998779296875,0.5600000108991351,TEST,2023-07
CPFE3,SIDEWAYS_CALM,0.03312836874804324,1,MAX_DAYS,15,32.90999984741211,34.02000045776367,0.653571537562779,TEST,2023-07
CPLE6,BULL_CALM,-0.038547081391388245,0,STOP_LOSS,9,7.50279426574707,7.787503410412215,0.17067882304040952,TRAIN,2023-07
CSNA3,BULL_CALM,0.1246031648318583,1,MAX_DAYS,15,10.598671913146973,11.9256591796875,0.35882833409560533,TRAIN,2023-07
CSNA3,BULL_CALM,-0.058727520650104316,0,STOP_LOSS,6,16.243192672729492,17.1873691902372,0.5552843375770458,TRAIN,2023-07
CSNA3,BULL_VOLATILE,-0.07812068749135508,0,STOP_LOSS,11,15.773683547973633,14.55089675506364,0.5165883287797334,TRAIN,2023-07
CSNA3,BEAR_CALM,-0.04860307163451655,0,STOP_LOSS,12,12.394576072692871,11.79959834959593,0.313468168117768,TEST,2023-07
CSAN3,BEAR_CALM,0.0829579497610673,1,MAX_DAYS,15,17.91935920715332,16.422054290771484,0.46782162307858094,TRAIN,2023-07
CSAN3,BEAR_CALM,-0.0509214462214025,0,STOP_LOSS,10,13.880000114440918,13.181538435129019,0.309999942779541,TEST,2023-07
CSAN3,BEAR_CALM,0.017768846899812132,1,MAX_DAYS,15,13.609999656677246,13.359999656677246,0.3578570910862514,TEST,2023-07
CVCB3,SIDEWAYS_CALM,0.18690001164153244,1,MAX_DAYS,15,2.559999942779541,3.0399999618530273,0.2335714442389352,TRAIN,2023-07
CVCB3,SIDEWAYS_CALM,-0.08727244388671755,0,STOP_LOSS,12,3.2799999713897705,2.9957143579210554,0.15357146944318498,TRAIN,2023-07
CVCB3,BEAR_VOLATILE,-0.12049799455919082,0,STOP_LOSS,13,1.9600000381469727,1.7249999642372131,0.0821428554398673,TEST,2023-07
CYRE3,BULL_CALM,0.1877477011905962,1,PROFIT_TARGET,13,18.259323120117188,21.698424655087564,0.7592220893258101,TRAIN,2023-07
CYRE3,BULL_CALM,-0.012536282817734879,0,MAX_DAYS,15,21.05624008178711,21.307573318481445,0.7147741988970454,TRAIN,2023-07
CYRE3,BULL_CALM,0.016504658486397105,1,MAX_DAYS,15,22.312911987304688,22.69456672668457,0.702140398762887,TRAIN,2023-07
CYRE3,SIDEWAYS_CALM,0.03970220359630463,1,MAX_DAYS,15,19.018728256225586,19.78522491455078,0.6049857568969799,TEST,2023-07
DIRR3,BULL_CALM,0.0809676861028056,1,MAX_DAYS,15,5.192604064941406,5.616152763366699,0.17248438760596457,TRAIN,2023-07
CXSE3,BULL_CALM,-0.036081076218137456,0,STOP_LOSS,9,8.428963661193848,8.728032363296578,0.15957762497693004,TRAIN,2023-07
CXSE3,BULL_CALM,0.004274703384519805,1,MAX_DAYS,15,12.722496032714844,12.784514427185059,0.22528911276540128,TEST,2023-07
CXSE3,BULL_CALM,-0.041381570105725185,0,STOP_LOSS,5,12.853317260742188,13.377495719702273,0.28281547988160405,TEST,2023-07
ECOR3,BULL_CALM,-0.06349064213473367,0,STOP_LOSS,3,5.890575408935547,6.261037478946575,0.19663147235102374,TRAIN,2023-07
ECOR3,BULL_CALM,0.033620571766637894,1,MAX_DAYS,15,7.261974811553955,7.013465881347656,0.24850866766651952,TRAIN,2023-07
ECOR3,BULL_CALM,-0.0754115556048006,0,STOP_LOSS,10,6.801773548126221,7.310624808133127,0.29124166996915385,TRAIN,2023-07
ECOR3,BULL_CALM,-0.003836248102840404,0,MAX_DAYS,15,8.6204252243042,8.648323059082031,0.28030655759657097,TRAIN,2023-07
ECOR3,SIDEWAYS_CALM,-0.07045180608461003,0,STOP_LOSS,14,8.425140380859375,7.836629108739968,0.31218963679775824,TRAIN,2023-07
ELET3,BULL_CALM,-0.052316934982606124,0,STOP_LOSS,4,36.61972427368164,38.5135841730246,0.9670510226907189,TRAIN,2023-07
ELET3,BULL_VOLATILE,0.11057014518400829,1,MAX_DAYS,15,33.53703689575195,37.26535415649414,0.8192635841679342,TEST,2023-07
EGIE3,BULL_CALM,0.029131394135029392,1,MAX_DAYS,15,28.206201553344727,27.367591857910156,0.4492576661702398,TRAIN,2023-07
EGIE3,BULL_CALM,-0.03061774198490432,0,STOP_LOSS,1,26.811481475830078,26.00666134265557,0.4472239616046872,TRAIN,2023-07
EGIE3,SIDEWAYS_CALM,-0.025830775875080782,0,STOP_LOSS,4,26.057443618774414,26.714893138597265,0.3962141502482636,TRAIN,2023-07
EGIE3,BULL_VOLATILE,0.11678713878064732,1,MAX_DAYS,15,25.8067684173584,28.836151123046875,0.5493604574512625,TRAIN,2023-07
EGIE3,BULL_CALM,-0.02732302089616121,0,STOP_LOSS,3,30.15890884399414,29.352971692750664,0.4232825910184267,TEST,2023-07
ELET6,SIDEWAYS_CALM,0.0466131495377706,1,MAX_DAYS,15,36.7481689453125,35.0131721496582,1.0410008986534873,TRAIN,2023-07
EMBR3,BULL_CALM,-0.058271369715803004,0,STOP_LOSS,15,18.361106872558594,19.42001705539729,0.6657438692342984,TRAIN,2023-07
EMBR3,BULL_VOLATILE,0.1346905620573864,1,MAX_DAYS,15,17.352148056030273,19.699729919433594,0.5337365858282066,TRAIN,2023-07
EMBR3,BULL_CALM,-0.009488988833075718,0,MAX_DAYS,15,22.47687339782715,22.67667007446289,0.6707387058133794,TRAIN,2023-07
EMBR3,BULL_VOLATILE,0.20124257206624988,1,PROFIT_TARGET,10,35.78318405151367,43.0057539571912,1.2786844560552366,TEST,2023-07
ENGI11,BULL_CALM,-0.04317316597558718,0,STOP_LOSS,2,39.95564651489258,41.65668488563299,0.9231458038898117,TRAIN,2023-07
ENGI11,BULL_CALM,-0.04813372689820129,0,STOP_LOSS,6,39.86826705932617,37.97317974102361,0.9537841456455871,TRAIN,2023-07
ENGI11,BULL_CALM,-0.008106927060713965,0,MAX_DAYS,15,41.57333755493164,41.88542556762695,0.9427152729012437,TRAIN,2023-07
ENGI11,BEAR_CALM,0.05073694823215312,1,MAX_DAYS,15,38.39497375488281,36.423892974853516,0.9151438649056638,TRAIN,2023-07
ENEV3,BULL_CALM,0.004054803570100795,1,MAX_DAYS,15,12.890000343322754,12.829999923706055,0.3657143456595285,TRAIN,2023-07
ENEV3,SIDEWAYS_CALM,-0.04787317923181198,0,STOP_LOSS,11,13.079999923706055,12.461666742960611,0.30214289256504606,TEST,2023-07
EQTL3,BULL_CALM,0.02540192053236976,1,MAX_DAYS,15,30.294601440429688,31.082319259643555,0.6195813901542638,TRAIN,2023-07
EQTL3,BULL_CALM,-0.04139064925590885,0,STOP_LOSS,2,29.469818115234375,30.67191112960833,0.6725366724980358,TRAIN,2023-07
EQTL3,BULL_CALM,-0.045014082499164484,0,STOP_LOSS,7,30.016586303710938,28.68342716327463,0.6043569146666314,TRAIN,2023-07
EZTC3,BEAR_CALM,0.02937489657023916,1,MAX_DAYS,15,13.555521011352539,13.961846351623535,0.553884833010413,TRAIN,2023-07
EZTC3,SIDEWAYS_CALM,0.0227711091770863,1,MAX_DAYS,15,12.234444618225098,12.520377159118652,0.39114581031987405,TEST,2023-07
GGBR4,BEAR_CALM,0.04017043153623933,1,MAX_DAYS,15,17.222375869750977,17.92453956604004,0.352185664308626,TRAIN,2023-07
GGBR4,BEAR_CALM,0.02699594849965619,1,MAX_DAYS,15,16.570934295654297,17.02822494506836,0.4307159542803655,TRAIN,2023-07
HAPV3,BULL_CALM,-0.0508283592852755,0,MAX_DAYS,15,65.69999694824219,69.0,3.0321431841169084,TRAIN,2023-07
HAPV3,BULL_CALM,-0.07036740184856098,0,MAX_DAYS,15,70.94999694824219,66.0,3.0749999455043246,TRAIN,2023-07
HAPV3,BULL_CALM,0.0683655626004441,1,MAX_DAYS,15,69.5999984741211,64.79999542236328,3.117856434413365,TRAIN,2023-07
HAPV3,BEAR_CALM,0.11903878575396218,1,MAX_DAYS,15,66.44999694824219,58.5,2.8714278084891185,TRAIN,2023-07
HAPV3,BEAR_CALM,-0.06656306245649334,0,MAX_DAYS,15,56.849998474121094,53.099998474121094,2.635713849748884,TRAIN,2023-07
GOAU4,SIDEWAYS_CALM,0.0359483390252709,1,MAX_DAYS,15,9.11490535736084,9.448040008544922,0.19234500995910178,TRAIN,2023-07
GOAU4,BULL_CALM,-0.03577821930258241,0,STOP_LOSS,2,10.03090763092041,10.383777099364876,0.1891380829981914,TEST,2023-07
GOAU4,SIDEWAYS_CALM,-0.04114599395808741,0,STOP_LOSS,8,9.946219444274902,9.54294009078152,0.2513775146245087,TEST,2023-07
IGTI11,BULL_CALM,0.02151408221778284,1,MAX_DAYS,15,21.166109085083008,20.698040008544922,0.48946733492569067,TRAIN,2023-07
IGTI11,BEAR_CALM,0.08332251801559787,1,MAX_DAYS,15,19.855512619018555,18.18918800354004,0.5155447121105229,TRAIN,2023-07
IGTI11,BULL_CALM,0.009042853766149894,1,MAX_DAYS,15,22.3924503326416,22.176523208618164,0.5814273726282687,TRAIN,2023-07
IGTI11,BULL_CALM,-0.04422045760155666,0,STOP_LOSS,9,22.233095169067383,21.263277383893705,0.5414823758052528,TRAIN,2023-07
IGTI11,BEAR_VOLATILE,0.09007956332177555,1,MAX_DAYS,15,22.223663330078125,20.208431243896484,0.6571512122373603,TRAIN,2023-07
HYPE3,BEAR_CALM,0.022147147440134976,1,MAX_DAYS,15,30.223569869995117,30.911069869995117,0.9972443035788761,TRAIN,2023-07
HYPE3,BEAR_CALM,0.02804907087073129,1,MAX_DAYS,15,26.911531448364258,27.68252182006836,0.7454062998447307,TEST,2023-07
IRBR3,BULL_CALM,-0.12298752436922492,0,STOP_LOSS,5,49.5,43.44181754372337,3.2400005885532925,TRAIN,2023-07
IRBR3,BULL_CALM,-0.011814536445104449,0,MAX_DAYS,15,41.90999984741211,41.439998626708984,1.9028565543038505,TRAIN,2023-07
IRBR3,BULL_CALM,0.03064234174174398,1,MAX_DAYS,15,40.970001220703125,42.25,1.5164288112095423,TRAIN,2023-07
IRBR3,BEAR_CALM,-0.0840153539743574,0,STOP_LOSS,11,40.63999938964844,37.249999455043245,1.225714819771903,TRAIN,2023-07
IRBR3,BEAR_CALM,0.005557046723583099,1,MAX_DAYS,15,38.97999954223633,39.220001220703125,1.6999994005475725,TRAIN,2023-07
IRBR3,BEAR_CALM,-0.05533853647645269,0,STOP_LOSS,13,30.600000381469727,28.92500114440918,0.9721430369785854,TEST,2023-07
ITSA4,BULL_CALM,-0.00478214828106101,0,MAX_DAYS,15,7.279889106750488,7.3103346824646,0.15042604482678826,TRAIN,2023-07
ITSA4,BULL_CALM,-0.031591581613648216,0,MAX_DAYS,15,7.213459491729736,6.989902973175049,0.13466685213068777,TRAIN,2023-07
ITSA4,BULL_CALM,0.022412742018503698,1,MAX_DAYS,15,7.17215633392334,7.007105350494385,0.1312893507861614,TRAIN,2023-07
ITSA4,SIDEWAYS_CALM,-0.03072058079572498,0,STOP_LOSS,10,8.380112648010254,8.127698787918584,0.11673161371278175,TRAIN,2023-07
ITSA4,BULL_CALM,0.04178147064018403,1,MAX_DAYS,15,8.439274787902832,8.796943664550781,0.11009860440458485,TEST,2023-07
ITUB4,BULL_CALM,0.008700812266969454,1,MAX_DAYS,15,22.428871154785156,22.220264434814453,0.5115773667842161,TRAIN,2023-07
ITUB4,BULL_CALM,-0.03902286953685641,0,STOP_LOSS,6,21.28856658935547,22.106534406044954,0.45392687854958097,TRAIN,2023-07
ITUB4,BULL_CALM,-0.03978113006631528,0,STOP_LOSS,5,26.695093154907227,25.649149237872404,0.4201404779978556,TRAIN,2023-07
KLBN11,BULL_CALM,-0.027618780992629457,0,STOP_LOSS,1,17.436471939086914,16.965359722480596,0.3116491770741172,TRAIN,2023-07
KLBN11,BULL_CALM,-0.039704670604760406,0,STOP_LOSS,3,17.23002815246582,17.903802727878745,0.3402903256487621,TRAIN,2023-07
KLBN11,SIDEWAYS_CALM,-0.044083744595494564,0,STOP_LOSS,1,18.34973907470703,17.551823707388504,0.46283756453608504,TRAIN,2023-07
KLBN11,BULL_CALM,-0.03886988489423954,0,STOP_LOSS,6,19.5642147064209,20.312934951281814,0.3587231830514216,TEST,2023-07
KLBN11,BULL_CALM,0.04478009450533521,1,MAX_DAYS,15,19.71138572692871,20.60589027404785,0.3571154497756065,TEST,2023-07
LWSA3,BEAR_CALM,0.007464473946368717,1,MAX_DAYS,15,6.01669979095459,5.9681782722473145,0.2502338069553271,TRAIN,2023-07
LWSA3,BEAR_CALM,-0.09401573555907232,0,STOP_LOSS,3,5.832316875457764,5.287486704523286,0.2696424279858047,TRAIN,2023-07
LWSA3,BEAR_CALM,0.1415568686486466,1,MAX_DAYS,15,5.9390645027160645,5.094785690307617,0.24676781401849837,TRAIN,2023-07
LWSA3,BEAR_CALM,-0.08136733140752936,0,STOP_LOSS,12,5.492664337158203,5.049036496328629,0.22805237334949707,TRAIN,2023-07
LREN3,BULL_CALM,0.12386246098812011,1,MAX_DAYS,15,12.867015838623047,14.468476295471191,0.4956745237759869,TRAIN,2023-07
LREN3,SIDEWAYS_CALM,-0.04580453945777893,0,MAX_DAYS,15,13.810433387756348,13.186139106750488,0.4676193847180753,TRAIN,2023-07
LREN3,SIDEWAYS_CALM,0.10122369892322047,1,MAX_DAYS,15,11.240781784057617,12.385359764099121,0.47161960292363936,TEST,2023-07
MGLU3,BEAR_CALM,0.09324164837074457,1,MAX_DAYS,15,30.963098526000977,28.057470321655273,1.186897133842453,TRAIN,2023-07
MGLU3,BEAR_CALM,-0.038908189611642406,0,MAX_DAYS,15,18.886581420898438,19.610092163085938,1.0774667484939813,TRAIN,2023-07
MGLU3,BEAR_CALM,0.132733358282224,1,MAX_DAYS,15,20.386730194091797,17.668498992919922,0.9915993948268246,TRAIN,2023-07
MGLU3,BEAR_CALM,-0.10641842043869716,0,STOP_LOSS,14,12.513568878173828,11.189402785434634,0.5776240190386697,TEST,2023-07
PCAR3,BEAR_CALM,0.31821530852004515,1,PROFIT_TARGET,7,4.099999904632568,5.407142639160156,0.38285703318459646,TRAIN,2023-07
PCAR3,BEAR_CALM,-0.1066606365549154,0,STOP_LOSS,8,3.0799999237060547,2.7533331712086997,0.14642863614218576,TEST,2023-07
PCAR3,SIDEWAYS_CALM,-0.10809190072986813,0,STOP_LOSS,10,3.069999933242798,3.4000000613076344,0.22214291776929582,TEST,2023-07
MULT3,BULL_CALM,0.04770569120498431,1,MAX_DAYS,15,25.133800506591797,23.919694900512695,0.6025226730800871,TRAIN,2023-07
MULT3,SIDEWAYS_VOLATILE,0.07708715137540464,1,MAX_DAYS,15,26.172218322753906,24.138973236083984,0.6392847562377059,TRAIN,2023-07
MRVE3,BEAR_CALM,-0.048219033007380056,0,MAX_DAYS,15,7.769999980926514,7.400000095367432,0.24785712787083217,TRAIN,2023-07
MRVE3,BEAR_CALM,-0.016404616797630174,0,MAX_DAYS,15,6.960000038146973,6.849999904632568,0.3028570924486433,TRAIN,2023-07
MRVE3,BEAR_CALM,0.01567213801077652,1,MAX_DAYS,15,6.760000228881836,6.869999885559082,0.2585714203970773,TEST,2023-07
PETR3,BULL_CALM,-0.04443067804249432,0,STOP_LOSS,6,23.89081573486328,24.93796638751063,0.6577995862848471,TRAIN,2023-07
PETR3,BULL_CALM,0.10220796449426374,1,MAX_DAYS,15,23.582408905029297,26.006868362426758,0.7005868800637656,TRAIN,2023-07
PETR3,BULL_CALM,-0.046266849033612334,0,STOP_LOSS,7,28.7084903717041,30.019516667491626,0.6373810541510322,TRAIN,2023-07
PETR3,BULL_CALM,-0.014751096687581034,0,MAX_DAYS,15,34.041175842285156,34.52289581298828,0.5094829756956258,TEST,2023-07
PETR4,BULL_CALM,-0.04001106275128981,0,STOP_LOSS,7,21.097997665405273,20.26650315548742,0.4813784341109681,TRAIN,2023-07
PETR4,BULL_CALM,-0.04776979356574201,0,STOP_LOSS,3,20.79669952392578,21.777675547318125,0.48498240698402056,TRAIN,2023-07
PETR4,BULL_CALM,0.06915172463487977,1,MAX_DAYS,15,20.593496322631836,22.02992820739746,0.6416393146824427,TRAIN,2023-07
PETR4,BULL_CALM,-0.052099762025749,0,STOP_LOSS,7,30.453866958618164,32.02223385975082,0.7032393771445992,TRAIN,2023-07
PETR4,BULL_CALM,0.03998255521928632,1,MAX_DAYS,15,32.072505950927734,30.77092170715332,0.46366190534729945,TEST,2023-07
RADL3,BULL_CALM,-0.006884894904308256,0,MAX_DAYS,15,27.393444061279297,27.565608978271484,0.5494489551244219,TRAIN,2023-07
RADL3,BULL_CALM,-0.039918482888358225,0,STOP_LOSS,4,27.18195152282715,26.113198427004686,0.5508189411341705,TRAIN,2023-07
RADL3,SIDEWAYS_CALM,0.03559734118514863,1,MAX_DAYS,15,24.373437881469727,25.255691528320312,0.4819840855652533,TEST,2023-07
PRIO3,BULL_CALM,0.014879897890542258,1,MAX_DAYS,15,48.37230682373047,47.62350845336914,1.279374596186298,TRAIN,2023-07
PRIO3,BULL_CALM,0.05936210205306806,1,MAX_DAYS,15,47.45378112792969,44.60835266113281,1.4170097240161361,TRAIN,2023-07
PRIO3,SIDEWAYS_CALM,-0.06324792032903509,0,STOP_LOSS,12,45.880001068115234,43.005714416503906,1.1628578730991908,TRAIN,2023-07
PRIO3,BEAR_VOLATILE,0.1520541110153259,1,PROFIT_TARGET,10,48.119998931884766,40.774283272879465,1.2957142421177454,TRAIN,2023-07
RAIL3,BULL_CALM,-0.06586062978030326,0,STOP_LOSS,8,21.598644256591797,23.008185383177707,0.5737653230805204,TRAIN,2023-07
RAIL3,BULL_CALM,-0.02806785144770596,0,MAX_DAYS,15,22.228286743164062,22.838850021362305,0.5383306385395229,TRAIN,2023-07
RAIL3,BULL_VOLATILE,-0.049552804127353155,0,STOP_LOSS,5,21.79898452758789,20.73186310783368,0.5512780700520327,TRAIN,2023-07
RAIL3,BULL_CALM,-0.06352592444388139,0,STOP_LOSS,8,21.39830207824707,22.744810018050195,0.7209542218097599,TRAIN,2023-07
RAIL3,BULL_CALM,-0.015156683774417569,0,MAX_DAYS,15,21.62726402282715,21.312442779541016,0.5247023103049092,TRAIN,2023-07
RAIL3,BULL_CALM,-0.024565054686119758,0,MAX_DAYS,15,21.894386291503906,22.419086456298828,0.5192504909265107,TRAIN,2023-07
RAIL3,SIDEWAYS_CALM,-0.051481536288048184,0,STOP_LOSS,3,21.72266387939453,20.617381368942045,0.6589445510787194,TRAIN,2023-07
RAIL3,BULL_CALM,-0.06187790832324096,0,STOP_LOSS,13,21.884845733642578,23.225903304177,0.6037481332264887,TRAIN,2023-07
RAIZ4,BULL_CALM,0.06647770405589058,1,MAX_DAYS,15,4.07142448425293,3.7983226776123047,0.11798457662791521,TRAIN,2023-07
RAIZ4,SIDEWAYS_CALM,-0.07432039077897513,0,STOP_LOSS,7,3.5782687664031982,3.314477394631753,0.1318956790022996,TRAIN,2023-07
RAIZ4,BEAR_CALM,0.026155827241100747,1,MAX_DAYS,15,2.990000009536743,3.069999933242798,0.08000000885554723,TEST,2023-07
RDOR3,BULL_CALM,-0.07744901820925901,0,STOP_LOSS,6,30.55534553527832,32.903493840709125,1.1473465462504424,TRAIN,2023-07
RDOR3,BEAR_CALM,-0.06485663336256409,0,STOP_LOSS,12,24.417253494262695,22.84828298876107,0.8151945209021917,TRAIN,2023-07
RDOR3,BULL_CALM,0.03186304549461202,1,MAX_DAYS,15,27.498085021972656,28.390756607055664,0.7900952092588808,TEST,2023-07
RENT3,BULL_CALM,-0.04536513478169592,0,MAX_DAYS,15,63.06949996948242,60.246185302734375,1.5873096300286034,TRAIN,2023-07
RENT3,BEAR_CALM,-0.05594014066939579,0,STOP_LOSS,4,39.50304412841797,41.68914814735397,1.0567738883213826,TEST,2023-07
RECV3,BEAR_VOLATILE,0.15187325877665203,1,MAX_DAYS,15,15.489455223083496,17.85118293762207,0.6262581590665529,TRAIN,2023-07
RECV3,BEAR_CALM,0.010839315620740671,1,MAX_DAYS,15,16.571582794189453,16.382015228271484,0.5918425273092477,TRAIN,2023-07
RECV3,BEAR_CALM,0.07993075226604072,1,MAX_DAYS,15,16.674270629882812,15.3314790725708,0.6234371772988088,TRAIN,2023-07
RECV3,BULL_CALM,0.1260248051003574,1,MAX_DAYS,15,16.850805282592773,18.984535217285156,0.784647789461686,TRAIN,2023-07
RECV3,SIDEWAYS_CALM,0.07292302370368267,1,MAX_DAYS,15,18.538318634033203,17.175325393676758,0.721481831761192,TRAIN,2023-07
SANB11,SIDEWAYS_CALM,0.056720760499585986,1,MAX_DAYS,15,25.665477752685547,24.194313049316406,0.5349548893655187,TRAIN,2023-07
SANB11,BULL_CALM,0.12307298148172015,1,PROFIT_TARGET,15,23.038476943969727,25.88771407642833,0.6617428525362661,TRAIN,2023-07
SBSP3,BULL_CALM,-0.005421380831260055,0,MAX_DAYS,15,53.23697280883789,53.493648529052734,1.2331416620124709,TRAIN,2023-07
SBSP3,SIDEWAYS_CALM,-0.05112203526465078,0,STOP_LOSS,4,52.55249786376953,49.89743871345068,1.4137685924127272,TRAIN,2023-07
SBSP3,BULL_CALM,-0.05686784584820341,0,STOP_LOSS,4,53.389076232910156,56.393164544361525,1.7689077556606725,TRAIN,2023-07
SBSP3,BULL_CALM,-0.052144934415460274,0,STOP_LOSS,8,57.88570022583008,60.86941484756348,1.4674125234765338,TRAIN,2023-07
SBSP3,BULL_CALM,-0.03445464845693334,0,STOP_LOSS,1,74.85498046875,77.38916951777014,1.455868196988618,TRAIN,2023-07
SLCE3,BEAR_CALM,-0.039326718726364104,0,MAX_DAYS,15,17.211179733276367,16.544647216796875,0.3768166188567483,TRAIN,2023-07
SMFT3,BULL_CALM,0.06962343764780095,1,MAX_DAYS,15,20.022676467895508,21.42873764038086,0.6358577119765602,TRAIN,2023-07
SMFT3,BULL_CALM,-0.08015558026382069,0,STOP_LOSS,15,20.543100357055664,18.9087820877322,0.8034632473258055,TRAIN,2023-07
SMFT3,BULL_CALM,0.03320531564632342,1,MAX_DAYS,15,19.98615264892578,19.310514450073242,0.7434649571162714,TRAIN,2023-07
SMFT3,BULL_CALM,0.00501368167137244,1,MAX_DAYS,15,23.23502540588379,23.104591369628906,0.722684231182859,TRAIN,2023-07
SMFT3,BULL_CALM,0.05070301726358455,1,MAX_DAYS,15,22.881000518798828,24.05486488342285,0.7153644257608993,TRAIN,2023-07
SMFT3,SIDEWAYS_CALM,0.0918900652905512,1,MAX_DAYS,15,23.570411682128906,21.390382766723633,0.790560523699783,TRAIN,2023-07
SMFT3,BEAR_CALM,-0.0654500001163231,0,STOP_LOSS,8,20.85652732849121,19.50398152881246,0.5511418922427959,TEST,2023-07
SUZB3,SIDEWAYS_CALM,0.04484441274273348,1,MAX_DAYS,15,42.062355041503906,43.973854064941406,0.8543598973847598,TRAIN,2023-07
TAEE11,BULL_VOLATILE,-0.028682319513823402,0,STOP_LOSS,13,30.61829376220703,31.478126470605435,0.5101200696628477,TRAIN,2023-07
TIMS3,BULL_CALM,-0.04003398577487652,0,STOP_LOSS,4,12.024678230285645,11.550497240005093,0.27614082022328723,TRAIN,2023-07
TIMS3,BULL_CALM,-0.0027052510349704563,0,MAX_DAYS,15,11.924263954162598,11.94936752319336,0.29347431447412603,TRAIN,2023-07
TIMS3,BULL_CALM,0.023454789284335142,1,MAX_DAYS,15,12.175302505493164,12.46817684173584,0.2558187327633336,TRAIN,2023-07
TIMS3,BULL_CALM,0.08848080938705746,1,MAX_DAYS,15,14.955699920654297,16.287965774536133,0.40643148862476547,TRAIN,2023-07
TIMS3,BULL_CALM,0.03503158707964751,1,MAX_DAYS,15,16.059850692749023,15.4876127243042,0.30252805127259147,TRAIN,2023-07
TOTS3,SIDEWAYS_CALM,0.03409677821452951,1,MAX_DAYS,15,29.250505447387695,28.235607147216797,0.7051172980557688,TRAIN,2023-07
TOTS3,SIDEWAYS_CALM,0.03203163652915189,1,MAX_DAYS,15,27.719697952270508,28.624237060546875,0.83089668387259,TRAIN,2023-07
UGPA3,BULL_CALM,-0.04056466787649659,0,STOP_LOSS,6,16.546188354492188,17.207451276701423,0.46717471488612916,TRAIN,2023-07
UGPA3,BULL_CALM,0.01476039668662077,1,MAX_DAYS,15,16.572519302368164,16.82707977294922,0.441398705609772,TRAIN,2023-07
UGPA3,BULL_CALM,0.0842094878924546,1,MAX_DAYS,15,16.576108932495117,17.98192024230957,0.43979202951977825,TRAIN,2023-07
UGPA3,BULL_CALM,0.06613685494010123,1,MAX_DAYS,15,25.685571670532227,23.971397399902344,0.677293113614805,TRAIN,2023-07
UGPA3,BEAR_CALM,-0.01220714336275034,0,MAX_DAYS,15,20.209232330322266,19.974660873413086,0.6057612453276621,TEST,2023-07
VALE3,BEAR_CALM,-0.04149598493145538,0,STOP_LOSS,9,53.3563117980957,55.53837072138866,1.1517065292670543,TRAIN,2023-07
VALE3,SIDEWAYS_CALM,0.06642037347093564,1,MAX_DAYS,15,52.115577697753906,55.60838317871094,1.053897479939078,TEST,2023-07
USIM5,BULL_CALM,0.11072806798368812,1,MAX_DAYS,15,9.89859676361084,8.796605110168457,0.47849649302225966,TRAIN,2023-07
VIVT3,BULL_CALM,-0.013405466934515178,0,MAX_DAYS,15,18.797534942626953,19.038246154785156,0.37357429170523027,TRAIN,2023-07
VIVT3,BULL_CALM,-0.03910535875513211,0,STOP_LOSS,5,18.498939514160156,19.211247816742382,0.34867535362061525,TRAIN,2023-07
VIVT3,BULL_VOLATILE,-0.05103254017142103,0,STOP_LOSS,12,24.204818725585938,22.98410823286586,0.49539420348934243,TRAIN,2023-07
VBBR3,BULL_CALM,0.07567123785328782,1,MAX_DAYS,15,13.676270484924316,12.633164405822754,0.3730895121131765,TRAIN,2023-07
VBBR3,BULL_CALM,0.05379307105046713,1,MAX_DAYS,15,17.3646240234375,18.309139251708984,0.4874254734441819,TRAIN,2023-07
YDUQ3,BULL_CALM,0.02947517486443066,1,MAX_DAYS,15,18.60261344909668,19.162090301513672,0.8245627034170041,TRAIN,2023-07
YDUQ3,BULL_CALM,0.07342165680368531,1,MAX_DAYS,15,20.02271842956543,18.540603637695312,0.9662746130358956,TRAIN,2023-07
YDUQ3,BEAR_CALM,0.09365068492779084,1,MAX_DAYS,15,10.195296287536621,9.234382629394531,0.445451988225522,TEST,2023-07
ALOS3,BULL_CALM,-0.07259886198714398,0,STOP_LOSS,5,19.578189849853516,20.987797238811222,0.7132812691630548,TRAIN,2023-10
ALOS3,BULL_CALM,0.09216964075220843,1,MAX_DAYS,15,19.45433235168457,21.259103775024414,0.7462989251933408,TRAIN,2023-10
ALOS3,BEAR_CALM,-0.011372859103904549,0,MAX_DAYS,15,19.958106994628906,19.743101119995117,0.4794219186152322,TRAIN,2023-10
ASAI3,BEAR_CALM,0.06663401013093259,1,MAX_DAYS,15,11.540373802185059,10.7644681930542,0.5591292609961008,TRAIN,2023-10
ASAI3,SIDEWAYS_CALM,0.10444774247082934,1,MAX_DAYS,15,14.398458480834961,12.885932922363281,0.4433748836907985,TRAIN,2023-10
ASAI3,BEAR_VOLATILE,-0.10190590604715988,0,STOP_LOSS,14,7.091191291809082,6.372811733038633,0.4075962249687664,TEST,2023-10
ABEV3,BEAR_CALM,-0.04425689585562298,0,STOP_LOSS,5,11.243749618530273,10.752882412407397,0.22460271873025914,TRAIN,2023-10
AURE3,BEAR_CALM,-0.031123269302541536,0,STOP_LOSS,10,10.251399993896484,10.56430623663826,0.2121517700591379,TEST,2023-10
AURE3,BEAR_CALM,-0.04310869793764595,0,STOP_LOSS,7,10.181865692138672,9.749047838989869,0.21357083060050908,TEST,2023-10
AZUL4,BEAR_CALM,-0.008901860881301592,0,MAX_DAYS,15,13.25,13.359999656677246,0.7021429198128837,TRAIN,2023-10
AZUL4,BEAR_VOLATILE,-0.0967875625803063,0,STOP_LOSS,10,13.039999961853027,11.785714149475098,0.6950000354221889,TRAIN,2023-10
AZUL4,BEAR_CALM,0.14956499274003618,1,MAX_DAYS,15,6.059999942779541,5.150000095367432,0.338571344103132,TEST,2023-10
B3SA3,BEAR_CALM,0.01036115515530514,1,MAX_DAYS,15,11.21475887298584,11.091832160949707,0.3417653699658421,TRAIN,2023-10
B3SA3,BEAR_CALM,0.04670985443017298,1,MAX_DAYS,15,10.538647651672363,10.04006576538086,0.30655079919909883,TEST,2023-10
BBDC3,BEAR_CALM,-0.04394965100653442,0,STOP_LOSS,6,10.760763168334961,10.29428784042367,0.2192574762612201,TRAIN,2023-10
BBDC3,BULL_CALM,0.015854784798588914,1,MAX_DAYS,15,12.10356330871582,11.904401779174805,0.22825915589175075,TEST,2023-10
BBAS3,BULL_CALM,-0.031084266754940807,0,STOP_LOSS,2,20.46756362915039,21.091502298645135,0.5160622875309322,TRAIN,2023-10
BBAS3,BULL_CALM,-0.03794627568007747,0,STOP_LOSS,6,25.0278377532959,24.09314122488506,0.5157927513979647,TRAIN,2023-10
BBSE3,BULL_CALM,-0.028136104746596353,0,STOP_LOSS,6,28.137643814086914,28.91244492147403,0.5030696031976234,TRAIN,2023-10
BEEF3,BEAR_CALM,0.06802744525137967,1,MAX_DAYS,15,8.15999984741211,7.599999904632568,0.21928576060703822,TRAIN,2023-10
BEEF3,BEAR_CALM,-0.04568196503918264,0,STOP_LOSS,7,7.320000171661377,6.990000179835728,0.15928564752851213,TRAIN,2023-10
BEEF3,BEAR_CALM,0.09336915365217799,1,MAX_DAYS,15,7.130000114440918,6.460000038146973,0.19071439334324428,TRAIN,2023-10
BEEF3,BEAR_VOLATILE,-0.06173159729466599,0,STOP_LOSS,13,6.590000152587891,6.1871429170881,0.242142881665911,TRAIN,2023-10
BEEF3,BEAR_VOLATILE,-0.09077223979368261,0,STOP_LOSS,9,5.639999866485596,5.131428446088519,0.31428572109767366,TEST,2023-10
BBDC4,BULL_CALM,-0.038400556835959346,0,STOP_LOSS,1,13.417379379272461,13.924563791088278,0.30143696132808717,TRAIN,2023-10
BBDC4,BEAR_CALM,-0.04320462237635254,0,STOP_LOSS,6,12.231619834899902,11.710496290782888,0.2391729359478563,TRAIN,2023-10
BBDC4,SIDEWAYS_CALM,-0.027832444530930336,0,STOP_LOSS,2,11.22701358795166,11.532752612733555,0.2211530222615076,TRAIN,2023-10
BBDC4,BULL_CALM,-0.0006,0,MAX_DAYS,15,13.794388771057129,13.794388771057129,0.2729063550974666,TEST,2023-10
BPAC11,BULL_CALM,-0.010006485171521202,0,MAX_DAYS,15,29.19333839416504,29.467945098876953,0.92729881024464,TRAIN,2023-10
BPAC11,SIDEWAYS_CALM,-0.04969614007151022,0,STOP_LOSS,9,34.86672592163086,33.154904261947514,0.8818884889222858,TRAIN,2023-10
BPAC11,BULL_VOLATILE,0.1121257235338465,1,PROFIT_TARGET,10,31.065950393676758,34.567882129070554,0.8211326393996247,TRAIN,2023-10
BPAC11,SIDEWAYS_CALM,-0.015314750854714388,0,MAX_DAYS,15,31.618452072143555,32.083709716796875,0.6951239367391493,TEST,2023-10
BPAC11,BEAR_CALM,-0.04939123130342315,0,STOP_LOSS,12,31.502134323120117,29.96510640080926,0.994914406664804,TEST,2023-10
BRAP4,SIDEWAYS_CALM,-0.03365690644620543,0,STOP_LOSS,14,16.787403106689453,17.342342720662025,0.4778117314365895,TRAIN,2023-10
BRAP4,BEAR_CALM,-0.03151459406136131,0,STOP_LOSS,6,16.11920928955078,15.620890477774195,0.24794059091320278,TRAIN,2023-10
BRAP4,BEAR_CALM,0.03468766000317854,1,MAX_DAYS,15,15.709833145141602,16.264196395874023,0.3234803016711409,TRAIN,2023-10
CMIG4,SIDEWAYS_CALM,0.05032963748019191,1,MAX_DAYS,15,7.046426296234131,6.687554359436035,0.1586851955570269,TRAIN,2023-10
CMIG4,BULL_CALM,-0.05306089246880663,0,STOP_LOSS,3,7.1528496742248535,7.528094551829902,0.19019845275691077,TRAIN,2023-10
CMIG4,BULL_VOLATILE,0.08804532779311075,1,MAX_DAYS,15,8.278157234191895,9.011977195739746,0.21319660926632597,TRAIN,2023-10
CMIG4,BULL_CALM,-0.015421209000381915,0,MAX_DAYS,15,10.008323669433594,9.85998821258545,0.24431806611500967,TEST,2023-10
CMIN3,BULL_CALM,-0.05073599794465009,0,STOP_LOSS,3,3.724212169647217,3.9109292633300905,0.099207374526457,TRAIN,2023-10
CMIN3,BULL_VOLATILE,0.16171016800157484,1,PROFIT_TARGET,9,3.7005903720855713,4.301233817083791,0.12485279187528302,TRAIN,2023-10
CMIN3,BEAR_VOLATILE,-0.07999163618545063,0,STOP_LOSS,4,4.381021976470947,4.033205473594502,0.14579017972222807,TRAIN,2023-10
BRKM5,BEAR_CALM,-0.056703031697153766,0,STOP_LOSS,10,18.40999984741211,17.377143042428152,0.5942855562482562,TRAIN,2023-10
BRKM5,SIDEWAYS_CALM,0.1373897910819703,1,MAX_DAYS,15,17.610000610351562,20.040000915527344,0.8164287294660296,TRAIN,2023-10
COGN3,BEAR_CALM,-0.09373337788431224,0,STOP_LOSS,4,1.7622674703598022,1.5981415481095518,0.07024033561878552,TRAIN,2023-10
COGN3,BEAR_CALM,-0.09054706987437507,0,STOP_LOSS,2,1.2267718315124512,1.3371163631614167,0.07983753383508412,TEST,2023-10
CPFE3,BULL_CALM,0.005345325997865403,1,MAX_DAYS,15,33.63999938964844,33.439998626708984,0.7935713359287807,TRAIN,2023-10
CPFE3,BEAR_CALM,0.0003123716034780107,1,MAX_DAYS,15,32.880001068115234,32.90999984741211,0.5885715484619141,TRAIN,2023-10
CPFE3,SIDEWAYS_CALM,0.03312836874804324,1,MAX_DAYS,15,32.90999984741211,34.02000045776367,0.653571537562779,TRAIN,2023-10
CPFE3,SIDEWAYS_CALM,-0.003972183137751155,0,MAX_DAYS,15,32.619998931884766,32.5099983215332,0.6171433585030692,TEST,2023-10
CSAN3,BEAR_CALM,0.0829579497610673,1,MAX_DAYS,15,17.91935920715332,16.422054290771484,0.46782162307858094,TRAIN,2023-10
CSAN3,BEAR_CALM,0.017768846899812132,1,MAX_DAYS,15,13.609999656677246,13.359999656677246,0.3578570910862514,TRAIN,2023-10
CPLE6,BULL_CALM,-0.007625781604357139,0,MAX_DAYS,15,8.17896842956543,8.236432075500488,0.20796296261289696,TRAIN,2023-10
CPLE6,SIDEWAYS_CALM,0.03596126282392449,1,MAX_DAYS,15,9.903706550598145,9.541614532470703,0.16566762699180565,TEST,2023-10
CSNA3,BEAR_CALM,-0.047541392777612705,0,STOP_LOSS,15,10.14198112487793,10.618059844403959,0.31389776891267,TRAIN,2023-10
CSNA3,BULL_CALM,-0.058727520650104316,0,STOP_LOSS,6,16.243192672729492,17.1873691902372,0.5552843375770458,TRAIN,2023-10
CSNA3,BULL_VOLATILE,-0.07812068749135508,0,STOP_LOSS,11,15.773683547973633,14.55089675506364,0.5165883287797334,TRAIN,2023-10
CYRE3,BULL_CALM,0.03241162108181549,1,MAX_DAYS,15,18.05756187438965,17.46145248413086,0.6399999992832563,TRAIN,2023-10
CYRE3,BULL_CALM,-0.012536282817734879,0,MAX_DAYS,15,21.05624008178711,21.307573318481445,0.7147741988970454,TRAIN,2023-10
CYRE3,BULL_CALM,-0.06304694795070219,0,STOP_LOSS,2,19.35407066345215,20.562673306806957,0.6481013446200146,TRAIN,2023-10
CVCB3,SIDEWAYS_CALM,0.11010108785733314,1,MAX_DAYS,15,2.7100000381469727,3.009999990463257,0.23214285714285715,TRAIN,2023-10
CVCB3,SIDEWAYS_CALM,-0.08727244388671755,0,STOP_LOSS,12,3.2799999713897705,2.9957143579210554,0.15357146944318498,TRAIN,2023-10
CVCB3,BEAR_VOLATILE,-0.11503152323124868,0,STOP_LOSS,13,1.9600000381469727,1.735714248248509,0.0821428554398673,TRAIN,2023-10
CVCB3,BEAR_CALM,-0.05225167332430849,0,STOP_LOSS,8,1.850000023841858,1.9455556207233005,0.05999999386923654,TEST,2023-10
CXSE3,BULL_CALM,0.024819958057189295,1,MAX_DAYS,15,9.13274097442627,9.36489486694336,0.15959418140229825,TRAIN,2023-10
CXSE3,SIDEWAYS_CALM,-0.040056755908794914,0,STOP_LOSS,13,12.76679515838623,12.2630588380842,0.2716343421767102,TRAIN,2023-10
DIRR3,SIDEWAYS_CALM,0.04840383040529734,1,MAX_DAYS,15,5.107344150543213,4.857064723968506,0.19664785259091394,TRAIN,2023-10
DIRR3,BULL_CALM,-0.024942099462643034,0,MAX_DAYS,15,9.194092750549316,9.417896270751953,0.22401945505217466,TEST,2023-10
DIRR3,BULL_CALM,-0.08009694613982957,0,STOP_LOSS,2,9.103360176086426,8.379670842476614,0.40332168773074173,TEST,2023-10
ECOR3,BULL_CALM,0.06339997734286673,1,MAX_DAYS,15,6.903017520904541,6.461224555969238,0.2517957749111773,TRAIN,2023-10
ECOR3,BULL_CALM,-0.003836248102840404,0,MAX_DAYS,15,8.6204252243042,8.648323059082031,0.28030655759657097,TRAIN,2023-10
ECOR3,SIDEWAYS_CALM,-0.07045180608461003,0,STOP_LOSS,14,8.425140380859375,7.836629108739968,0.31218963679775824,TRAIN,2023-10
ECOR3,BEAR_CALM,-0.03498399350036332,0,MAX_DAYS,15,6.667289733886719,6.438041687011719,0.2954294450031506,TEST,2023-10
ECOR3,BEAR_VOLATILE,0.24077932933479826,1,PROFIT_TARGET,4,6.648185729980469,5.043451117184607,0.35137683938902964,TEST,2023-10
ELET3,BULL_CALM,-0.052316934982606124,0,STOP_LOSS,4,36.61972427368164,38.5135841730246,0.9670510226907189,TRAIN,2023-10
EGIE3,SIDEWAYS_CALM,-0.025830775875080782,0,STOP_LOSS,4,26.057443618774414,26.714893138597265,0.3962141502482636,TRAIN,2023-10
EGIE3,BULL_VOLATILE,0.11678713878064732,1,MAX_DAYS,15,25.8067684173584,28.836151123046875,0.5493604574512625,TRAIN,2023-10
EMBR3,SIDEWAYS_CALM,-0.032802469983246596,0,MAX_DAYS,15,17.37212562561035,17.931550979614258,0.5201790406260578,TRAIN,2023-10
EMBR3,BULL_CALM,-0.009488988833075718,0,MAX_DAYS,15,22.47687339782715,22.67667007446289,0.6707387058133794,TRAIN,2023-10
EMBR3,BULL_CALM,-0.06778903735124685,0,STOP_LOSS,11,45.89278030395508,48.97627203395008,1.4527919342441642,TEST,2023-10
ENEV3,BEAR_CALM,0.054421844972532926,1,MAX_DAYS,15,11.449999809265137,10.819999694824219,0.3342858042035784,TRAIN,2023-10
ENEV3,BULL_CALM,0.004054803570100795,1,MAX_DAYS,15,12.890000343322754,12.829999923706055,0.3657143456595285,TRAIN,2023-10
ENEV3,SIDEWAYS_VOLATILE,0.11200505694497642,1,PROFIT_TARGET,13,14.279999732971191,12.671999549865722,0.3242857796805246,TEST,2023-10
ENGI11,BULL_CALM,-0.008106927060713965,0,MAX_DAYS,15,41.57333755493164,41.88542556762695,0.9427152729012437,TRAIN,2023-10
ENGI11,BEAR_CALM,0.05073694823215312,1,MAX_DAYS,15,38.39497375488281,36.423892974853516,0.9151438649056638,TRAIN,2023-10
ENGI11,BEAR_VOLATILE,-0.04055677972868517,0,STOP_LOSS,4,38.02539825439453,36.50602579224816,0.7632057606926814,TRAIN,2023-10
ENGI11,BEAR_CALM,0.021223327440321633,1,MAX_DAYS,15,36.91913604736328,36.11343765258789,0.7751192233609885,TEST,2023-10
EQTL3,BULL_CALM,-0.051111017866230575,0,STOP_LOSS,8,29.145465850830078,30.61763299714097,0.799631000781246,TRAIN,2023-10
EZTC3,BEAR_CALM,0.02937489657023916,1,MAX_DAYS,15,13.555521011352539,13.961846351623535,0.553884833010413,TRAIN,2023-10
EZTC3,SIDEWAYS_CALM,0.0227711091770863,1,MAX_DAYS,15,12.234444618225098,12.520377159118652,0.39114581031987405,TRAIN,2023-10
EZTC3,SIDEWAYS_CALM,0.008619960132940158,1,MAX_DAYS,15,12.217117309570312,12.104475975036621,0.40166714285231897,TEST,2023-10
FLRY3,BULL_VOLATILE,-0.05071410588471667,0,STOP_LOSS,10,13.040407180786133,13.693915527023869,0.3588939276261666,TRAIN,2023-10
GGBR4,BEAR_CALM,0.04017043153623933,1,MAX_DAYS,15,17.222375869750977,17.92453956604004,0.352185664308626,TRAIN,2023-10
GGBR4,BEAR_CALM,0.02699594849965619,1,MAX_DAYS,15,16.570934295654297,17.02822494506836,0.4307159542803655,TRAIN,2023-10
GGBR4,SIDEWAYS_CALM,0.06144361757123256,1,MAX_DAYS,15,18.219036102294922,17.088661193847656,0.34874785622362786,TEST,2023-10
GOAU4,SIDEWAYS_CALM,0.0359483390252709,1,MAX_DAYS,15,9.11490535736084,9.448040008544922,0.19234500995910178,TRAIN,2023-10
GOAU4,SIDEWAYS_CALM,-0.04114599395808741,0,STOP_LOSS,8,9.946219444274902,9.54294009078152,0.2513775146245087,TRAIN,2023-10
GOAU4,SIDEWAYS_VOLATILE,0.0644779577349907,1,MAX_DAYS,15,10.347471237182617,9.674078941345215,0.18426812037272086,TEST,2023-10
HAPV3,BEAR_CALM,0.12146572013218791,1,MAX_DAYS,15,63.89999771118164,56.099998474121094,3.535714558192662,TRAIN,2023-10
HAPV3,BEAR_CALM,0.11903878575396218,1,MAX_DAYS,15,66.44999694824219,58.5,2.8714278084891185,TRAIN,2023-10
HAPV3,BEAR_CALM,-0.06656306245649334,0,MAX_DAYS,15,56.849998474121094,53.099998474121094,2.635713849748884,TRAIN,2023-10
HAPV3,BULL_CALM,0.13821745819948117,1,MAX_DAYS,15,58.349998474121094,66.44999694824219,2.4750001089913503,TRAIN,2023-10
HAPV3,BULL_CALM,-0.06132230401586095,0,STOP_LOSS,2,67.04999542236328,62.97856521606445,2.207143783569336,TRAIN,2023-10
HYPE3,BEAR_VOLATILE,0.16243979596126787,1,PROFIT_TARGET,13,33.06416320800781,27.67338878494416,1.1041403885716081,TRAIN,2023-10
HYPE3,BEAR_CALM,0.022147147440134976,1,MAX_DAYS,15,30.223569869995117,30.911069869995117,0.9972443035788761,TRAIN,2023-10
HYPE3,BEAR_CALM,-0.048761262111234,0,STOP_LOSS,15,27.145708084106445,28.45307964634014,0.7927327767406085,TRAIN,2023-10
HYPE3,BEAR_CALM,-0.04350673052613688,0,STOP_LOSS,7,25.450212478637695,24.35822706998386,0.62343685694453,TEST,2023-10
HYPE3,BEAR_VOLATILE,-0.11499470448074314,0,STOP_LOSS,4,24.806385040283203,21.96866595436448,1.6623249373368254,TEST,2023-10
IGTI11,BULL_CALM,0.009042853766149894,1,MAX_DAYS,15,22.3924503326416,22.176523208618164,0.5814273726282687,TRAIN,2023-10
IGTI11,BULL_CALM,-0.04422045760155666,0,STOP_LOSS,9,22.233095169067383,21.263277383893705,0.5414823758052528,TRAIN,2023-10
IGTI11,BEAR_VOLATILE,0.09007956332177555,1,MAX_DAYS,15,22.223663330078125,20.208431243896484,0.6571512122373603,TRAIN,2023-10
IGTI11,SIDEWAYS_CALM,0.004139477526106336,1,MAX_DAYS,15,20.382307052612305,20.47890853881836,0.4091637788024978,TEST,2023-10
ITSA4,BULL_CALM,-0.007592028553759964,0,MAX_DAYS,15,6.754665374755859,6.801894187927246,0.13976482627576056,TRAIN,2023-10
ITSA4,SIDEWAYS_CALM,-0.03072058079572498,0,STOP_LOSS,10,8.380112648010254,8.127698787918584,0.11673161371278175,TRAIN,2023-10
ITSA4,BULL_CALM,-0.03379591573248373,0,STOP_LOSS,10,8.27382755279541,8.548484835023109,0.1376765335449326,TRAIN,2023-10
ITSA4,BULL_CALM,-0.03235524021226741,0,STOP_LOSS,12,9.094080924987793,9.38286564927058,0.14877212308104223,TEST,2023-10
ITSA4,SIDEWAYS_CALM,-0.038419051342315796,0,STOP_LOSS,6,9.162651062011719,8.816128291065773,0.17877163699104973,TEST,2023-10
IRBR3,BULL_CALM,0.03064234174174398,1,MAX_DAYS,15,40.970001220703125,42.25,1.5164288112095423,TRAIN,2023-10
IRBR3,BEAR_CALM,-0.0840153539743574,0,STOP_LOSS,11,40.63999938964844,37.249999455043245,1.225714819771903,TRAIN,2023-10
IRBR3,BEAR_CALM,0.005557046723583099,1,MAX_DAYS,15,38.97999954223633,39.220001220703125,1.6999994005475725,TRAIN,2023-10
IRBR3,BULL_CALM,-0.06802925821177243,0,STOP_LOSS,13,44.59000015258789,47.59667078653971,1.4485718863351005,TEST,2023-10
ITUB4,BULL_CALM,0.06562158202654915,1,MAX_DAYS,15,21.357099533081055,22.771400451660156,0.5148282218005775,TRAIN,2023-10
ITUB4,BULL_CALM,-0.03978113006631528,0,STOP_LOSS,5,26.695093154907227,25.649149237872404,0.4201404779978556,TRAIN,2023-10
ITUB4,BULL_CALM,-0.0006,0,MAX_DAYS,15,29.608627319335938,29.608627319335938,0.4235782855626485,TEST,2023-10
ITUB4,SIDEWAYS_CALM,-0.03883045945932309,0,STOP_LOSS,11,29.397293090820312,28.273421069097868,0.544106957242853,TEST,2023-10
LREN3,BEAR_CALM,-0.07608452101151068,0,STOP_LOSS,8,10.488182067871094,11.279877467545859,0.491559905224704,TRAIN,2023-10
LREN3,BULL_CALM,0.12386246098812011,1,MAX_DAYS,15,12.867015838623047,14.468476295471191,0.4956745237759869,TRAIN,2023-10
LREN3,SIDEWAYS_CALM,-0.04580453945777893,0,MAX_DAYS,15,13.810433387756348,13.186139106750488,0.4676193847180753,TRAIN,2023-10
LREN3,BULL_CALM,-0.026566884398095812,0,MAX_DAYS,15,15.601442337036133,16.006563186645508,0.41374021453539545,TEST,2023-10
LWSA3,BEAR_CALM,-0.1126203791783601,0,STOP_LOSS,11,5.929360866546631,5.2651516139907475,0.266869803959008,TRAIN,2023-10
LWSA3,BEAR_CALM,0.045452535875237475,1,MAX_DAYS,15,5.900247573852539,5.628526210784912,0.2703355771702213,TRAIN,2023-10
LWSA3,BEAR_CALM,0.1415568686486466,1,MAX_DAYS,15,5.9390645027160645,5.094785690307617,0.24676781401849837,TRAIN,2023-10
LWSA3,BEAR_CALM,-0.08136733140752936,0,STOP_LOSS,12,5.492664337158203,5.049036496328629,0.22805237334949707,TRAIN,2023-10
LWSA3,BEAR_CALM,-0.07853757620694482,0,STOP_LOSS,6,4.046716213226318,4.362107466482524,0.18050086474436164,TEST,2023-10
LWSA3,BEAR_CALM,-0.10059998482770144,0,STOP_LOSS,12,4.172872543334961,3.755585352313533,0.2028718286096502,TEST,2023-10
KLBN11,BULL_CALM,-0.0441511789650306,0,STOP_LOSS,11,19.159639358520508,18.325214475912137,0.3942882674470667,TRAIN,2023-10
KLBN11,SIDEWAYS_CALM,-0.044083744595494564,0,STOP_LOSS,1,18.34973907470703,17.551823707388504,0.46283756453608504,TRAIN,2023-10
KLBN11,BULL_CALM,-0.03678992572974111,0,STOP_LOSS,1,19.89566421508789,20.61568682537579,0.38848772436789175,TRAIN,2023-10
KLBN11,SIDEWAYS_CALM,0.021914023877256945,1,MAX_DAYS,15,19.92369842529297,19.475135803222656,0.3597845822687716,TEST,2023-10
MGLU3,BEAR_CALM,-0.038908189611642406,0,MAX_DAYS,15,18.886581420898438,19.610092163085938,1.0774667484939813,TRAIN,2023-10
MGLU3,BEAR_CALM,0.132733358282224,1,MAX_DAYS,15,20.386730194091797,17.668498992919922,0.9915993948268246,TRAIN,2023-10
MGLU3,BEAR_CALM,-0.10545961485415496,0,STOP_LOSS,7,12.299993515014648,11.010220932321609,0.5907990841802718,TRAIN,2023-10
MGLU3,BEAR_CALM,0.00144090838466512,1,MAX_DAYS,15,9.51380729675293,9.494390487670898,0.4548878397131307,TEST,2023-10
MGLU3,BEAR_CALM,-0.11646294812087377,0,STOP_LOSS,2,9.144904136657715,10.204459690213652,0.5013473022478171,TEST,2023-10
MGLU3,BEAR_VOLATILE,-0.13122137192938593,0,STOP_LOSS,12,8.727461814880371,7.5874687791593685,0.5949598381527362,TEST,2023-10
MRVE3,BEAR_CALM,-0.048219033007380056,0,MAX_DAYS,15,7.769999980926514,7.400000095367432,0.24785712787083217,TRAIN,2023-10
MRVE3,BEAR_CALM,-0.016404616797630174,0,MAX_DAYS,15,6.960000038146973,6.849999904632568,0.3028570924486433,TRAIN,2023-10
MRVE3,BEAR_CALM,-0.02205924181388588,0,MAX_DAYS,15,6.989999771118164,7.139999866485596,0.2664286068507603,TRAIN,2023-10
MRVE3,BEAR_CALM,0.01567213801077652,1,MAX_DAYS,15,6.760000228881836,6.869999885559082,0.2585714203970773,TRAIN,2023-10
MRVE3,BEAR_CALM,0.11727070267123697,1,MAX_DAYS,15,7.889999866485596,6.960000038146973,0.2635713985988072,TEST,2023-10
MULT3,SIDEWAYS_VOLATILE,0.07708715137540464,1,MAX_DAYS,15,26.172218322753906,24.138973236083984,0.6392847562377059,TRAIN,2023-10
MULT3,BEAR_VOLATILE,0.0917975825832285,1,MAX_DAYS,15,24.208499908447266,21.97169303894043,0.7307716904833627,TEST,2023-10
PETR3,BULL_CALM,-0.058779759578142556,0,STOP_LOSS,4,26.993995666503906,28.564499844434525,0.8172489983709741,TRAIN,2023-10
PETR3,BULL_CALM,0.008526519523016123,1,MAX_DAYS,15,28.46356201171875,28.72333526611328,0.681768695596551,TRAIN,2023-10
PETR3,BULL_CALM,-0.046266849033612334,0,STOP_LOSS,7,28.7084903717041,30.019516667491626,0.6373810541510322,TRAIN,2023-10
PETR3,BULL_CALM,-0.05246785029567682,0,STOP_LOSS,10,34.19330596923828,35.966839244365005,0.897737674622421,TRAIN,2023-10
PETR3,BULL_CALM,-0.04006542715367069,0,STOP_LOSS,10,35.69955062866211,34.29065261390787,0.5849737780180888,TEST,2023-10
PCAR3,BEAR_CALM,0.08297347534927119,1,MAX_DAYS,15,3.4700000286102295,3.759999990463257,0.21214289324624197,TRAIN,2023-10
PCAR3,BEAR_CALM,-0.09795173245383282,0,STOP_LOSS,2,3.8299999237060547,4.202857051576887,0.2085714340209961,TRAIN,2023-10
PCAR3,BEAR_CALM,0.31821530852004515,1,PROFIT_TARGET,7,4.099999904632568,5.407142639160156,0.38285703318459646,TRAIN,2023-10
PCAR3,BEAR_CALM,-0.040204001686713106,0,MAX_DAYS,15,3.0299999713897705,3.1500000953674316,0.15214284828730992,TRAIN,2023-10
PCAR3,SIDEWAYS_CALM,-0.10809190072986813,0,STOP_LOSS,10,3.069999933242798,3.4000000613076344,0.22214291776929582,TRAIN,2023-10
PCAR3,SIDEWAYS_CALM,-0.10060003178914385,0,STOP_LOSS,4,3.0,3.3000000953674316,0.1622222794426812,TEST,2023-10
PETR4,BULL_CALM,-0.062193498573732645,0,STOP_LOSS,4,24.37540626525879,25.87677281629216,0.7540787954027858,TRAIN,2023-10
PETR4,BULL_CALM,-0.052099762025749,0,STOP_LOSS,7,30.453866958618164,32.02223385975082,0.7032393771445992,TRAIN,2023-10
PETR4,BULL_CALM,-0.050795110185279053,0,STOP_LOSS,10,31.154720306396484,32.71853492496761,0.788948685270859,TRAIN,2023-10
PETR4,SIDEWAYS_CALM,-0.0367702389954612,0,STOP_LOSS,9,32.26448059082031,31.097466616785923,0.5185378898991276,TEST,2023-10
PRIO3,BULL_CALM,0.05936210205306806,1,MAX_DAYS,15,47.45378112792969,44.60835266113281,1.4170097240161361,TRAIN,2023-10
PRIO3,SIDEWAYS_CALM,-0.06324792032903509,0,STOP_LOSS,12,45.880001068115234,43.005714416503906,1.1628578730991908,TRAIN,2023-10
PRIO3,BEAR_VOLATILE,0.1520541110153259,1,PROFIT_TARGET,10,48.119998931884766,40.774283272879465,1.2957142421177454,TRAIN,2023-10
PRIO3,BEAR_CALM,-0.05355851345980155,0,STOP_LOSS,9,44.11000061035156,41.774000549316405,1.0771427154541016,TEST,2023-10
RADL3,SIDEWAYS_CALM,-0.041925515495971115,0,STOP_LOSS,1,26.580734252929688,25.48227170766595,0.6123739910319301,TRAIN,2023-10
RADL3,SIDEWAYS_CALM,-0.011649817224292031,0,MAX_DAYS,15,24.690820693969727,24.96364974975586,0.6855467093489798,TEST,2023-10
RAIL3,BULL_CALM,-0.06352592444388139,0,STOP_LOSS,8,21.39830207824707,22.744810018050195,0.7209542218097599,TRAIN,2023-10
RAIL3,BULL_CALM,-0.024565054686119758,0,MAX_DAYS,15,21.894386291503906,22.419086456298828,0.5192504909265107,TRAIN,2023-10
RAIL3,SIDEWAYS_CALM,-0.051481536288048184,0,STOP_LOSS,3,21.72266387939453,20.617381368942045,0.6589445510787194,TRAIN,2023-10
RAIL3,BULL_CALM,-0.06187790832324096,0,STOP_LOSS,13,21.884845733642578,23.225903304177,0.6037481332264887,TRAIN,2023-10
RDOR3,BEAR_CALM,-0.059989406010569096,0,MAX_DAYS,15,22.7991943359375,24.15322494506836,1.1769436571872476,TRAIN,2023-10
RDOR3,BEAR_CALM,-0.06485663336256409,0,STOP_LOSS,12,24.417253494262695,22.84828298876107,0.8151945209021917,TRAIN,2023-10
RDOR3,BULL_CALM,0.03771032379999348,1,MAX_DAYS,15,29.780027389526367,28.639144897460938,0.843474808937157,TEST,2023-10
RECV3,BEAR_CALM,0.010839315620740671,1,MAX_DAYS,15,16.571582794189453,16.382015228271484,0.5918425273092477,TRAIN,2023-10
RECV3,BULL_CALM,0.1260248051003574,1,MAX_DAYS,15,16.850805282592773,18.984535217285156,0.784647789461686,TRAIN,2023-10
RECV3,SIDEWAYS_CALM,0.07292302370368267,1,MAX_DAYS,15,18.538318634033203,17.175325393676758,0.721481831761192,TRAIN,2023-10
RECV3,BULL_CALM,-0.06539035650147099,0,STOP_LOSS,8,16.421833038330078,17.48580945529112,0.5440671220293837,TRAIN,2023-10
RECV3,BEAR_CALM,-0.05453499626287978,0,STOP_LOSS,8,15.871526718139648,15.01549598391059,0.4186091069655384,TEST,2023-10
RECV3,BEAR_CALM,-0.03146427404904011,0,MAX_DAYS,15,15.233007431030273,14.76285171508789,0.4983640157132689,TEST,2023-10
RENT3,BEAR_CALM,0.013431351196429353,1,MAX_DAYS,15,51.05683135986328,50.34043502807617,1.497079792061539,TRAIN,2023-10
RENT3,BEAR_VOLATILE,-0.06741192964696839,0,STOP_LOSS,7,41.32770538330078,38.56652163876105,2.1384041585138895,TRAIN,2023-10
RENT3,BEAR_CALM,-0.006089278242602609,0,MAX_DAYS,15,39.7885627746582,40.00697326660156,1.1639471791195466,TEST,2023-10
RENT3,SIDEWAYS_CALM,-0.06456190609403897,0,STOP_LOSS,1,40.42479705810547,43.010444131406594,1.4569701485821842,TEST,2023-10
SANB11,BULL_CALM,0.10569712583880499,1,MAX_DAYS,15,23.264432907104492,25.737375259399414,0.6686893436025996,TRAIN,2023-10
SBSP3,BULL_CALM,-0.050639822666582936,0,STOP_LOSS,13,57.97126007080078,60.87213164450201,1.4674125234765338,TRAIN,2023-10
SBSP3,BULL_CALM,-0.03445464845693334,0,STOP_LOSS,1,74.85498046875,77.38916951777014,1.455868196988618,TRAIN,2023-10
SBSP3,BULL_CALM,-0.02008633375035904,0,MAX_DAYS,15,87.38807678222656,89.09095001220703,1.530784214243404,TEST,2023-10
SLCE3,BEAR_CALM,0.0025388773813815107,1,MAX_DAYS,15,17.725849151611328,17.670209884643555,0.4782354705702238,TRAIN,2023-10
SLCE3,BEAR_CALM,-0.039326718726364104,0,MAX_DAYS,15,17.211179733276367,16.544647216796875,0.3768166188567483,TRAIN,2023-10
SMFT3,BULL_CALM,0.03464421659594058,1,MAX_DAYS,15,19.310514450073242,18.62993049621582,0.8096171512934688,TRAIN,2023-10
SMFT3,BULL_CALM,0.00501368167137244,1,MAX_DAYS,15,23.23502540588379,23.104591369628906,0.722684231182859,TRAIN,2023-10
SMFT3,BULL_CALM,0.05070301726358455,1,MAX_DAYS,15,22.881000518798828,24.05486488342285,0.7153644257608993,TRAIN,2023-10
SMFT3,SIDEWAYS_CALM,0.0918900652905512,1,MAX_DAYS,15,23.570411682128906,21.390382766723633,0.790560523699783,TRAIN,2023-10
SMFT3,BEAR_CALM,-0.06543028158867817,0,STOP_LOSS,8,20.85652732849121,19.504392788823164,0.5511418922427959,TRAIN,2023-10
SMFT3,BEAR_CALM,-0.01069181495414304,0,MAX_DAYS,15,20.38889503479004,20.183134078979492,0.6179464452951018,TEST,2023-10
SMFT3,BEAR_VOLATILE,0.09545806590397676,1,MAX_DAYS,15,20.64141845703125,18.65864372253418,0.6733950530410604,TEST,2023-10
SUZB3,BULL_CALM,-0.04963707363856275,0,STOP_LOSS,4,53.067649841308594,50.46536758821488,1.3450756645254447,TRAIN,2023-10
TIMS3,BULL_CALM,-0.03500565592288888,0,STOP_LOSS,4,12.631300926208496,13.065889119734093,0.22979190362930474,TRAIN,2023-10
TIMS3,BULL_VOLATILE,0.1150775708782798,1,PROFIT_TARGET,12,12.859881401062012,14.347481243319635,0.3380360858918765,TRAIN,2023-10
TIMS3,BULL_CALM,0.08848080938705746,1,MAX_DAYS,15,14.955699920654297,16.287965774536133,0.40643148862476547,TRAIN,2023-10
TIMS3,BULL_CALM,0.03503158707964751,1,MAX_DAYS,15,16.059850692749023,15.4876127243042,0.30252805127259147,TRAIN,2023-10
TAEE11,BULL_VOLATILE,-0.028682319513823402,0,STOP_LOSS,13,30.61829376220703,31.478126470605435,0.5101200696628477,TRAIN,2023-10
TOTS3,BEAR_CALM,0.014325266541812105,1,MAX_DAYS,15,25.905996322631836,25.51934242248535,0.650412085521969,TRAIN,2023-10
TOTS3,SIDEWAYS_CALM,0.03203163652915189,1,MAX_DAYS,15,27.719697952270508,28.624237060546875,0.83089668387259,TRAIN,2023-10
TOTS3,SIDEWAYS_CALM,-0.052480713895229916,0,STOP_LOSS,13,27.73004722595215,29.168701872382986,0.5983486114227278,TEST,2023-10
UGPA3,BULL_VOLATILE,0.11797920539935966,1,MAX_DAYS,15,16.282493591308594,18.213258743286133,0.44424087356606784,TRAIN,2023-10
UGPA3,BULL_CALM,0.06613685494010123,1,MAX_DAYS,15,25.685571670532227,23.971397399902344,0.677293113614805,TRAIN,2023-10
UGPA3,BEAR_CALM,0.068256927694365,1,MAX_DAYS,15,20.04683494567871,21.42719841003418,0.7159585811382164,TRAIN,2023-10
UGPA3,BEAR_CALM,-0.022832785970014768,0,MAX_DAYS,15,19.275362014770508,19.703907012939453,0.52167712473802,TEST,2023-10
USIM5,BEAR_CALM,-0.0469196166270284,0,STOP_LOSS,1,6.0222907066345215,6.301240903382348,0.1512131535147462,TRAIN,2023-10
USIM5,BULL_CALM,0.11072806798368812,1,MAX_DAYS,15,9.89859676361084,8.796605110168457,0.47849649302225966,TRAIN,2023-10
USIM5,BEAR_CALM,-0.04890910678085978,0,STOP_LOSS,15,6.210000038146973,6.509999593098958,0.2257143429347447,TEST,2023-10
USIM5,BEAR_CALM,-0.02780001220703125,0,MAX_DAYS,15,6.25,6.079999923706055,0.18428567477634974,TEST,2023-10
VALE3,BEAR_CALM,-0.020342695118491485,0,MAX_DAYS,15,55.19716262817383,56.286903381347656,1.2743171167752136,TRAIN,2023-10
VALE3,SIDEWAYS_CALM,0.06642037347093564,1,MAX_DAYS,15,52.115577697753906,55.60838317871094,1.053897479939078,TRAIN,2023-10
VIVT3,BULL_VOLATILE,-0.05103254017142103,0,STOP_LOSS,12,24.204818725585938,22.98410823286586,0.49539420348934243,TRAIN,2023-10
VIVT3,BULL_CALM,0.024998385461333705,1,MAX_DAYS,15,25.371795654296875,24.722318649291992,0.5657097142483563,TEST,2023-10
VBBR3,BULL_CALM,0.12361389536893583,1,MAX_DAYS,15,15.073570251464844,16.9459171295166,0.5631711108688661,TRAIN,2023-10
VBBR3,BULL_CALM,0.05379307105046713,1,MAX_DAYS,15,17.3646240234375,18.309139251708984,0.4874254734441819,TRAIN,2023-10
WEGE3,BEAR_VOLATILE,0.06228927101271366,1,MAX_DAYS,15,33.651187896728516,31.534889221191406,1.0533853103465787,TRAIN,2023-10
WEGE3,BULL_CALM,-0.03952118862001608,0,STOP_LOSS,2,53.437137603759766,55.51697451574945,1.1032707793460643,TEST,2023-10
YDUQ3,BULL_CALM,-0.08246531545791522,0,MAX_DAYS,15,18.219635009765625,16.728078842163086,0.8024189361542761,TRAIN,2023-10
YDUQ3,BULL_CALM,-0.08440752875423735,0,STOP_LOSS,15,18.247957229614258,19.777273429841248,0.9682974815915895,TRAIN,2023-10
YDUQ3,BEAR_CALM,0.09365068492779084,1,MAX_DAYS,15,10.195296287536621,9.234382629394531,0.445451988225522,TRAIN,2023-10
ASAI3,BULL_CALM,0.002300669854410948,1,MAX_DAYS,15,13.54397964477539,13.583266258239746,0.49669195884015743,TRAIN,2024-01
ASAI3,BULL_CALM,-0.06748451857550797,0,STOP_LOSS,2,13.740410804748535,14.659431566453849,0.4756458668591674,TRAIN,2024-01
ASAI3,SIDEWAYS_CALM,0.10444774247082934,1,MAX_DAYS,15,14.398458480834961,12.885932922363281,0.4433748836907985,TRAIN,2024-01
ASAI3,BEAR_VOLATILE,0.24215373321895423,1,MAX_DAYS,15,5.51131010055542,6.849201202392578,0.3530148547900476,TEST,2024-01
ALOS3,BULL_CALM,0.04681395223334018,1,MAX_DAYS,15,22.577287673950195,21.50680923461914,0.5181757873835117,TRAIN,2024-01
ALOS3,BEAR_CALM,-0.011372859103904549,0,MAX_DAYS,15,19.958106994628906,19.743101119995117,0.4794219186152322,TRAIN,2024-01
ALOS3,BEAR_VOLATILE,-0.05338076989528704,0,STOP_LOSS,11,17.47978401184082,18.402380469589108,0.47540914844192805,TEST,2024-01
AURE3,BULL_CALM,-0.007351657696767863,0,MAX_DAYS,15,12.829208374023438,12.742589950561523,0.1581138324300268,TRAIN,2024-01
AZUL4,BEAR_CALM,0.10871173541959354,1,MAX_DAYS,15,14.819999694824219,13.199999809265137,0.7071427617754255,TRAIN,2024-01
AZUL4,BEAR_VOLATILE,-0.0967875625803063,0,STOP_LOSS,10,13.039999961853027,11.785714149475098,0.6950000354221889,TRAIN,2024-01
AZUL4,BEAR_CALM,0.1974360084625717,1,MAX_DAYS,15,6.110000133514404,4.900000095367432,0.302142790385655,TRAIN,2024-01
BBAS3,BULL_CALM,-0.030756716594267965,0,STOP_LOSS,12,24.153152465820312,24.8815322395902,0.37094838796800467,TRAIN,2024-01
BBAS3,BULL_CALM,-0.03794627568007747,0,STOP_LOSS,6,25.0278377532959,24.09314122488506,0.5157927513979647,TRAIN,2024-01
B3SA3,SIDEWAYS_CALM,0.07432997557430199,1,MAX_DAYS,15,13.59703540802002,12.57820987701416,0.29789440120182953,TRAIN,2024-01
B3SA3,SIDEWAYS_CALM,0.08665491854712222,1,MAX_DAYS,15,10.033891677856445,10.909398078918457,0.271224216391128,TEST,2024-01
BBDC3,BEAR_CALM,-0.04394965100653442,0,STOP_LOSS,6,10.760763168334961,10.29428784042367,0.2192574762612201,TRAIN,2024-01
BBDC3,SIDEWAYS_CALM,0.05048428052800053,1,MAX_DAYS,15,11.922506332397461,11.313453674316406,0.25867303932557384,TRAIN,2024-01
BBDC3,BEAR_CALM,-0.021592519247654176,0,MAX_DAYS,15,9.77660083770752,9.981836318969727,0.22522445781618497,TEST,2024-01
BBDC4,BEAR_CALM,-0.04320462237635254,0,STOP_LOSS,6,12.231619834899902,11.710496290782888,0.2391729359478563,TRAIN,2024-01
BBDC4,SIDEWAYS_CALM,-0.027832444530930336,0,STOP_LOSS,2,11.22701358795166,11.532752612733555,0.2211530222615076,TRAIN,2024-01
BBDC4,BULL_CALM,-0.00791382709276264,0,MAX_DAYS,15,13.64918327331543,13.749011039733887,0.2579970621881304,TRAIN,2024-01
BBDC4,BEAR_CALM,-0.014610539931105598,0,MAX_DAYS,15,10.68285083770752,10.832523345947266,0.2572490920779814,TEST,2024-01
BBDC4,BEAR_CALM,-0.001473186318888269,0,MAX_DAYS,15,10.980751037597656,10.971162796020508,0.2604124616247415,TEST,2024-01
BBSE3,BULL_CALM,-0.028382730801163627,0,STOP_LOSS,4,27.81061553955078,28.58327038450078,0.39682283063559204,TRAIN,2024-01
BBSE3,BULL_CALM,0.007506193948480025,1,MAX_DAYS,15,27.85189437866211,28.077667236328125,0.5705164800446355,TRAIN,2024-01
BBSE3,BULL_CALM,0.0039305354119986945,1,MAX_DAYS,15,28.36898422241211,28.24045753479004,0.42962926255152695,TRAIN,2024-01
BBSE3,BULL_CALM,0.014101355346287373,1,MAX_DAYS,15,27.974851608276367,28.386119842529297,0.4626773746610482,TRAIN,2024-01
BBSE3,BULL_CALM,-0.03465658669033824,0,STOP_LOSS,8,32.4051628112793,33.508772047776155,0.5785047706423346,TEST,2024-01
BEEF3,BEAR_CALM,0.09336915365217799,1,MAX_DAYS,15,7.130000114440918,6.460000038146973,0.19071439334324428,TRAIN,2024-01
BEEF3,BEAR_VOLATILE,-0.06173159729466599,0,STOP_LOSS,13,6.590000152587891,6.1871429170881,0.242142881665911,TRAIN,2024-01
BEEF3,BEAR_VOLATILE,-0.09077223979368261,0,STOP_LOSS,9,5.639999866485596,5.131428446088519,0.31428572109767366,TRAIN,2024-01
BEEF3,BEAR_CALM,0.04448202087491408,1,MAX_DAYS,15,4.880000114440918,4.659999847412109,0.16857140404837473,TEST,2024-01
BPAC11,BULL_CALM,-0.00904002916431688,0,MAX_DAYS,15,35.15385055541992,35.4505500793457,0.8470235728555231,TRAIN,2024-01
BPAC11,BULL_CALM,-0.036526499736760795,0,MAX_DAYS,15,35.43140411376953,34.158477783203125,0.7451616904395593,TRAIN,2024-01
BPAC11,SIDEWAYS_CALM,-0.04969614007151022,0,STOP_LOSS,9,34.86672592163086,33.154904261947514,0.8818884889222858,TRAIN,2024-01
BPAC11,BULL_VOLATILE,0.1121257235338465,1,PROFIT_TARGET,10,31.065950393676758,34.567882129070554,0.8211326393996247,TRAIN,2024-01
BRAP4,BEAR_CALM,-0.03151459406136131,0,STOP_LOSS,6,16.11920928955078,15.620890477774195,0.24794059091320278,TRAIN,2024-01
BRAP4,BEAR_CALM,0.03468766000317854,1,MAX_DAYS,15,15.709833145141602,16.264196395874023,0.3234803016711409,TRAIN,2024-01
BRKM5,BEAR_CALM,-0.056703031697153766,0,STOP_LOSS,10,18.40999984741211,17.377143042428152,0.5942855562482562,TRAIN,2024-01
BRKM5,SIDEWAYS_CALM,0.1373897910819703,1,MAX_DAYS,15,17.610000610351562,20.040000915527344,0.8164287294660296,TRAIN,2024-01
BRKM5,BEAR_CALM,-0.08448270285275261,0,STOP_LOSS,2,11.630000114440918,12.605555958218044,0.5127273039384321,TEST,2024-01
CMIG4,BULL_CALM,-0.05306089246880663,0,STOP_LOSS,3,7.1528496742248535,7.528094551829902,0.19019845275691077,TRAIN,2024-01
CMIG4,BULL_VOLATILE,0.08804532779311075,1,MAX_DAYS,15,8.278157234191895,9.011977195739746,0.21319660926632597,TRAIN,2024-01
CMIG4,BULL_CALM,-0.015421209000381915,0,MAX_DAYS,15,10.008323669433594,9.85998821258545,0.24431806611500967,TRAIN,2024-01
CMIG4,BULL_CALM,0.029102905232216696,1,MAX_DAYS,15,9.868279457092285,9.575162887573242,0.22015510613520473,TEST,2024-01
CMIN3,BEAR_VOLATILE,-0.07999163618545063,0,STOP_LOSS,4,4.381021976470947,4.033205473594502,0.14579017972222807,TRAIN,2024-01
COGN3,BULL_CALM,0.0922143675258185,1,MAX_DAYS,15,3.2519190311431885,2.950094223022461,0.10501281096409046,TRAIN,2024-01
COGN3,BEAR_CALM,-0.09373337788431224,0,STOP_LOSS,4,1.7622674703598022,1.5981415481095518,0.07024033561878552,TRAIN,2024-01
COGN3,BEAR_CALM,0.08028238670170199,1,MAX_DAYS,15,1.3241347074508667,1.4312338829040527,0.08484474672515131,TRAIN,2024-01
CPFE3,BULL_CALM,0.06875060179078733,1,MAX_DAYS,15,38.5,35.83000183105469,0.7171426500592913,TRAIN,2024-01
CPFE3,BEAR_CALM,0.0003123716034780107,1,MAX_DAYS,15,32.880001068115234,32.90999984741211,0.5885715484619141,TRAIN,2024-01
CPFE3,SIDEWAYS_CALM,0.03312836874804324,1,MAX_DAYS,15,32.90999984741211,34.02000045776367,0.653571537562779,TRAIN,2024-01
CPFE3,SIDEWAYS_CALM,-0.003972183137751155,0,MAX_DAYS,15,32.619998931884766,32.5099983215332,0.6171433585030692,TRAIN,2024-01
CPFE3,SIDEWAYS_CALM,-0.04028758861425203,0,STOP_LOSS,7,31.579999923706055,32.83333396911621,0.5680000305175781,TEST,2024-01
CPLE6,BULL_CALM,0.025818717764718436,1,MAX_DAYS,15,9.787945747375488,9.5293607711792,0.16965413908205765,TRAIN,2024-01
CPLE6,BULL_CALM,0.0003931010968610272,1,MAX_DAYS,15,9.644286155700684,9.653863906860352,0.16896991140786,TRAIN,2024-01
CPLE6,SIDEWAYS_CALM,-0.04020392196195459,0,MAX_DAYS,15,9.09000015258789,9.449999809265137,0.21857145854404994,TEST,2024-01
CSNA3,BEAR_CALM,-0.04474783246525315,0,MAX_DAYS,15,11.090383529663086,11.579999923706055,0.4464286395481655,TRAIN,2024-01
CSAN3,BULL_CALM,-0.043709851810682,0,STOP_LOSS,4,18.56658172607422,17.766179139232243,0.47685438137127534,TRAIN,2024-01
CSAN3,BEAR_CALM,0.017768846899812132,1,MAX_DAYS,15,13.609999656677246,13.359999656677246,0.3578570910862514,TRAIN,2024-01
CSAN3,BEAR_CALM,-0.05802946402652079,0,STOP_LOSS,4,12.960000038146973,13.704285894121442,0.3778571401323591,TRAIN,2024-01
CSAN3,BEAR_VOLATILE,-0.08616911814858165,0,STOP_LOSS,6,8.199999809265137,7.498333056767781,0.3628570692879813,TEST,2024-01
CVCB3,SIDEWAYS_CALM,0.10482166014163356,1,MAX_DAYS,15,3.319999933242798,2.9700000286102295,0.1657141957964216,TRAIN,2024-01
CVCB3,SIDEWAYS_CALM,-0.08727244388671755,0,STOP_LOSS,12,3.2799999713897705,2.9957143579210554,0.15357146944318498,TRAIN,2024-01
CVCB3,BEAR_VOLATILE,-0.11503152323124868,0,STOP_LOSS,13,1.9600000381469727,1.735714248248509,0.0821428554398673,TRAIN,2024-01
CVCB3,BEAR_CALM,0.11478456688971031,1,MAX_DAYS,15,2.0799999237060547,1.840000033378601,0.09642854758671351,TRAIN,2024-01
CVCB3,BULL_CALM,-0.11519126344898668,0,STOP_LOSS,9,1.8700000047683716,2.0842856679643904,0.09499996049063546,TEST,2024-01
CYRE3,BULL_CALM,0.009496674459400981,1,MAX_DAYS,15,21.20517921447754,20.991077423095703,0.7174334012546149,TRAIN,2024-01
CYRE3,BULL_CALM,-0.07332847624562441,0,STOP_LOSS,8,20.972461700439453,22.49775688303213,0.666236180471471,TRAIN,2024-01
CYRE3,BULL_CALM,0.016504658486397105,1,MAX_DAYS,15,22.312911987304688,22.69456672668457,0.702140398762887,TRAIN,2024-01
CYRE3,BULL_CALM,-0.06304694795070219,0,STOP_LOSS,2,19.35407066345215,20.562673306806957,0.6481013446200146,TRAIN,2024-01
CXSE3,SIDEWAYS_CALM,-0.040056755908794914,0,STOP_LOSS,13,12.76679515838623,12.2630588380842,0.2716343421767102,TRAIN,2024-01
ECOR3,BULL_CALM,0.033624731136681636,1,MAX_DAYS,15,8.694819450378418,8.397241592407227,0.2597153345705521,TRAIN,2024-01
ECOR3,SIDEWAYS_CALM,-0.07045180608461003,0,STOP_LOSS,14,8.425140380859375,7.836629108739968,0.31218963679775824,TRAIN,2024-01
DIRR3,BULL_CALM,-0.010299764394305399,0,MAX_DAYS,15,6.098551273345947,6.157705783843994,0.18088412193473521,TRAIN,2024-01
DIRR3,BULL_CALM,0.1123630192729622,1,MAX_DAYS,15,6.084466934204102,6.771786689758301,0.21126644459371308,TRAIN,2024-01
DIRR3,BULL_CALM,-0.048723781105876815,0,STOP_LOSS,7,9.130579948425293,9.56997797923302,0.2184028415732735,TRAIN,2024-01
DIRR3,BULL_CALM,-0.08009694613982957,0,STOP_LOSS,2,9.103360176086426,8.379670842476614,0.40332168773074173,TRAIN,2024-01
EGIE3,SIDEWAYS_VOLATILE,0.07213135267539421,1,PROFIT_TARGET,7,28.544919967651367,26.468809326393213,0.43410963021503146,TRAIN,2024-01
EGIE3,SIDEWAYS_CALM,-0.025830775875080782,0,STOP_LOSS,4,26.057443618774414,26.714893138597265,0.3962141502482636,TRAIN,2024-01
EGIE3,BULL_VOLATILE,0.11678713878064732,1,MAX_DAYS,15,25.8067684173584,28.836151123046875,0.5493604574512625,TRAIN,2024-01
EGIE3,BEAR_CALM,-0.03371707408736962,0,STOP_LOSS,9,24.232181549072266,25.034680500731483,0.4975338145239715,TEST,2024-01
EGIE3,BEAR_CALM,0.04346393189335767,1,MAX_DAYS,15,24.355222702026367,25.428409576416016,0.4740970778368427,TEST,2024-01
ELET3,BULL_CALM,-0.03810798428704772,0,STOP_LOSS,2,36.69015121459961,38.06632482984622,0.824163185526948,TRAIN,2024-01
ELET3,BULL_CALM,0.02581606647965191,1,MAX_DAYS,15,36.989444732666016,37.96656036376953,0.9991183282332544,TRAIN,2024-01
ELET3,BEAR_CALM,-0.03905400685256737,0,STOP_LOSS,9,31.00018310546875,32.19226435903729,0.667505238509254,TEST,2024-01
ELET6,BULL_CALM,-0.03694657303486913,0,STOP_LOSS,2,39.04176330566406,40.460797607063455,0.8495160412137661,TRAIN,2024-01
ELET6,BULL_CALM,0.022776566107588866,1,MAX_DAYS,15,39.10100555419922,40.015052795410156,0.9182812608700043,TRAIN,2024-01
ELET6,SIDEWAYS_CALM,-0.042697752179068627,0,STOP_LOSS,11,34.936363220214844,36.407105581097376,0.674017687818889,TEST,2024-01
EMBR3,BULL_CALM,-0.05226046724200061,0,STOP_LOSS,12,21.657716751098633,22.77656451785529,0.5358773415778071,TRAIN,2024-01
EMBR3,BULL_CALM,0.11850218120648347,1,MAX_DAYS,15,21.80756187438965,24.404890060424805,0.6264983386307065,TRAIN,2024-01
EMBR3,BULL_CALM,-0.03709778888712891,0,MAX_DAYS,15,48.71987533569336,50.498043060302734,1.3949937092715032,TRAIN,2024-01
EMBR3,BULL_CALM,-0.04556128300118783,0,STOP_LOSS,8,57.990333557128906,60.59765335552426,1.4643268799569007,TEST,2024-01
EMBR3,BULL_VOLATILE,0.23656857555534316,1,PROFIT_TARGET,14,60.058204650878906,74.30212349833914,2.6394274059403964,TEST,2024-01
ENEV3,BULL_CALM,-0.044960960895457584,0,STOP_LOSS,2,13.300000190734863,12.709999402364096,0.32250022888183594,TRAIN,2024-01
ENEV3,SIDEWAYS_CALM,0.047165786396342356,1,MAX_DAYS,15,12.979999542236328,12.359999656677246,0.3721429279872349,TRAIN,2024-01
ENGI11,BULL_CALM,-0.046518181156078586,0,STOP_LOSS,2,43.47871398925781,41.482250523865744,1.0998872264737931,TRAIN,2024-01
ENGI11,BEAR_CALM,0.05073694823215312,1,MAX_DAYS,15,38.39497375488281,36.423892974853516,0.9151438649056638,TRAIN,2024-01
ENGI11,BEAR_VOLATILE,-0.04055677972868517,0,STOP_LOSS,4,38.02539825439453,36.50602579224816,0.7632057606926814,TRAIN,2024-01
ENGI11,BEAR_VOLATILE,0.11423506586470428,1,MAX_DAYS,15,30.549135208129883,34.057247161865234,0.978340714274576,TEST,2024-01
EQTL3,BULL_CALM,0.010272752892557895,1,MAX_DAYS,15,32.388999938964844,32.036842346191406,0.6725368718786294,TRAIN,2024-01
EQTL3,SIDEWAYS_CALM,-0.01607925794102715,0,MAX_DAYS,15,31.731029510498047,31.239856719970703,0.6222277473041802,TRAIN,2024-01
EZTC3,BEAR_CALM,0.07464991387952741,1,MAX_DAYS,15,14.492735862731934,13.402158737182617,0.5325081756028315,TRAIN,2024-01
EZTC3,BEAR_CALM,0.02937489657023916,1,MAX_DAYS,15,13.555521011352539,13.961846351623535,0.553884833010413,TRAIN,2024-01
EZTC3,SIDEWAYS_CALM,0.0227711091770863,1,MAX_DAYS,15,12.234444618225098,12.520377159118652,0.39114581031987405,TRAIN,2024-01
EZTC3,BEAR_CALM,-0.06663290331213578,0,STOP_LOSS,6,9.953069686889648,10.610299775182982,0.3257082113069962,TEST,2024-01
FLRY3,BULL_VOLATILE,0.06912771560745604,1,MAX_DAYS,15,14.911725997924805,13.871965408325195,0.3109624434625565,TRAIN,2024-01
FLRY3,BEAR_VOLATILE,-0.06469334289244971,0,STOP_LOSS,6,10.533699989318848,9.858559943977241,0.3648035722909771,TEST,2024-01
GGBR4,BEAR_CALM,0.02699594849965619,1,MAX_DAYS,15,16.570934295654297,17.02822494506836,0.4307159542803655,TRAIN,2024-01
GGBR4,BEAR_CALM,0.047778015436966095,1,MAX_DAYS,15,16.944637298583984,16.124889373779297,0.4753148732945511,TEST,2024-01
GGBR4,BEAR_CALM,-0.04387977590126069,0,STOP_LOSS,2,16.396902084350586,15.687247836664978,0.4026454763807757,TEST,2024-01
GOAU4,SIDEWAYS_CALM,0.0359483390252709,1,MAX_DAYS,15,9.11490535736084,9.448040008544922,0.19234500995910178,TRAIN,2024-01
GOAU4,SIDEWAYS_CALM,-0.04114599395808741,0,STOP_LOSS,8,9.946219444274902,9.54294009078152,0.2513775146245087,TRAIN,2024-01
GOAU4,BEAR_VOLATILE,0.061644989422384305,1,MAX_DAYS,15,9.40545654296875,8.820013999938965,0.23239430519769108,TEST,2024-01
GOAU4,BEAR_CALM,-0.04067340531002953,0,STOP_LOSS,1,9.013120651245117,8.651934214279574,0.19782541336603213,TEST,2024-01
HAPV3,BULL_CALM,-0.08139624679026407,0,STOP_LOSS,6,64.04999542236328,69.22499465942383,2.6550003051757813,TRAIN,2024-01
HAPV3,SIDEWAYS_CALM,-0.08548371698739304,0,STOP_LOSS,2,64.5,59.02500025431315,2.9999997275216237,TRAIN,2024-01
HAPV3,BEAR_CALM,-0.06656306245649334,0,MAX_DAYS,15,56.849998474121094,53.099998474121094,2.635713849748884,TRAIN,2024-01
HAPV3,BULL_CALM,0.13821745819948117,1,MAX_DAYS,15,58.349998474121094,66.44999694824219,2.4750001089913503,TRAIN,2024-01
HAPV3,BULL_CALM,-0.06132230401586095,0,STOP_LOSS,2,67.04999542236328,62.97856521606445,2.207143783569336,TRAIN,2024-01
HAPV3,BEAR_CALM,0.039578641372800615,1,MAX_DAYS,15,33.599998474121094,34.95000076293945,1.7464288984026228,TEST,2024-01
HYPE3,BEAR_VOLATILE,0.11719738227125995,1,MAX_DAYS,15,32.4827880859375,28.656400680541992,0.8159884745824425,TRAIN,2024-01
HYPE3,BEAR_CALM,0.022147147440134976,1,MAX_DAYS,15,30.223569869995117,30.911069869995117,0.9972443035788761,TRAIN,2024-01
HYPE3,BEAR_CALM,-0.048761262111234,0,STOP_LOSS,15,27.145708084106445,28.45307964634014,0.7927327767406085,TRAIN,2024-01
HYPE3,BEAR_CALM,0.02561305852104861,1,MAX_DAYS,15,17.254579544067383,17.70687484741211,0.4687920461471268,TEST,2024-01
IRBR3,BEAR_CALM,-0.09538448808548391,0,STOP_LOSS,11,41.9900016784668,38.01000086466471,1.413571766444615,TRAIN,2024-01
IRBR3,BEAR_CALM,-0.02276627333006826,0,MAX_DAYS,15,39.70000076293945,38.81999969482422,1.5792860303606306,TRAIN,2024-01
IRBR3,BEAR_CALM,0.005557046723583099,1,MAX_DAYS,15,38.97999954223633,39.220001220703125,1.6999994005475725,TRAIN,2024-01
IGTI11,BULL_CALM,-0.024616662815314192,0,MAX_DAYS,15,22.607763290405273,22.064800262451172,0.5870928515013046,TRAIN,2024-01
IGTI11,BULL_CALM,-0.04422045760155666,0,STOP_LOSS,9,22.233095169067383,21.263277383893705,0.5414823758052528,TRAIN,2024-01
IGTI11,BEAR_VOLATILE,0.09007956332177555,1,MAX_DAYS,15,22.223663330078125,20.208431243896484,0.6571512122373603,TRAIN,2024-01
IGTI11,BEAR_VOLATILE,0.15442060123268753,1,PROFIT_TARGET,15,16.45074462890625,19.000948952004702,0.5230125170329395,TEST,2024-01
ITUB4,BULL_CALM,0.025809631856915566,1,MAX_DAYS,15,26.599037170410156,25.89656639099121,0.4233970866885018,TRAIN,2024-01
ITUB4,BULL_CALM,-0.03978113006631528,0,STOP_LOSS,5,26.695093154907227,25.649149237872404,0.4201404779978556,TRAIN,2024-01
ITUB4,SIDEWAYS_CALM,-0.03883045945932309,0,STOP_LOSS,11,29.397293090820312,28.273421069097868,0.544106957242853,TRAIN,2024-01
KLBN11,SIDEWAYS_CALM,-0.00471510229869314,0,MAX_DAYS,15,17.90823745727539,17.834543228149414,0.3608792735663217,TRAIN,2024-01
KLBN11,BULL_CALM,-0.03678992572974111,0,STOP_LOSS,1,19.89566421508789,20.61568682537579,0.38848772436789175,TRAIN,2024-01
LREN3,BEAR_CALM,0.09025637379967467,1,MAX_DAYS,15,14.43779468536377,13.126029014587402,0.47684359950259037,TRAIN,2024-01
LREN3,BULL_CALM,0.12386246098812011,1,MAX_DAYS,15,12.867015838623047,14.468476295471191,0.4956745237759869,TRAIN,2024-01
LREN3,SIDEWAYS_CALM,-0.04580453945777893,0,MAX_DAYS,15,13.810433387756348,13.186139106750488,0.4676193847180753,TRAIN,2024-01
LREN3,BEAR_CALM,0.0446022729978316,1,MAX_DAYS,15,12.120612144470215,12.66849136352539,0.5018788056587032,TEST,2024-01
ITSA4,BULL_CALM,0.02090512040365293,1,MAX_DAYS,15,8.293704986572266,8.115347862243652,0.12392505279077705,TRAIN,2024-01
ITSA4,SIDEWAYS_CALM,-0.03072058079572498,0,STOP_LOSS,10,8.380112648010254,8.127698787918584,0.11673161371278175,TRAIN,2024-01
ITSA4,BULL_CALM,-0.03379591573248373,0,STOP_LOSS,10,8.27382755279541,8.548484835023109,0.1376765335449326,TRAIN,2024-01
ITSA4,SIDEWAYS_CALM,-0.038419051342315796,0,STOP_LOSS,6,9.162651062011719,8.816128291065773,0.17877163699104973,TRAIN,2024-01
ITSA4,SIDEWAYS_VOLATILE,0.08560694027964354,1,MAX_DAYS,15,7.896462440490723,8.577192306518555,0.14716756646134677,TEST,2024-01
LWSA3,BEAR_CALM,-0.10238569882059012,0,STOP_LOSS,3,5.434438705444336,5.987586846775651,0.27033539204685997,TRAIN,2024-01
LWSA3,BEAR_CALM,-0.09243668746265359,0,STOP_LOSS,8,5.706160545349121,5.182125662734169,0.24676781401849837,TRAIN,2024-01
LWSA3,BEAR_CALM,-0.045322657500866045,0,MAX_DAYS,15,5.424734592437744,5.6673431396484375,0.2405294016503213,TRAIN,2024-01
LWSA3,BEAR_CALM,-0.08136733140752936,0,STOP_LOSS,12,5.492664337158203,5.049036496328629,0.22805237334949707,TRAIN,2024-01
LWSA3,BEAR_CALM,-0.038172744379244505,0,MAX_DAYS,15,4.134055137634277,3.978727340698242,0.18817380897689098,TRAIN,2024-01
LWSA3,BEAR_VOLATILE,0.19242325738122884,1,MAX_DAYS,15,4.2452921867370605,3.425852060317993,0.22002179571667693,TRAIN,2024-01
LWSA3,BEAR_CALM,-0.08093034213930496,0,STOP_LOSS,4,3.287632942199707,3.0235362631243548,0.1382188483691691,TEST,2024-01
LWSA3,BEAR_CALM,0.07082852009119162,1,MAX_DAYS,15,3.317251205444336,3.0803048610687256,0.13610325099858053,TEST,2024-01
MGLU3,BEAR_CALM,-0.12117414674803811,0,STOP_LOSS,4,18.97738265991211,21.265564381642026,1.2207670271577586,TRAIN,2024-01
MGLU3,BEAR_CALM,0.10596924018307849,1,MAX_DAYS,15,18.160175323486328,20.095491409301758,1.2288132824413243,TRAIN,2024-01
MGLU3,BEAR_CALM,0.132733358282224,1,MAX_DAYS,15,20.386730194091797,17.668498992919922,0.9915993948268246,TRAIN,2024-01
MGLU3,BEAR_CALM,-0.10545961485415496,0,STOP_LOSS,7,12.299993515014648,11.010220932321609,0.5907990841802718,TRAIN,2024-01
MRVE3,BEAR_CALM,-0.048219033007380056,0,MAX_DAYS,15,7.769999980926514,7.400000095367432,0.24785712787083217,TRAIN,2024-01
MRVE3,BEAR_CALM,-0.016404616797630174,0,MAX_DAYS,15,6.960000038146973,6.849999904632568,0.3028570924486433,TRAIN,2024-01
MRVE3,BEAR_CALM,-0.02205924181388588,0,MAX_DAYS,15,6.989999771118164,7.139999866485596,0.2664286068507603,TRAIN,2024-01
MRVE3,BEAR_CALM,0.01567213801077652,1,MAX_DAYS,15,6.760000228881836,6.869999885559082,0.2585714203970773,TRAIN,2024-01
MRVE3,BEAR_CALM,0.027701813798515256,1,MAX_DAYS,15,5.300000190734863,5.449999809265137,0.23785717146737234,TEST,2024-01
MULT3,BULL_CALM,-0.002398559157395209,0,MAX_DAYS,15,25.81013298034668,25.76371192932129,0.62336920878542,TRAIN,2024-01
MULT3,SIDEWAYS_VOLATILE,0.07708715137540464,1,MAX_DAYS,15,26.172218322753906,24.138973236083984,0.6392847562377059,TRAIN,2024-01
MULT3,BEAR_CALM,-0.048451545555126145,0,STOP_LOSS,9,19.921035766601562,20.874288117092394,0.4842687534327827,TEST,2024-01
PETR3,BULL_CALM,0.06801766986752021,1,MAX_DAYS,15,30.493152618408203,32.58552169799805,0.6818864839782438,TRAIN,2024-01
PETR3,BULL_CALM,-0.05246785029567682,0,STOP_LOSS,10,34.19330596923828,35.966839244365005,0.897737674622421,TRAIN,2024-01
PETR3,SIDEWAYS_CALM,0.04622516163604339,1,MAX_DAYS,15,35.38723373413086,33.730220794677734,0.5620456226224009,TRAIN,2024-01
PETR3,BULL_CALM,-0.03733971160750041,0,STOP_LOSS,14,37.934104919433594,36.54041684460494,0.7480431124981983,TEST,2024-01
PETR3,BULL_CALM,-0.04284515609785845,0,STOP_LOSS,5,38.02719497680664,39.633659764565536,0.7460485243462865,TEST,2024-01
PCAR3,BEAR_VOLATILE,0.009156088483765963,1,MAX_DAYS,15,4.099999904632568,4.139999866485596,0.3957140956606184,TRAIN,2024-01
PCAR3,BEAR_CALM,-0.040204001686713106,0,MAX_DAYS,15,3.0299999713897705,3.1500000953674316,0.15214284828730992,TRAIN,2024-01
PCAR3,SIDEWAYS_CALM,-0.10809190072986813,0,STOP_LOSS,10,3.069999933242798,3.4000000613076344,0.22214291776929582,TRAIN,2024-01
PCAR3,BEAR_CALM,-0.022339109777848306,0,MAX_DAYS,15,2.759999990463257,2.700000047683716,0.12642850194658553,TEST,2024-01
PCAR3,BEAR_VOLATILE,-0.1114193836656904,0,STOP_LOSS,12,2.7200000286102295,2.4185713018689836,0.13142856529780797,TEST,2024-01
PETR4,BULL_CALM,0.05766772102006658,1,MAX_DAYS,15,28.800355911254883,30.478487014770508,0.5658564016140478,TRAIN,2024-01
PETR4,BULL_CALM,-0.052099762025749,0,STOP_LOSS,7,30.453866958618164,32.02223385975082,0.7032393771445992,TRAIN,2024-01
PETR4,BULL_CALM,-0.050795110185279053,0,STOP_LOSS,10,31.154720306396484,32.71853492496761,0.788948685270859,TRAIN,2024-01
PETR4,SIDEWAYS_CALM,0.02266217724989403,1,MAX_DAYS,15,31.723880767822266,30.98591423034668,0.5019885986861448,TRAIN,2024-01
PETR4,BULL_CALM,-0.0046563774661633524,0,MAX_DAYS,15,34.25478744506836,34.39373779296875,0.5227014511894933,TEST,2024-01
PETR4,SIDEWAYS_VOLATILE,0.08860938026287958,1,MAX_DAYS,15,34.68088912963867,31.58702850341797,0.7979471380516205,TEST,2024-01
PRIO3,BULL_CALM,-0.009063610869105225,0,MAX_DAYS,15,46.08000183105469,45.689998626708984,1.2378575461251395,TRAIN,2024-01
PRIO3,BEAR_VOLATILE,0.1520541110153259,1,PROFIT_TARGET,10,48.119998931884766,40.774283272879465,1.2957142421177454,TRAIN,2024-01
RADL3,BULL_CALM,-0.04050403765874143,0,STOP_LOSS,4,28.129125595092773,27.006659908038724,0.5893051013932278,TRAIN,2024-01
RADL3,BEAR_VOLATILE,-0.06379900806590941,0,STOP_LOSS,13,24.271835327148438,22.73787941053356,0.7368902601458129,TRAIN,2024-01
RAIL3,SIDEWAYS_CALM,-0.05577633015658835,0,STOP_LOSS,3,21.72266387939453,20.524087005304462,0.6419086696237412,TRAIN,2024-01
RAIL3,BEAR_CALM,-0.057972999453735186,0,STOP_LOSS,3,16.65692901611328,17.612586995455654,0.47919808431255856,TEST,2024-01
RAIZ4,BEAR_CALM,0.04066987635083043,1,MAX_DAYS,15,3.1500000953674316,3.0199999809265137,0.0950000626700265,TRAIN,2024-01
RDOR3,BEAR_CALM,-0.06485663336256409,0,STOP_LOSS,12,24.417253494262695,22.84828298876107,0.8151945209021917,TRAIN,2024-01
RECV3,BULL_VOLATILE,0.14294753048810283,1,MAX_DAYS,15,16.785900115966797,19.19547462463379,0.7944993979192996,TRAIN,2024-01
RECV3,SIDEWAYS_CALM,0.07292302370368267,1,MAX_DAYS,15,18.538318634033203,17.175325393676758,0.721481831761192,TRAIN,2024-01
RECV3,BULL_CALM,-0.06539035650147099,0,STOP_LOSS,8,16.421833038330078,17.48580945529112,0.5440671220293837,TRAIN,2024-01
RECV3,BEAR_CALM,-0.03146427404904011,0,MAX_DAYS,15,15.233007431030273,14.76285171508789,0.4983640157132689,TRAIN,2024-01
RECV3,BEAR_CALM,0.03301857989874353,1,MAX_DAYS,15,15.383456230163574,14.866286277770996,0.41910916498441114,TEST,2024-01
RECV3,SIDEWAYS_CALM,-0.05868083104057432,0,MAX_DAYS,15,14.894495010375977,15.7595796585083,0.4083630076336454,TEST,2024-01
RENT3,BEAR_VOLATILE,-0.06741192964696839,0,STOP_LOSS,7,41.32770538330078,38.56652163876105,2.1384041585138895,TRAIN,2024-01
RENT3,BEAR_CALM,0.03237744326792893,1,MAX_DAYS,15,40.025962829589844,41.345916748046875,1.6421438520115628,TRAIN,2024-01
RENT3,BEAR_CALM,-0.020619426790612,0,MAX_DAYS,15,29.796077728271484,30.392578125,1.1325227485124751,TEST,2024-01
RENT3,BEAR_VOLATILE,-0.09231948206961976,0,STOP_LOSS,5,29.29578971862793,26.608795058814884,1.4080949076112357,TEST,2024-01
SANB11,BULL_VOLATILE,0.0726311745306437,1,MAX_DAYS,15,28.34905433654785,26.273019790649414,0.5552341754392808,TRAIN,2024-01
SANB11,BEAR_CALM,0.10728281387454888,1,MAX_DAYS,15,22.223567962646484,24.621109008789062,0.4866433160451949,TEST,2024-01
SBSP3,BULL_CALM,-0.03912960496026417,0,STOP_LOSS,2,69.82598876953125,72.51635653278113,1.581660667437399,TRAIN,2024-01
SBSP3,BULL_CALM,-0.03445464845693334,0,STOP_LOSS,1,74.85498046875,77.38916951777014,1.455868196988618,TRAIN,2024-01
SLCE3,BEAR_CALM,-0.04678729855133913,0,STOP_LOSS,3,17.074745178222656,16.286108824988048,0.406873022714239,TRAIN,2024-01
SLCE3,SIDEWAYS_CALM,-0.0483146747828563,0,STOP_LOSS,2,16.83294677734375,17.636125358461836,0.4592751665026208,TRAIN,2024-01
SMFT3,BULL_CALM,0.009570911154119222,1,MAX_DAYS,15,22.899635314941406,23.132545471191406,0.7792476346809727,TRAIN,2024-01
SMFT3,BULL_CALM,0.00501368167137244,1,MAX_DAYS,15,23.23502540588379,23.104591369628906,0.722684231182859,TRAIN,2024-01
SMFT3,SIDEWAYS_CALM,0.0918900652905512,1,MAX_DAYS,15,23.570411682128906,21.390382766723633,0.790560523699783,TRAIN,2024-01
SMFT3,BEAR_CALM,-0.06543028158867817,0,STOP_LOSS,8,20.85652732849121,19.504392788823164,0.5511418922427959,TRAIN,2024-01
SMFT3,BEAR_VOLATILE,-0.06412157448058546,0,STOP_LOSS,15,20.108312606811523,18.83100092987905,0.6887603692910841,TRAIN,2024-01
SMFT3,SIDEWAYS_CALM,-0.07248160545928818,0,STOP_LOSS,6,18.12618637084961,19.429125748040548,0.6227281072024307,TEST,2024-01
SUZB3,BULL_CALM,-0.03935101172957799,0,STOP_LOSS,7,62.45000076293945,60.03000005086263,1.3969997406005858,TEST,2024-01
SUZB3,BULL_CALM,0.043715966211140676,1,MAX_DAYS,15,62.279998779296875,59.52000045776367,1.3192852565220423,TEST,2024-01
TOTS3,BULL_CALM,0.03207182317371945,1,MAX_DAYS,15,31.85333824157715,30.812631607055664,0.8072757449802835,TRAIN,2024-01
TOTS3,SIDEWAYS_CALM,0.03203163652915189,1,MAX_DAYS,15,27.719697952270508,28.624237060546875,0.83089668387259,TRAIN,2024-01
TIMS3,BULL_CALM,-0.025227696009479248,0,MAX_DAYS,15,15.00727367401123,15.37686824798584,0.2535595312389332,TRAIN,2024-01
TIMS3,BULL_CALM,0.08848080938705746,1,MAX_DAYS,15,14.955699920654297,16.287965774536133,0.40643148862476547,TRAIN,2024-01
TIMS3,BULL_CALM,0.03503158707964751,1,MAX_DAYS,15,16.059850692749023,15.4876127243042,0.30252805127259147,TRAIN,2024-01
TIMS3,BEAR_VOLATILE,-0.03473518107058178,0,STOP_LOSS,1,13.36623764038086,12.909978698294033,0.3005271799852827,TEST,2024-01
TIMS3,BEAR_CALM,-0.04609830103591115,0,STOP_LOSS,5,13.36623764038086,13.974378744260434,0.3044640389351793,TEST,2024-01
TAEE11,BULL_VOLATILE,-0.028682319513823402,0,STOP_LOSS,13,30.61829376220703,31.478126470605435,0.5101200696628477,TRAIN,2024-01
UGPA3,BULL_CALM,0.06613685494010123,1,MAX_DAYS,15,25.685571670532227,23.971397399902344,0.677293113614805,TRAIN,2024-01
UGPA3,BEAR_CALM,0.068256927694365,1,MAX_DAYS,15,20.04683494567871,21.42719841003418,0.7159585811382164,TRAIN,2024-01
UGPA3,BEAR_CALM,-0.07248779027478507,0,STOP_LOSS,2,15.179945945739746,16.27119871626966,0.604596682395602,TEST,2024-01
USIM5,BULL_CALM,0.11072806798368812,1,MAX_DAYS,15,9.89859676361084,8.796605110168457,0.47849649302225966,TRAIN,2024-01
USIM5,BEAR_CALM,0.08763528953443707,1,MAX_DAYS,15,6.119999885559082,6.659999847412109,0.2235715048653739,TRAIN,2024-01
USIM5,BEAR_CALM,0.1267584788954952,1,MAX_DAYS,15,6.360000133514404,5.550000190734863,0.1964285033089774,TRAIN,2024-01
VIVT3,BULL_VOLATILE,-0.05103254017142103,0,STOP_LOSS,12,24.204818725585938,22.98410823286586,0.49539420348934243,TRAIN,2024-01
VALE3,SIDEWAYS_CALM,0.06642037347093564,1,MAX_DAYS,15,52.115577697753906,55.60838317871094,1.053897479939078,TRAIN,2024-01
VBBR3,BULL_CALM,-0.011431783903039821,0,MAX_DAYS,15,18.566556930541992,18.76766586303711,0.4573833369405954,TRAIN,2024-01
VBBR3,BEAR_CALM,0.09173354770301446,1,MAX_DAYS,15,15.451946258544922,14.025213241577148,0.48113623538447736,TEST,2024-01
VBBR3,BEAR_CALM,-0.06438433120735425,0,STOP_LOSS,4,15.02824878692627,15.986815585018094,0.5076945635030882,TEST,2024-01
VBBR3,BEAR_CALM,0.027855233782767407,1,MAX_DAYS,15,14.889899253845215,15.313594818115234,0.56019317950639,TEST,2024-01
WEGE3,BULL_CALM,-0.016732107917041307,0,MAX_DAYS,15,51.83195877075195,50.99580001831055,1.3160422756885666,TEST,2024-01
YDUQ3,BULL_CALM,0.06980905806654271,1,MAX_DAYS,15,19.843355178833008,18.446203231811523,0.7531951766365353,TRAIN,2024-01
YDUQ3,BEAR_CALM,0.09365068492779084,1,MAX_DAYS,15,10.195296287536621,9.234382629394531,0.445451988225522,TRAIN,2024-01
YDUQ3,BEAR_VOLATILE,0.03867486619450074,1,MAX_DAYS,15,9.541874885559082,9.916630744934082,0.526443577301838,TRAIN,2024-01
YDUQ3,BEAR_VOLATILE,0.19712945940461996,1,MAX_DAYS,15,10.156859397888184,8.14854907989502,0.5401708975666979,TRAIN,2024-01
YDUQ3,BEAR_CALM,0.19730452200518786,1,MAX_DAYS,15,8.254250526428223,9.88780403137207,0.4653567440087278,TEST,2024-01
ABEV3,BEAR_CALM,-0.01858852783720277,0,MAX_DAYS,15,11.147822380065918,10.94728946685791,0.17579225028734577,TRAIN,2024-04
ABEV3,BEAR_VOLATILE,-0.04019696576458697,0,STOP_LOSS,13,10.983750343322754,10.548827157011432,0.18816260482521038,TRAIN,2024-04
ABEV3,BULL_CALM,0.05775166320919316,1,MAX_DAYS,15,13.310168266296387,14.086838722229004,0.3377124213514278,TEST,2024-04
ALOS3,BEAR_CALM,-0.04784834134521338,0,STOP_LOSS,3,20.737131118774414,19.757336069154114,0.4970353541893683,TRAIN,2024-04
ALOS3,BEAR_CALM,-0.023822688595380875,0,MAX_DAYS,15,19.72439956665039,19.266345977783203,0.5007885537504198,TRAIN,2024-04
ALOS3,SIDEWAYS_CALM,-0.052511439313611526,0,STOP_LOSS,15,19.911361694335938,20.944989138582827,0.4633967022196376,TRAIN,2024-04
ALOS3,BULL_VOLATILE,0.09444759558485707,1,MAX_DAYS,15,18.797943115234375,20.58464241027832,0.5172300718439019,TEST,2024-04
ASAI3,BULL_CALM,0.036935374871344566,1,MAX_DAYS,15,13.86809253692627,13.347548484802246,0.4377625244815884,TRAIN,2024-04
ASAI3,BULL_CALM,-0.14775450538423993,0,STOP_LOSS,12,8.187090873718262,9.391858181776097,0.3951668237134645,TEST,2024-04
AURE3,BEAR_VOLATILE,0.15610850126470127,1,MAX_DAYS,15,7.599148750305176,8.789999961853027,0.2847589335686854,TEST,2024-04
AZUL4,BEAR_VOLATILE,0.29474884150745606,1,PROFIT_TARGET,15,12.899999618530273,9.089999675750732,0.6985714094979423,TRAIN,2024-04
AZUL4,BEAR_CALM,0.1974360084625717,1,MAX_DAYS,15,6.110000133514404,4.900000095367432,0.302142790385655,TRAIN,2024-04
AZUL4,BEAR_CALM,-0.1223906568800474,0,STOP_LOSS,2,4.340000152587891,3.8114286831447055,0.25428569316864014,TRAIN,2024-04
AZUL4,BEAR_VOLATILE,0.3633960860676479,1,PROFIT_TARGET,7,3.369999885559082,2.143333117167155,0.26071432658604216,TEST,2024-04
B3SA3,BEAR_CALM,-0.05764526967839813,0,STOP_LOSS,7,11.25838851928711,10.616150710060195,0.30971890500378496,TRAIN,2024-04
B3SA3,BULL_CALM,-0.07856953308407869,0,STOP_LOSS,6,12.032827377319336,12.971021309610244,0.4470467071631686,TEST,2024-04
B3SA3,BULL_CALM,-0.0606849533641121,0,STOP_LOSS,7,13.634566307067871,14.453798587767938,0.3964944738415908,TEST,2024-04
BBDC3,SIDEWAYS_CALM,0.05048428052800053,1,MAX_DAYS,15,11.922506332397461,11.313453674316406,0.25867303932557384,TRAIN,2024-04
BBDC3,BEAR_CALM,0.01048202857634837,1,MAX_DAYS,15,9.941439628601074,10.051610946655273,0.2309860409570858,TRAIN,2024-04
BBAS3,BULL_CALM,-0.03776438651513248,0,STOP_LOSS,6,25.262781143188477,24.32390538033582,0.5015443023732801,TRAIN,2024-04
BBAS3,BULL_CALM,-0.04699195254107564,0,STOP_LOSS,12,27.41305923461914,28.684804577637287,0.5175960099450345,TEST,2024-04
BBSE3,SIDEWAYS_CALM,0.019914375958073445,1,MAX_DAYS,15,27.983417510986328,27.40935516357422,0.4400337193768217,TRAIN,2024-04
BBSE3,BULL_CALM,-0.028136104746596353,0,STOP_LOSS,6,28.137643814086914,28.91244492147403,0.5030696031976234,TRAIN,2024-04
BBSE3,BULL_CALM,0.03865464385867754,1,MAX_DAYS,15,38.036827087402344,39.52994918823242,0.7526366513843458,TEST,2024-04
BBDC4,BEAR_CALM,-0.04295798771305307,0,STOP_LOSS,6,12.231619834899902,11.713513032222476,0.2391729359478563,TRAIN,2024-04
BBDC4,SIDEWAYS_CALM,-0.027832444530930336,0,STOP_LOSS,2,11.22701358795166,11.532752612733555,0.2211530222615076,TRAIN,2024-04
BBDC4,BULL_CALM,-0.00791382709276264,0,MAX_DAYS,15,13.64918327331543,13.749011039733887,0.2579970621881304,TRAIN,2024-04
BBDC4,BEAR_CALM,-0.001473186318888269,0,MAX_DAYS,15,10.980751037597656,10.971162796020508,0.2604124616247415,TRAIN,2024-04
BEEF3,BEAR_VOLATILE,-0.09077223979368261,0,STOP_LOSS,9,5.639999866485596,5.131428446088519,0.31428572109767366,TRAIN,2024-04
BPAC11,SIDEWAYS_CALM,-0.05687121313503128,0,STOP_LOSS,6,33.88092803955078,31.974407116624562,0.9449072621373612,TRAIN,2024-04
BPAC11,SIDEWAYS_CALM,0.08525876247517387,1,MAX_DAYS,15,30.707311630249023,33.34380340576172,0.7795917058055372,TRAIN,2024-04
BPAC11,BULL_CALM,-0.09394908767199414,0,STOP_LOSS,11,33.52572250366211,36.65531811292341,1.0161438156404454,TEST,2024-04
BRAP4,BEAR_CALM,0.013315566916139426,1,MAX_DAYS,15,16.794401168823242,17.028104782104492,0.4311425751546104,TRAIN,2024-04
BRAP4,BEAR_CALM,-0.03151459406136131,0,STOP_LOSS,6,16.11920928955078,15.620890477774195,0.24794059091320278,TRAIN,2024-04
BRAP4,BEAR_CALM,0.03468766000317854,1,MAX_DAYS,15,15.709833145141602,16.264196395874023,0.3234803016711409,TRAIN,2024-04
BRKM5,BEAR_CALM,-0.056703031697153766,0,STOP_LOSS,10,18.40999984741211,17.377143042428152,0.5942855562482562,TRAIN,2024-04
BRKM5,SIDEWAYS_CALM,0.1373897910819703,1,MAX_DAYS,15,17.610000610351562,20.040000915527344,0.8164287294660296,TRAIN,2024-04
BRKM5,BEAR_CALM,-0.10601307548201083,0,MAX_DAYS,15,10.529999732971191,9.420000076293945,0.3978571891784668,TEST,2024-04
CMIN3,BEAR_CALM,0.022476980416096345,1,MAX_DAYS,15,4.285979747772217,4.187072277069092,0.10420582030025148,TRAIN,2024-04
CMIN3,BEAR_VOLATILE,-0.07999163618545063,0,STOP_LOSS,4,4.381021976470947,4.033205473594502,0.14579017972222807,TRAIN,2024-04
CMIG4,BULL_CALM,-0.038788144160621624,0,STOP_LOSS,2,8.330516815185547,8.648643792256335,0.16389688634273192,TRAIN,2024-04
CMIG4,BULL_VOLATILE,0.08804532779311075,1,MAX_DAYS,15,8.278157234191895,9.011977195739746,0.21319660926632597,TRAIN,2024-04
CMIG4,BULL_CALM,-0.015421209000381915,0,MAX_DAYS,15,10.008323669433594,9.85998821258545,0.24431806611500967,TRAIN,2024-04
COGN3,BEAR_CALM,-0.09373337788431224,0,STOP_LOSS,4,1.7622674703598022,1.5981415481095518,0.07024033561878552,TRAIN,2024-04
COGN3,BEAR_CALM,0.08028238670170199,1,MAX_DAYS,15,1.3241347074508667,1.4312338829040527,0.08484474672515131,TRAIN,2024-04
CPLE6,SIDEWAYS_VOLATILE,-0.046007115538517544,0,STOP_LOSS,2,9.175002098083496,8.758391717749678,0.22793846883115823,TRAIN,2024-04
CPLE6,SIDEWAYS_CALM,-0.04206453812610359,0,STOP_LOSS,9,9.130000114440918,9.508571352277484,0.21857145854404994,TRAIN,2024-04
CPLE6,BULL_VOLATILE,0.09436676404167729,1,MAX_DAYS,15,10.529999732971191,11.529999732971191,0.2821428435189383,TEST,2024-04
CSAN3,BEAR_CALM,0.07028606408543725,1,MAX_DAYS,15,15.26285171508789,14.180928230285645,0.39675133421750086,TRAIN,2024-04
CSAN3,BEAR_CALM,0.017768846899812132,1,MAX_DAYS,15,13.609999656677246,13.359999656677246,0.3578570910862514,TRAIN,2024-04
CSAN3,BEAR_CALM,-0.05802946402652079,0,STOP_LOSS,4,12.960000038146973,13.704285894121442,0.3778571401323591,TRAIN,2024-04
CPFE3,BEAR_CALM,0.0003123716034780107,1,MAX_DAYS,15,32.880001068115234,32.90999984741211,0.5885715484619141,TRAIN,2024-04
CPFE3,SIDEWAYS_CALM,0.03312836874804324,1,MAX_DAYS,15,32.90999984741211,34.02000045776367,0.653571537562779,TRAIN,2024-04
CPFE3,SIDEWAYS_CALM,-0.003972183137751155,0,MAX_DAYS,15,32.619998931884766,32.5099983215332,0.6171433585030692,TRAIN,2024-04
CPFE3,BULL_CALM,0.016195904730352657,1,MAX_DAYS,15,38.70000076293945,38.04999923706055,0.9128567831856864,TEST,2024-04
CPFE3,BULL_VOLATILE,-0.05142096096599793,0,STOP_LOSS,5,38.369998931884766,40.31999914986746,0.986428941999163,TEST,2024-04
CSNA3,SIDEWAYS_CALM,0.07306366351685604,1,MAX_DAYS,15,13.850504875183105,12.830225944519043,0.4153344380031155,TRAIN,2024-04
CSNA3,BEAR_CALM,-0.04474783246525315,0,MAX_DAYS,15,11.090383529663086,11.579999923706055,0.4464286395481655,TRAIN,2024-04
CVCB3,BEAR_VOLATILE,-0.11503152323124868,0,STOP_LOSS,13,1.9600000381469727,1.735714248248509,0.0821428554398673,TRAIN,2024-04
CVCB3,BEAR_CALM,0.11478456688971031,1,MAX_DAYS,15,2.0799999237060547,1.840000033378601,0.09642854758671351,TRAIN,2024-04
CVCB3,BEAR_CALM,0.02125790213933768,1,MAX_DAYS,15,1.8300000429153442,1.8700000047683716,0.10714283159800939,TRAIN,2024-04
CVCB3,BULL_CALM,-0.10793589564262426,0,STOP_LOSS,4,1.850000023841858,2.0485714333398,0.09285712242126465,TRAIN,2024-04
CVCB3,BULL_CALM,-0.014488875091517962,0,MAX_DAYS,15,2.1600000858306885,2.190000057220459,0.11571426051003593,TEST,2024-04
CVCB3,BULL_CALM,0.15255311251692155,1,MAX_DAYS,15,2.2200000286102295,2.559999942779541,0.12000003882816859,TEST,2024-04
CXSE3,BULL_CALM,-0.054888814102364035,0,STOP_LOSS,6,13.127958297729492,13.840659585298516,0.3496988633923706,TRAIN,2024-04
CXSE3,BULL_VOLATILE,0.09180784439275007,1,MAX_DAYS,15,13.333216667175293,14.56531047821045,0.37593675438244795,TRAIN,2024-04
CXSE3,SIDEWAYS_CALM,-0.040056755908794914,0,STOP_LOSS,13,12.76679515838623,12.2630588380842,0.2716343421767102,TRAIN,2024-04
CXSE3,BULL_CALM,-0.05902698580542263,0,STOP_LOSS,9,14.190752029418945,15.019874896810078,0.3597599884607506,TEST,2024-04
CXSE3,SIDEWAYS_CALM,0.0626257926755658,1,MAX_DAYS,15,14.827975273132324,13.890464782714844,0.277426557283321,TEST,2024-04
CYRE3,SIDEWAYS_VOLATILE,0.0885688299059276,1,MAX_DAYS,15,22.163972854614258,20.187637329101562,0.7789205770209845,TRAIN,2024-04
CYRE3,BULL_CALM,-0.06304694795070219,0,STOP_LOSS,2,19.35407066345215,20.562673306806957,0.6481013446200146,TRAIN,2024-04
CYRE3,BULL_CALM,0.04054373029053355,1,MAX_DAYS,15,23.39734649658203,24.360000610351562,0.8432346881403926,TEST,2024-04
CYRE3,BULL_CALM,-0.020798028866607365,0,MAX_DAYS,15,25.25,24.739999771118164,0.7621427263532367,TEST,2024-04
CYRE3,BULL_CALM,-0.059184944615977904,0,STOP_LOSS,9,25.360000610351562,26.845714841570175,0.7114289147513253,TEST,2024-04
DIRR3,BULL_VOLATILE,0.08988361440090993,1,MAX_DAYS,15,7.222487449645996,6.568970680236816,0.24667837421555694,TRAIN,2024-04
DIRR3,BULL_CALM,-0.048723781105876815,0,STOP_LOSS,7,9.130579948425293,9.56997797923302,0.2184028415732735,TRAIN,2024-04
DIRR3,BULL_CALM,-0.08009694613982957,0,STOP_LOSS,2,9.103360176086426,8.379670842476614,0.40332168773074173,TRAIN,2024-04
DIRR3,BULL_VOLATILE,0.07717771805691884,1,MAX_DAYS,15,10.291046142578125,11.091460227966309,0.35233675068687614,TEST,2024-04
ECOR3,BEAR_CALM,0.020103957285685568,1,MAX_DAYS,15,4.613611698150635,4.709131717681885,0.2606329625877915,TRAIN,2024-04
ECOR3,BULL_VOLATILE,0.2063564948633867,1,MAX_DAYS,15,5.492394924163818,6.629081726074219,0.2811014695115836,TEST,2024-04
EGIE3,BEAR_CALM,0.04346393189335767,1,MAX_DAYS,15,24.355222702026367,25.428409576416016,0.4740970778368427,TRAIN,2024-04
EGIE3,BULL_CALM,0.004131050947467923,1,MAX_DAYS,15,28.055179595947266,28.187910079956055,0.5384093803771063,TEST,2024-04
ELET3,BEAR_VOLATILE,0.10040276595489879,1,MAX_DAYS,15,35.99472427368164,32.35915756225586,0.7979127488209217,TRAIN,2024-04
ELET3,BULL_CALM,0.07404512545354518,1,MAX_DAYS,15,37.27685546875,40.059391021728516,0.931203678860202,TEST,2024-04
ELET6,BEAR_VOLATILE,0.0829150265463416,1,MAX_DAYS,15,38.81324768066406,35.57175827026367,0.791934207817107,TRAIN,2024-04
ELET6,BULL_CALM,-0.051836056573301634,0,STOP_LOSS,9,41.36933135986328,43.4889327618169,1.033537875799929,TEST,2024-04
EMBR3,BULL_CALM,-0.05687084865314204,0,STOP_LOSS,6,32.58647155761719,30.752803148458593,0.9454558220395993,TRAIN,2024-04
EMBR3,BULL_CALM,-0.05698744230084624,0,STOP_LOSS,4,32.11695861816406,33.927951769124455,0.9461687536971566,TRAIN,2024-04
EMBR3,BULL_CALM,-0.03709778888712891,0,MAX_DAYS,15,48.71987533569336,50.498043060302734,1.3949937092715032,TRAIN,2024-04
ENGI11,BEAR_CALM,0.05073694823215312,1,MAX_DAYS,15,38.39497375488281,36.423892974853516,0.9151438649056638,TRAIN,2024-04
ENGI11,BEAR_VOLATILE,-0.04055677972868517,0,STOP_LOSS,4,38.02539825439453,36.50602579224816,0.7632057606926814,TRAIN,2024-04
EZTC3,SIDEWAYS_CALM,0.0227711091770863,1,MAX_DAYS,15,12.234444618225098,12.520377159118652,0.39114581031987405,TRAIN,2024-04
EZTC3,SIDEWAYS_VOLATILE,0.16508818030356073,1,MAX_DAYS,15,14.163016319274902,11.81637191772461,0.5391474328877022,TEST,2024-04
EQTL3,BEAR_CALM,-0.04487721284302843,0,STOP_LOSS,14,29.55322265625,28.24468832650181,0.5965954275983528,TRAIN,2024-04
EQTL3,BULL_VOLATILE,0.12199826279299386,1,MAX_DAYS,15,30.956411361694336,34.75161361694336,0.7444747534705246,TEST,2024-04
GGBR4,SIDEWAYS_CALM,0.05578740707714904,1,MAX_DAYS,15,17.291744232177734,18.266780853271484,0.5901587674431631,TRAIN,2024-04
GGBR4,BEAR_CALM,-0.04387977590126069,0,STOP_LOSS,2,16.396902084350586,15.687247836664978,0.4026454763807757,TRAIN,2024-04
GGBR4,SIDEWAYS_VOLATILE,0.15312361860370372,1,PROFIT_TARGET,6,14.916153907775879,17.209119062128963,0.5232878879751254,TEST,2024-04
FLRY3,BEAR_CALM,0.012858987840272004,1,MAX_DAYS,15,12.685956001281738,12.515215873718262,0.2780613997794574,TRAIN,2024-04
FLRY3,BEAR_CALM,0.005628290294732091,1,MAX_DAYS,15,12.33594036102295,12.412772178649902,0.3195267700362949,TRAIN,2024-04
FLRY3,BEAR_VOLATILE,-0.06469334289244971,0,STOP_LOSS,6,10.533699989318848,9.858559943977241,0.3648035722909771,TRAIN,2024-04
FLRY3,SIDEWAYS_CALM,-0.07095176138496238,0,STOP_LOSS,9,11.03014087677002,11.806130715775064,0.3437845165908127,TEST,2024-04
GOAU4,SIDEWAYS_CALM,-0.04114599395808741,0,STOP_LOSS,8,9.946219444274902,9.54294009078152,0.2513775146245087,TRAIN,2024-04
GOAU4,BEAR_CALM,-0.04067340531002953,0,STOP_LOSS,1,9.013120651245117,8.651934214279574,0.19782541336603213,TRAIN,2024-04
GOAU4,SIDEWAYS_CALM,0.13935202312325776,1,PROFIT_TARGET,6,8.145458221435547,9.285431578791425,0.2714225146114505,TEST,2024-04
HAPV3,BEAR_CALM,-0.09577765129535117,0,STOP_LOSS,4,59.099998474121094,53.47499942779541,2.724999745686849,TRAIN,2024-04
HAPV3,BULL_CALM,0.13821745819948117,1,MAX_DAYS,15,58.349998474121094,66.44999694824219,2.4750001089913503,TRAIN,2024-04
HAPV3,BULL_CALM,-0.06132230401586095,0,STOP_LOSS,2,67.04999542236328,62.97856521606445,2.207143783569336,TRAIN,2024-04
HAPV3,BEAR_VOLATILE,-0.10774287638568157,0,STOP_LOSS,3,35.39999771118164,31.607140132359095,1.971428734915597,TRAIN,2024-04
HAPV3,BEAR_CALM,-0.13640250620133643,0,STOP_LOSS,9,32.39999771118164,36.79999860127767,1.8535713468279158,TEST,2024-04
HYPE3,BEAR_CALM,-0.048761262111234,0,STOP_LOSS,15,27.145708084106445,28.45307964634014,0.7927327767406085,TRAIN,2024-04
HYPE3,BULL_VOLATILE,0.14647324464072098,1,MAX_DAYS,15,19.858579635620117,22.779245376586914,0.9230870480356851,TEST,2024-04
IGTI11,BULL_VOLATILE,0.1247680661357606,1,MAX_DAYS,15,18.05631446838379,20.31999969482422,0.6086737659197213,TEST,2024-04
IRBR3,BEAR_CALM,0.005557046723583099,1,MAX_DAYS,15,38.97999954223633,39.220001220703125,1.6999994005475725,TRAIN,2024-04
IRBR3,SIDEWAYS_CALM,-0.05614413050979739,0,STOP_LOSS,6,48.61000061035156,45.910000392368865,1.2921434129987444,TEST,2024-04
ITSA4,BULL_VOLATILE,0.06306331114761549,1,MAX_DAYS,15,8.59045696258545,8.043560028076172,0.14063036314316024,TRAIN,2024-04
ITSA4,BULL_CALM,-0.03379591573248373,0,STOP_LOSS,10,8.27382755279541,8.548484835023109,0.1376765335449326,TRAIN,2024-04
ITSA4,SIDEWAYS_CALM,-0.038419051342315796,0,STOP_LOSS,6,9.162651062011719,8.816128291065773,0.17877163699104973,TRAIN,2024-04
ITUB4,BULL_CALM,0.03732922605929066,1,MAX_DAYS,15,27.313156127929688,26.277189254760742,0.48450510766546173,TRAIN,2024-04
ITUB4,BULL_CALM,-0.03978113006631528,0,STOP_LOSS,5,26.695093154907227,25.649149237872404,0.4201404779978556,TRAIN,2024-04
ITUB4,SIDEWAYS_CALM,-0.03883045945932309,0,STOP_LOSS,11,29.397293090820312,28.273421069097868,0.544106957242853,TRAIN,2024-04
LREN3,SIDEWAYS_CALM,-0.06949804058154573,0,STOP_LOSS,8,14.367238998413086,13.377364382855655,0.510020535948923,TRAIN,2024-04
LREN3,BEAR_CALM,-0.07597855147397974,0,STOP_LOSS,12,12.514700889587402,11.571360864400178,0.6316395507029714,TRAIN,2024-04
LREN3,BULL_CALM,-0.1134526336478327,0,STOP_LOSS,11,12.449420928955078,13.854370868178107,0.5296437051388981,TEST,2024-04
KLBN11,BULL_CALM,-0.03678992572974111,0,STOP_LOSS,1,19.89566421508789,20.61568682537579,0.38848772436789175,TRAIN,2024-04
KLBN11,SIDEWAYS_CALM,0.047360605383220296,1,MAX_DAYS,15,21.399696350097656,20.373353958129883,0.46384037575329223,TRAIN,2024-04
LWSA3,BEAR_CALM,0.10654295610179068,1,MAX_DAYS,15,5.162716865539551,4.609568119049072,0.1920076120372178,TRAIN,2024-04
LWSA3,BEAR_CALM,-0.038172744379244505,0,MAX_DAYS,15,4.134055137634277,3.978727340698242,0.18817380897689098,TRAIN,2024-04
LWSA3,BEAR_VOLATILE,0.19242325738122884,1,MAX_DAYS,15,4.2452921867370605,3.425852060317993,0.22002179571667693,TRAIN,2024-04
LWSA3,BEAR_CALM,-0.1121241413336402,0,STOP_LOSS,2,2.655775785446167,2.9519588994927246,0.1678371148870432,TEST,2024-04
MGLU3,BEAR_VOLATILE,0.21408933922410456,1,MAX_DAYS,15,17.183101654052734,13.494072914123535,0.8806513469692663,TRAIN,2024-04
MGLU3,BEAR_CALM,-0.10545961485415496,0,STOP_LOSS,7,12.299993515014648,11.010220932321609,0.5907990841802718,TRAIN,2024-04
MGLU3,BEAR_CALM,0.15919952672077886,1,MAX_DAYS,15,10.164240837097168,8.539999961853027,0.5681937496794519,TEST,2024-04
MGLU3,BULL_CALM,0.023661656858306925,1,MAX_DAYS,15,9.479999542236328,9.710000038146973,0.4535715239388602,TEST,2024-04
MRVE3,BEAR_CALM,0.0820666514078776,1,MAX_DAYS,15,7.5,6.880000114440918,0.3049999305180141,TRAIN,2024-04
MRVE3,BEAR_CALM,-0.016404616797630174,0,MAX_DAYS,15,6.960000038146973,6.849999904632568,0.3028570924486433,TRAIN,2024-04
MRVE3,BEAR_CALM,-0.02205924181388588,0,MAX_DAYS,15,6.989999771118164,7.139999866485596,0.2664286068507603,TRAIN,2024-04
MRVE3,BEAR_CALM,0.01567213801077652,1,MAX_DAYS,15,6.760000228881836,6.869999885559082,0.2585714203970773,TRAIN,2024-04
MRVE3,BEAR_CALM,-0.1207825541623678,0,STOP_LOSS,4,4.929999828338623,5.5224997997283936,0.303333322207133,TEST,2024-04
MULT3,BEAR_VOLATILE,-0.0427986766633429,0,STOP_LOSS,3,23.336626052856445,22.351851315638612,0.5661745535734003,TRAIN,2024-04
PCAR3,BEAR_CALM,-0.040204001686713106,0,MAX_DAYS,15,3.0299999713897705,3.1500000953674316,0.15214284828730992,TRAIN,2024-04
PCAR3,SIDEWAYS_CALM,-0.10809190072986813,0,STOP_LOSS,10,3.069999933242798,3.4000000613076344,0.22214291776929582,TRAIN,2024-04
PCAR3,BULL_CALM,0.17168465355906246,1,MAX_DAYS,15,2.6700000762939453,3.130000114440918,0.12928574425833567,TRAIN,2024-04
PCAR3,BEAR_VOLATILE,-0.1114193836656904,0,STOP_LOSS,12,2.7200000286102295,2.4185713018689836,0.13142856529780797,TRAIN,2024-04
PETR3,BULL_VOLATILE,0.13053520340901256,1,MAX_DAYS,15,30.0931396484375,34.03940963745117,0.7928796094496542,TRAIN,2024-04
PETR3,BULL_CALM,-0.05246785029567682,0,STOP_LOSS,10,34.19330596923828,35.966839244365005,0.897737674622421,TRAIN,2024-04
PETR3,SIDEWAYS_CALM,0.04622516163604339,1,MAX_DAYS,15,35.38723373413086,33.730220794677734,0.5620456226224009,TRAIN,2024-04
PETR3,BULL_CALM,-0.04284515609785845,0,STOP_LOSS,5,38.02719497680664,39.633659764565536,0.7460485243462865,TRAIN,2024-04
PETR4,BULL_CALM,0.11103793971122877,1,MAX_DAYS,15,28.709646224975586,31.914731979370117,0.7380966285907105,TRAIN,2024-04
PETR4,BULL_CALM,-0.052099762025749,0,STOP_LOSS,7,30.453866958618164,32.02223385975082,0.7032393771445992,TRAIN,2024-04
PETR4,BULL_CALM,-0.050795110185279053,0,STOP_LOSS,10,31.154720306396484,32.71853492496761,0.788948685270859,TRAIN,2024-04
PETR4,SIDEWAYS_CALM,0.02266217724989403,1,MAX_DAYS,15,31.723880767822266,30.98591423034668,0.5019885986861448,TRAIN,2024-04
RADL3,BEAR_VOLATILE,-0.06379900806590941,0,STOP_LOSS,13,24.271835327148438,22.73787941053356,0.7368902601458129,TRAIN,2024-04
RADL3,BEAR_VOLATILE,0.020905454516483058,1,MAX_DAYS,15,19.15210723876953,19.563982009887695,0.9659406073856596,TEST,2024-04
PRIO3,BEAR_CALM,0.056514296056451405,1,MAX_DAYS,15,39.91999816894531,42.20000076293945,1.0692858014787947,TRAIN,2024-04
RAIL3,SIDEWAYS_VOLATILE,0.1394117123636555,1,MAX_DAYS,15,16.359827041625977,18.650394439697266,0.5599768502325914,TEST,2024-04
RAIZ4,BEAR_VOLATILE,0.09166189061255908,1,MAX_DAYS,15,3.359999895095825,3.049999952316284,0.10928572927202497,TRAIN,2024-04
RAIZ4,BEAR_CALM,0.04066987635083043,1,MAX_DAYS,15,3.1500000953674316,3.0199999809265137,0.0950000626700265,TRAIN,2024-04
RAIZ4,BEAR_CALM,-0.0006,0,MAX_DAYS,15,1.7699999809265137,1.7699999809265137,0.07071428639548165,TEST,2024-04
RAIZ4,BEAR_CALM,-0.09289537337641676,0,STOP_LOSS,1,1.7799999713897705,1.9442857333592005,0.09714287519454956,TEST,2024-04
RDOR3,BEAR_CALM,-0.07220398511634833,0,STOP_LOSS,7,24.359371185302734,22.615143133506713,0.7436438444880089,TRAIN,2024-04
RDOR3,SIDEWAYS_CALM,-0.06877526455121055,0,STOP_LOSS,5,23.934890747070312,25.566658255756153,0.7876309298087733,TRAIN,2024-04
RECV3,SIDEWAYS_CALM,0.013443325181486577,1,MAX_DAYS,15,17.986629486083984,17.734037399291992,0.6815701193382802,TRAIN,2024-04
RECV3,BULL_CALM,-0.06539035650147099,0,STOP_LOSS,8,16.421833038330078,17.48580945529112,0.5440671220293837,TRAIN,2024-04
RECV3,BEAR_CALM,-0.03146427404904011,0,MAX_DAYS,15,15.233007431030273,14.76285171508789,0.4983640157132689,TRAIN,2024-04
RECV3,SIDEWAYS_CALM,-0.05868083104057432,0,MAX_DAYS,15,14.894495010375977,15.7595796585083,0.4083630076336454,TRAIN,2024-04
RENT3,BEAR_VOLATILE,-0.061630103648969634,0,STOP_LOSS,9,48.30873489379883,45.36044779607969,1.4088673625038624,TRAIN,2024-04
RENT3,BEAR_VOLATILE,-0.06741192964696839,0,STOP_LOSS,7,41.32770538330078,38.56652163876105,2.1384041585138895,TRAIN,2024-04
RENT3,BEAR_CALM,0.03237744326792893,1,MAX_DAYS,15,40.025962829589844,41.345916748046875,1.6421438520115628,TRAIN,2024-04
SBSP3,BULL_CALM,0.054161689234224084,1,MAX_DAYS,15,80.32128143310547,75.9227523803711,1.5661647097699631,TRAIN,2024-04
SBSP3,BULL_VOLATILE,0.11081196836702789,1,MAX_DAYS,15,100.04348754882812,111.18952941894531,2.2446879361032623,TEST,2024-04
SLCE3,BULL_CALM,-0.07351665954245903,0,STOP_LOSS,4,18.200849533081055,19.52799468186825,0.6635724192534007,TEST,2024-04
SLCE3,BULL_CALM,0.022886470069060753,1,MAX_DAYS,15,19.15999984741211,18.709999084472656,0.42714323316301617,TEST,2024-04
SMFT3,BULL_CALM,-0.06118730125072771,0,STOP_LOSS,6,24.110759735107422,22.649953871652553,0.752931906734736,TRAIN,2024-04
SMFT3,BEAR_CALM,-0.06543028158867817,0,STOP_LOSS,8,20.85652732849121,19.504392788823164,0.5511418922427959,TRAIN,2024-04
SMFT3,BEAR_VOLATILE,-0.06412157448058546,0,STOP_LOSS,15,20.108312606811523,18.83100092987905,0.6887603692910841,TRAIN,2024-04
SMFT3,SIDEWAYS_CALM,-0.07248160545928818,0,STOP_LOSS,6,18.12618637084961,19.429125748040548,0.6227281072024307,TRAIN,2024-04
SMFT3,BULL_CALM,-0.09025741975942134,0,STOP_LOSS,6,20.0118465423584,21.80605706796775,0.7745541382036016,TEST,2024-04
SUZB3,BEAR_CALM,0.032707841166935134,1,MAX_DAYS,15,52.2400016784668,50.5,1.030714852469308,TEST,2024-04
TAEE11,SIDEWAYS_CALM,0.028504829214484825,1,MAX_DAYS,15,30.787363052368164,29.89130210876465,0.3749696849656551,TRAIN,2024-04
TAEE11,SIDEWAYS_CALM,-0.028474989131304834,0,STOP_LOSS,3,30.798809051513672,29.940292583945595,0.428919527498589,TRAIN,2024-04
TIMS3,BULL_VOLATILE,0.06526472007793464,1,MAX_DAYS,15,15.523173332214355,16.545602798461914,0.28513716125349436,TRAIN,2024-04
TIMS3,BULL_CALM,-0.0631179034460652,0,STOP_LOSS,8,16.685029983520508,17.728143077024946,0.41784505156643614,TEST,2024-04
TOTS3,BULL_VOLATILE,0.12305583995847655,1,MAX_DAYS,15,33.249046325683594,37.3604850769043,0.8703825569037852,TEST,2024-04
UGPA3,BEAR_CALM,0.068256927694365,1,MAX_DAYS,15,20.04683494567871,21.42719841003418,0.7159585811382164,TRAIN,2024-04
UGPA3,BEAR_CALM,0.09422776818902402,1,MAX_DAYS,15,14.953448295593262,16.371450424194336,0.604596682395602,TRAIN,2024-04
UGPA3,BEAR_CALM,0.005197186510088771,1,MAX_DAYS,15,16.18381118774414,16.089990615844727,0.568276166118514,TEST,2024-04
UGPA3,BEAR_CALM,0.07198071882634745,1,MAX_DAYS,15,16.28701400756836,15.104890823364258,0.4838387865081969,TEST,2024-04
USIM5,BULL_CALM,-0.06923319010510767,0,STOP_LOSS,7,9.830930709838867,9.156202573520355,0.47849649302225966,TRAIN,2024-04
USIM5,BEAR_CALM,0.08763528953443707,1,MAX_DAYS,15,6.119999885559082,6.659999847412109,0.2235715048653739,TRAIN,2024-04
USIM5,BEAR_CALM,0.1267584788954952,1,MAX_DAYS,15,6.360000133514404,5.550000190734863,0.1964285033089774,TRAIN,2024-04
USIM5,BEAR_CALM,-0.10179050440469341,0,STOP_LOSS,6,5.599999904632568,6.166666719648573,0.2957143102373396,TEST,2024-04
USIM5,BEAR_CALM,0.06547140926073976,1,MAX_DAYS,15,5.599999904632568,5.230000019073486,0.16000005177089147,TEST,2024-04
VALE3,SIDEWAYS_CALM,0.04051382487096365,1,MAX_DAYS,15,54.27982711791992,56.511478424072266,1.317144602741185,TRAIN,2024-04
VALE3,SIDEWAYS_CALM,0.06642037347093564,1,MAX_DAYS,15,52.115577697753906,55.60838317871094,1.053897479939078,TRAIN,2024-04
VBBR3,BULL_CALM,0.04673079628418883,1,MAX_DAYS,15,20.43286895751953,19.46576499938965,0.5049255222847601,TRAIN,2024-04
VBBR3,BEAR_CALM,-0.08244356944864366,0,STOP_LOSS,7,15.756656646728516,17.046237669273474,0.5906973998509047,TEST,2024-04
WEGE3,BULL_CALM,0.008373267447332898,1,MAX_DAYS,15,36.54781723022461,36.875770568847656,0.7186092089779531,TRAIN,2024-04
WEGE3,BULL_CALM,-0.016732107917041307,0,MAX_DAYS,15,51.83195877075195,50.99580001831055,1.3160422756885666,TRAIN,2024-04
WEGE3,BEAR_CALM,-0.06299448802039896,0,STOP_LOSS,9,44.50375747680664,47.28054663955599,1.189352010879023,TEST,2024-04
VIVT3,BULL_VOLATILE,0.07719763581848535,1,MAX_DAYS,15,24.946107864379883,26.886856079101562,0.7213280056827026,TEST,2024-04
YDUQ3,BEAR_CALM,0.09365068492779084,1,MAX_DAYS,15,10.195296287536621,9.234382629394531,0.445451988225522,TRAIN,2024-04
YDUQ3,BEAR_VOLATILE,0.03867486619450074,1,MAX_DAYS,15,9.541874885559082,9.916630744934082,0.526443577301838,TRAIN,2024-04
YDUQ3,BEAR_VOLATILE,0.19712945940461996,1,MAX_DAYS,15,10.156859397888184,8.14854907989502,0.5401708975666979,TRAIN,2024-04
YDUQ3,BULL_VOLATILE,0.18142274489116536,1,MAX_DAYS,15,12.097906112670898,14.300000190734863,0.7076677458695535,TEST,2024-04
ABEV3,BEAR_CALM,-0.02942095295191776,0,STOP_LOSS,9,10.43684196472168,10.737641695953524,0.15776213173646086,TRAIN,2024-07
ABEV3,SIDEWAYS_VOLATILE,0.08711933944891447,1,MAX_DAYS,15,13.400073051452637,12.224627494812012,0.2931615222353641,TEST,2024-07
ALOS3,SIDEWAYS_CALM,-0.04454240949390334,0,STOP_LOSS,2,19.855276107788086,20.727764781131025,0.5234921939245837,TRAIN,2024-07
ALOS3,SIDEWAYS_CALM,0.04321908891312611,1,MAX_DAYS,15,20.26658821105957,21.154651641845703,0.4540488132344197,TRAIN,2024-07
ALOS3,BULL_CALM,-0.05225473149549454,0,STOP_LOSS,12,21.84440803527832,20.716041003537995,0.43683214337205534,TEST,2024-07
ASAI3,BULL_CALM,-0.0789545727469024,0,MAX_DAYS,15,10.210000038146973,9.40999984741211,0.3014285905020578,TEST,2024-07
ASAI3,BULL_CALM,0.00856498527340348,1,MAX_DAYS,15,9.819999694824219,9.90999984741211,0.3242857115609305,TEST,2024-07
ASAI3,BULL_CALM,-0.07075809386726685,0,STOP_LOSS,4,10.119999885559082,9.409999983651298,0.36999988555908203,TEST,2024-07
BBDC3,SIDEWAYS_CALM,0.05048428052800053,1,MAX_DAYS,15,11.922506332397461,11.313453674316406,0.25867303932557384,TRAIN,2024-07
BBDC3,BEAR_CALM,0.01048202857634837,1,MAX_DAYS,15,9.941439628601074,10.051610946655273,0.2309860409570858,TRAIN,2024-07
BBDC3,BULL_CALM,-0.04097923432937604,0,STOP_LOSS,8,13.907487869262695,13.345914157656782,0.23765155286296347,TEST,2024-07
BBDC3,BULL_CALM,0.07454865572071177,1,MAX_DAYS,15,13.240903854370117,14.235939979553223,0.2783629407842522,TEST,2024-07
B3SA3,BULL_CALM,-0.0606849533641121,0,STOP_LOSS,7,13.634566307067871,14.453798587767938,0.3964944738415908,TRAIN,2024-07
AZUL4,BEAR_VOLATILE,0.37097472018505395,1,PROFIT_TARGET,10,7.820000171661377,4.914285796029227,0.5192857129233224,TRAIN,2024-07
AZUL4,BEAR_CALM,0.1974360084625717,1,MAX_DAYS,15,6.110000133514404,4.900000095367432,0.302142790385655,TRAIN,2024-07
AZUL4,BEAR_CALM,-0.1223906568800474,0,STOP_LOSS,2,4.340000152587891,3.8114286831447055,0.25428569316864014,TRAIN,2024-07
BBAS3,BULL_CALM,-0.04650197351691689,0,STOP_LOSS,5,27.354461669921875,28.610085445064147,0.5175960099450345,TRAIN,2024-07
BBAS3,BEAR_CALM,-0.04411768211548301,0,STOP_LOSS,4,21.944046020507812,20.989092001459824,0.447634697917088,TEST,2024-07
BBDC4,SIDEWAYS_CALM,0.08758507104059755,1,PROFIT_TARGET,11,11.13784122467041,12.120032544306866,0.2211530222615076,TRAIN,2024-07
BBDC4,BULL_CALM,-0.00791382709276264,0,MAX_DAYS,15,13.64918327331543,13.749011039733887,0.2579970621881304,TRAIN,2024-07
BBDC4,BEAR_CALM,-0.001473186318888269,0,MAX_DAYS,15,10.980751037597656,10.971162796020508,0.2604124616247415,TRAIN,2024-07
BBDC4,BULL_CALM,-0.04572417381440826,0,STOP_LOSS,9,16.14655113220215,15.417951352409428,0.2949003057168642,TEST,2024-07
BBDC4,BULL_CALM,0.07662001196622317,1,MAX_DAYS,15,15.461254119873047,16.65517234802246,0.3282806213382777,TEST,2024-07
BPAC11,BEAR_CALM,0.027782309566513747,1,MAX_DAYS,15,30.736391067504883,31.608760833740234,0.593348693935844,TRAIN,2024-07
BPAC11,BULL_CALM,-0.05620845737925057,0,STOP_LOSS,10,41.367767333984375,39.06736960731775,1.1491431229172993,TEST,2024-07
BEEF3,BEAR_CALM,-0.06477908068355392,0,MAX_DAYS,15,6.699999809265137,6.269999980926514,0.16142855371747697,TRAIN,2024-07
BEEF3,BEAR_VOLATILE,-0.09077223979368261,0,STOP_LOSS,9,5.639999866485596,5.131428446088519,0.31428572109767366,TRAIN,2024-07
BEEF3,BEAR_CALM,-0.06917145400274367,0,MAX_DAYS,15,5.25,4.889999866485596,0.1807142666407994,TEST,2024-07
BEEF3,BULL_CALM,-0.08681655065092406,0,STOP_LOSS,4,5.119999885559082,5.561428615025112,0.23285722732543945,TEST,2024-07
BRAP4,BEAR_CALM,-0.03184455669696322,0,STOP_LOSS,13,16.195968627929688,15.6899327678721,0.2369754845834921,TRAIN,2024-07
BRAP4,BEAR_CALM,0.03468766000317854,1,MAX_DAYS,15,15.709833145141602,16.264196395874023,0.3234803016711409,TRAIN,2024-07
BRKM5,BEAR_CALM,-0.056703031697153766,0,STOP_LOSS,10,18.40999984741211,17.377143042428152,0.5942855562482562,TRAIN,2024-07
BRKM5,SIDEWAYS_CALM,0.1373897910819703,1,MAX_DAYS,15,17.610000610351562,20.040000915527344,0.8164287294660296,TRAIN,2024-07
BRKM5,BEAR_CALM,-0.10601307548201083,0,MAX_DAYS,15,10.529999732971191,9.420000076293945,0.3978571891784668,TRAIN,2024-07
BRKM5,BEAR_CALM,-0.08211843846803056,0,STOP_LOSS,2,9.100000381469727,8.358182560313832,0.40923059903658354,TEST,2024-07
CMIG4,BULL_CALM,-0.015421209000381915,0,MAX_DAYS,15,10.008323669433594,9.85998821258545,0.24431806611500967,TRAIN,2024-07
CMIN3,BEAR_CALM,-0.012250498393340394,0,MAX_DAYS,15,5.0023603439331055,4.944080352783203,0.14223071956092959,TEST,2024-07
CMIN3,SIDEWAYS_CALM,-0.04841103784654827,0,STOP_LOSS,4,4.817807197570801,5.048151559831231,0.11586592016682092,TEST,2024-07
COGN3,BEAR_VOLATILE,0.10167267509736964,1,MAX_DAYS,15,1.7135860919952393,1.5383330583572388,0.06954489058458571,TRAIN,2024-07
COGN3,BEAR_CALM,0.08028238670170199,1,MAX_DAYS,15,1.3241347074508667,1.4312338829040527,0.08484474672515131,TRAIN,2024-07
COGN3,BULL_CALM,-0.06528542209551766,0,STOP_LOSS,4,2.859999895095825,2.6749995946884155,0.11125010251998901,TEST,2024-07
COGN3,BULL_CALM,0.06033192782018419,1,MAX_DAYS,15,2.7899999618530273,2.9600000381469727,0.10285712991441999,TEST,2024-07
CPLE6,SIDEWAYS_CALM,-0.04206453812610359,0,STOP_LOSS,9,9.130000114440918,9.508571352277484,0.21857145854404994,TRAIN,2024-07
CPLE6,BULL_CALM,-0.04876323883679449,0,STOP_LOSS,11,12.25,11.660000324249268,0.23285702296665736,TEST,2024-07
CPFE3,BEAR_CALM,-0.028017893493969756,0,MAX_DAYS,15,33.189998626708984,32.279998779296875,0.5600000108991351,TRAIN,2024-07
CPFE3,SIDEWAYS_CALM,0.03312836874804324,1,MAX_DAYS,15,32.90999984741211,34.02000045776367,0.653571537562779,TRAIN,2024-07
CPFE3,SIDEWAYS_CALM,-0.003972183137751155,0,MAX_DAYS,15,32.619998931884766,32.5099983215332,0.6171433585030692,TRAIN,2024-07
CPFE3,BULL_CALM,-0.03811230338705009,0,STOP_LOSS,2,40.52000045776367,39.00000190734863,0.9283326466878256,TEST,2024-07
CSAN3,BEAR_CALM,-0.05062060028772182,0,STOP_LOSS,10,13.880000114440918,13.185714176722936,0.309999942779541,TRAIN,2024-07
CSAN3,BEAR_CALM,0.017768846899812132,1,MAX_DAYS,15,13.609999656677246,13.359999656677246,0.3578570910862514,TRAIN,2024-07
CSAN3,BEAR_CALM,-0.05802946402652079,0,STOP_LOSS,4,12.960000038146973,13.704285894121442,0.3778571401323591,TRAIN,2024-07
CSNA3,BEAR_CALM,-0.048219022958766726,0,STOP_LOSS,12,12.394576072692871,11.804358470123129,0.313468168117768,TRAIN,2024-07
CSNA3,BEAR_CALM,-0.04474783246525315,0,MAX_DAYS,15,11.090383529663086,11.579999923706055,0.4464286395481655,TRAIN,2024-07
CSNA3,BEAR_CALM,-0.05013920392368848,0,MAX_DAYS,15,8.680000305175781,8.25,0.3164285251072475,TRAIN,2024-07
CSNA3,BEAR_CALM,-0.01537831123772482,0,MAX_DAYS,15,8.119999885559082,8.0,0.3600000653948103,TEST,2024-07
CVCB3,BEAR_VOLATILE,-0.11676958140547714,0,STOP_LOSS,13,1.9600000381469727,1.7323076541607196,0.0821428554398673,TRAIN,2024-07
CVCB3,BEAR_CALM,0.11478456688971031,1,MAX_DAYS,15,2.0799999237060547,1.840000033378601,0.09642854758671351,TRAIN,2024-07
CVCB3,BEAR_CALM,0.02125790213933768,1,MAX_DAYS,15,1.8300000429153442,1.8700000047683716,0.10714283159800939,TRAIN,2024-07
CVCB3,BULL_CALM,-0.10793589564262426,0,STOP_LOSS,4,1.850000023841858,2.0485714333398,0.09285712242126465,TRAIN,2024-07
CVCB3,BULL_CALM,0.15255311251692155,1,MAX_DAYS,15,2.2200000286102295,2.559999942779541,0.12000003882816859,TRAIN,2024-07
CVCB3,BULL_CALM,-0.07928848678662768,0,STOP_LOSS,2,2.440000057220459,2.248000144958496,0.10428568295070104,TEST,2024-07
CVCB3,BULL_CALM,0.03218695092153664,1,MAX_DAYS,15,2.440000057220459,2.359999895095825,0.09285720757075719,TEST,2024-07
CXSE3,BULL_CALM,0.004274703384519805,1,MAX_DAYS,15,12.722496032714844,12.784514427185059,0.22528911276540128,TRAIN,2024-07
CXSE3,BULL_CALM,-0.041381570105725185,0,STOP_LOSS,5,12.853317260742188,13.377495719702273,0.28281547988160405,TRAIN,2024-07
CXSE3,SIDEWAYS_CALM,0.0626257926755658,1,MAX_DAYS,15,14.827975273132324,13.890464782714844,0.277426557283321,TRAIN,2024-07
CYRE3,SIDEWAYS_CALM,0.03970220359630463,1,MAX_DAYS,15,19.018728256225586,19.78522491455078,0.6049857568969799,TRAIN,2024-07
CYRE3,BULL_CALM,-0.05710821401254569,0,STOP_LOSS,15,25.65999984741211,24.209999084472656,0.7857140132359096,TEST,2024-07
DIRR3,BULL_CALM,-0.048723781105876815,0,STOP_LOSS,7,9.130579948425293,9.56997797923302,0.2184028415732735,TRAIN,2024-07
DIRR3,BULL_CALM,-0.08009694613982957,0,STOP_LOSS,2,9.103360176086426,8.379670842476614,0.40332168773074173,TRAIN,2024-07
DIRR3,BULL_CALM,-0.0600059213120935,0,STOP_LOSS,15,13.466666221618652,12.666666507720947,0.3500001771109445,TEST,2024-07
ECOR3,BEAR_CALM,0.020103957285685568,1,MAX_DAYS,15,4.613611698150635,4.709131717681885,0.2606329625877915,TRAIN,2024-07
ELET3,SIDEWAYS_CALM,-0.049602499109279975,0,STOP_LOSS,14,37.34488296508789,35.51489037085501,0.576071693612941,TEST,2024-07
EGIE3,BULL_CALM,-0.02732302089616121,0,STOP_LOSS,3,30.15890884399414,29.352971692750664,0.4232825910184267,TRAIN,2024-07
EGIE3,BEAR_CALM,0.04346393189335767,1,MAX_DAYS,15,24.355222702026367,25.428409576416016,0.4740970778368427,TRAIN,2024-07
EGIE3,BULL_CALM,0.004131050947467923,1,MAX_DAYS,15,28.055179595947266,28.187910079956055,0.5384093803771063,TRAIN,2024-07
ELET6,SIDEWAYS_CALM,-0.04597246608086551,0,STOP_LOSS,7,41.15935516357422,39.29185371750465,0.8336615490373815,TEST,2024-07
EMBR3,BULL_CALM,-0.03709778888712891,0,MAX_DAYS,15,48.71987533569336,50.498043060302734,1.3949937092715032,TRAIN,2024-07
EMBR3,BULL_CALM,0.02670123622827677,1,MAX_DAYS,15,67.02999877929688,68.86000061035156,2.1871422358921597,TRAIN,2024-07
EMBR3,BULL_VOLATILE,0.20904127050182342,1,PROFIT_TARGET,11,66.44000244140625,80.3685689653669,2.7064285278320312,TRAIN,2024-07
ENEV3,BULL_CALM,-0.017486897516070497,0,MAX_DAYS,15,13.619999885559082,13.390000343322754,0.3107142448425293,TEST,2024-07
ENEV3,BULL_CALM,-0.050130742010240315,0,STOP_LOSS,8,13.699999809265137,14.37857096535819,0.4021427971976144,TEST,2024-07
ENEV3,BULL_VOLATILE,0.11610316389626944,1,MAX_DAYS,15,13.710000038146973,15.3100004196167,0.3392855780465262,TEST,2024-07
ENGI11,SIDEWAYS_VOLATILE,-0.05859020142690146,0,STOP_LOSS,7,37.48335266113281,39.65701983210749,0.8344229729730095,TRAIN,2024-07
ENGI11,BULL_CALM,-0.057007550139451114,0,STOP_LOSS,9,41.852149963378906,39.491372715875784,0.8562508871677011,TEST,2024-07
EZTC3,BEAR_CALM,0.14555396257918454,1,PROFIT_TARGET,9,11.184576034545898,12.819246141762964,0.3871584062371422,TRAIN,2024-07
EZTC3,SIDEWAYS_CALM,0.0227711091770863,1,MAX_DAYS,15,12.234444618225098,12.520377159118652,0.39114581031987405,TRAIN,2024-07
EQTL3,BULL_CALM,-0.051421068437852775,0,STOP_LOSS,15,33.99148941040039,32.264005600769885,0.6530474875134951,TEST,2024-07
EQTL3,BULL_CALM,0.048953534110514695,1,MAX_DAYS,15,33.40443420410156,35.05974197387695,0.6338003923291886,TEST,2024-07
FLRY3,BEAR_VOLATILE,-0.06469334289244971,0,STOP_LOSS,6,10.533699989318848,9.858559943977241,0.3648035722909771,TRAIN,2024-07
FLRY3,BULL_CALM,-0.04821906077779049,0,STOP_LOSS,11,12.027843475341797,12.600598084819849,0.4011920126373605,TEST,2024-07
GGBR4,BEAR_CALM,-0.04387977590126069,0,STOP_LOSS,2,16.396902084350586,15.687247836664978,0.4026454763807757,TRAIN,2024-07
GGBR4,SIDEWAYS_VOLATILE,0.15312361860370372,1,PROFIT_TARGET,6,14.916153907775879,17.209119062128963,0.5232878879751254,TRAIN,2024-07
GGBR4,BEAR_CALM,-0.02582529380865852,0,MAX_DAYS,15,16.285505294799805,15.874698638916016,0.4785741352438899,TEST,2024-07
GOAU4,SIDEWAYS_CALM,-0.023921010171524648,0,MAX_DAYS,15,10.08736801147461,9.852120399475098,0.2090331126346345,TRAIN,2024-07
GOAU4,BEAR_CALM,-0.04067340531002953,0,STOP_LOSS,1,9.013120651245117,8.651934214279574,0.19782541336603213,TRAIN,2024-07
GOAU4,SIDEWAYS_CALM,0.13935202312325776,1,PROFIT_TARGET,6,8.145458221435547,9.285431578791425,0.2714225146114505,TRAIN,2024-07
HYPE3,BEAR_CALM,0.029870998501028694,1,MAX_DAYS,15,27.052040100097656,26.227737426757812,0.6884778323647743,TRAIN,2024-07
HYPE3,BEAR_CALM,0.0004725698843156767,1,MAX_DAYS,15,18.871295928955078,18.891536712646484,0.7478528577432029,TRAIN,2024-07
HYPE3,BULL_CALM,-0.05326594106207304,0,STOP_LOSS,8,27.22150230407715,25.787856268109536,0.7762161042152081,TEST,2024-07
HAPV3,BEAR_VOLATILE,-0.10774287638568157,0,STOP_LOSS,3,35.39999771118164,31.607140132359095,1.971428734915597,TRAIN,2024-07
HAPV3,BEAR_CALM,-0.12222166695728294,0,STOP_LOSS,10,33.29999923706055,37.3500006539481,1.778571537562779,TRAIN,2024-07
HAPV3,BEAR_VOLATILE,-0.0972723715685781,0,STOP_LOSS,5,34.86000061035156,31.490001678466797,1.5055552588568792,TEST,2024-07
IGTI11,BULL_CALM,-0.06163498588511435,0,STOP_LOSS,7,22.610000610351562,21.229999542236328,0.5892307574932392,TEST,2024-07
IRBR3,BEAR_CALM,0.07828851342975099,1,MAX_DAYS,15,31.309999465942383,28.84000015258789,0.9721430369785854,TRAIN,2024-07
IRBR3,SIDEWAYS_CALM,-0.08420155691086535,0,STOP_LOSS,5,48.81999969482422,44.73857171194894,2.3892860412597656,TRAIN,2024-07
IRBR3,SIDEWAYS_CALM,-0.05614413050979739,0,STOP_LOSS,6,48.61000061035156,45.910000392368865,1.2921434129987444,TRAIN,2024-07
ITSA4,SIDEWAYS_CALM,-0.038419051342315796,0,STOP_LOSS,6,9.162651062011719,8.816128291065773,0.17877163699104973,TRAIN,2024-07
ITSA4,BULL_CALM,-0.03758632180037255,0,STOP_LOSS,3,10.723528861999512,10.326904972674015,0.20705564185113673,TEST,2024-07
LREN3,BEAR_CALM,-0.07193270176402208,0,STOP_LOSS,1,10.617242813110352,11.37459942825416,0.48687230992478314,TRAIN,2024-07
LREN3,SIDEWAYS_CALM,0.10122369892322047,1,MAX_DAYS,15,11.240781784057617,12.385359764099121,0.47161960292363936,TRAIN,2024-07
LREN3,BEAR_CALM,-0.07597855147397974,0,STOP_LOSS,12,12.514700889587402,11.571360864400178,0.6316395507029714,TRAIN,2024-07
LREN3,BULL_CALM,0.2048455982539168,1,MAX_DAYS,15,11.824997901916504,14.25439167022705,0.5164025975878698,TRAIN,2024-07
LREN3,BULL_CALM,-0.057715576904443136,0,STOP_LOSS,2,18.89555549621582,17.816324943119533,0.6235152752570355,TEST,2024-07
KLBN11,BULL_CALM,-0.040519654673912,0,STOP_LOSS,6,19.5642147064209,20.34521140146749,0.3587231830514216,TRAIN,2024-07
KLBN11,BULL_CALM,0.04478009450533521,1,MAX_DAYS,15,19.71138572692871,20.60589027404785,0.3571154497756065,TRAIN,2024-07
KLBN11,SIDEWAYS_CALM,0.047360605383220296,1,MAX_DAYS,15,21.399696350097656,20.373353958129883,0.46384037575329223,TRAIN,2024-07
KLBN11,BEAR_CALM,0.03723135848701428,1,MAX_DAYS,15,18.461191177368164,17.762779235839844,0.4625851319110562,TEST,2024-07
ITUB4,SIDEWAYS_CALM,-0.03883045945932309,0,STOP_LOSS,11,29.397293090820312,28.273421069097868,0.544106957242853,TRAIN,2024-07
ITUB4,BULL_CALM,-0.03780111750923995,0,STOP_LOSS,3,36.78744888305664,35.41891467429289,0.734025886114721,TEST,2024-07
LWSA3,BEAR_CALM,-0.038172744379244505,0,MAX_DAYS,15,4.134055137634277,3.978727340698242,0.18817380897689098,TRAIN,2024-07
LWSA3,BEAR_VOLATILE,0.19242325738122884,1,MAX_DAYS,15,4.2452921867370605,3.425852060317993,0.22002179571667693,TRAIN,2024-07
LWSA3,BULL_CALM,0.05273332302971666,1,MAX_DAYS,15,3.702289581298828,3.899744987487793,0.1368084227156782,TEST,2024-07
MGLU3,BULL_CALM,-0.03771346571447364,0,MAX_DAYS,15,9.699999809265137,10.0600004196167,0.6099999972752163,TRAIN,2024-07
MGLU3,BULL_CALM,0.023661656858306925,1,MAX_DAYS,15,9.479999542236328,9.710000038146973,0.4535715239388602,TRAIN,2024-07
MGLU3,BEAR_CALM,-0.08622022384234036,0,STOP_LOSS,3,9.109999656677246,8.329999446868896,0.4214286804199219,TEST,2024-07
MRVE3,BEAR_CALM,0.01567213801077652,1,MAX_DAYS,15,6.760000228881836,6.869999885559082,0.2585714203970773,TRAIN,2024-07
MRVE3,BEAR_VOLATILE,0.1677367116467147,1,MAX_DAYS,15,4.989999771118164,5.829999923706055,0.32071423530578613,TRAIN,2024-07
MRVE3,BULL_CALM,0.029606686545747635,1,MAX_DAYS,15,6.289999961853027,6.099999904632568,0.25142860412597656,TEST,2024-07
MULT3,BULL_CALM,-0.04946654286710851,0,STOP_LOSS,6,26.681312561035156,25.37748905702061,0.5681299387988357,TEST,2024-07
PCAR3,SIDEWAYS_CALM,-0.10809190072986813,0,STOP_LOSS,10,3.069999933242798,3.4000000613076344,0.22214291776929582,TRAIN,2024-07
PCAR3,BULL_CALM,0.17168465355906246,1,MAX_DAYS,15,2.6700000762939453,3.130000114440918,0.12928574425833567,TRAIN,2024-07
PCAR3,BEAR_VOLATILE,-0.1114193836656904,0,STOP_LOSS,12,2.7200000286102295,2.4185713018689836,0.13142856529780797,TRAIN,2024-07
PETR3,BULL_CALM,0.033364298064968,1,MAX_DAYS,15,34.835594177246094,33.652427673339844,0.5801102261426807,TRAIN,2024-07
PETR3,BULL_CALM,-0.05246785029567682,0,STOP_LOSS,10,34.19330596923828,35.966839244365005,0.897737674622421,TRAIN,2024-07
PETR3,SIDEWAYS_CALM,0.04622516163604339,1,MAX_DAYS,15,35.38723373413086,33.730220794677734,0.5620456226224009,TRAIN,2024-07
PETR3,BULL_CALM,-0.04284515609785845,0,STOP_LOSS,5,38.02719497680664,39.633659764565536,0.7460485243462865,TRAIN,2024-07
PETR4,BULL_CALM,0.03998255521928632,1,MAX_DAYS,15,32.072505950927734,30.77092170715332,0.46366190534729945,TRAIN,2024-07
PETR4,SIDEWAYS_CALM,0.02266217724989403,1,MAX_DAYS,15,31.723880767822266,30.98591423034668,0.5019885986861448,TRAIN,2024-07
RADL3,SIDEWAYS_CALM,-0.023063409306163057,0,MAX_DAYS,15,24.81460952758789,25.37203025817871,0.48336926411441233,TRAIN,2024-07
RADL3,BEAR_VOLATILE,-0.06379900806590941,0,STOP_LOSS,13,24.271835327148438,22.73787941053356,0.7368902601458129,TRAIN,2024-07
PRIO3,BEAR_CALM,0.056514296056451405,1,MAX_DAYS,15,39.91999816894531,42.20000076293945,1.0692858014787947,TRAIN,2024-07
PRIO3,SIDEWAYS_CALM,-0.047086271572580045,0,STOP_LOSS,14,42.119998931884766,40.16199722290039,1.0371434347970145,TEST,2024-07
RAIZ4,BEAR_CALM,0.026155827241100747,1,MAX_DAYS,15,2.990000009536743,3.069999933242798,0.08000000885554723,TRAIN,2024-07
RAIZ4,BEAR_CALM,0.04066987635083043,1,MAX_DAYS,15,3.1500000953674316,3.0199999809265137,0.0950000626700265,TRAIN,2024-07
RAIZ4,BEAR_VOLATILE,0.23910944799151682,1,PROFIT_TARGET,14,1.7699999809265137,2.1942856992994035,0.1057143041065761,TRAIN,2024-07
RAIL3,BEAR_VOLATILE,-0.06883147876627714,0,STOP_LOSS,10,16.91569709777832,18.069880125122157,0.6797766880981594,TRAIN,2024-07
RAIL3,SIDEWAYS_CALM,-0.0806493007529916,0,STOP_LOSS,7,17.787837982177734,19.211741974558567,0.6311728454981217,TRAIN,2024-07
RDOR3,BULL_CALM,0.05562768685676901,1,MAX_DAYS,15,27.265216827392578,28.798276901245117,0.7887088643046253,TRAIN,2024-07
RDOR3,BULL_CALM,-0.03800820565479794,0,STOP_LOSS,4,34.74156188964844,33.44194239771158,0.7317452522801092,TEST,2024-07
RECV3,BEAR_CALM,-0.03146427404904011,0,MAX_DAYS,15,15.233007431030273,14.76285171508789,0.4983640157132689,TRAIN,2024-07
RECV3,SIDEWAYS_CALM,-0.05868083104057432,0,MAX_DAYS,15,14.894495010375977,15.7595796585083,0.4083630076336454,TRAIN,2024-07
RENT3,BEAR_CALM,0.03237744326792893,1,MAX_DAYS,15,40.025962829589844,41.345916748046875,1.6421438520115628,TRAIN,2024-07
RENT3,SIDEWAYS_VOLATILE,-0.08253332432638714,0,STOP_LOSS,10,38.19460678100586,35.06519567609888,1.3813686103784062,TEST,2024-07
RENT3,BULL_CALM,-0.06786087286414856,0,STOP_LOSS,9,34.176719665527344,36.475475661864024,1.064761566363815,TEST,2024-07
SBSP3,BULL_CALM,-0.05777374116635444,0,STOP_LOSS,12,115.69999694824219,109.08499526977539,2.077856881277902,TEST,2024-07
SLCE3,BULL_CALM,0.022886470069060753,1,MAX_DAYS,15,19.15999984741211,18.709999084472656,0.42714323316301617,TRAIN,2024-07
SUZB3,BEAR_VOLATILE,0.025320833770426307,1,MAX_DAYS,15,51.310001373291016,52.63999938964844,1.3764283316476005,TRAIN,2024-07
SUZB3,BEAR_CALM,0.05139919964240876,1,MAX_DAYS,15,50.77000045776367,53.40999984741211,1.148571559361049,TEST,2024-07
SMFT3,BEAR_CALM,0.03385151829831592,1,MAX_DAYS,15,20.632062911987305,19.92125701904297,0.5785318886711887,TRAIN,2024-07
SMFT3,BEAR_VOLATILE,-0.06412157448058546,0,STOP_LOSS,15,20.108312606811523,18.83100092987905,0.6887603692910841,TRAIN,2024-07
SMFT3,SIDEWAYS_CALM,-0.07248160545928818,0,STOP_LOSS,6,18.12618637084961,19.429125748040548,0.6227281072024307,TRAIN,2024-07
SMFT3,BULL_VOLATILE,-0.07082839740151926,0,STOP_LOSS,10,22.371065139770508,20.79998108683943,0.618932547204482,TEST,2024-07
TAEE11,SIDEWAYS_CALM,-0.03169703086125256,0,STOP_LOSS,5,33.142822265625,32.11217889880185,0.44746046701666525,TEST,2024-07
TIMS3,SIDEWAYS_CALM,-0.04930127809397564,0,STOP_LOSS,2,14.194483757019043,14.885773257870047,0.38831674507995095,TRAIN,2024-07
TIMS3,BULL_CALM,-0.0542630440739907,0,STOP_LOSS,4,21.506803512573242,20.352682967787366,0.605070430601595,TEST,2024-07
TOTS3,BULL_CALM,0.04310117709917857,1,MAX_DAYS,15,40.82419204711914,42.60825729370117,1.1276769233185366,TEST,2024-07
TOTS3,BULL_CALM,0.09400320173241561,1,MAX_DAYS,15,41.960411071777344,45.93000030517578,1.0792236329599463,TEST,2024-07
UGPA3,BEAR_CALM,-0.04541024829590557,0,STOP_LOSS,4,19.731069564819336,20.615223691162676,0.5232748387112497,TRAIN,2024-07
UGPA3,BEAR_CALM,0.09422776818902402,1,MAX_DAYS,15,14.953448295593262,16.371450424194336,0.604596682395602,TRAIN,2024-07
UGPA3,BEAR_CALM,0.07198071882634745,1,MAX_DAYS,15,16.28701400756836,15.104890823364258,0.4838387865081969,TRAIN,2024-07
USIM5,BEAR_VOLATILE,-0.049526818381157134,0,STOP_LOSS,12,7.920000076293945,7.532499670982361,0.3735714299338205,TRAIN,2024-07
USIM5,BEAR_CALM,0.08763528953443707,1,MAX_DAYS,15,6.119999885559082,6.659999847412109,0.2235715048653739,TRAIN,2024-07
USIM5,BEAR_CALM,0.1267584788954952,1,MAX_DAYS,15,6.360000133514404,5.550000190734863,0.1964285033089774,TRAIN,2024-07
USIM5,BEAR_CALM,0.06547140926073976,1,MAX_DAYS,15,5.599999904632568,5.230000019073486,0.16000005177089147,TRAIN,2024-07
USIM5,BEAR_CALM,-0.07253276862136454,0,STOP_LOSS,11,4.25,4.555714266640799,0.18071419852120535,TEST,2024-07
VALE3,SIDEWAYS_CALM,0.06642037347093564,1,MAX_DAYS,15,52.115577697753906,55.60838317871094,1.053897479939078,TRAIN,2024-07
VBBR3,BEAR_CALM,0.12120243618579933,1,MAX_DAYS,15,15.166884422302246,17.01424789428711,0.48756698610483834,TRAIN,2024-07
VBBR3,BULL_CALM,-0.061620093793824826,0,STOP_LOSS,8,19.87409019470215,18.66137134695449,0.5778162831897335,TEST,2024-07
VBBR3,BULL_CALM,-0.05529579703278861,0,STOP_LOSS,3,19.54828643798828,20.617495545339303,0.5856730630188106,TEST,2024-07
WEGE3,BULL_CALM,-0.016732107917041307,0,MAX_DAYS,15,51.83195877075195,50.99580001831055,1.3160422756885666,TRAIN,2024-07
WEGE3,BEAR_CALM,-0.03922506886297362,0,STOP_LOSS,1,41.57914352416992,39.973146242285395,1.0844167222515324,TEST,2024-07
WEGE3,BEAR_VOLATILE,0.06696455680900024,1,MAX_DAYS,15,40.39060592651367,37.6616325378418,1.274293249272725,TEST,2024-07
VIVT3,SIDEWAYS_CALM,-0.041336612384604156,0,STOP_LOSS,5,21.288829803466797,22.156064611292432,0.46180912862337764,TRAIN,2024-07
YDUQ3,BEAR_CALM,0.09365068492779084,1,MAX_DAYS,15,10.195296287536621,9.234382629394531,0.445451988225522,TRAIN,2024-07
YDUQ3,BEAR_VOLATILE,0.03867486619450074,1,MAX_DAYS,15,9.541874885559082,9.916630744934082,0.526443577301838,TRAIN,2024-07
YDUQ3,BEAR_VOLATILE,0.19712945940461996,1,MAX_DAYS,15,10.156859397888184,8.14854907989502,0.5401708975666979,TRAIN,2024-07
YDUQ3,BULL_CALM,-0.067144314475577,0,STOP_LOSS,3,16.329999923706055,15.24333127339681,0.6350003878275553,TEST,2024-07
