ticker,regime,return,win,reason,days_held,entry_price,exit_price,stop_loss,sinal_tipo,phase,window
ABEV3.SA,BEAR_CALM,0.02379992702102749,1,MAX_DAYS,10,11.434321403503418,11.720178604125977,10.524773411820053,PRICE,TEST,2022-01
ALOS3.SA,BEAR_CALM,-0.08771036954994163,0,STOP_LOSS,8,16.048656463623047,14.660281262174959,14.660281262174959,PRICE,TRAIN,2022-01
ALOS3.SA,BEAR_CALM,0.05240449596277217,1,MAX_DAYS,10,13.958717346191406,14.7069673538208,12.579557188220079,PRICE,TRAIN,2022-01
ALOS3.SA,BEAR_CALM,0.13230462870440127,1,SIGNAL,5,13.399681091308594,15.188600540161133,11.797827075607318,PRICE,TEST,2022-01
BBDC3.SA,BEAR_CALM,-0.06895008040582254,0,STOP_LOSS,4,10.04146671295166,9.361156535756795,9.361156535756795,PRICE,TRAIN,2022-01
BBDC3.SA,BEAR_CALM,0.08206624794459935,1,MAX_DAYS,10,9.544743537902832,10.339498519897461,8.813616570413279,PRICE,TRAIN,2022-01
BBDC3.SA,BEAR_CALM,0.06981261078605247,1,MAX_DAYS,10,9.603151321411133,10.285096168518066,8.608877871158004,PRICE,TEST,2022-01
AZUL4.SA,BEAR_CALM,-0.0055440651381916325,0,MAX_DAYS,10,11.510000228881836,11.460000038146973,9.533214398792811,PRICE,TRAIN,2022-01
AZUL4.SA,BEAR_CALM,0.23908906239769742,1,MAX_DAYS,10,11.069999694824219,13.729999542236328,9.337856871741158,PRICE,TRAIN,2022-01
AZUL4.SA,BEAR_CALM,-0.10119999999999998,0,HARD_STOP,6,10.680000305175781,9.612000274658204,9.0210713999612,PRICE,TRAIN,2022-01
AZUL4.SA,BEAR_CALM,0.03817013565078695,1,SIGNAL,1,10.15999984741211,10.5600004196167,8.659998893737793,PRICE,TEST,2022-01
BBAS3.SA,BEAR_CALM,0.05792989032273441,1,SIGNAL,2,13.20551872253418,13.986359596252441,12.04234725610396,PRICE,TEST,2022-01
BBDC4.SA,BEAR_CALM,-0.07063900627062772,0,STOP_LOSS,3,11.517613410949707,10.717841781084104,10.717841781084104,PRICE,TRAIN,2022-01
BBDC4.SA,BEAR_CALM,-0.0005396738841020531,0,END_CLOSED,4,11.640634536743164,11.648321151733398,10.744080925015314,PRICE,TRAIN,2022-01
BBDC4.SA,BEAR_CALM,0.12083806932843397,1,SIGNAL,5,10.777987480163574,12.09331226348877,9.662104461684903,PRICE,TEST,2022-01
BBSE3.SA,BEAR_CALM,0.040214140288309476,1,MAX_DAYS,10,13.690248489379883,14.257218360900879,12.81559346186306,PRICE,TRAIN,2022-01
BEEF3.SA,BEAR_CALM,0.06182515399849007,1,MAX_DAYS,10,8.716297149658203,9.265643119812012,7.9495011735471115,PRICE,TRAIN,2022-01
BEEF3.SA,BEAR_CALM,0.07416467572826288,1,SIGNAL,3,11.716761589050293,12.599791526794434,10.233177697107863,PRICE,TEST,2022-01
BEEF3.SA,BEAR_CALM,0.027219142229780148,1,MAX_DAYS,10,10.691307067871094,10.995144844055176,9.339973227052129,PRICE,TEST,2022-01
BPAC11.SA,BEAR_CALM,0.10603485385126907,1,MAX_DAYS,10,20.046388626098633,22.196060180664062,17.548150082188208,PRICE,TRAIN,2022-01
BRAP4.SA,BEAR_CALM,0.11283521936738947,1,MAX_DAYS,10,17.53839111328125,19.53838539123535,15.973297193136437,PRICE,TRAIN,2022-01
BRAP4.SA,BEAR_CALM,0.044173568709582424,1,MAX_DAYS,10,15.036728858947754,15.718998908996582,13.977249641367452,PRICE,TRAIN,2022-01
BRKM5.SA,BEAR_CALM,-0.10119999999999987,0,HARD_STOP,9,51.68751907348633,46.5187671661377,45.46328876468396,PRICE,TRAIN,2022-01
BRKM5.SA,BEAR_CALM,-0.10119999999999998,0,HARD_STOP,5,27.780000686645508,25.002000617980958,24.569287163870676,PRICE,TRAIN,2022-01
BRKM5.SA,BEAR_CALM,0.02106179966078745,1,MAX_DAYS,10,22.459999084472656,22.959999084472656,19.559999465942383,PRICE,TEST,2022-01
CMIN3.SA,BEAR_CALM,0.12451431089716722,1,MAX_DAYS,10,2.2180967330932617,2.496943235397339,1.9962869651266042,PRICE,TRAIN,2022-01
COGN3.SA,BEAR_CALM,0.07880006121908631,1,MAX_DAYS,10,1.9472569227218628,2.1030375957489014,1.700372552139023,PRICE,TRAIN,2022-01
COGN3.SA,BEAR_CALM,0.02792613973001066,1,END_CLOSED,2,2.0056746006011963,2.0640921592712402,1.717063194518227,PRICE,TRAIN,2022-01
COGN3.SA,BEAR_CALM,0.1321332831022893,1,SIGNAL,5,1.8985755443572998,2.151718854904175,1.6186576287268775,PRICE,TEST,2022-01
CPFE3.SA,BEAR_CALM,0.027425304255814,1,MAX_DAYS,10,29.111194610595703,29.94451141357422,27.256833871062824,PRICE,TEST,2022-01
CSAN3.SA,BEAR_CALM,0.060319041088085924,1,MAX_DAYS,10,14.981322288513184,15.902958869934082,13.387599520763914,PRICE,TRAIN,2022-01
CSAN3.SA,BEAR_CALM,0.11490001215706944,1,SIGNAL,6,14.66157054901123,16.363779067993164,12.639609040370736,PRICE,TEST,2022-01
CSNA3.SA,BEAR_CALM,0.06680829415331399,1,MAX_DAYS,10,10.086638450622559,10.772613525390625,8.861682300061656,PRICE,TRAIN,2022-01
CXSE3.SA,BEAR_CALM,0.02548378323832754,1,MAX_DAYS,10,5.663389682769775,5.814510345458984,5.2933003773195235,PRICE,TRAIN,2022-01
CVCB3.SA,BEAR_CALM,0.24750470770271735,1,MAX_DAYS,10,10.55118465423584,13.175313949584961,8.909033125097102,PRICE,TRAIN,2022-01
CVCB3.SA,BEAR_CALM,-0.10119999999999998,0,HARD_STOP,5,9.822259902954102,8.840033912658692,8.543387923921857,PRICE,TRAIN,2022-01
CVCB3.SA,BEAR_CALM,0.03696789126127884,1,MAX_DAYS,10,6.032267093658447,6.262506008148193,5.030727011816842,PRICE,TRAIN,2022-01
CVCB3.SA,BEAR_CALM,0.159603924329876,1,SIGNAL,3,3.66540789604187,4.254819869995117,2.9056188464164734,PRICE,TEST,2022-01
CYRE3.SA,BEAR_CALM,0.11524950041158441,1,SIGNAL,3,10.883325576782227,12.150683403015137,9.34344101337288,PRICE,TEST,2022-01
DIRR3.SA,BEAR_CALM,-0.10119999999999998,0,HARD_STOP,4,2.9302051067352295,2.6371845960617066,2.555179458697648,PRICE,TRAIN,2022-01
ECOR3.SA,BEAR_CALM,0.08451424546071626,1,SIGNAL,9,6.430596351623535,6.981790065765381,5.640551740973038,PRICE,TRAIN,2022-01
ECOR3.SA,BEAR_CALM,0.14192265416370828,1,MAX_DAYS,10,4.942372798919678,5.649738311767578,4.450234972110112,PRICE,TRAIN,2022-01
ECOR3.SA,BEAR_CALM,-0.10060357746226992,0,STOP_LOSS,10,4.620842933654785,4.161514615158249,4.161514615158249,PRICE,TRAIN,2022-01
ECOR3.SA,BEAR_CALM,-0.10119999999999998,0,HARD_STOP,7,4.381992340087891,3.943793106079102,3.6241008265557086,PRICE,TRAIN,2022-01
ECOR3.SA,BEAR_CALM,0.00114732805744442,1,MAX_DAYS,10,3.9209144115448,3.9301180839538574,3.4106350558297045,PRICE,TRAIN,2022-01
ECOR3.SA,BEAR_CALM,0.03851956182745995,1,END_CLOSED,6,3.9393222332000732,4.095790386199951,3.4496923788516867,PRICE,TRAIN,2022-01
ECOR3.SA,BEAR_CALM,0.1667012194070515,1,SIGNAL,5,3.7276296615600586,4.353503227233887,3.2214077498060347,PRICE,TEST,2022-01
EGIE3.SA,BEAR_CALM,0.012829365688296603,1,MAX_DAYS,10,22.229297637939453,22.541160583496094,20.84720773219899,PRICE,TRAIN,2022-01
EGIE3.SA,BEAR_CALM,0.04934046780673094,1,SIGNAL,5,22.2050838470459,23.32733917236328,21.064824745512478,PRICE,TEST,2022-01
ELET3.SA,BEAR_CALM,0.07211162365193755,1,SIGNAL,6,34.83473587036133,37.388526916503906,31.90487472795355,PRICE,TEST,2022-01
ELET3.SA,BEAR_CALM,0.030738010811658924,1,MAX_DAYS,10,28.20537567138672,29.106199264526367,25.561315119165666,PRICE,TEST,2022-01
ELET6.SA,BEAR_CALM,0.046361482394051114,1,MAX_DAYS,10,33.68907928466797,35.2913818359375,31.25918768854275,PRICE,TEST,2022-01
ELET6.SA,BEAR_CALM,0.051049550510576226,1,MAX_DAYS,10,28.0200138092041,29.484046936035156,25.96920178333326,PRICE,TEST,2022-01
ENEV3.SA,BEAR_CALM,-0.019497497837731158,0,MAX_DAYS,10,12.569999694824219,12.34000015258789,10.952142477035522,PRICE,TRAIN,2022-01
ENEV3.SA,BEAR_CALM,-0.048385405498690325,0,MAX_DAYS,10,12.079999923706055,11.510000228881836,10.821071318217687,PRICE,TRAIN,2022-01
ENEV3.SA,BEAR_CALM,0.009816958672847466,1,END_CLOSED,7,11.800000190734863,11.930000305175781,10.644643170492989,PRICE,TRAIN,2022-01
ENEV3.SA,BEAR_CALM,0.03687797701376803,1,SIGNAL,1,11.029999732971191,11.449999809265137,9.579999923706055,PRICE,TEST,2022-01
EMBR3.SA,BEAR_CALM,-0.11648854694776914,0,STOP_LOSS,10,21.987377166748047,19.452484402001108,19.452484402001108,PRICE,TRAIN,2022-01
EMBR3.SA,BEAR_CALM,-0.10119999999999998,0,HARD_STOP,3,20.65874481201172,18.59287033081055,18.325429895389455,PRICE,TRAIN,2022-01
EMBR3.SA,BEAR_CALM,-0.04547085405068265,0,MAX_DAYS,10,19.180267333984375,18.331140518188477,16.791653162356322,PRICE,TRAIN,2022-01
EMBR3.SA,BEAR_CALM,-0.10119999999999998,0,HARD_STOP,2,17.482013702392578,15.73381233215332,15.207568445723682,PRICE,TRAIN,2022-01
EMBR3.SA,BEAR_CALM,-0.10119999999999998,0,HARD_STOP,4,17.581911087036133,15.82371997833252,15.130861343391844,PRICE,TRAIN,2022-01
ENGI11.SA,BEAR_CALM,-0.005002310641209061,0,MAX_DAYS,10,32.703189849853516,32.57884216308594,30.089966309107226,PRICE,TEST,2022-01
EZTC3.SA,BEAR_CALM,-0.10119999999999998,0,HARD_STOP,6,12.128777503967285,10.915899753570557,10.538980347991057,PRICE,TRAIN,2022-01
EZTC3.SA,BEAR_CALM,-0.020908153408266815,0,END_CLOSED,6,11.539185523986816,11.311769485473633,9.937356215432969,PRICE,TRAIN,2022-01
EZTC3.SA,BEAR_CALM,0.07266820047031439,1,SIGNAL,3,10.604259490966797,11.387577056884766,9.382959000080177,PRICE,TEST,2022-01
FLRY3.SA,BEAR_CALM,0.05515757230307559,1,MAX_DAYS,10,11.414125442504883,12.057397842407227,10.257024017078887,PRICE,TEST,2022-01
HAPV3.SA,BEAR_CALM,-0.07940302753665521,0,MAX_DAYS,10,90.1500015258789,83.0999984741211,75.92678560529437,PRICE,TRAIN,2022-01
HAPV3.SA,BEAR_CALM,0.24209507235599323,1,MAX_DAYS,10,78.29999542236328,97.3499984741211,65.20178140912738,PRICE,TRAIN,2022-01
HAPV3.SA,BEAR_CALM,-0.08102263716303373,0,MAX_DAYS,10,67.6500015258789,62.25,55.08749771118164,PRICE,TEST,2022-01
IGTI11.SA,BEAR_CALM,0.009528468525486035,1,MAX_DAYS,10,16.261890411376953,16.436355590820312,14.589395771394612,PRICE,TRAIN,2022-01
IGTI11.SA,BEAR_CALM,0.0969447999884144,1,MAX_DAYS,10,15.343659400939941,16.849559783935547,13.151378078618265,PRICE,TEST,2022-01
IRBR3.SA,BEAR_CALM,-0.10791082594561832,0,STOP_LOSS,10,83.88501739501953,74.93357790433444,74.93357790433444,PRICE,TRAIN,2022-01
IRBR3.SA,BEAR_CALM,0.1140542894139994,1,MAX_DAYS,10,73.43050384521484,81.89368438720703,64.00721658979144,PRICE,TRAIN,2022-01
IRBR3.SA,BEAR_CALM,-0.10119999999999998,0,HARD_STOP,4,32.70000076293945,29.43000068664551,28.199999604906353,PRICE,TRAIN,2022-01
IRBR3.SA,BEAR_CALM,0.009911082854094345,1,MAX_DAYS,10,27.0,27.299999237060547,22.821426595960347,PRICE,TRAIN,2022-01
IRBR3.SA,BEAR_CALM,0.40186126990285864,1,PROFIT_TARGET,6,21.0,29.46428666796003,16.767856666019984,PRICE,TRAIN,2022-01
IRBR3.SA,BEAR_CALM,-0.06064907771076502,0,MAX_DAYS,10,20.690000534057617,19.459999084472656,18.232857295445033,PRICE,TEST,2022-01
ITSA4.SA,BEAR_CALM,0.03159307477516813,1,MAX_DAYS,10,5.817100524902344,6.007861137390137,5.488063511988317,PRICE,TRAIN,2022-01
ITUB4.SA,BEAR_CALM,0.050926670266313014,1,SIGNAL,3,18.07567024230957,19.017894744873047,16.84135442425562,PRICE,TEST,2022-01
LREN3.SA,BEAR_CALM,-0.0005134566798382855,0,END_CLOSED,5,16.382993698120117,16.394241333007812,14.049649518152945,PRICE,TRAIN,2022-01
LREN3.SA,BEAR_CALM,0.10213883108713348,1,SIGNAL,6,15.10543441772461,16.666412353515625,12.874040305706748,PRICE,TEST,2022-01
LWSA3.SA,BEAR_CALM,-0.10119999999999998,0,HARD_STOP,6,8.869503021240234,7.982552719116211,6.85792284526733,PRICE,TRAIN,2022-01
LWSA3.SA,BEAR_CALM,0.03726157034219533,1,MAX_DAYS,10,5.7526702880859375,5.973927021026611,4.490064125731292,PRICE,TEST,2022-01
MGLU3.SA,BEAR_CALM,0.1081247217047124,1,MAX_DAYS,10,56.478145599365234,62.65260314941406,45.082635664359955,PRICE,TRAIN,2022-01
MGLU3.SA,BEAR_CALM,-0.10119999999999998,0,HARD_STOP,5,34.86753463745117,31.380781173706055,29.01411959443143,PRICE,TRAIN,2022-01
MGLU3.SA,BEAR_CALM,-0.10119999999999998,0,HARD_STOP,3,29.87348747253418,26.886138725280762,24.830795062403524,PRICE,TRAIN,2022-01
MGLU3.SA,BEAR_CALM,0.046044120535483436,1,SIGNAL,2,23.06342124938965,24.153032302856445,18.863879731424195,PRICE,TEST,2022-01
MRVE3.SA,BEAR_CALM,-0.054391554534792184,0,MAX_DAYS,10,9.028839111328125,8.54858112335205,7.876221530540011,PRICE,TRAIN,2022-01
MRVE3.SA,BEAR_CALM,-0.024606999609787204,0,MAX_DAYS,10,7.690000057220459,7.510000228881836,6.750714387212481,PRICE,TRAIN,2022-01
MRVE3.SA,BEAR_CALM,0.0707322624920573,1,END_CLOSED,2,7.090000152587891,7.599999904632568,5.973928724016462,PRICE,TRAIN,2022-01
MRVE3.SA,BEAR_CALM,0.09085018694410571,1,SIGNAL,5,7.170000076293945,7.829999923706055,6.044999957084656,PRICE,TEST,2022-01
MULT3.SA,BEAR_CALM,0.005351360135843565,1,MAX_DAYS,10,18.834869384765625,18.958263397216797,16.897429495913343,PRICE,TRAIN,2022-01
MULT3.SA,BEAR_CALM,0.13196707220326162,1,SIGNAL,6,17.911624908447266,20.296863555908203,15.466082612647511,PRICE,TEST,2022-01
PCAR3.SA,BEAR_CALM,0.07398246330738009,1,END_CLOSED,5,13.699999809265137,14.729999542236328,12.35535717010498,PRICE,TEST,2022-01
RAIL3.SA,BEAR_CALM,0.07238045308943483,1,SIGNAL,6,16.40981101989746,17.617252349853516,14.591520220215731,PRICE,TEST,2022-01
RAIZ4.SA,BEAR_CALM,0.2666572577508294,1,PROFIT_TARGET,9,3.7409520149230957,4.742993163017836,3.2399314408757256,PRICE,TRAIN,2022-01
RAIZ4.SA,BEAR_CALM,0.029858755188044796,1,MAX_DAYS,10,3.230893135070801,3.331240653991699,2.8142103864459105,PRICE,TRAIN,2022-01
RAIZ4.SA,BEAR_CALM,0.0047880490347485885,1,MAX_DAYS,10,3.073575735092163,3.091980457305908,2.567447931795314,PRICE,TEST,2022-01
RDOR3.SA,BEAR_CALM,-0.048070683140331937,0,MAX_DAYS,10,32.76498031616211,31.229263305664062,29.179865673140046,PRICE,TRAIN,2022-01
RENT3.SA,BEAR_CALM,0.07061457965097948,1,SIGNAL,5,44.938209533691406,48.165428161621094,41.36491112398061,PRICE,TEST,2022-01
SANB11.SA,BEAR_CALM,0.007818684100259078,1,MAX_DAYS,10,22.363859176635742,22.5655517578125,21.038438328794747,PRICE,TRAIN,2022-01
SANB11.SA,BEAR_CALM,0.08249247904675502,1,MAX_DAYS,10,22.46067237854004,24.34046173095703,21.159744998859345,PRICE,TRAIN,2022-01
SANB11.SA,BEAR_CALM,0.03832287122130693,1,MAX_DAYS,10,22.286849975585938,23.16769027709961,20.889024521930786,PRICE,TRAIN,2022-01
SANB11.SA,BEAR_CALM,0.019156196731290855,1,SIGNAL,1,22.860227584838867,23.32557487487793,21.686470880512502,PRICE,TEST,2022-01
SBSP3.SA,BEAR_CALM,-0.013068665757326701,0,MAX_DAYS,10,32.80783462524414,32.41844940185547,30.561764295650654,PRICE,TRAIN,2022-01
SLCE3.SA,BEAR_CALM,0.08132537369750134,1,MAX_DAYS,10,17.570871353149414,19.02091407775879,16.20732883431242,PRICE,TEST,2022-01
SMFT3.SA,BEAR_CALM,-0.10119999999999998,0,HARD_STOP,6,14.243216514587402,12.818894863128662,12.195427587866439,PRICE,TRAIN,2022-01
SMFT3.SA,BEAR_CALM,-0.10119999999999998,0,HARD_STOP,6,12.964980125427246,11.668482112884522,11.355771191152998,PRICE,TRAIN,2022-01
SMFT3.SA,BEAR_CALM,0.048653394591390155,1,MAX_DAYS,10,9.340264320373535,9.805908203125,7.859857095941101,PRICE,TRAIN,2022-01
SMFT3.SA,BEAR_CALM,0.27006877869125445,1,PROFIT_TARGET,7,9.79677677154541,12.454336441473384,8.467996936581423,PRICE,TRAIN,2022-01
SMFT3.SA,BEAR_CALM,0.20108385172522966,1,SIGNAL,5,11.193706512451172,13.458012580871582,9.253524076110837,PRICE,TEST,2022-01
TAEE11.SA,BEAR_CALM,-0.002066277558985606,0,END_CLOSED,3,26.504972457885742,26.482011795043945,24.967386943436683,PRICE,TRAIN,2022-01
TAEE11.SA,BEAR_CALM,0.040319496666307277,1,SIGNAL,3,25.99216651916504,27.071348190307617,24.480543505219906,PRICE,TEST,2022-01
TOTS3.SA,BEAR_CALM,0.2372153777165503,1,PROFIT_TARGET,10,22.920242309570312,28.384780537161376,20.18797319577478,PRICE,TRAIN,2022-01
TOTS3.SA,BEAR_CALM,0.09239998542589131,1,SIGNAL,3,23.9758243560791,26.219961166381836,20.643183832111315,PRICE,TEST,2022-01
TIMS3.SA,BEAR_CALM,0.006498902700628896,1,MAX_DAYS,10,8.842068672180176,8.91014289855957,7.934413612728704,PRICE,TEST,2022-01
UGPA3.SA,BEAR_CALM,0.19738300183033383,1,PROFIT_TARGET,9,10.704400062561035,12.83011195977722,9.641544113952943,PRICE,TRAIN,2022-01
UGPA3.SA,BEAR_CALM,0.04811969623645904,1,SIGNAL,3,10.247421264648438,10.75282096862793,8.962137376647775,PRICE,TEST,2022-01
USIM5.SA,BEAR_CALM,0.13050726231107443,1,MAX_DAYS,10,7.560598373413086,8.556384086608887,6.750534147978055,PRICE,TRAIN,2022-01
USIM5.SA,BEAR_CALM,0.10000848269811166,1,END_CLOSED,4,6.103800296783447,6.721556663513184,5.599979855285944,PRICE,TEST,2022-01
VIVT3.SA,BEAR_CALM,0.03587460806114571,1,MAX_DAYS,10,16.38629150390625,16.993806838989258,15.480518372422647,PRICE,TRAIN,2022-01
VIVT3.SA,BEAR_CALM,-0.04206161728737858,0,MAX_DAYS,10,16.80239486694336,16.115821838378906,15.854265279247098,PRICE,TRAIN,2022-01
VIVT3.SA,BEAR_CALM,0.00013328469694560258,1,MAX_DAYS,10,15.60816478729248,15.628974914550781,14.683071902493777,PRICE,TRAIN,2022-01
VIVT3.SA,BEAR_CALM,0.023927252106818432,1,END_CLOSED,2,15.56655502319336,15.9576997756958,14.570869699962236,PRICE,TRAIN,2022-01
VIVT3.SA,BEAR_CALM,0.04815507122876848,1,SIGNAL,2,15.248274803161621,16.0008544921875,14.168582319558956,PRICE,TEST,2022-01
VBBR3.SA,BEAR_CALM,0.04711493521926089,1,MAX_DAYS,10,11.335978507995605,11.883675575256348,10.059537742448343,PRICE,TRAIN,2022-01
VBBR3.SA,BEAR_CALM,0.06822506120219071,1,MAX_DAYS,10,11.01828384399414,11.783228874206543,9.685426084994123,PRICE,TEST,2022-01
VALE3.SA,BEAR_CALM,0.06169113485329434,1,MAX_DAYS,10,50.16706466674805,53.32212829589844,46.23581652740021,PRICE,TRAIN,2022-01
WEGE3.SA,BEAR_CALM,-0.08055731694116877,0,STOP_LOSS,10,23.77484130859375,21.888133691641684,21.888133691641684,PRICE,TRAIN,2022-01
YDUQ3.SA,BEAR_CALM,0.15641177820281257,1,MAX_DAYS,10,17.204124450683594,19.91569709777832,14.988184262828888,PRICE,TRAIN,2022-01
YDUQ3.SA,BEAR_CALM,-0.10119999999999998,0,HARD_STOP,4,9.977341651916504,8.979607486724854,8.377170018371077,PRICE,TRAIN,2022-01
YDUQ3.SA,BEAR_CALM,0.02258488808620194,1,MAX_DAYS,10,9.016905784606934,9.231371879577637,7.558268427001818,PRICE,TRAIN,2022-01
YDUQ3.SA,BEAR_CALM,-0.026128204108900842,0,END_CLOSED,1,9.725577354431152,9.483136177062988,8.226977543007386,PRICE,TRAIN,2022-01
YDUQ3.SA,BEAR_CALM,-0.0012,0,MAX_DAYS,10,8.550674438476562,8.550674438476562,7.291851158552117,PRICE,TEST,2022-01
ALOS3.SA,BEAR_CALM,-0.09302391662472745,0,STOP_LOSS,4,17.24413299560547,15.66070916515128,15.66070916515128,PRICE,TRAIN,2022-04
ALOS3.SA,BEAR_CALM,-0.03391260020393474,0,MAX_DAYS,10,17.089324951171875,16.530288696289062,15.390713673429751,PRICE,TRAIN,2022-04
ALOS3.SA,BEAR_CALM,-0.08771036954994163,0,STOP_LOSS,8,16.048656463623047,14.660281262174959,14.660281262174959,PRICE,TRAIN,2022-04
ABEV3.SA,BEAR_CALM,0.028661786331955465,1,MAX_DAYS,10,11.298129081726074,11.63551139831543,10.428228180261327,PRICE,TRAIN,2022-04
ABEV3.SA,BEAR_CALM,0.021176689838791375,1,MAX_DAYS,10,11.226424217224121,11.47763442993164,10.519513439573817,PRICE,TRAIN,2022-04
B3SA3.SA,BEAR_CALM,0.013675945541972025,1,MAX_DAYS,10,10.879145622253418,11.040983200073242,9.886921054246354,PRICE,TRAIN,2022-04
AZUL4.SA,BEAR_CALM,-0.0055440651381916325,0,MAX_DAYS,10,11.510000228881836,11.460000038146973,9.533214398792811,PRICE,TRAIN,2022-04
AZUL4.SA,BEAR_CALM,0.23908906239769742,1,MAX_DAYS,10,11.069999694824219,13.729999542236328,9.337856871741158,PRICE,TRAIN,2022-04
AZUL4.SA,BEAR_CALM,-0.1012000000000001,0,HARD_STOP,1,9.520000457763672,8.568000411987304,7.67892895426069,PRICE,TRAIN,2022-04
AZUL4.SA,BEAR_CALM,-0.04669511392920025,0,MAX_DAYS,10,11.210000038146973,10.699999809265137,9.710000276565552,PRICE,TEST,2022-04
BBDC3.SA,BEAR_CALM,-0.0033334938879974393,0,MAX_DAYS,10,11.350701332092285,11.326484680175781,10.725344871588797,PRICE,TRAIN,2022-04
BBDC3.SA,BEAR_CALM,-0.06758442876496254,0,STOP_LOSS,10,9.815057754516602,9.1634907521879,9.1634907521879,PRICE,TRAIN,2022-04
BBDC3.SA,BEAR_CALM,-0.027185147078790182,0,MAX_DAYS,10,9.517531394958496,9.270216941833496,8.75997253964015,PRICE,TRAIN,2022-04
BBDC3.SA,BEAR_CALM,0.05309089944073762,1,MAX_DAYS,10,9.124205589294434,9.619566917419434,8.379079937876467,PRICE,TRAIN,2022-04
BBDC3.SA,BEAR_CALM,0.03013200388777646,1,END_CLOSED,7,9.180133819580078,9.467765808105469,8.550946456710667,PRICE,TRAIN,2022-04
BBDC4.SA,BEAR_CALM,0.014642878378466097,1,MAX_DAYS,10,13.794824600219727,14.013374328613281,12.894522950666124,PRICE,TRAIN,2022-04
BBDC4.SA,BEAR_CALM,-0.07063900627062772,0,STOP_LOSS,3,11.517613410949707,10.717841781084104,10.717841781084104,PRICE,TRAIN,2022-04
BBDC4.SA,BEAR_CALM,0.08591371079637908,1,MAX_DAYS,10,10.777987480163574,11.716897964477539,9.833233060752686,PRICE,TRAIN,2022-04
BBDC4.SA,BEAR_CALM,-0.03331598830170359,0,MAX_DAYS,10,11.252387046813965,10.891005516052246,10.258507103067007,PRICE,TRAIN,2022-04
BBDC4.SA,BEAR_CALM,-0.07943061219834083,0,STOP_LOSS,1,11.067439079284668,10.201626544644387,10.201626544644387,PRICE,TRAIN,2022-04
BBDC4.SA,BEAR_CALM,0.02059402355743343,1,MAX_DAYS,10,10.666446685791016,10.898911476135254,9.633886087330195,PRICE,TRAIN,2022-04
BBDC4.SA,BEAR_CALM,0.04653306888747775,1,END_CLOSED,6,10.09575080871582,10.577651977539062,9.172113831372341,PRICE,TRAIN,2022-04
BEEF3.SA,BEAR_CALM,-0.015944155302024553,0,MAX_DAYS,10,10.947669982910156,10.786255836486816,9.489517872489579,PRICE,TRAIN,2022-04
BEEF3.SA,BEAR_CALM,-0.07419902430750794,0,END_CLOSED,2,10.795750617980957,10.007671356201172,9.54614837631818,PRICE,TRAIN,2022-04
BEEF3.SA,BEAR_CALM,-0.10119999999999987,0,HARD_STOP,9,9.58989429473877,8.630904865264894,8.58105604012119,PRICE,TEST,2022-04
BBSE3.SA,BEAR_CALM,0.01666308713435103,1,END_CLOSED,8,23.72156524658203,24.145305633544922,22.68603728931646,PRICE,TEST,2022-04
BPAC11.SA,BEAR_CALM,0.09553139785981055,1,MAX_DAYS,10,20.572053909301758,22.5620174407959,18.33447912048858,PRICE,TRAIN,2022-04
BPAC11.SA,BEAR_CALM,-0.040855934687254146,0,MAX_DAYS,10,19.577434539794922,18.80107307434082,17.223819124257545,PRICE,TRAIN,2022-04
BPAC11.SA,BEAR_CALM,0.027073822317700592,1,MAX_DAYS,10,18.857194900512695,19.39035987854004,16.83444307678544,PRICE,TRAIN,2022-04
BPAC11.SA,BEAR_CALM,-0.012037188833999977,0,MAX_DAYS,10,18.98814582824707,18.782367706298828,16.898580720174213,PRICE,TRAIN,2022-04
BPAC11.SA,BEAR_CALM,-0.03755434389142633,0,MAX_DAYS,10,18.267908096313477,17.603790283203125,16.412187305044707,PRICE,TRAIN,2022-04
BPAC11.SA,BEAR_CALM,0.021704845641211536,1,END_CLOSED,3,17.968585968017578,18.38015365600586,16.012646356107794,PRICE,TRAIN,2022-04
BRAP4.SA,BEAR_CALM,0.05639743579187715,1,MAX_DAYS,10,17.6521053314209,18.668821334838867,15.960078348569994,PRICE,TRAIN,2022-04
BRAP4.SA,BEAR_CALM,0.044173568709582424,1,MAX_DAYS,10,15.036728858947754,15.718998908996582,13.977249641367452,PRICE,TRAIN,2022-04
BRAP4.SA,BEAR_CALM,-0.0032749709915797162,0,MAX_DAYS,10,17.093759536743164,17.058290481567383,15.755119990851377,PRICE,TEST,2022-04
CMIN3.SA,BEAR_CALM,-0.06663604713558993,0,MAX_DAYS,10,3.4433817863464355,3.2180604934692383,3.1641362903255965,PRICE,TRAIN,2022-04
CMIN3.SA,BEAR_CALM,-0.03428843758253366,0,MAX_DAYS,10,3.119842529296875,3.0166118144989014,2.8732674498677473,PRICE,TRAIN,2022-04
CMIN3.SA,BEAR_CALM,0.12451431089716722,1,MAX_DAYS,10,2.2180967330932617,2.496943235397339,1.9962869651266042,PRICE,TRAIN,2022-04
BRKM5.SA,BEAR_CALM,-0.0014880238999025674,0,MAX_DAYS,10,41.40192413330078,41.38999938964844,38.790470672579794,PRICE,TRAIN,2022-04
BRKM5.SA,BEAR_CALM,0.02106179966078745,1,MAX_DAYS,10,22.459999084472656,22.959999084472656,19.945713383810862,PRICE,TRAIN,2022-04
BRKM5.SA,BEAR_CALM,0.05283008491924988,1,MAX_DAYS,10,22.579999923706055,23.799999237060547,20.215714931488037,PRICE,TRAIN,2022-04
BRKM5.SA,BEAR_CALM,-0.10261585645922158,0,STOP_LOSS,9,22.450000762939453,20.17321470805577,20.17321470805577,PRICE,TRAIN,2022-04
BRKM5.SA,BEAR_CALM,0.01751926514270439,1,MAX_DAYS,10,20.299999237060547,20.68000030517578,18.373211996895925,PRICE,TRAIN,2022-04
BRKM5.SA,BEAR_CALM,-0.10504414281202504,0,STOP_LOSS,9,19.3799991607666,17.36749976021903,17.36749976021903,PRICE,TRAIN,2022-04
BRKM5.SA,BEAR_CALM,0.07511152955303654,1,SIGNAL,3,18.8700008392334,20.309999465942383,17.370002269744873,PRICE,TEST,2022-04
COGN3.SA,BEAR_CALM,0.08617865693406021,1,MAX_DAYS,10,2.0056746006011963,2.1809277534484863,1.717063194518227,PRICE,TRAIN,2022-04
COGN3.SA,BEAR_CALM,0.15186120409193346,1,MAX_DAYS,10,1.9083118438720703,2.2004003524780273,1.6666432906100104,PRICE,TRAIN,2022-04
CPFE3.SA,BEAR_CALM,0.050708895343484085,1,MAX_DAYS,10,27.343826293945312,28.763214111328125,25.348833196667183,PRICE,TRAIN,2022-04
CPFE3.SA,BEAR_CALM,0.07716452363658552,1,MAX_DAYS,10,26.876802444458008,28.982990264892578,24.67740496313599,PRICE,TRAIN,2022-04
CSAN3.SA,BEAR_CALM,-0.0795707458658266,0,STOP_LOSS,3,19.629676818847656,18.09128440544944,18.09128440544944,PRICE,TRAIN,2022-04
CSAN3.SA,BEAR_CALM,-0.040352731248278005,0,MAX_DAYS,10,14.652165412902832,14.078493118286133,13.254928833221152,PRICE,TRAIN,2022-04
CSAN3.SA,BEAR_CALM,-0.028569867151413984,0,MAX_DAYS,10,14.087897300720215,13.702313423156738,12.89218578609942,PRICE,TRAIN,2022-04
CSAN3.SA,BEAR_CALM,0.050403806434403765,1,MAX_DAYS,10,13.486011505126953,14.181941032409668,12.290300519631337,PRICE,TRAIN,2022-04
CSAN3.SA,BEAR_CALM,0.06017426285805825,1,SIGNAL,5,14.097301483154297,14.962512969970703,13.403721602397496,PRICE,TEST,2022-04
CSNA3.SA,BEAR_CALM,0.06680829415331399,1,MAX_DAYS,10,10.086638450622559,10.772613525390625,8.861682300061656,PRICE,TRAIN,2022-04
CVCB3.SA,BEAR_CALM,-0.10119999999999998,0,HARD_STOP,9,11.936141967773438,10.742527770996094,9.959258726664952,PRICE,TRAIN,2022-04
CVCB3.SA,BEAR_CALM,-0.0508215723063711,0,MAX_DAYS,10,10.833642959594727,10.296060562133789,9.08129450253078,PRICE,TRAIN,2022-04
CVCB3.SA,BEAR_CALM,-0.07051616545924624,0,MAX_DAYS,10,9.8587064743042,9.175338745117188,8.270692280360631,PRICE,TRAIN,2022-04
CVCB3.SA,BEAR_CALM,0.03696789126127884,1,MAX_DAYS,10,6.032267093658447,6.262506008148193,5.030727011816842,PRICE,TRAIN,2022-04
CVCB3.SA,BEAR_CALM,-0.10119999999999998,0,HARD_STOP,7,3.0115280151367188,2.710375213623047,2.1695112075124467,PRICE,TRAIN,2022-04
CVCB3.SA,BEAR_CALM,-0.00758974015580529,0,END_CLOSED,5,2.882594108581543,2.8641750812530518,2.0767573629106795,PRICE,TRAIN,2022-04
CVCB3.SA,BEAR_CALM,0.17084295687517667,1,SIGNAL,4,2.5694689750671387,3.0115280151367188,2.2394599119822183,PRICE,TEST,2022-04
CYRE3.SA,BEAR_CALM,0.01788133453446559,1,MAX_DAYS,10,12.540639877319336,12.779932022094727,11.33865536246189,PRICE,TRAIN,2022-04
CXSE3.SA,BEAR_CALM,0.018347543815818358,1,MAX_DAYS,10,5.735352039337158,5.847464084625244,5.313576259105765,PRICE,TRAIN,2022-04
DIRR3.SA,BEAR_CALM,-0.02265903424850737,0,MAX_DAYS,10,2.9127039909362793,2.8502001762390137,2.559554385193597,PRICE,TRAIN,2022-04
EGIE3.SA,BEAR_CALM,0.043500313820434046,1,MAX_DAYS,10,22.421131134033203,23.423362731933594,21.31837811770317,PRICE,TRAIN,2022-04
ECOR3.SA,BEAR_CALM,-0.10146879504764231,0,STOP_LOSS,5,6.347917556762695,5.711419512284326,5.711419512284326,PRICE,TRAIN,2022-04
ECOR3.SA,BEAR_CALM,0.14192265416370828,1,MAX_DAYS,10,4.942372798919678,5.649738311767578,4.450234972110112,PRICE,TRAIN,2022-04
ECOR3.SA,BEAR_CALM,0.04414008144081647,1,MAX_DAYS,10,3.6539974212646484,3.8196699619293213,3.2315982977195,PRICE,TRAIN,2022-04
ELET3.SA,BEAR_CALM,-0.06940871170630872,0,STOP_LOSS,4,34.82598876953125,32.45055294166315,32.45055294166315,PRICE,TRAIN,2022-04
ELET3.SA,BEAR_CALM,-0.08368249101909733,0,STOP_LOSS,4,29.613460540771484,27.170868547672907,27.170868547672907,PRICE,TRAIN,2022-04
ELET3.SA,BEAR_CALM,0.08178078571728661,1,END_CLOSED,7,26.876007080078125,29.106199264526367,24.274114400968692,PRICE,TRAIN,2022-04
ELET6.SA,BEAR_CALM,0.019504247565189294,1,MAX_DAYS,10,34.17709732055664,34.884708404541016,31.111046142646767,PRICE,TRAIN,2022-04
ELET6.SA,BEAR_CALM,-0.0792552412051716,0,STOP_LOSS,7,32.5259895324707,29.987165574076815,29.987165574076815,PRICE,TRAIN,2022-04
ELET6.SA,BEAR_CALM,0.051049550510576226,1,MAX_DAYS,10,28.0200138092041,29.484046936035156,25.96920178333326,PRICE,TRAIN,2022-04
ELET6.SA,BEAR_CALM,0.007698776853476509,1,END_CLOSED,2,29.2481746673584,29.508447647094727,26.350604373448146,PRICE,TRAIN,2022-04
EMBR3.SA,BEAR_CALM,-0.035898183769531154,0,MAX_DAYS,10,14.39518928527832,13.895702362060547,12.863432601241954,PRICE,TRAIN,2022-04
ENEV3.SA,BEAR_CALM,-0.007962461895349902,0,MAX_DAYS,10,11.829999923706055,11.75,10.74964257649013,PRICE,TRAIN,2022-04
ENEV3.SA,BEAR_CALM,-0.0392623285541547,0,MAX_DAYS,10,11.5600004196167,11.119999885559082,10.604642868041992,PRICE,TRAIN,2022-04
ENEV3.SA,BEAR_CALM,0.031115946641153115,1,MAX_DAYS,10,11.140000343322754,11.5,10.10249958719526,PRICE,TRAIN,2022-04
ENEV3.SA,BEAR_CALM,-0.04416154765830662,0,END_CLOSED,9,10.9399995803833,10.470000267028809,9.827499491827828,PRICE,TRAIN,2022-04
ENGI11.SA,BEAR_CALM,-0.0029915835711768132,0,MAX_DAYS,10,30.363914489746094,30.30951499938965,27.728486114287534,PRICE,TRAIN,2022-04
ENGI11.SA,BEAR_CALM,-0.03364224034165877,0,MAX_DAYS,10,29.944246292114258,28.972787857055664,27.783445404870054,PRICE,TRAIN,2022-04
ENGI11.SA,BEAR_CALM,0.10905121941963078,1,END_CLOSED,8,28.747413635253906,31.916851043701172,26.114762058065278,PRICE,TRAIN,2022-04
FLRY3.SA,BEAR_CALM,-0.0737970968821672,0,STOP_LOSS,5,12.424869537353516,11.522860079801974,11.522860079801974,PRICE,TRAIN,2022-04
FLRY3.SA,BEAR_CALM,-0.0443321145004846,0,MAX_DAYS,10,11.487287521362305,10.991816520690918,10.604334470252413,PRICE,TRAIN,2022-04
FLRY3.SA,BEAR_CALM,0.013972614089911108,1,MAX_DAYS,10,11.052796363830566,11.22049617767334,10.138083100024021,PRICE,TRAIN,2022-04
FLRY3.SA,BEAR_CALM,0.041934287881964495,1,MAX_DAYS,10,10.912062644958496,11.382746696472168,10.025324548509673,PRICE,TRAIN,2022-04
FLRY3.SA,BEAR_CALM,0.0016289139004784581,1,SIGNAL,1,11.092490196228027,11.123869895935059,10.170731996347259,PRICE,TEST,2022-04
FLRY3.SA,BEAR_CALM,0.041872538588343035,1,SIGNAL,1,10.927750587463379,11.398436546325684,10.037370450343742,PRICE,TEST,2022-04
EZTC3.SA,BEAR_CALM,-0.07676081746419852,0,MAX_DAYS,10,14.006315231323242,12.947986602783203,12.52722649985059,PRICE,TRAIN,2022-04
EZTC3.SA,BEAR_CALM,0.08431823625801624,1,MAX_DAYS,10,13.245640754699707,14.378384590148926,12.006888636214107,PRICE,TRAIN,2022-04
EZTC3.SA,BEAR_CALM,-0.10119999999999998,0,HARD_STOP,6,12.128777503967285,10.915899753570557,10.538980347991057,PRICE,TRAIN,2022-04
EZTC3.SA,BEAR_CALM,0.04685490805043422,1,MAX_DAYS,10,11.042242050170898,11.5728759765625,9.557728871541942,PRICE,TRAIN,2022-04
EZTC3.SA,BEAR_CALM,0.11712046520427885,1,MAX_DAYS,10,11.033820152282715,12.339346885681152,9.659104600412334,PRICE,TRAIN,2022-04
EZTC3.SA,BEAR_CALM,0.17236031024426465,1,MAX_DAYS,10,10.38526725769043,12.187737464904785,9.14892575690111,PRICE,TRAIN,2022-04
GOAU4.SA,BEAR_CALM,-0.005816983813621966,0,MAX_DAYS,10,7.886895656585693,7.850481986999512,7.191160622413613,PRICE,TRAIN,2022-04
HYPE3.SA,BEAR_CALM,-0.0012,0,END_CLOSED,0,33.946510314941406,33.946510314941406,31.71784001753013,PRICE,TRAIN,2022-04
HAPV3.SA,BEAR_CALM,-0.08505940303693463,0,MAX_DAYS,10,166.35000610351562,152.39999389648438,144.6750030517578,PRICE,TRAIN,2022-04
HAPV3.SA,BEAR_CALM,-0.07940302753665521,0,MAX_DAYS,10,90.1500015258789,83.0999984741211,75.92678560529437,PRICE,TRAIN,2022-04
HAPV3.SA,BEAR_CALM,0.24209507235599323,1,MAX_DAYS,10,78.29999542236328,97.3499984741211,65.20178140912738,PRICE,TRAIN,2022-04
HAPV3.SA,BEAR_CALM,-0.10119999999999998,0,HARD_STOP,5,69.5999984741211,62.63999862670899,58.0017854145595,PRICE,TRAIN,2022-04
HAPV3.SA,BEAR_CALM,0.11694348391211759,1,SIGNAL,2,35.54999923706055,39.75,26.456247329711914,PRICE,TEST,2022-04
IRBR3.SA,BEAR_CALM,-0.10119999999999998,0,HARD_STOP,7,77.9110107421875,70.11990966796876,69.26806174384222,PRICE,TRAIN,2022-04
IRBR3.SA,BEAR_CALM,-0.10160428690956716,0,STOP_LOSS,6,65.96299743652344,59.3400297164917,59.3400297164917,PRICE,TRAIN,2022-04
IRBR3.SA,BEAR_CALM,0.24031047410524695,1,PROFIT_TARGET,8,60.735740661621094,75.40405818394252,53.40158190046038,PRICE,TRAIN,2022-04
IRBR3.SA,BEAR_CALM,-0.13597096769566555,0,STOP_LOSS,2,31.799999237060547,27.51428256716047,27.51428256716047,PRICE,TRAIN,2022-04
IRBR3.SA,BEAR_CALM,-0.06064907771076502,0,MAX_DAYS,10,20.690000534057617,19.459999084472656,18.232857295445033,PRICE,TRAIN,2022-04
ITSA4.SA,BEAR_CALM,0.03159307477516813,1,MAX_DAYS,10,5.817100524902344,6.007861137390137,5.488063511988317,PRICE,TRAIN,2022-04
KLBN11.SA,BEAR_CALM,0.05311133541350719,1,SIGNAL,4,13.929817199707031,14.68636417388916,13.00038331028259,PRICE,TEST,2022-04
LWSA3.SA,BEAR_CALM,-0.10119999999999998,0,HARD_STOP,1,9.465933799743652,8.519340419769287,8.119154415268923,PRICE,TRAIN,2022-04
LWSA3.SA,BEAR_CALM,-0.10119999999999998,0,HARD_STOP,5,8.600147247314453,7.740132522583008,7.128309087722422,PRICE,TRAIN,2022-04
LWSA3.SA,BEAR_CALM,-0.10119999999999987,0,HARD_STOP,3,4.906124114990234,4.4155117034912115,4.129664522411923,PRICE,TRAIN,2022-04
LWSA3.SA,BEAR_CALM,0.2855410339372956,1,PROFIT_TARGET,5,4.6848673820495605,6.028211099037563,4.013195523555559,PRICE,TRAIN,2022-04
LREN3.SA,BEAR_CALM,0.010246998206537274,1,MAX_DAYS,10,19.145137786865234,19.36429214477539,16.957736613624213,PRICE,TRAIN,2022-04
LREN3.SA,BEAR_CALM,0.08355389433077884,1,MAX_DAYS,10,15.961974143981934,17.3148136138916,13.762028578551403,PRICE,TRAIN,2022-04
LREN3.SA,BEAR_CALM,-0.031042890827573853,0,MAX_DAYS,10,15.825881004333496,15.353590965270996,14.084793832566659,PRICE,TRAIN,2022-04
LREN3.SA,BEAR_CALM,-0.00015819068436320077,0,MAX_DAYS,10,15.369599342346191,15.385611534118652,13.617075690677417,PRICE,TRAIN,2022-04
LREN3.SA,BEAR_CALM,-0.10119999999999998,0,HARD_STOP,7,14.785235404968262,13.306711864471437,12.986967982298616,PRICE,TRAIN,2022-04
LREN3.SA,BEAR_CALM,-0.025920416181688298,0,END_CLOSED,5,13.742863655090332,13.4031343460083,11.922303133999321,PRICE,TRAIN,2022-04
MRVE3.SA,BEAR_CALM,-0.07604216457857818,0,MAX_DAYS,10,10.652109146118164,9.85488224029541,9.564326446575594,PRICE,TRAIN,2022-04
MRVE3.SA,BEAR_CALM,-0.0981338559802343,0,STOP_LOSS,4,9.97974967956543,9.012374061407645,9.012374061407645,PRICE,TRAIN,2022-04
MRVE3.SA,BEAR_CALM,-0.01587513575840551,0,MAX_DAYS,10,9.163311958312988,9.028839111328125,8.012409749162739,PRICE,TRAIN,2022-04
MRVE3.SA,BEAR_CALM,-0.11738117475755863,0,STOP_LOSS,10,9.374625205993652,8.28547023664949,8.28547023664949,PRICE,TRAIN,2022-04
MRVE3.SA,BEAR_CALM,0.005973628728830872,1,MAX_DAYS,10,6.96999979019165,7.019999980926514,5.9735711472375055,PRICE,TRAIN,2022-04
MRVE3.SA,BEAR_CALM,-0.10119999999999998,0,HARD_STOP,5,6.900000095367432,6.210000085830688,6.058928745133536,PRICE,TRAIN,2022-04
MRVE3.SA,BEAR_CALM,0.015301634583630187,1,MAX_DAYS,10,6.059999942779541,6.159999847412109,5.199285796710423,PRICE,TRAIN,2022-04
MRVE3.SA,BEAR_CALM,0.1767660503263627,1,MAX_DAYS,10,5.900000095367432,6.949999809265137,5.196428656578064,PRICE,TRAIN,2022-04
MGLU3.SA,BEAR_CALM,-0.10119999999999998,0,HARD_STOP,5,34.86753463745117,31.380781173706055,29.01411959443143,PRICE,TRAIN,2022-04
MGLU3.SA,BEAR_CALM,-0.10119999999999998,0,HARD_STOP,3,29.87348747253418,26.886138725280762,24.830795062403524,PRICE,TRAIN,2022-04
MGLU3.SA,BEAR_CALM,0.17271309453215364,1,SIGNAL,4,29.23788070678711,34.322731018066406,24.470834659069794,PRICE,TEST,2022-04
PCAR3.SA,BEAR_CALM,0.07398246330738009,1,END_CLOSED,5,13.699999809265137,14.729999542236328,12.35535717010498,PRICE,TRAIN,2022-04
PCAR3.SA,BEAR_CALM,0.041891663431762406,1,SIGNAL,4,14.619999885559082,15.25,13.582499980926514,PRICE,TEST,2022-04
PETR3.SA,BEAR_CALM,0.05947242011674612,1,SIGNAL,4,16.65680503845215,17.66741371154785,15.43920205523801,PRICE,TEST,2022-04
PETR4.SA,BEAR_CALM,0.056072424388257415,1,SIGNAL,4,14.168882369995117,14.980368614196777,13.176417995537298,PRICE,TEST,2022-04
RADL3.SA,BEAR_CALM,-0.055839831965415775,0,STOP_LOSS,8,20.051944732666016,18.95630984189334,18.95630984189334,PRICE,TRAIN,2022-04
RAIL3.SA,BEAR_CALM,-0.05190255709827465,0,MAX_DAYS,10,15.563650131225586,14.77453327178955,14.210004972559812,PRICE,TRAIN,2022-04
RAIZ4.SA,BEAR_CALM,0.2666572577508294,1,PROFIT_TARGET,9,3.7409520149230957,4.742993163017836,3.2399314408757256,PRICE,TRAIN,2022-04
RAIZ4.SA,BEAR_CALM,0.008636064459724847,1,MAX_DAYS,10,2.806708335876465,2.834315299987793,2.474767418139488,PRICE,TRAIN,2022-04
RAIZ4.SA,BEAR_CALM,-0.04080387150295852,0,MAX_DAYS,10,2.7883036136627197,2.6778759956359863,2.4054213181611006,PRICE,TRAIN,2022-04
RAIZ4.SA,BEAR_CALM,-0.10119999999999998,0,HARD_STOP,3,2.7054827213287354,2.434934449195862,2.3718985320688386,PRICE,TRAIN,2022-04
RAIZ4.SA,BEAR_CALM,-0.1012000000000001,0,HARD_STOP,6,2.4938294887542725,2.244446539878845,2.166818281978896,PRICE,TRAIN,2022-04
RAIZ4.SA,BEAR_CALM,0.035163694361267296,1,END_CLOSED,2,2.6159846782684326,2.711111545562744,2.294804326384373,PRICE,TRAIN,2022-04
RDOR3.SA,BEAR_CALM,-0.07762957136913942,0,STOP_LOSS,4,42.53172302246094,39.28104166226329,39.28104166226329,PRICE,TRAIN,2022-04
RDOR3.SA,BEAR_CALM,-0.048070683140331937,0,MAX_DAYS,10,32.76498031616211,31.229263305664062,29.179865673140046,PRICE,TRAIN,2022-04
RDOR3.SA,BEAR_CALM,0.009266395594550537,1,END_CLOSED,4,19.884624481201172,20.092744827270508,16.84395551747705,PRICE,TRAIN,2022-04
SBSP3.SA,BEAR_CALM,-0.027668758445860718,0,MAX_DAYS,10,46.09803009033203,44.877872467041016,42.81653252641229,PRICE,TEST,2022-04
RENT3.SA,BEAR_CALM,-0.008100594035100238,0,MAX_DAYS,10,46.74205017089844,46.41950225830078,43.129654652542925,PRICE,TRAIN,2022-04
SANB11.SA,BEAR_CALM,0.007818684100259078,1,MAX_DAYS,10,22.363859176635742,22.5655517578125,21.038438328794747,PRICE,TRAIN,2022-04
SANB11.SA,BEAR_CALM,0.08249247904675502,1,MAX_DAYS,10,22.46067237854004,24.34046173095703,21.159744998859345,PRICE,TRAIN,2022-04
SANB11.SA,BEAR_CALM,0.02838110809711867,1,END_CLOSED,4,21.976823806762695,22.626922607421875,20.440520468051968,PRICE,TRAIN,2022-04
SMFT3.SA,BEAR_CALM,-0.11765072544238911,0,STOP_LOSS,5,15.904923439025879,14.052783566445656,14.052783566445656,PRICE,TRAIN,2022-04
SMFT3.SA,BEAR_CALM,-0.10119999999999998,0,HARD_STOP,8,14.644950866699219,13.180455780029297,12.509120039859944,PRICE,TRAIN,2022-04
SMFT3.SA,BEAR_CALM,-0.10119999999999998,0,HARD_STOP,7,12.910199165344238,11.619179248809814,11.040125592901205,PRICE,TRAIN,2022-04
SMFT3.SA,BEAR_CALM,0.048653394591390155,1,MAX_DAYS,10,9.340264320373535,9.805908203125,7.859857095941101,PRICE,TRAIN,2022-04
SMFT3.SA,BEAR_CALM,0.27006877869125445,1,PROFIT_TARGET,7,9.79677677154541,12.454336441473384,8.467996936581423,PRICE,TRAIN,2022-04
SUZB3.SA,BEAR_CALM,-0.022579388049810432,0,MAX_DAYS,10,45.77410888671875,44.79548645019531,42.77860792564682,PRICE,TRAIN,2022-04
SUZB3.SA,BEAR_CALM,-0.028590799186175707,0,MAX_DAYS,10,40.075157165527344,38.97746658325195,37.16532822071222,PRICE,TEST,2022-04
SUZB3.SA,BEAR_CALM,0.07328457059905111,1,MAX_DAYS,10,36.71584701538086,39.45061111450195,33.875301672700985,PRICE,TEST,2022-04
TIMS3.SA,BEAR_CALM,-0.0448301904520382,0,MAX_DAYS,10,8.668103218078613,8.289912223815918,8.110273604543094,PRICE,TRAIN,2022-04
TIMS3.SA,BEAR_CALM,0.12367057766301834,1,PROFIT_TARGET,5,8.350424766540527,9.393147130870018,7.829063584375782,PRICE,TRAIN,2022-04
VALE3.SA,BEAR_CALM,0.06169113485329434,1,MAX_DAYS,10,50.16706466674805,53.32212829589844,46.23581652740021,PRICE,TRAIN,2022-04
USIM5.SA,BEAR_CALM,-0.08804536627515316,0,STOP_LOSS,8,11.415972709655762,10.424548378298555,10.424548378298555,PRICE,TRAIN,2022-04
USIM5.SA,BEAR_CALM,-0.10119999999999998,0,HARD_STOP,1,9.930200576782227,8.937180519104004,8.64363588453051,PRICE,TRAIN,2022-04
USIM5.SA,BEAR_CALM,0.13050726231107443,1,MAX_DAYS,10,7.560598373413086,8.556384086608887,6.750534147978055,PRICE,TRAIN,2022-04
USIM5.SA,BEAR_CALM,0.09669163230398867,1,END_CLOSED,6,6.1222405433654785,6.721556663513184,5.5871370755999985,PRICE,TRAIN,2022-04
USIM5.SA,BEAR_CALM,0.07840892624022064,1,SIGNAL,4,6.601693153381348,7.127246856689453,6.232883261660612,PRICE,TEST,2022-04
VBBR3.SA,BEAR_CALM,-0.07538349426817406,0,STOP_LOSS,7,15.82684326171875,14.652752725329748,14.652752725329748,PRICE,TRAIN,2022-04
VBBR3.SA,BEAR_CALM,-0.011200205070239132,0,MAX_DAYS,10,14.788515090942383,14.640626907348633,13.496324802960542,PRICE,TRAIN,2022-04
VBBR3.SA,BEAR_CALM,0.03782454632231778,1,MAX_DAYS,10,11.087823867797852,11.52052116394043,9.959172659875684,PRICE,TRAIN,2022-04
VBBR3.SA,BEAR_CALM,-0.09575241671425297,0,STOP_LOSS,4,11.134184837341309,10.081420752827496,10.081420752827496,PRICE,TRAIN,2022-04
VBBR3.SA,BEAR_CALM,0.05554866557773117,1,MAX_DAYS,10,10.0756254196167,10.647403717041016,9.0952995553383,PRICE,TEST,2022-04
WEGE3.SA,BEAR_CALM,-0.07734144138300983,0,STOP_LOSS,9,24.407840728759766,22.549392554625065,22.549392554625065,PRICE,TRAIN,2022-04
WEGE3.SA,BEAR_CALM,0.08098736012114824,1,MAX_DAYS,10,22.341272354125977,24.17744255065918,20.32490611684359,PRICE,TRAIN,2022-04
YDUQ3.SA,BEAR_CALM,0.20247841237052353,1,MAX_DAYS,10,13.6885404586792,16.476600646972656,11.738208029146854,PRICE,TRAIN,2022-04
YDUQ3.SA,BEAR_CALM,-0.10119999999999998,0,HARD_STOP,3,9.725577354431152,8.753019618988038,8.226977543007386,PRICE,TRAIN,2022-04
YDUQ3.SA,BEAR_CALM,-0.0055056740108261545,0,MAX_DAYS,10,8.662569999694824,8.625271797180176,7.305504630868695,PRICE,TRAIN,2022-04
YDUQ3.SA,BEAR_CALM,0.08970897296764332,1,MAX_DAYS,10,8.821088790893555,9.623004913330078,7.718785406365809,PRICE,TRAIN,2022-04
YDUQ3.SA,BEAR_CALM,-0.10119999999999998,0,HARD_STOP,7,8.392156600952148,7.552940940856934,7.299844664796864,PRICE,TRAIN,2022-04
YDUQ3.SA,BEAR_CALM,-0.10119999999999998,0,HARD_STOP,6,7.795380115509033,7.01584210395813,6.483273259343468,PRICE,TRAIN,2022-04
YDUQ3.SA,BEAR_CALM,-0.13801825996487407,0,STOP_LOSS,10,7.0587358474731445,6.092971891270188,6.092971891270188,PRICE,TRAIN,2022-04
YDUQ3.SA,BEAR_CALM,-0.10119999999999987,0,HARD_STOP,3,6.74169921875,6.0675292968750005,5.394625014068334,PRICE,TRAIN,2022-04
YDUQ3.SA,BEAR_CALM,-0.034121783275711935,0,END_CLOSED,1,6.797646522521973,6.573855876922607,5.522172016673235,PRICE,TRAIN,2022-04
ABEV3.SA,BEAR_CALM,0.02877066963226347,1,SIGNAL,1,11.256987571716309,11.594367027282715,10.536967497513166,PRICE,TRAIN,2022-07
AURE3.SA,BEAR_CALM,0.035564677576874405,1,SIGNAL,3,10.65268611907959,11.044328689575195,9.957519048148779,PRICE,TRAIN,2022-07
ASAI3.SA,BEAR_CALM,0.10510944369234818,1,MAX_DAYS,10,11.363585472106934,12.57164192199707,9.816683618859557,PRICE,TRAIN,2022-07
ASAI3.SA,BEAR_CALM,0.006882394232803214,1,SIGNAL,1,13.36719036102295,13.475229263305664,12.434138559267204,PRICE,TEST,2022-07
ASAI3.SA,BEAR_CALM,0.04891930058525582,1,MAX_DAYS,10,12.345745086669922,12.964505195617676,11.115590220656545,PRICE,TEST,2022-07
B3SA3.SA,BEAR_CALM,-0.1038625289978167,0,STOP_LOSS,8,10.079018592834473,9.04428105427807,9.04428105427807,PRICE,TRAIN,2022-07
B3SA3.SA,BEAR_CALM,0.1044830849554331,1,MAX_DAYS,10,9.123873710632324,10.088112831115723,8.114979187852073,PRICE,TRAIN,2022-07
BBDC3.SA,BEAR_CALM,0.015667506106461816,1,END_CLOSED,4,10.149397850036621,10.320592880249023,9.693751521028357,PRICE,TEST,2022-07
BBDC4.SA,BEAR_CALM,-0.07063900627062772,0,STOP_LOSS,3,11.517613410949707,10.717841781084104,10.717841781084104,PRICE,TRAIN,2022-07
BBDC4.SA,BEAR_CALM,0.08591371079637908,1,MAX_DAYS,10,10.777987480163574,11.716897964477539,9.833233060752686,PRICE,TRAIN,2022-07
BBSE3.SA,BEAR_CALM,0.01666308713435103,1,END_CLOSED,8,23.72156524658203,24.145305633544922,22.68603728931646,PRICE,TRAIN,2022-07
BBSE3.SA,BEAR_CALM,0.026066793619076246,1,MAX_DAYS,10,23.8863525390625,24.537656784057617,22.797577223173548,PRICE,TEST,2022-07
BPAC11.SA,BEAR_CALM,-0.02998987259729515,0,MAX_DAYS,10,20.199501037597656,19.61795997619629,18.12094450342978,PRICE,TRAIN,2022-07
BEEF3.SA,BEAR_CALM,0.027219142229780148,1,MAX_DAYS,10,10.691307067871094,10.995144844055176,9.339973227052129,PRICE,TRAIN,2022-07
BEEF3.SA,BEAR_CALM,0.14213341090041584,1,MAX_DAYS,10,8.852279663085938,10.12110710144043,7.9080823623287,PRICE,TRAIN,2022-07
BEEF3.SA,BEAR_CALM,-0.058761016677395216,0,MAX_DAYS,10,10.08176326751709,9.501446723937988,9.184239838409097,PRICE,TEST,2022-07
BRAP4.SA,BEAR_CALM,-0.041574012693343286,0,MAX_DAYS,10,15.739069938659668,15.103620529174805,14.490468867965523,PRICE,TRAIN,2022-07
BRAP4.SA,BEAR_CALM,0.05229777793134103,1,MAX_DAYS,10,14.628705978393555,15.411309242248535,13.550115922508203,PRICE,TRAIN,2022-07
BRAP4.SA,BEAR_CALM,0.027294016588988647,1,MAX_DAYS,10,16.636911392211914,17.110963821411133,16.166621510819066,PRICE,TEST,2022-07
BRKM5.SA,BEAR_CALM,0.02106179966078745,1,MAX_DAYS,10,22.459999084472656,22.959999084472656,19.945713383810862,PRICE,TRAIN,2022-07
COGN3.SA,BEAR_CALM,0.08617865693406021,1,MAX_DAYS,10,2.0056746006011963,2.1809277534484863,1.717063194518227,PRICE,TRAIN,2022-07
CSAN3.SA,BEAR_CALM,0.009210557253548891,1,MAX_DAYS,10,16.260330200195312,16.429609298706055,15.194490628618404,PRICE,TRAIN,2022-07
CSAN3.SA,BEAR_CALM,0.13884220821783563,1,MAX_DAYS,10,13.363753318786621,15.23524284362793,12.263766244288057,PRICE,TRAIN,2022-07
CVCB3.SA,BEAR_CALM,-0.10119999999999987,0,HARD_STOP,5,2.670773983001709,2.4036965847015384,2.2020726885114397,PRICE,TRAIN,2022-07
CVCB3.SA,BEAR_CALM,0.15688804633977801,1,MAX_DAYS,10,2.505002021789551,2.901012897491455,2.059324894632612,PRICE,TRAIN,2022-07
CVCB3.SA,BEAR_CALM,-0.07242500349306993,0,STOP_LOSS,2,3.509999990463257,3.260000228881836,3.260000228881836,PRICE,TEST,2022-07
CVCB3.SA,BEAR_CALM,-0.04300060463260349,0,MAX_DAYS,10,3.109999895095825,2.9800000190734863,2.6918181506070225,PRICE,TEST,2022-07
CVCB3.SA,BEAR_CALM,-0.10119999999999998,0,HARD_STOP,4,2.880000114440918,2.5920001029968263,2.5496429886136736,PRICE,TEST,2022-07
CVCB3.SA,BEAR_CALM,-0.10119999999999987,0,HARD_STOP,9,2.509999990463257,2.2589999914169314,2.1600000262260437,PRICE,TEST,2022-07
CVCB3.SA,BEAR_CALM,0.041535105435526055,1,MAX_DAYS,10,2.3399999141693115,2.440000057220459,2.039999987397875,PRICE,TEST,2022-07
CSNA3.SA,BEAR_CALM,0.04485262738739735,1,SIGNAL,1,10.478035926818848,10.960577011108398,9.86408834860987,PRICE,TEST,2022-07
CXSE3.SA,BEAR_CALM,-0.014396528771573068,0,MAX_DAYS,10,5.086697578430176,5.019570827484131,4.862942786683001,PRICE,TRAIN,2022-07
CYRE3.SA,BEAR_CALM,0.02223093220186354,1,SIGNAL,1,10.590858459472656,10.839012145996094,9.70459501510839,PRICE,TRAIN,2022-07
DIRR3.SA,BEAR_CALM,0.019151534443399322,1,SIGNAL,1,2.7026896476745605,2.7576935291290283,2.352665703354623,PRICE,TRAIN,2022-07
ECOR3.SA,BEAR_CALM,-0.09223021774235154,0,STOP_LOSS,8,5.172037124633789,4.701225459006849,4.701225459006849,PRICE,TRAIN,2022-07
ECOR3.SA,BEAR_CALM,0.08675413461914458,1,MAX_DAYS,10,4.804574012756348,5.227156162261963,4.29722456420078,PRICE,TRAIN,2022-07
ELET6.SA,BEAR_CALM,0.019504247565189294,1,MAX_DAYS,10,34.17709732055664,34.884708404541016,31.111046142646767,PRICE,TRAIN,2022-07
ELET6.SA,BEAR_CALM,0.051049550510576226,1,MAX_DAYS,10,28.0200138092041,29.484046936035156,25.96920178333326,PRICE,TRAIN,2022-07
ELET3.SA,BEAR_CALM,0.030738010811658924,1,MAX_DAYS,10,28.20537567138672,29.106199264526367,25.561315119165666,PRICE,TRAIN,2022-07
ELET3.SA,BEAR_CALM,-0.006015722765065144,0,MAX_DAYS,10,29.525999069213867,29.38381004333496,27.280188000758514,PRICE,TRAIN,2022-07
EMBR3.SA,BEAR_CALM,-0.03290527895041886,0,MAX_DAYS,10,11.658005714416504,11.288385391235352,10.471726514845281,PRICE,TRAIN,2022-07
EZTC3.SA,BEAR_CALM,-0.10119999999999998,0,HARD_STOP,6,12.128777503967285,10.915899753570557,10.538980347991057,PRICE,TRAIN,2022-07
EZTC3.SA,BEAR_CALM,0.04685490805043422,1,MAX_DAYS,10,11.042242050170898,11.5728759765625,9.557728871541942,PRICE,TRAIN,2022-07
GOAU4.SA,BEAR_CALM,-0.003883457866101468,0,END_CLOSED,3,9.510238647460938,9.484718322753906,9.001368428081074,PRICE,TEST,2022-07
HYPE3.SA,BEAR_CALM,-0.023303653119033395,0,MAX_DAYS,10,33.81144332885742,33.0640869140625,30.911565880069848,PRICE,TRAIN,2022-07
HYPE3.SA,BEAR_CALM,0.05223297177725681,1,MAX_DAYS,10,33.703399658203125,35.5042724609375,31.314023677592786,PRICE,TRAIN,2022-07
HAPV3.SA,BEAR_CALM,-0.10119999999999998,0,HARD_STOP,5,69.5999984741211,62.63999862670899,58.0017854145595,PRICE,TRAIN,2022-07
HAPV3.SA,BEAR_CALM,0.18213329094780825,1,MAX_DAYS,10,36.0,42.599998474121094,27.72321319580078,PRICE,TRAIN,2022-07
HAPV3.SA,BEAR_CALM,-0.033607327280444486,0,MAX_DAYS,10,64.79999542236328,62.70000076293945,55.42500019073486,PRICE,TEST,2022-07
IGTI11.SA,BEAR_CALM,0.03996360865386137,1,SIGNAL,2,16.730188369750977,17.41886329650879,15.283974726827717,PRICE,TRAIN,2022-07
IRBR3.SA,BEAR_CALM,-0.13597096769566555,0,STOP_LOSS,2,31.799999237060547,27.51428256716047,27.51428256716047,PRICE,TRAIN,2022-07
IRBR3.SA,BEAR_CALM,-0.06064907771076502,0,MAX_DAYS,10,20.690000534057617,19.459999084472656,18.232857295445033,PRICE,TRAIN,2022-07
ITSA4.SA,BEAR_CALM,0.03875152540314839,1,MAX_DAYS,10,5.20723295211792,5.41526985168457,4.981334706122343,PRICE,TRAIN,2022-07
ITUB4.SA,BEAR_CALM,0.008520770992196704,1,MAX_DAYS,10,16.4725341796875,16.632659912109375,15.49897570197933,PRICE,TRAIN,2022-07
KLBN11.SA,BEAR_CALM,-0.05446664222564481,0,STOP_LOSS,5,14.652318000793457,13.871838220068817,13.871838220068817,PRICE,TRAIN,2022-07
KLBN11.SA,BEAR_CALM,0.07609707250066164,1,MAX_DAYS,10,13.621501922607422,14.67440414428711,12.803206363094167,PRICE,TRAIN,2022-07
LREN3.SA,BEAR_CALM,0.034839995651047985,1,SIGNAL,2,18.157072067260742,18.811452865600586,16.19590473307703,PRICE,TRAIN,2022-07
LREN3.SA,BEAR_CALM,-0.10119999999999998,0,HARD_STOP,9,12.982518196105957,11.684266376495362,11.042651695537149,PRICE,TRAIN,2022-07
LREN3.SA,BEAR_CALM,0.2385893471135788,1,PROFIT_TARGET,10,12.505278587341309,15.503911175273299,11.005962293375314,PRICE,TRAIN,2022-07
LREN3.SA,BEAR_CALM,0.007182778627643806,1,SIGNAL,1,16.545429229736328,16.684125900268555,15.12788927014979,PRICE,TEST,2022-07
LREN3.SA,BEAR_CALM,-0.10221013998099351,0,STOP_LOSS,6,16.15382194519043,14.5221221292787,14.5221221292787,PRICE,TEST,2022-07
MGLU3.SA,BEAR_CALM,-0.07909318125416256,0,STOP_LOSS,4,30.59989356994629,28.21637051374438,28.21637051374438,PRICE,TEST,2022-07
MGLU3.SA,BEAR_CALM,0.0020679870919796187,1,MAX_DAYS,10,27.785066604614258,27.87586784362793,24.120601979209198,PRICE,TEST,2022-07
MRVE3.SA,BEAR_CALM,0.04264902906109045,1,SIGNAL,2,8.08272647857666,8.437146186828613,6.778267553711635,PRICE,TRAIN,2022-07
PCAR3.SA,BEAR_CALM,0.056464231595007776,1,MAX_DAYS,10,13.699999809265137,14.489999771118164,12.35535717010498,PRICE,TRAIN,2022-07
PCAR3.SA,BEAR_CALM,0.21739474026622738,1,MAX_DAYS,10,14.09000015258789,17.170000076293945,12.493571145193917,PRICE,TRAIN,2022-07
RADL3.SA,BEAR_CALM,0.0423618002386422,1,SIGNAL,2,17.009641647338867,17.750612258911133,16.112844336270012,PRICE,TRAIN,2022-07
RAIL3.SA,BEAR_CALM,0.010085230577273264,1,SIGNAL,1,15.164337158203125,15.335470199584961,14.166057715548897,PRICE,TRAIN,2022-07
RAIL3.SA,BEAR_CALM,0.050458191416338095,1,MAX_DAYS,10,14.907636642456055,15.677738189697266,13.962836187000455,PRICE,TRAIN,2022-07
RDOR3.SA,BEAR_CALM,0.254700451869171,1,PROFIT_TARGET,9,24.437480926513672,30.691043338152767,21.310699720694124,PRICE,TRAIN,2022-07
RDOR3.SA,BEAR_CALM,0.00011725076058919487,1,MAX_DAYS,10,21.540103912353516,21.568477630615234,18.59910087055175,PRICE,TRAIN,2022-07
RDOR3.SA,BEAR_CALM,-0.04233205166998768,0,END_CLOSED,6,25.068628311157227,24.037504196166992,22.93171376456902,PRICE,TEST,2022-07
RECV3.SA,BEAR_CALM,-0.1010482343258661,0,STOP_LOSS,9,15.97932243347168,14.38381530276583,14.38381530276583,PRICE,TRAIN,2022-07
RECV3.SA,BEAR_CALM,-0.04135181064718487,0,MAX_DAYS,10,14.557401657104492,13.972895622253418,13.076241475217563,PRICE,TRAIN,2022-07
RECV3.SA,BEAR_CALM,0.015324297511655073,1,MAX_DAYS,10,13.862310409545898,14.091375350952148,12.227551422216804,PRICE,TRAIN,2022-07
RECV3.SA,BEAR_CALM,0.07503833535939583,1,MAX_DAYS,10,14.194058418273926,15.276189804077148,13.027582182549853,PRICE,TRAIN,2022-07
RENT3.SA,BEAR_CALM,0.06101553746229103,1,SIGNAL,3,46.72529983520508,49.63233947753906,44.365546208152146,PRICE,TRAIN,2022-07
SANB11.SA,BEAR_CALM,-0.058341239531445675,0,STOP_LOSS,7,23.178701400756836,21.854241671988333,21.854241671988333,PRICE,TRAIN,2022-07
SLCE3.SA,BEAR_CALM,-0.039976235696246774,0,MAX_DAYS,10,17.008285522460938,16.34876823425293,15.789303289120582,PRICE,TRAIN,2022-07
SLCE3.SA,BEAR_CALM,-0.008332518106810037,0,MAX_DAYS,10,16.25139808654785,16.13548469543457,14.82683011907996,PRICE,TRAIN,2022-07
SLCE3.SA,BEAR_CALM,0.011061305353786334,1,MAX_DAYS,10,16.260671615600586,16.46004867553711,15.277043548056932,PRICE,TRAIN,2022-07
SLCE3.SA,BEAR_CALM,0.06221048728128973,1,MAX_DAYS,10,16.232852935791016,17.26218605041504,15.242600744160166,PRICE,TRAIN,2022-07
SUZB3.SA,BEAR_CALM,-0.06885663559606006,0,STOP_LOSS,6,45.05120086669922,42.00318818649605,42.00318818649605,PRICE,TRAIN,2022-07
SUZB3.SA,BEAR_CALM,-0.08009764080801232,0,STOP_LOSS,6,38.95854187011719,35.88480482724477,35.88480482724477,PRICE,TRAIN,2022-07
SUZB3.SA,BEAR_CALM,0.0769407533468883,1,MAX_DAYS,10,37.662132263183594,40.605079650878906,34.779342687395406,PRICE,TRAIN,2022-07
TOTS3.SA,BEAR_CALM,0.10364822491703504,1,MAX_DAYS,10,24.33066749572754,26.881694793701172,22.010148810408758,PRICE,TRAIN,2022-07
UGPA3.SA,BEAR_CALM,0.011436981618625587,1,MAX_DAYS,10,10.34327220916748,10.473979949951172,9.635275889819898,PRICE,TRAIN,2022-07
VALE3.SA,BEAR_CALM,0.039123693307391606,1,MAX_DAYS,10,50.48656463623047,52.522369384765625,45.73882876087255,PRICE,TRAIN,2022-07
VALE3.SA,BEAR_CALM,0.021865135289654038,1,MAX_DAYS,10,52.81137466430664,54.029476165771484,50.287010584723,PRICE,TEST,2022-07
USIM5.SA,BEAR_CALM,0.1638841826404461,1,PROFIT_TARGET,10,6.103800296783447,7.1114411797784545,5.599979855285944,PRICE,TRAIN,2022-07
VBBR3.SA,BEAR_CALM,0.0030787225828555545,1,MAX_DAYS,10,12.097002983093262,12.148762702941895,11.098777891098306,PRICE,TRAIN,2022-07
VBBR3.SA,BEAR_CALM,-0.0930139635102302,0,STOP_LOSS,9,10.369239807128906,9.417198801848347,9.417198801848347,PRICE,TRAIN,2022-07
VIVT3.SA,BEAR_CALM,0.00740033406313554,1,MAX_DAYS,10,19.268573760986328,19.434289932250977,17.834093801248134,PRICE,TRAIN,2022-07
YDUQ3.SA,BEAR_CALM,0.10991122090703173,1,SIGNAL,2,11.581174850463867,12.867973327636719,10.14751470915208,PRICE,TRAIN,2022-07
YDUQ3.SA,BEAR_CALM,-0.10119999999999998,0,HARD_STOP,3,9.725577354431152,8.753019618988038,8.226977543007386,PRICE,TRAIN,2022-07
YDUQ3.SA,BEAR_CALM,-0.0055056740108261545,0,MAX_DAYS,10,8.662569999694824,8.625271797180176,7.305504630868695,PRICE,TRAIN,2022-07
WEGE3.SA,BEAR_CALM,0.01880772064158074,1,SIGNAL,1,24.699594497680664,25.193777084350586,22.939666668912302,PRICE,TRAIN,2022-07
WEGE3.SA,BEAR_CALM,0.10236392348462484,1,PROFIT_TARGET,10,34.40618133544922,37.96942046667181,32.624561769837925,PRICE,TEST,2022-07
ABEV3.SA,BEAR_CALM,-0.01101865506211621,0,END_CLOSED,6,11.46897029876709,11.35636043548584,10.958509114956286,PRICE,TRAIN,2022-10
AURE3.SA,BEAR_CALM,0.06030511803351355,1,MAX_DAYS,10,10.825008392333984,11.490801811218262,9.998206592089513,PRICE,TRAIN,2022-10
ASAI3.SA,BEAR_CALM,-0.059511559837521454,0,MAX_DAYS,10,11.285013198852539,10.62696647644043,10.216913672909374,PRICE,TEST,2022-10
B3SA3.SA,BEAR_CALM,-0.03253148612075787,0,MAX_DAYS,10,10.864888191223145,10.52447509765625,9.576513007745433,PRICE,TEST,2022-10
AZUL4.SA,BEAR_CALM,0.00424744690631771,1,MAX_DAYS,10,12.850000381469727,12.920000076293945,10.225001096725464,PRICE,TEST,2022-10
BBDC3.SA,BEAR_CALM,0.015667506106461816,1,END_CLOSED,4,10.149397850036621,10.320592880249023,9.693751521028357,PRICE,TRAIN,2022-10
BBDC3.SA,BEAR_CALM,0.03795152402193378,1,SIGNAL,5,10.008367538452148,10.4002103805542,9.48558159116235,PRICE,TEST,2022-10
BBDC4.SA,BEAR_CALM,-0.07063900627062772,0,STOP_LOSS,3,11.517613410949707,10.717841781084104,10.717841781084104,PRICE,TRAIN,2022-10
BBDC4.SA,BEAR_CALM,0.08591371079637908,1,MAX_DAYS,10,10.777987480163574,11.716897964477539,9.833233060752686,PRICE,TRAIN,2022-10
BBDC4.SA,BEAR_CALM,0.0325884186140367,1,SIGNAL,1,11.408697128295898,11.79417896270752,10.824802490606167,PRICE,TEST,2022-10
BEEF3.SA,BEAR_CALM,0.027219142229780148,1,MAX_DAYS,10,10.691307067871094,10.995144844055176,9.339973227052129,PRICE,TRAIN,2022-10
BEEF3.SA,BEAR_CALM,-0.007342529315232625,0,END_CLOSED,3,8.140000343322754,8.09000015258789,7.515000683920724,PRICE,TRAIN,2022-10
BEEF3.SA,BEAR_CALM,-0.05286052526222231,0,MAX_DAYS,10,8.130000114440918,7.710000038146973,7.542499780654907,PRICE,TEST,2022-10
BEEF3.SA,BEAR_CALM,0.04303591447970354,1,MAX_DAYS,10,7.460000038146973,7.789999961853027,6.890769261580247,PRICE,TEST,2022-10
BEEF3.SA,BEAR_CALM,0.029591793674664447,1,MAX_DAYS,10,6.820000171661377,7.03000020980835,6.105714287076678,PRICE,TEST,2022-10
BBSE3.SA,BEAR_CALM,0.04511150190416733,1,MAX_DAYS,10,23.72156524658203,24.820146560668945,22.68603728931646,PRICE,TRAIN,2022-10
BRAP4.SA,BEAR_CALM,-0.030439755412705403,0,MAX_DAYS,10,16.727209091186523,16.238109588623047,16.087617555037216,PRICE,TEST,2022-10
BRAP4.SA,BEAR_CALM,0.09843453304424563,1,PROFIT_TARGET,9,16.004844665527344,17.599479890222845,15.207527053179593,PRICE,TEST,2022-10
BRKM5.SA,BEAR_CALM,0.02106179966078745,1,MAX_DAYS,10,22.459999084472656,22.959999084472656,19.945713383810862,PRICE,TRAIN,2022-10
BRKM5.SA,BEAR_CALM,-0.07816197795269733,0,STOP_LOSS,9,18.8700008392334,17.417728250676937,17.417728250676937,PRICE,TEST,2022-10
COGN3.SA,BEAR_CALM,0.08617865693406021,1,MAX_DAYS,10,2.0056746006011963,2.1809277534484863,1.717063194518227,PRICE,TRAIN,2022-10
COGN3.SA,BEAR_CALM,-0.0012,0,MAX_DAYS,10,2.424334764480591,2.424334764480591,2.146850347731993,PRICE,TEST,2022-10
CPLE6.SA,BEAR_CALM,0.09316838210447806,1,MAX_DAYS,10,5.801187038421631,6.348635673522949,5.434750284088346,PRICE,TRAIN,2022-10
CSAN3.SA,BEAR_CALM,-0.13256301670121665,0,STOP_LOSS,4,17.181968688964844,14.924893449116574,14.924893449116574,PRICE,TRAIN,2022-10
CVCB3.SA,BEAR_CALM,-0.04648306402231386,0,MAX_DAYS,10,2.6500000953674316,2.5299999713897705,2.292857195649828,PRICE,TRAIN,2022-10
CVCB3.SA,BEAR_CALM,-0.1012000000000001,0,HARD_STOP,2,2.430000066757202,2.187000060081482,2.112142929009029,PRICE,TRAIN,2022-10
CVCB3.SA,BEAR_CALM,0.041535105435526055,1,MAX_DAYS,10,2.3399999141693115,2.440000057220459,2.039999987397875,PRICE,TRAIN,2022-10
CVCB3.SA,BEAR_CALM,0.11619129848876816,1,MAX_DAYS,10,2.299999952316284,2.569999933242798,1.8767856870378767,PRICE,TRAIN,2022-10
CVCB3.SA,BEAR_CALM,0.07411373240079419,1,SIGNAL,1,2.390000104904175,2.569999933242798,1.9274999499320984,PRICE,TEST,2022-10
CSNA3.SA,BEAR_CALM,-0.04357280902381535,0,MAX_DAYS,10,10.167830467224121,9.736990928649902,9.510798389570597,PRICE,TEST,2022-10
CSNA3.SA,BEAR_CALM,0.12392815885324135,1,PROFIT_TARGET,10,9.693906784057617,10.906887492041694,9.087416430065579,PRICE,TEST,2022-10
ELET3.SA,BEAR_CALM,0.030738010811658924,1,MAX_DAYS,10,28.20537567138672,29.106199264526367,25.561315119165666,PRICE,TRAIN,2022-10
ELET3.SA,BEAR_CALM,-0.04454280645973099,0,MAX_DAYS,10,31.073951721191406,29.72711944580078,29.01629393351373,PRICE,TEST,2022-10
EGIE3.SA,BEAR_CALM,0.018949790325739714,1,MAX_DAYS,10,22.74908447265625,23.207473754882812,21.011754710955895,PRICE,TRAIN,2022-10
EGIE3.SA,BEAR_CALM,0.034448733462435356,1,MAX_DAYS,10,22.419981002807617,23.21922492980957,21.439814797572954,PRICE,TRAIN,2022-10
ECOR3.SA,BEAR_CALM,-0.04492629202306755,0,MAX_DAYS,10,4.832134246826172,4.620842933654785,4.320311160214619,PRICE,TRAIN,2022-10
ELET6.SA,BEAR_CALM,0.019504247565189294,1,MAX_DAYS,10,34.17709732055664,34.884708404541016,31.111046142646767,PRICE,TRAIN,2022-10
ELET6.SA,BEAR_CALM,0.051049550510576226,1,MAX_DAYS,10,28.0200138092041,29.484046936035156,25.96920178333326,PRICE,TRAIN,2022-10
EMBR3.SA,BEAR_CALM,0.05258254052349196,1,MAX_DAYS,10,16.90260887145996,17.811674118041992,16.16586672132876,PRICE,TEST,2022-10
ENEV3.SA,BEAR_CALM,0.006799975031072415,1,MAX_DAYS,10,13.75,13.859999656677246,12.65714270727975,PRICE,TRAIN,2022-10
ENEV3.SA,BEAR_CALM,-0.043828817598017954,0,MAX_DAYS,10,11.260000228881836,10.779999732971191,10.210000038146973,PRICE,TEST,2022-10
EZTC3.SA,BEAR_CALM,-0.10119999999999998,0,HARD_STOP,6,12.128777503967285,10.915899753570557,10.538980347991057,PRICE,TRAIN,2022-10
EZTC3.SA,BEAR_CALM,0.04685490805043422,1,MAX_DAYS,10,11.042242050170898,11.5728759765625,9.557728871541942,PRICE,TRAIN,2022-10
GGBR4.SA,BEAR_CALM,-0.071187195412207,0,MAX_DAYS,10,17.6262264251709,16.392616271972656,16.292338177207146,PRICE,TEST,2022-10
GGBR4.SA,BEAR_CALM,0.08820866568653848,1,MAX_DAYS,10,16.506139755249023,17.981931686401367,15.619582816831256,PRICE,TEST,2022-10
GOAU4.SA,BEAR_CALM,-0.003883457866101468,0,END_CLOSED,3,9.510238647460938,9.484718322753906,9.001368428081074,PRICE,TRAIN,2022-10
GOAU4.SA,BEAR_CALM,-0.0660147135247812,0,STOP_LOSS,10,9.186992645263672,8.591540348806635,8.591540348806635,PRICE,TEST,2022-10
GOAU4.SA,BEAR_CALM,0.10697147713305952,1,PROFIT_TARGET,8,8.566018104553223,9.492616936071276,8.102718688794196,PRICE,TEST,2022-10
HYPE3.SA,BEAR_CALM,0.004311888685314048,1,END_CLOSED,6,33.764766693115234,33.95087432861328,31.48572847462555,PRICE,TRAIN,2022-10
HYPE3.SA,BEAR_CALM,-0.07978408452192734,0,STOP_LOSS,10,31.1170597076416,28.671754057502433,28.671754057502433,PRICE,TEST,2022-10
IGTI11.SA,BEAR_CALM,0.04666400448052941,1,SIGNAL,4,18.18918800354004,19.059795379638672,16.855194650428473,PRICE,TEST,2022-10
HAPV3.SA,BEAR_CALM,-0.06726212606988594,0,MAX_DAYS,10,115.79999542236328,108.1500015258789,99.97499465942383,PRICE,TRAIN,2022-10
HAPV3.SA,BEAR_CALM,-0.05601484495563271,0,MAX_DAYS,10,101.25,95.69999694824219,87.02678544180733,PRICE,TRAIN,2022-10
HAPV3.SA,BEAR_CALM,-0.10119999999999998,0,HARD_STOP,5,69.5999984741211,62.63999862670899,58.0017854145595,PRICE,TRAIN,2022-10
HAPV3.SA,BEAR_CALM,-0.016989500454015947,0,MAX_DAYS,10,57.0,56.099998474121094,47.59374968210856,PRICE,TEST,2022-10
IRBR3.SA,BEAR_CALM,0.017847570607018783,1,MAX_DAYS,10,31.5,32.099998474121094,24.374999046325684,PRICE,TRAIN,2022-10
IRBR3.SA,BEAR_CALM,-0.06064907771076502,0,MAX_DAYS,10,20.690000534057617,19.459999084472656,18.232857295445033,PRICE,TRAIN,2022-10
KLBN11.SA,BEAR_CALM,0.011641079590311555,1,SIGNAL,1,14.018502235412598,14.198514938354492,12.874670559538892,PRICE,TRAIN,2022-10
LREN3.SA,BEAR_CALM,-0.09558940515044037,0,STOP_LOSS,10,12.702778816223145,11.503771080002227,11.503771080002227,PRICE,TRAIN,2022-10
LWSA3.SA,BEAR_CALM,0.09640274894659603,1,SIGNAL,3,5.6673431396484375,6.220491409301758,4.757559900032922,PRICE,TEST,2022-10
MGLU3.SA,BEAR_CALM,0.16109121874679463,1,MAX_DAYS,10,38.04556655883789,44.220027923583984,30.554493550402206,PRICE,TRAIN,2022-10
MGLU3.SA,BEAR_CALM,-0.09386413650389039,0,MAX_DAYS,10,23.517427444458008,21.338205337524414,20.663686260693616,PRICE,TRAIN,2022-10
MGLU3.SA,BEAR_CALM,-0.10119999999999998,0,HARD_STOP,3,20.33939552307129,18.30545597076416,17.161364701778787,PRICE,TRAIN,2022-10
MRVE3.SA,BEAR_CALM,-0.10119999999999987,0,HARD_STOP,4,9.449999809265137,8.504999828338624,7.982142448425293,PRICE,TRAIN,2022-10
MRVE3.SA,BEAR_CALM,-0.029074538988168162,0,MAX_DAYS,10,8.609999656677246,8.369999885559082,7.043927976063319,PRICE,TRAIN,2022-10
MULT3.SA,BEAR_CALM,0.07267090419987551,1,SIGNAL,5,21.651046752929688,23.250429153442383,20.291572437982623,PRICE,TEST,2022-10
PCAR3.SA,BEAR_CALM,0.046418963908335976,1,MAX_DAYS,10,19.530000686645508,20.459999084472656,17.85500208536784,PRICE,TRAIN,2022-10
PCAR3.SA,BEAR_CALM,0.056464231595007776,1,MAX_DAYS,10,13.699999809265137,14.489999771118164,12.35535717010498,PRICE,TRAIN,2022-10
RAIZ4.SA,BEAR_CALM,0.010215575934529132,1,SIGNAL,1,3.930919885635376,3.9757936000823975,3.549495359605317,PRICE,TRAIN,2022-10
RAIZ4.SA,BEAR_CALM,-0.015519757772251362,0,MAX_DAYS,10,3.7604007720947266,3.706552743911743,3.383463376546074,PRICE,TRAIN,2022-10
RDOR3.SA,BEAR_CALM,-0.04233205166998768,0,END_CLOSED,6,25.068628311157227,24.037504196166992,22.93171376456902,PRICE,TRAIN,2022-10
RECV3.SA,BEAR_CALM,-0.0059611235025895035,0,MAX_DAYS,10,15.531808853149414,15.457859992980957,14.06581631966366,PRICE,TRAIN,2022-10
RECV3.SA,BEAR_CALM,0.0948764804123435,1,MAX_DAYS,10,15.70272159576416,17.211383819580078,14.241452611713203,PRICE,TEST,2022-10
RENT3.SA,BEAR_CALM,-0.07433986670100937,0,MAX_DAYS,10,50.60679244995117,46.905418395996094,46.57708355312929,PRICE,TEST,2022-10
SANB11.SA,BEAR_CALM,-0.017708530959632894,0,MAX_DAYS,10,23.6579647064209,23.267406463623047,21.87207965677701,PRICE,TRAIN,2022-10
SANB11.SA,BEAR_CALM,0.036932282561085696,1,SIGNAL,2,22.334550857543945,23.18621826171875,21.59585916711037,PRICE,TEST,2022-10
SLCE3.SA,BEAR_CALM,0.06930542494118583,1,MAX_DAYS,10,16.73070526123047,17.910310745239258,14.5435254793763,PRICE,TRAIN,2022-10
SLCE3.SA,BEAR_CALM,-0.039976235696246774,0,MAX_DAYS,10,17.008285522460938,16.34876823425293,15.789303289120582,PRICE,TRAIN,2022-10
SLCE3.SA,BEAR_CALM,-0.04818832438067213,0,STOP_LOSS,9,17.679481506347656,16.848752294445298,16.848752294445298,PRICE,TEST,2022-10
SLCE3.SA,BEAR_CALM,0.06248910377207082,1,MAX_DAYS,10,16.817068099975586,17.888132095336914,15.76720246662086,PRICE,TEST,2022-10
TIMS3.SA,BEAR_CALM,0.04220678346591398,1,MAX_DAYS,10,9.0954008102417,9.490202903747559,7.968718266543759,PRICE,TRAIN,2022-10
TAEE11.SA,BEAR_CALM,-0.00799874657273527,0,MAX_DAYS,10,27.644540786743164,27.456592559814453,26.5107338963123,PRICE,TEST,2022-10
UGPA3.SA,BEAR_CALM,0.04816300154598672,1,MAX_DAYS,10,10.944524765014648,11.484779357910156,9.539425603011619,PRICE,TRAIN,2022-10
USIM5.SA,BEAR_CALM,-0.010789129311592503,0,MAX_DAYS,10,6.730777263641357,6.666234970092773,6.09458028940518,PRICE,TRAIN,2022-10
USIM5.SA,BEAR_CALM,0.1638841826404461,1,PROFIT_TARGET,10,6.103800296783447,7.1114411797784545,5.599979855285944,PRICE,TRAIN,2022-10
USIM5.SA,BEAR_CALM,0.02033841857319394,1,END_CLOSED,4,6.283288955688477,6.418621063232422,5.969124567445707,PRICE,TRAIN,2022-10
USIM5.SA,BEAR_CALM,-0.051277088208719256,0,STOP_LOSS,4,6.273622035980225,5.959457311896278,5.959457311896278,PRICE,TEST,2022-10
USIM5.SA,BEAR_CALM,-0.05108657995498824,0,STOP_LOSS,7,6.089957237243652,5.786150098605438,5.786150098605438,PRICE,TEST,2022-10
USIM5.SA,BEAR_CALM,0.10118488521139798,1,PROFIT_TARGET,5,5.732292652130127,6.31919277731661,5.438842589536885,PRICE,TEST,2022-10
VALE3.SA,BEAR_CALM,-0.01952381521337212,0,MAX_DAYS,10,54.96600341796875,53.95881652832031,52.88145425978453,PRICE,TEST,2022-10
VALE3.SA,BEAR_CALM,0.10523640310048807,1,PROFIT_TARGET,8,51.746307373046875,57.253998203566255,48.992461957787185,PRICE,TEST,2022-10
VIVT3.SA,BEAR_CALM,-0.01165192162847064,0,MAX_DAYS,10,17.118637084960938,16.939714431762695,15.506223659600156,PRICE,TRAIN,2022-10
VBBR3.SA,BEAR_CALM,-0.10119999999999998,0,HARD_STOP,7,13.94965648651123,12.554690837860107,12.433800799489308,PRICE,TRAIN,2022-10
VBBR3.SA,BEAR_CALM,0.06232006849485892,1,MAX_DAYS,10,12.925275802612305,13.74629020690918,11.776613313326305,PRICE,TRAIN,2022-10
WEGE3.SA,BEAR_CALM,0.024667235770168362,1,MAX_DAYS,10,33.57395553588867,34.442420959472656,31.971457494778296,PRICE,TRAIN,2022-10
WEGE3.SA,BEAR_CALM,-0.026221472934658728,0,MAX_DAYS,10,33.52726364135742,32.68836212158203,31.549186268172193,PRICE,TEST,2022-10
WEGE3.SA,BEAR_CALM,-0.05208154569989656,0,STOP_LOSS,4,32.35470962524414,30.708451988840398,30.708451988840398,PRICE,TEST,2022-10
YDUQ3.SA,BEAR_CALM,-0.10119999999999998,0,HARD_STOP,3,9.725577354431152,8.753019618988038,8.226977543007386,PRICE,TRAIN,2022-10
YDUQ3.SA,BEAR_CALM,-0.0055056740108261545,0,MAX_DAYS,10,8.662569999694824,8.625271797180176,7.305504630868695,PRICE,TRAIN,2022-10
ABEV3.SA,BEAR_CALM,0.02379992702102749,1,MAX_DAYS,10,11.434321403503418,11.720178604125977,10.524773411820053,PRICE,TRAIN,2023-01
ABEV3.SA,BEAR_CALM,0.03551190976263983,1,MAX_DAYS,10,10.85394287109375,11.252411842346191,10.295529702423003,PRICE,TRAIN,2023-01
ABEV3.SA,BEAR_CALM,-0.015770588818643037,0,MAX_DAYS,10,11.886150360107422,11.71296215057373,11.432020451532953,PRICE,TEST,2023-01
ABEV3.SA,BEAR_CALM,-0.02627848942801316,0,MAX_DAYS,10,11.630926132202148,11.339240074157715,11.191445869710561,PRICE,TEST,2023-01
ALOS3.SA,BEAR_CALM,0.13230462870440127,1,SIGNAL,5,13.399681091308594,15.188600540161133,11.797827075607318,PRICE,TRAIN,2023-01
BBAS3.SA,BEAR_CALM,0.05792989032273441,1,SIGNAL,2,13.20551872253418,13.986359596252441,12.04234725610396,PRICE,TRAIN,2023-01
AZUL4.SA,BEAR_CALM,0.03817013565078695,1,SIGNAL,1,10.15999984741211,10.5600004196167,8.659998893737793,PRICE,TRAIN,2023-01
AZUL4.SA,BEAR_CALM,-0.10119999999999998,0,HARD_STOP,9,14.210000038146973,12.789000034332275,11.922500133514404,PRICE,TEST,2023-01
BBDC3.SA,BEAR_CALM,0.06981261078605247,1,MAX_DAYS,10,9.603151321411133,10.285096168518066,8.608877871158004,PRICE,TRAIN,2023-01
BBDC3.SA,BEAR_CALM,0.015468866981789377,1,MAX_DAYS,10,10.149397850036621,10.31857681274414,9.693751521028357,PRICE,TRAIN,2023-01
BBDC3.SA,BEAR_CALM,0.04641896488502426,1,MAX_DAYS,10,10.429182052612305,10.925808906555176,9.970928512829031,PRICE,TEST,2023-01
BEEF3.SA,BEAR_CALM,0.07416467572826288,1,SIGNAL,3,11.716761589050293,12.599791526794434,10.233177697107863,PRICE,TRAIN,2023-01
BEEF3.SA,BEAR_CALM,0.027219142229780148,1,MAX_DAYS,10,10.691307067871094,10.995144844055176,9.339973227052129,PRICE,TRAIN,2023-01
BEEF3.SA,BEAR_CALM,-0.015467202719864258,0,MAX_DAYS,10,7.710000038146973,7.599999904632568,7.1760716778891425,PRICE,TRAIN,2023-01
BEEF3.SA,BEAR_CALM,0.029591793674664447,1,MAX_DAYS,10,6.820000171661377,7.03000020980835,6.105714287076678,PRICE,TRAIN,2023-01
BEEF3.SA,BEAR_CALM,0.02582696653098391,1,MAX_DAYS,10,7.03000020980835,7.21999979019165,6.371071628161839,PRICE,TRAIN,2023-01
BEEF3.SA,BEAR_CALM,0.028978363262005626,1,MAX_DAYS,10,7.289999961853027,7.510000228881836,6.8382143804005215,PRICE,TRAIN,2023-01
BEEF3.SA,BEAR_CALM,-0.056524981670129114,0,STOP_LOSS,9,7.230000019073486,6.830000400543213,6.830000400543213,PRICE,TEST,2023-01
BEEF3.SA,BEAR_CALM,0.013614800686306473,1,MAX_DAYS,10,6.75,6.849999904632568,6.318750162919362,PRICE,TEST,2023-01
BBSE3.SA,BEAR_CALM,0.04511150190416733,1,MAX_DAYS,10,23.72156524658203,24.820146560668945,22.68603728931646,PRICE,TRAIN,2023-01
BBDC4.SA,BEAR_CALM,0.12083806932843397,1,SIGNAL,5,10.777987480163574,12.09331226348877,9.662104461684903,PRICE,TRAIN,2023-01
BRAP4.SA,BEAR_CALM,-0.05418189699540101,0,STOP_LOSS,7,17.084516525268555,16.17934643051055,16.17934643051055,PRICE,TEST,2023-01
BRAP4.SA,BEAR_CALM,-0.0036788720891441015,0,MAX_DAYS,10,16.254465103149414,16.21417236328125,15.385272794884603,PRICE,TEST,2023-01
BRKM5.SA,BEAR_CALM,0.02106179966078745,1,MAX_DAYS,10,22.459999084472656,22.959999084472656,19.559999465942383,PRICE,TRAIN,2023-01
BRKM5.SA,BEAR_CALM,-0.08108191225264297,0,STOP_LOSS,4,17.65999984741211,16.249285289219447,16.249285289219447,PRICE,TRAIN,2023-01
BRKM5.SA,BEAR_CALM,0.18587483177085615,1,PROFIT_TARGET,2,17.639999389648438,20.939999307904923,15.989999430520195,PRICE,TRAIN,2023-01
BRKM5.SA,BEAR_CALM,-0.0164369391014342,0,MAX_DAYS,10,17.719999313354492,17.450000762939453,16.162856578826904,PRICE,TEST,2023-01
COGN3.SA,BEAR_CALM,0.1321332831022893,1,SIGNAL,5,1.8985755443572998,2.151718854904175,1.6186576287268775,PRICE,TRAIN,2023-01
COGN3.SA,BEAR_CALM,-0.0012,0,MAX_DAYS,10,2.424334764480591,2.424334764480591,2.1583253916464233,PRICE,TRAIN,2023-01
CPFE3.SA,BEAR_CALM,0.027425304255814,1,MAX_DAYS,10,29.111194610595703,29.94451141357422,27.256833871062824,PRICE,TRAIN,2023-01
CSAN3.SA,BEAR_CALM,0.11490001215706944,1,SIGNAL,6,14.66157054901123,16.363779067993164,12.639609040370736,PRICE,TRAIN,2023-01
CVCB3.SA,BEAR_CALM,0.159603924329876,1,SIGNAL,3,3.66540789604187,4.254819869995117,2.9056188464164734,PRICE,TRAIN,2023-01
CVCB3.SA,BEAR_CALM,-0.04648306402231386,0,MAX_DAYS,10,2.6500000953674316,2.5299999713897705,2.292857195649828,PRICE,TRAIN,2023-01
CVCB3.SA,BEAR_CALM,-0.1012000000000001,0,HARD_STOP,2,2.430000066757202,2.187000060081482,2.112142929009029,PRICE,TRAIN,2023-01
CVCB3.SA,BEAR_CALM,0.041535105435526055,1,MAX_DAYS,10,2.3399999141693115,2.440000057220459,2.039999987397875,PRICE,TRAIN,2023-01
CSNA3.SA,BEAR_CALM,0.13305680143491858,1,PROFIT_TARGET,9,9.37508487701416,10.633753785782957,8.745750422629762,PRICE,TRAIN,2023-01
CYRE3.SA,BEAR_CALM,0.11524950041158441,1,SIGNAL,3,10.883325576782227,12.150683403015137,9.34344101337288,PRICE,TRAIN,2023-01
ECOR3.SA,BEAR_CALM,0.1667012194070515,1,SIGNAL,5,3.7276296615600586,4.353503227233887,3.2214077498060347,PRICE,TRAIN,2023-01
EGIE3.SA,BEAR_CALM,0.04934046780673094,1,SIGNAL,5,22.2050838470459,23.32733917236328,21.064824745512478,PRICE,TRAIN,2023-01
ELET3.SA,BEAR_CALM,0.07211162365193755,1,SIGNAL,6,34.83473587036133,37.388526916503906,31.90487472795355,PRICE,TRAIN,2023-01
ELET3.SA,BEAR_CALM,0.030738010811658924,1,MAX_DAYS,10,28.20537567138672,29.106199264526367,25.561315119165666,PRICE,TRAIN,2023-01
ELET6.SA,BEAR_CALM,0.046361482394051114,1,MAX_DAYS,10,33.68907928466797,35.2913818359375,31.25918768854275,PRICE,TRAIN,2023-01
ELET6.SA,BEAR_CALM,0.051049550510576226,1,MAX_DAYS,10,28.0200138092041,29.484046936035156,25.96920178333326,PRICE,TRAIN,2023-01
ENEV3.SA,BEAR_CALM,0.03687797701376803,1,SIGNAL,1,11.029999732971191,11.449999809265137,9.579999923706055,PRICE,TRAIN,2023-01
ENGI11.SA,BEAR_CALM,-0.005002310641209061,0,MAX_DAYS,10,32.703189849853516,32.57884216308594,30.089966309107226,PRICE,TRAIN,2023-01
EZTC3.SA,BEAR_CALM,0.07266820047031439,1,SIGNAL,3,10.604259490966797,11.387577056884766,9.382959000080177,PRICE,TRAIN,2023-01
EZTC3.SA,BEAR_CALM,0.08490762866908738,1,MAX_DAYS,10,13.735968589782715,14.918740272521973,12.134633130128357,PRICE,TRAIN,2023-01
EZTC3.SA,BEAR_CALM,-0.05832655684204437,0,MAX_DAYS,10,14.765380859375,13.92188549041748,12.518196729835365,PRICE,TEST,2023-01
EZTC3.SA,BEAR_CALM,-0.034338544609895404,0,MAX_DAYS,10,13.112475395202637,12.677947044372559,11.767512014675695,PRICE,TEST,2023-01
FLRY3.SA,BEAR_CALM,0.05515757230307559,1,MAX_DAYS,10,11.414125442504883,12.057397842407227,10.257024017078887,PRICE,TRAIN,2023-01
FLRY3.SA,BEAR_CALM,0.027721058405437572,1,MAX_DAYS,10,12.56169319152832,12.9249906539917,11.71484805368625,PRICE,TEST,2023-01
GGBR4.SA,BEAR_CALM,0.08820866568653848,1,MAX_DAYS,10,16.506139755249023,17.981931686401367,15.619582816831256,PRICE,TRAIN,2023-01
GGBR4.SA,BEAR_CALM,0.07294191888652377,1,MAX_DAYS,10,16.859712600708008,18.109724044799805,15.638569536193264,PRICE,TRAIN,2023-01
GGBR4.SA,BEAR_CALM,-0.04511647847383684,0,STOP_LOSS,4,17.862808227539062,17.078336594532068,17.078336594532068,PRICE,TEST,2023-01
GGBR4.SA,BEAR_CALM,0.026158597265283003,1,MAX_DAYS,10,16.358165740966797,16.805702209472656,15.22727402764812,PRICE,TEST,2023-01
GGBR4.SA,BEAR_CALM,0.01262909689515155,1,MAX_DAYS,10,16.180696487426758,16.404460906982422,15.285075103268282,PRICE,TEST,2023-01
GOAU4.SA,BEAR_CALM,-0.05470761828839312,0,STOP_LOSS,7,9.510238647460938,9.001368428081074,9.001368428081074,PRICE,TRAIN,2023-01
GOAU4.SA,BEAR_CALM,0.10697147713305952,1,PROFIT_TARGET,8,8.566018104553223,9.492616936071276,8.102718688794196,PRICE,TRAIN,2023-01
GOAU4.SA,BEAR_CALM,-0.034533411171329485,0,MAX_DAYS,10,9.393231391906738,9.080122947692871,8.840688888811947,PRICE,TEST,2023-01
GOAU4.SA,BEAR_CALM,0.006872536416021681,1,MAX_DAYS,10,9.12617015838623,9.199841499328613,8.696963096535123,PRICE,TEST,2023-01
HYPE3.SA,BEAR_CALM,-0.07507343786214807,0,STOP_LOSS,7,30.979942321777344,28.691347477696596,28.691347477696596,PRICE,TRAIN,2023-01
HYPE3.SA,BEAR_CALM,0.038398286613625744,1,SIGNAL,3,32.13241195678711,33.40480041503906,30.26532148935223,PRICE,TEST,2023-01
HAPV3.SA,BEAR_CALM,-0.08102263716303373,0,MAX_DAYS,10,67.6500015258789,62.25,55.08749771118164,PRICE,TRAIN,2023-01
IGTI11.SA,BEAR_CALM,0.0969447999884144,1,MAX_DAYS,10,15.343659400939941,16.849559783935547,13.151378078618265,PRICE,TRAIN,2023-01
IRBR3.SA,BEAR_CALM,-0.06064907771076502,0,MAX_DAYS,10,20.690000534057617,19.459999084472656,18.232857295445033,PRICE,TRAIN,2023-01
IRBR3.SA,BEAR_CALM,0.04607647068740226,1,MAX_DAYS,10,38.91999816894531,40.7599983215332,35.24916426340739,PRICE,TEST,2023-01
ITUB4.SA,BEAR_CALM,0.050926670266313014,1,SIGNAL,3,18.07567024230957,19.017894744873047,16.84135442425562,PRICE,TRAIN,2023-01
LREN3.SA,BEAR_CALM,0.10213883108713348,1,SIGNAL,6,15.10543441772461,16.666412353515625,12.874040305706748,PRICE,TRAIN,2023-01
LREN3.SA,BEAR_CALM,0.0012510099442052181,1,MAX_DAYS,10,10.124237060546875,10.149051666259766,8.939648840191213,PRICE,TRAIN,2023-01
LREN3.SA,BEAR_CALM,0.10529552273742979,1,MAX_DAYS,10,10.95138168334961,12.117654800415039,9.8672317335821,PRICE,TRAIN,2023-01
LWSA3.SA,BEAR_CALM,0.03726157034219533,1,MAX_DAYS,10,5.7526702880859375,5.973927021026611,4.490064125731292,PRICE,TRAIN,2023-01
LWSA3.SA,BEAR_CALM,0.05143169628525155,1,SIGNAL,3,5.347099304199219,5.628526210784912,4.607142141926502,PRICE,TEST,2023-01
MRVE3.SA,BEAR_CALM,0.09085018694410571,1,SIGNAL,5,7.170000076293945,7.829999923706055,6.044999957084656,PRICE,TRAIN,2023-01
MRVE3.SA,BEAR_CALM,-0.1566536056259719,0,STOP_LOSS,5,9.8100004196167,8.285000483194986,8.285000483194986,PRICE,TEST,2023-01
MRVE3.SA,BEAR_CALM,-0.10119999999999998,0,HARD_STOP,2,7.480000019073486,6.732000017166138,6.610357437814985,PRICE,TEST,2023-01
MRVE3.SA,BEAR_CALM,0.1328782204756543,1,MAX_DAYS,10,7.159999847412109,8.119999885559082,6.213571412222726,PRICE,TEST,2023-01
MGLU3.SA,BEAR_CALM,0.046044120535483436,1,SIGNAL,2,23.06342124938965,24.153032302856445,18.863879731424195,PRICE,TRAIN,2023-01
MGLU3.SA,BEAR_CALM,0.16254266814821303,1,MAX_DAYS,10,15.526949882507324,18.069374084472656,12.170560279947786,PRICE,TRAIN,2023-01
MGLU3.SA,BEAR_CALM,0.1287999936982481,1,SIGNAL,7,18.160175323486328,20.520998001098633,16.003653808529144,PRICE,TEST,2023-01
MULT3.SA,BEAR_CALM,0.13196707220326162,1,SIGNAL,6,17.911624908447266,20.296863555908203,15.466082612647511,PRICE,TRAIN,2023-01
PCAR3.SA,BEAR_CALM,0.056464231595007776,1,MAX_DAYS,10,13.699999809265137,14.489999771118164,12.35535717010498,PRICE,TRAIN,2023-01
PCAR3.SA,BEAR_CALM,-0.10119999999999998,0,HARD_STOP,3,3.690000057220459,3.3210000514984133,3.1114285843712945,PRICE,TRAIN,2023-01
PCAR3.SA,BEAR_CALM,0.11407373304058929,1,MAX_DAYS,10,3.4700000286102295,3.869999885559082,2.8950000660760065,PRICE,TRAIN,2023-01
PCAR3.SA,BEAR_CALM,-0.04795320332398858,0,MAX_DAYS,10,3.8499999046325684,3.6700000762939453,3.3071426834378923,PRICE,TRAIN,2023-01
RADL3.SA,BEAR_CALM,0.03655107955889534,1,MAX_DAYS,10,24.011493682861328,24.917953491210938,22.602901633890394,PRICE,TEST,2023-01
RAIL3.SA,BEAR_CALM,0.07238045308943483,1,SIGNAL,6,16.40981101989746,17.617252349853516,14.591520220215731,PRICE,TRAIN,2023-01
RDOR3.SA,BEAR_CALM,-0.08644257969220973,0,STOP_LOSS,8,25.068628311157227,22.93171376456902,22.93171376456902,PRICE,TRAIN,2023-01
RDOR3.SA,BEAR_CALM,-0.05209114555691221,0,MAX_DAYS,10,22.996919631958008,21.826580047607422,20.709659523669398,PRICE,TRAIN,2023-01
RAIZ4.SA,BEAR_CALM,0.0047880490347485885,1,MAX_DAYS,10,3.073575735092163,3.091980457305908,2.567447931795314,PRICE,TRAIN,2023-01
RECV3.SA,BEAR_CALM,-0.0059611235025895035,0,MAX_DAYS,10,15.531808853149414,15.457859992980957,14.06581631966366,PRICE,TRAIN,2023-01
RENT3.SA,BEAR_CALM,0.07061457965097948,1,SIGNAL,5,44.938209533691406,48.165428161621094,41.36491112398061,PRICE,TRAIN,2023-01
SANB11.SA,BEAR_CALM,0.019156196731290855,1,SIGNAL,1,22.860227584838867,23.32557487487793,21.686470880512502,PRICE,TRAIN,2023-01
SLCE3.SA,BEAR_CALM,0.08132537369750134,1,MAX_DAYS,10,17.570871353149414,19.02091407775879,16.20732883431242,PRICE,TRAIN,2023-01
SLCE3.SA,BEAR_CALM,-0.039976235696246774,0,MAX_DAYS,10,17.008285522460938,16.34876823425293,15.789303289120582,PRICE,TRAIN,2023-01
SLCE3.SA,BEAR_CALM,0.0935667502080971,1,MAX_DAYS,10,16.3904972076416,17.943771362304688,15.336491220394484,PRICE,TRAIN,2023-01
SLCE3.SA,BEAR_CALM,0.07187474153116832,1,MAX_DAYS,10,16.544647216796875,17.753643035888672,15.451902338306725,PRICE,TEST,2023-01
SMFT3.SA,BEAR_CALM,0.20108385172522966,1,SIGNAL,5,11.193706512451172,13.458012580871582,9.253524076110837,PRICE,TRAIN,2023-01
TAEE11.SA,BEAR_CALM,0.040319496666307277,1,SIGNAL,3,25.99216651916504,27.071348190307617,24.480543505219906,PRICE,TRAIN,2023-01
TIMS3.SA,BEAR_CALM,0.006498902700628896,1,MAX_DAYS,10,8.842068672180176,8.91014289855957,7.934413612728704,PRICE,TRAIN,2023-01
TOTS3.SA,BEAR_CALM,0.09239998542589131,1,SIGNAL,3,23.9758243560791,26.219961166381836,20.643183832111315,PRICE,TRAIN,2023-01
TOTS3.SA,BEAR_CALM,0.006474617421911556,1,MAX_DAYS,10,25.190683364868164,25.38401222229004,23.462811533081805,PRICE,TRAIN,2023-01
UGPA3.SA,BEAR_CALM,0.04811969623645904,1,SIGNAL,3,10.247421264648438,10.75282096862793,8.962137376647775,PRICE,TRAIN,2023-01
VBBR3.SA,BEAR_CALM,0.06822506120219071,1,MAX_DAYS,10,11.01828384399414,11.783228874206543,9.685426084994123,PRICE,TRAIN,2023-01
USIM5.SA,BEAR_CALM,0.1638841826404461,1,PROFIT_TARGET,10,6.103800296783447,7.1114411797784545,5.599979855285944,PRICE,TRAIN,2023-01
USIM5.SA,BEAR_CALM,-0.04685413755010528,0,STOP_LOSS,5,5.973957538604736,5.7012216594187874,5.7012216594187874,PRICE,TRAIN,2023-01
USIM5.SA,BEAR_CALM,0.11459904156757114,1,PROFIT_TARGET,7,6.0222907066345215,6.71966619850409,5.673602960699737,PRICE,TRAIN,2023-01
VIVT3.SA,BEAR_CALM,0.04815507122876848,1,SIGNAL,2,15.248274803161621,16.0008544921875,14.168582319558956,PRICE,TRAIN,2023-01
WEGE3.SA,BEAR_CALM,-0.04947510883012753,0,STOP_LOSS,5,32.68836212158203,31.11032788268404,31.11032788268404,PRICE,TRAIN,2023-01
WEGE3.SA,BEAR_CALM,0.02000659892064203,1,MAX_DAYS,10,31.916202545166016,32.59303665161133,29.807049155031862,PRICE,TRAIN,2023-01
WEGE3.SA,BEAR_CALM,-0.059725286958034605,0,STOP_LOSS,7,33.59434127807617,31.628222814610616,31.628222814610616,PRICE,TEST,2023-01
WEGE3.SA,BEAR_CALM,0.10012313468172138,1,MAX_DAYS,10,31.769906997680664,34.98893356323242,30.08978110514163,PRICE,TEST,2023-01
YDUQ3.SA,BEAR_CALM,-0.0012,0,MAX_DAYS,10,8.550674438476562,8.550674438476562,7.291851158552117,PRICE,TRAIN,2023-01
ALOS3.SA,BEAR_CALM,-0.062009534920576724,0,STOP_LOSS,7,20.20631980895996,18.97758289892067,18.97758289892067,PRICE,TEST,2023-04
AURE3.SA,BEAR_CALM,-0.002062146805964192,0,MAX_DAYS,10,11.522892951965332,11.512958526611328,11.046535277481773,PRICE,TEST,2023-04
B3SA3.SA,BEAR_CALM,0.021022184542095347,1,SIGNAL,1,11.248774528503418,11.498746871948242,10.647878509407036,PRICE,TEST,2023-04
AZUL4.SA,BEAR_CALM,-0.04669511392920025,0,MAX_DAYS,10,11.210000038146973,10.699999809265137,9.710000276565552,PRICE,TRAIN,2023-04
AZUL4.SA,BEAR_CALM,0.029490590315481714,1,MAX_DAYS,10,11.729999542236328,12.09000015258789,10.304999453680855,PRICE,TRAIN,2023-04
AZUL4.SA,BEAR_CALM,0.026688400197300323,1,SIGNAL,1,12.550000190734863,12.899999618530273,11.450000047683716,PRICE,TEST,2023-04
BBDC3.SA,BEAR_CALM,0.015468866981789377,1,MAX_DAYS,10,10.149397850036621,10.31857681274414,9.693751521028357,PRICE,TRAIN,2023-04
BBDC3.SA,BEAR_CALM,0.04641896488502426,1,MAX_DAYS,10,10.429182052612305,10.925808906555176,9.970928512829031,PRICE,TRAIN,2023-04
BBDC3.SA,BEAR_CALM,-0.005816524190214299,0,MAX_DAYS,10,9.831274032592773,9.785887718200684,9.50775602124099,PRICE,TEST,2023-04
BBDC4.SA,BEAR_CALM,0.0129375390363776,1,MAX_DAYS,10,10.920999526977539,11.075395584106445,10.485402767993266,PRICE,TEST,2023-04
BBSE3.SA,BEAR_CALM,0.04511150190416733,1,MAX_DAYS,10,23.72156524658203,24.820146560668945,22.68603728931646,PRICE,TRAIN,2023-04
BEEF3.SA,BEAR_CALM,-0.10119999999999987,0,HARD_STOP,9,9.58989429473877,8.630904865264894,8.58105604012119,PRICE,TRAIN,2023-04
BEEF3.SA,BEAR_CALM,0.04303591447970354,1,MAX_DAYS,10,7.460000038146973,7.789999961853027,6.890357255935669,PRICE,TRAIN,2023-04
BEEF3.SA,BEAR_CALM,0.026577785523670273,1,MAX_DAYS,10,6.840000152587891,7.03000020980835,6.097142951829093,PRICE,TRAIN,2023-04
BEEF3.SA,BEAR_CALM,-0.0071259202745225445,0,MAX_DAYS,10,6.75,6.710000038146973,6.335714340209961,PRICE,TRAIN,2023-04
BEEF3.SA,BEAR_CALM,0.07124095197724087,1,MAX_DAYS,10,6.349999904632568,6.809999942779541,5.883928281920297,PRICE,TRAIN,2023-04
BEEF3.SA,BEAR_CALM,-0.0566734061718527,0,STOP_LOSS,7,6.760000228881836,6.384999990463257,6.384999990463257,PRICE,TEST,2023-04
BEEF3.SA,BEAR_CALM,0.002041487954490641,1,MAX_DAYS,10,6.170000076293945,6.190000057220459,5.7646428516932895,PRICE,TEST,2023-04
BRAP4.SA,BEAR_CALM,-0.0032749709915797162,0,MAX_DAYS,10,17.093759536743164,17.058290481567383,15.755119990851377,PRICE,TRAIN,2023-04
BRAP4.SA,BEAR_CALM,-0.05418189699540101,0,STOP_LOSS,7,17.084516525268555,16.17934643051055,16.17934643051055,PRICE,TRAIN,2023-04
BRAP4.SA,BEAR_CALM,-0.0036788720891441015,0,MAX_DAYS,10,16.254465103149414,16.21417236328125,15.385272794884603,PRICE,TRAIN,2023-04
BRAP4.SA,BEAR_CALM,-0.010316985911465258,0,MAX_DAYS,10,16.794401168823242,16.641286849975586,16.06911568379692,PRICE,TEST,2023-04
BRKM5.SA,BEAR_CALM,0.07511152955303654,1,SIGNAL,3,18.8700008392334,20.309999465942383,17.370002269744873,PRICE,TRAIN,2023-04
BRKM5.SA,BEAR_CALM,0.18587483177085615,1,PROFIT_TARGET,2,17.639999389648438,20.939999307904923,15.989999430520195,PRICE,TRAIN,2023-04
BRKM5.SA,BEAR_CALM,0.004383690291518284,1,MAX_DAYS,10,19.700000762939453,19.809999465942383,17.230358260018484,PRICE,TEST,2023-04
BRKM5.SA,BEAR_CALM,-0.10215430659398497,0,MAX_DAYS,10,19.90999984741211,17.899999618530273,17.720714773450577,PRICE,TEST,2023-04
BRKM5.SA,BEAR_CALM,0.0169509709248866,1,MAX_DAYS,10,17.6299991607666,17.950000762939453,16.03535693032401,PRICE,TEST,2023-04
COGN3.SA,BEAR_CALM,-0.0012,0,MAX_DAYS,10,2.424334764480591,2.424334764480591,2.1583253916464233,PRICE,TRAIN,2023-04
COGN3.SA,BEAR_CALM,-0.005419415822153238,0,END_CLOSED,6,2.307499408721924,2.2977631092071533,1.9528205045643507,PRICE,TRAIN,2023-04
CSAN3.SA,BEAR_CALM,0.06017426285805825,1,SIGNAL,5,14.097301483154297,14.962512969970703,13.403721602397496,PRICE,TRAIN,2023-04
CSAN3.SA,BEAR_CALM,-0.029595073540331772,0,END_CLOSED,4,15.649252891540527,15.204891204833984,14.819524756110438,PRICE,TRAIN,2023-04
CSAN3.SA,BEAR_CALM,0.043331701756364006,1,SIGNAL,2,14.750869750976562,15.407751083374023,13.833166966486536,PRICE,TEST,2023-04
CVCB3.SA,BEAR_CALM,0.17084295687517667,1,SIGNAL,4,2.5694689750671387,3.0115280151367188,2.2394599119822183,PRICE,TRAIN,2023-04
CVCB3.SA,BEAR_CALM,-0.04648306402231386,0,MAX_DAYS,10,2.6500000953674316,2.5299999713897705,2.292857195649828,PRICE,TRAIN,2023-04
CVCB3.SA,BEAR_CALM,-0.1012000000000001,0,HARD_STOP,2,2.430000066757202,2.187000060081482,2.112142929009029,PRICE,TRAIN,2023-04
CVCB3.SA,BEAR_CALM,0.041535105435526055,1,MAX_DAYS,10,2.3399999141693115,2.440000057220459,2.039999987397875,PRICE,TRAIN,2023-04
CYRE3.SA,BEAR_CALM,0.014579408254675609,1,MAX_DAYS,10,19.87403678894043,20.187637329101562,17.695806250059807,PRICE,TEST,2023-04
EGIE3.SA,BEAR_CALM,0.01679997344140958,1,MAX_DAYS,10,25.710355758666992,26.173141479492188,24.44549745942957,PRICE,TRAIN,2023-04
EGIE3.SA,BEAR_CALM,-0.0012,0,END_CLOSED,0,25.35683822631836,25.35683822631836,24.57978957306613,PRICE,TRAIN,2023-04
EQTL3.SA,BEAR_CALM,-0.02440470621643944,0,MAX_DAYS,10,29.55322265625,28.867448806762695,27.838782965830607,PRICE,TEST,2023-04
EQTL3.SA,BEAR_CALM,0.04191297175671536,1,MAX_DAYS,10,27.603904724121094,28.793991088867188,26.11241615512521,PRICE,TEST,2023-04
EZTC3.SA,BEAR_CALM,0.08490762866908738,1,MAX_DAYS,10,13.735968589782715,14.918740272521973,12.134633130128357,PRICE,TRAIN,2023-04
EZTC3.SA,BEAR_CALM,-0.09860266328742853,0,STOP_LOSS,8,13.190946578979492,11.906113250904696,11.906113250904696,PRICE,TEST,2023-04
FLRY3.SA,BEAR_CALM,0.0016289139004784581,1,SIGNAL,1,11.092490196228027,11.123869895935059,10.170731996347259,PRICE,TRAIN,2023-04
FLRY3.SA,BEAR_CALM,0.041872538588343035,1,SIGNAL,1,10.927750587463379,11.398436546325684,10.037370450343742,PRICE,TRAIN,2023-04
FLRY3.SA,BEAR_CALM,0.027721058405437572,1,MAX_DAYS,10,12.56169319152832,12.9249906539917,11.71484805368625,PRICE,TRAIN,2023-04
FLRY3.SA,BEAR_CALM,-0.04086911283634145,0,STOP_LOSS,9,12.643271446228027,12.141724084607114,12.141724084607114,PRICE,TEST,2023-04
FLRY3.SA,BEAR_CALM,0.04779128163751487,1,MAX_DAYS,10,11.849331855773926,12.429845809936523,11.255300879352259,PRICE,TEST,2023-04
GGBR4.SA,BEAR_CALM,0.08820866568653848,1,MAX_DAYS,10,16.506139755249023,17.981931686401367,15.619582816831256,PRICE,TRAIN,2023-04
GGBR4.SA,BEAR_CALM,0.01262909689515155,1,MAX_DAYS,10,16.180696487426758,16.404460906982422,15.285075103268282,PRICE,TRAIN,2023-04
GOAU4.SA,BEAR_CALM,-0.05470761828839312,0,STOP_LOSS,7,9.510238647460938,9.001368428081074,9.001368428081074,PRICE,TRAIN,2023-04
HAPV3.SA,BEAR_CALM,0.11694348391211759,1,SIGNAL,2,35.54999923706055,39.75,26.456247329711914,PRICE,TRAIN,2023-04
HAPV3.SA,BEAR_CALM,0.0625681011992377,1,MAX_DAYS,10,51.75,55.04999923706055,45.18750068119594,PRICE,TRAIN,2023-04
HAPV3.SA,BEAR_CALM,0.07102217983669709,1,MAX_DAYS,10,54.0,57.89999771118164,48.37499931880406,PRICE,TRAIN,2023-04
HAPV3.SA,BEAR_CALM,0.04964747345624363,1,MAX_DAYS,10,53.099998474121094,55.79999923706055,46.81874974568685,PRICE,TEST,2023-04
HYPE3.SA,BEAR_CALM,0.10220330323990487,1,MAX_DAYS,10,28.531124114990234,31.48133659362793,26.259389893880925,PRICE,TRAIN,2023-04
HYPE3.SA,BEAR_CALM,-0.05940403770990534,0,STOP_LOSS,8,29.27880096435547,27.57465652892531,27.57465652892531,PRICE,TEST,2023-04
IRBR3.SA,BEAR_CALM,0.1361920500761243,1,PROFIT_TARGET,2,37.119998931884766,42.21999168395996,34.57000255584717,PRICE,TEST,2023-04
IRBR3.SA,BEAR_CALM,-0.007212675055821592,0,END_CLOSED,1,31.600000381469727,31.40999984741211,29.282143320356095,PRICE,TEST,2023-04
KLBN11.SA,BEAR_CALM,0.05311133541350719,1,SIGNAL,4,13.929817199707031,14.68636417388916,13.00038331028259,PRICE,TRAIN,2023-04
LREN3.SA,BEAR_CALM,0.03071480227692356,1,MAX_DAYS,10,10.107695579528809,10.430280685424805,9.032408064471634,PRICE,TRAIN,2023-04
LWSA3.SA,BEAR_CALM,0.057855197699100504,1,MAX_DAYS,10,4.929811954498291,5.220942974090576,4.23664374384839,PRICE,TRAIN,2023-04
LWSA3.SA,BEAR_CALM,-0.08184521627295319,0,STOP_LOSS,9,5.114194869995117,4.7017595186423335,4.7017595186423335,PRICE,TEST,2023-04
MGLU3.SA,BEAR_CALM,0.17271309453215364,1,SIGNAL,4,29.23788070678711,34.322731018066406,24.470834659069794,PRICE,TRAIN,2023-04
MGLU3.SA,BEAR_CALM,-0.10119999999999998,0,HARD_STOP,8,16.406463623046875,14.765817260742187,14.464872145978841,PRICE,TEST,2023-04
MRVE3.SA,BEAR_CALM,0.03934050135560283,1,MAX_DAYS,10,7.400000095367432,7.699999809265137,6.53392893927438,PRICE,TRAIN,2023-04
MRVE3.SA,BEAR_CALM,-0.08261113068638029,0,STOP_LOSS,7,7.369999885559082,6.769999861717224,6.769999861717224,PRICE,TEST,2023-04
MRVE3.SA,BEAR_CALM,0.072122976320906,1,MAX_DAYS,10,6.409999847412109,6.880000114440918,5.704999804496765,PRICE,TEST,2023-04
PCAR3.SA,BEAR_CALM,0.041891663431762406,1,SIGNAL,4,14.619999885559082,15.25,13.582499980926514,PRICE,TRAIN,2023-04
PCAR3.SA,BEAR_CALM,-0.10119999999999998,0,HARD_STOP,3,3.690000057220459,3.3210000514984133,3.1114285843712945,PRICE,TRAIN,2023-04
PCAR3.SA,BEAR_CALM,0.11407373304058929,1,MAX_DAYS,10,3.4700000286102295,3.869999885559082,2.8950000660760065,PRICE,TRAIN,2023-04
PETR4.SA,BEAR_CALM,0.056072424388257415,1,SIGNAL,4,14.168882369995117,14.980368614196777,13.176417995537298,PRICE,TRAIN,2023-04
MULT3.SA,BEAR_CALM,0.033568061822285646,1,SIGNAL,4,23.247690200805664,24.055967330932617,22.156793657146913,PRICE,TEST,2023-04
PETR3.SA,BEAR_CALM,0.05947242011674612,1,SIGNAL,4,16.65680503845215,17.66741371154785,15.43920205523801,PRICE,TRAIN,2023-04
RADL3.SA,BEAR_CALM,0.03655107955889534,1,MAX_DAYS,10,24.011493682861328,24.917953491210938,22.602901633890394,PRICE,TRAIN,2023-04
RADL3.SA,BEAR_CALM,0.0934374153921412,1,MAX_DAYS,10,24.455078125,26.76944351196289,23.027544141623856,PRICE,TRAIN,2023-04
RADL3.SA,BEAR_CALM,-0.055917064994095565,0,STOP_LOSS,10,25.554399490356445,24.15613775255753,24.15613775255753,PRICE,TEST,2023-04
RAIL3.SA,BEAR_CALM,-0.024659700991523058,0,MAX_DAYS,10,20.148557662963867,19.675878524780273,18.946115548115497,PRICE,TEST,2023-04
RAIZ4.SA,BEAR_CALM,0.0326461215679462,1,END_CLOSED,3,3.25,3.359999895095825,3.021512939515802,PRICE,TRAIN,2023-04
RAIZ4.SA,BEAR_CALM,-0.023564271278590752,0,MAX_DAYS,10,3.130000114440918,3.059999942779541,2.8612499237060547,PRICE,TEST,2023-04
RENT3.SA,BEAR_CALM,0.0028315205716179306,1,MAX_DAYS,10,48.179527282714844,48.37376403808594,44.72095601810973,PRICE,TRAIN,2023-04
RENT3.SA,BEAR_CALM,0.028886675887141645,1,SIGNAL,1,48.30873489379883,49.762184143066406,45.71161694808279,PRICE,TEST,2023-04
RDOR3.SA,BEAR_CALM,-0.08644257969220973,0,STOP_LOSS,8,25.068628311157227,22.93171376456902,22.93171376456902,PRICE,TRAIN,2023-04
RDOR3.SA,BEAR_CALM,-0.05209114555691221,0,MAX_DAYS,10,22.996919631958008,21.826580047607422,20.709659523669398,PRICE,TRAIN,2023-04
RDOR3.SA,BEAR_CALM,0.14888577260027888,1,MAX_DAYS,10,22.497447967529297,25.873994827270508,20.60695362282144,PRICE,TEST,2023-04
SANB11.SA,BEAR_CALM,0.09406408803668728,1,PROFIT_TARGET,10,23.894315719604492,26.170585915893298,22.75618062146009,PRICE,TEST,2023-04
SLCE3.SA,BEAR_CALM,-0.0006678961848537656,0,MAX_DAYS,10,17.47464370727539,17.48394203186035,16.349928917153147,PRICE,TEST,2023-04
SBSP3.SA,BEAR_CALM,-0.027668758445860718,0,MAX_DAYS,10,46.09803009033203,44.877872467041016,42.81653252641229,PRICE,TRAIN,2023-04
SUZB3.SA,BEAR_CALM,-0.028590799186175707,0,MAX_DAYS,10,40.075157165527344,38.97746658325195,37.16532822071222,PRICE,TRAIN,2023-04
SUZB3.SA,BEAR_CALM,0.07328457059905111,1,MAX_DAYS,10,36.71584701538086,39.45061111450195,33.875301672700985,PRICE,TRAIN,2023-04
SUZB3.SA,BEAR_CALM,0.0029109310102509514,1,MAX_DAYS,10,47.11336898803711,47.30704879760742,43.53888230010767,PRICE,TEST,2023-04
UGPA3.SA,BEAR_CALM,0.009022896494216816,1,END_CLOSED,3,19.415300369262695,19.613780975341797,18.10872489640412,PRICE,TEST,2023-04
VALE3.SA,BEAR_CALM,0.016162831222792252,1,MAX_DAYS,10,54.27982711791992,55.2222785949707,51.43468733466847,PRICE,TEST,2023-04
VBBR3.SA,BEAR_CALM,0.05554866557773117,1,MAX_DAYS,10,10.0756254196167,10.647403717041016,9.0952995553383,PRICE,TRAIN,2023-04
USIM5.SA,BEAR_CALM,0.07840892624022064,1,SIGNAL,4,6.601693153381348,7.127246856689453,6.232883261660612,PRICE,TRAIN,2023-04
USIM5.SA,BEAR_CALM,0.00565873676220905,1,MAX_DAYS,10,7.289999961853027,7.340000152587891,6.798928703580584,PRICE,TEST,2023-04
YDUQ3.SA,BEAR_CALM,-0.0012,0,END_CLOSED,0,10.176077842712402,10.176077842712402,9.064162918285547,PRICE,TEST,2023-04
AURE3.SA,BEAR_CALM,0.019543350554044416,1,MAX_DAYS,10,11.493091583251953,11.731496810913086,10.94852149953915,PRICE,TRAIN,2023-07
AURE3.SA,BEAR_CALM,-0.03257064971978665,0,STOP_LOSS,4,11.026216506958008,10.680316931183699,10.680316931183699,PRICE,TEST,2023-07
ALOS3.SA,BEAR_CALM,0.021626764250277965,1,MAX_DAYS,10,19.247650146484375,19.68701171875,17.747416442533318,PRICE,TRAIN,2023-07
ASAI3.SA,BEAR_CALM,0.006882394232803214,1,SIGNAL,1,13.36719036102295,13.475229263305664,12.434138559267204,PRICE,TRAIN,2023-07
ASAI3.SA,BEAR_CALM,0.04891930058525582,1,MAX_DAYS,10,12.345745086669922,12.964505195617676,11.115590220656545,PRICE,TRAIN,2023-07
ABEV3.SA,BEAR_CALM,0.04064099465955948,1,MAX_DAYS,10,10.892598152160645,11.348355293273926,10.365221689805267,PRICE,TRAIN,2023-07
ABEV3.SA,BEAR_CALM,-0.035740960075379545,0,MAX_DAYS,10,10.81967830657959,10.445956230163574,10.287418740396985,PRICE,TRAIN,2023-07
ABEV3.SA,BEAR_CALM,0.013870950847747344,1,END_CLOSED,6,10.28188419342041,10.43684196472168,9.761018671957624,PRICE,TRAIN,2023-07
ABEV3.SA,BEAR_CALM,0.03746426843785509,1,MAX_DAYS,10,10.373035430908203,10.774101257324219,9.917278607723159,PRICE,TEST,2023-07
AZUL4.SA,BEAR_CALM,-0.07729753492401872,0,MAX_DAYS,10,10.25,9.470000267028809,8.97321435383388,PRICE,TRAIN,2023-07
AZUL4.SA,BEAR_CALM,-0.04477065399154769,0,MAX_DAYS,10,9.40999984741211,9.0,8.085000004087176,PRICE,TRAIN,2023-07
AZUL4.SA,BEAR_CALM,-0.1176412383681357,0,STOP_LOSS,6,8.449999809265137,7.466071367263794,7.466071367263794,PRICE,TRAIN,2023-07
B3SA3.SA,BEAR_CALM,0.028317090023016613,1,MAX_DAYS,10,10.74882698059082,11.06610107421875,9.957360873059761,PRICE,TRAIN,2023-07
B3SA3.SA,BEAR_CALM,0.0170816969321542,1,MAX_DAYS,10,10.518082618713379,10.710371017456055,9.700864254740408,PRICE,TRAIN,2023-07
B3SA3.SA,BEAR_CALM,-0.07046208618519359,0,STOP_LOSS,10,10.46039867401123,9.73588963952038,9.73588963952038,PRICE,TRAIN,2023-07
B3SA3.SA,BEAR_CALM,-0.0016122706938002317,0,MAX_DAYS,10,10.152738571166992,10.148552894592285,9.481451484664424,PRICE,TRAIN,2023-07
B3SA3.SA,BEAR_CALM,0.013181454361078739,1,SIGNAL,1,10.109782218933105,10.255175590515137,9.685713757479608,PRICE,TEST,2023-07
BBDC3.SA,BEAR_CALM,0.015468866981789377,1,MAX_DAYS,10,10.149397850036621,10.31857681274414,9.693751521028357,PRICE,TRAIN,2023-07
BBDC3.SA,BEAR_CALM,0.04641896488502426,1,MAX_DAYS,10,10.429182052612305,10.925808906555176,9.970928512829031,PRICE,TRAIN,2023-07
BBDC3.SA,BEAR_CALM,-0.005816524190214299,0,MAX_DAYS,10,9.831274032592773,9.785887718200684,9.50775602124099,PRICE,TRAIN,2023-07
BBDC4.SA,BEAR_CALM,0.005733073889249908,1,MAX_DAYS,10,11.102009773254395,11.178980827331543,10.629472597092601,PRICE,TRAIN,2023-07
BBDC4.SA,BEAR_CALM,0.004206963498295392,1,MAX_DAYS,10,10.954541206359863,11.013772010803223,10.467771975184451,PRICE,TRAIN,2023-07
BBSE3.SA,BEAR_CALM,0.026066793619076246,1,MAX_DAYS,10,23.8863525390625,24.537656784057617,22.797577223173548,PRICE,TRAIN,2023-07
BEEF3.SA,BEAR_CALM,-0.058761016677395216,0,MAX_DAYS,10,10.08176326751709,9.501446723937988,9.184239838409097,PRICE,TRAIN,2023-07
BEEF3.SA,BEAR_CALM,0.04303591447970354,1,MAX_DAYS,10,7.460000038146973,7.789999961853027,6.890357255935669,PRICE,TRAIN,2023-07
BEEF3.SA,BEAR_CALM,0.026577785523670273,1,MAX_DAYS,10,6.840000152587891,7.03000020980835,6.097142951829093,PRICE,TRAIN,2023-07
BEEF3.SA,BEAR_CALM,0.028650789820280888,1,MAX_DAYS,10,6.699999809265137,6.900000095367432,5.924999952316284,PRICE,TEST,2023-07
BEEF3.SA,BEAR_CALM,0.10565806671963326,1,MAX_DAYS,10,6.269999980926514,6.940000057220459,5.866428596632821,PRICE,TEST,2023-07
BRAP4.SA,BEAR_CALM,0.027294016588988647,1,MAX_DAYS,10,16.636911392211914,17.110963821411133,16.166621510819066,PRICE,TRAIN,2023-07
BRAP4.SA,BEAR_CALM,-0.05418189699540101,0,STOP_LOSS,7,17.084516525268555,16.17934643051055,16.17934643051055,PRICE,TRAIN,2023-07
BRAP4.SA,BEAR_CALM,-0.0036788720891441015,0,MAX_DAYS,10,16.254465103149414,16.21417236328125,15.385272794884603,PRICE,TRAIN,2023-07
BRAP4.SA,BEAR_CALM,0.04955277132477907,1,END_CLOSED,4,15.291929244995117,16.068037033081055,14.665985574743338,PRICE,TRAIN,2023-07
BRKM5.SA,BEAR_CALM,0.18587483177085615,1,PROFIT_TARGET,2,17.639999389648438,20.939999307904923,15.989999430520195,PRICE,TRAIN,2023-07
BRKM5.SA,BEAR_CALM,-0.08425426179579412,0,STOP_LOSS,9,19.200000762939453,17.605358873094833,17.605358873094833,PRICE,TRAIN,2023-07
BRKM5.SA,BEAR_CALM,-0.0006438137298977675,0,MAX_DAYS,10,17.979999542236328,17.989999771118164,16.492499896458217,PRICE,TRAIN,2023-07
COGN3.SA,BEAR_CALM,-0.0012,0,MAX_DAYS,10,2.424334764480591,2.424334764480591,2.1583253916464233,PRICE,TRAIN,2023-07
COGN3.SA,BEAR_CALM,-0.10119999999999998,0,HARD_STOP,6,2.112773895263672,1.9014965057373048,1.8485033797830692,PRICE,TRAIN,2023-07
COGN3.SA,BEAR_CALM,-0.05434006004320704,0,MAX_DAYS,10,2.015410900115967,1.9083118438720703,1.7041976692307435,PRICE,TRAIN,2023-07
COGN3.SA,BEAR_CALM,-0.0933052307726088,0,STOP_LOSS,4,1.8498940467834473,1.6795091286995827,1.6795091286995827,PRICE,TRAIN,2023-07
COGN3.SA,BEAR_CALM,0.010099383049963918,1,END_CLOSED,4,1.7233223915100098,1.7427948713302612,1.5129490949213928,PRICE,TRAIN,2023-07
CPFE3.SA,BEAR_CALM,-0.00607061962995694,0,MAX_DAYS,10,32.849998474121094,32.689998626708984,31.105356216430664,PRICE,TRAIN,2023-07
CPFE3.SA,BEAR_CALM,0.00741004844266633,1,END_CLOSED,3,32.52000045776367,32.79999923706055,31.18428693498884,PRICE,TRAIN,2023-07
CSAN3.SA,BEAR_CALM,-0.028977816794602783,0,MAX_DAYS,10,14.258208274841309,13.862146377563477,13.273230256112615,PRICE,TRAIN,2023-07
CSAN3.SA,BEAR_CALM,-0.03798003109009209,0,MAX_DAYS,10,13.920106887817383,13.408124923706055,13.035178467773358,PRICE,TRAIN,2023-07
CSAN3.SA,BEAR_CALM,-0.05861639772018836,0,STOP_LOSS,7,13.369484901428223,12.601857239013766,12.601857239013766,PRICE,TRAIN,2023-07
CSAN3.SA,BEAR_CALM,0.02607984283328233,1,MAX_DAYS,10,12.829999923706055,13.180000305175781,11.997858666194555,PRICE,TRAIN,2023-07
CSNA3.SA,BEAR_CALM,0.04485262738739735,1,SIGNAL,1,10.478035926818848,10.960577011108398,9.86408834860987,PRICE,TRAIN,2023-07
CVCB3.SA,BEAR_CALM,-0.07242500349306993,0,STOP_LOSS,2,3.509999990463257,3.260000228881836,3.260000228881836,PRICE,TRAIN,2023-07
CVCB3.SA,BEAR_CALM,-0.04300060463260349,0,MAX_DAYS,10,3.109999895095825,2.9800000190734863,2.6918181506070225,PRICE,TRAIN,2023-07
CVCB3.SA,BEAR_CALM,-0.10119999999999998,0,HARD_STOP,4,2.880000114440918,2.5920001029968263,2.5496429886136736,PRICE,TRAIN,2023-07
CVCB3.SA,BEAR_CALM,-0.10119999999999987,0,HARD_STOP,9,2.509999990463257,2.2589999914169314,2.1600000262260437,PRICE,TRAIN,2023-07
CVCB3.SA,BEAR_CALM,0.041535105435526055,1,MAX_DAYS,10,2.3399999141693115,2.440000057220459,2.039999987397875,PRICE,TRAIN,2023-07
CVCB3.SA,BEAR_CALM,-0.08026979942012172,0,MAX_DAYS,10,2.1500000953674316,1.9800000190734863,1.8303572663239072,PRICE,TRAIN,2023-07
CVCB3.SA,BEAR_CALM,0.040250800564520885,1,MAX_DAYS,10,1.9299999475479126,2.009999990463257,1.6889286424432481,PRICE,TRAIN,2023-07
CVCB3.SA,BEAR_CALM,0.019742451183951105,1,END_CLOSED,9,1.909999966621399,1.9500000476837158,1.6885713722024644,PRICE,TRAIN,2023-07
ECOR3.SA,BEAR_CALM,-0.029732630562064453,0,MAX_DAYS,10,6.844263553619385,6.6489787101745605,6.312876378068472,PRICE,TRAIN,2023-07
ECOR3.SA,BEAR_CALM,0.003307551485471995,1,MAX_DAYS,10,6.741971969604492,6.772361755371094,6.193978975466376,PRICE,TRAIN,2023-07
ECOR3.SA,BEAR_CALM,-0.07193456312282845,0,STOP_LOSS,5,6.390282154083252,5.938268337682566,5.938268337682566,PRICE,TRAIN,2023-07
ENGI11.SA,BEAR_CALM,0.03328281675703391,1,END_CLOSED,7,36.2021484375,37.45050048828125,33.86735900837477,PRICE,TRAIN,2023-07
EQTL3.SA,BEAR_CALM,-0.05388291574248929,0,STOP_LOSS,7,28.867448806762695,27.346627433575392,27.346627433575392,PRICE,TRAIN,2023-07
EQTL3.SA,BEAR_CALM,-0.002535573953668456,0,MAX_DAYS,10,28.182353973388672,28.14471435546875,26.438180731947128,PRICE,TRAIN,2023-07
EQTL3.SA,BEAR_CALM,-0.00832344926156494,0,MAX_DAYS,10,27.74009132385254,27.5424861907959,26.26981018314826,PRICE,TRAIN,2023-07
EQTL3.SA,BEAR_CALM,0.09534231439330773,1,END_CLOSED,4,27.486024856567383,30.139589309692383,25.92164635514361,PRICE,TRAIN,2023-07
EZTC3.SA,BEAR_CALM,0.08490762866908738,1,MAX_DAYS,10,13.735968589782715,14.918740272521973,12.134633130128357,PRICE,TRAIN,2023-07
EZTC3.SA,BEAR_CALM,0.013690067337800517,1,MAX_DAYS,10,10.978093147277832,11.141557693481445,9.956425059968577,PRICE,TRAIN,2023-07
EZTC3.SA,BEAR_CALM,0.05033847951010415,1,SIGNAL,1,11.184576034545898,11.761012077331543,10.614592100979916,PRICE,TEST,2023-07
FLRY3.SA,BEAR_CALM,0.027721058405437572,1,MAX_DAYS,10,12.56169319152832,12.9249906539917,11.71484805368625,PRICE,TRAIN,2023-07
FLRY3.SA,BEAR_CALM,0.028074807205719844,1,SIGNAL,4,12.831084251403809,13.206711769104004,12.062756597454145,PRICE,TEST,2023-07
GGBR4.SA,BEAR_CALM,0.08820866568653848,1,MAX_DAYS,10,16.506139755249023,17.981931686401367,15.619582816831256,PRICE,TRAIN,2023-07
GOAU4.SA,BEAR_CALM,-0.05470761828839312,0,STOP_LOSS,7,9.510238647460938,9.001368428081074,9.001368428081074,PRICE,TRAIN,2023-07
HAPV3.SA,BEAR_CALM,-0.033607327280444486,0,MAX_DAYS,10,64.79999542236328,62.70000076293945,55.42500019073486,PRICE,TRAIN,2023-07
HAPV3.SA,BEAR_CALM,0.07657779190628608,1,MAX_DAYS,10,54.0,58.20000076293945,47.678572518484934,PRICE,TRAIN,2023-07
HYPE3.SA,BEAR_CALM,0.016949427328201018,1,MAX_DAYS,10,26.232913970947266,26.709026336669922,24.361427311035897,PRICE,TRAIN,2023-07
IGTI11.SA,BEAR_CALM,0.07596200332425149,1,MAX_DAYS,10,18.6531925201416,20.092510223388672,17.418110550846738,PRICE,TRAIN,2023-07
IRBR3.SA,BEAR_CALM,-0.07077183132279022,0,STOP_LOSS,6,32.70000076293945,30.42500182560512,30.42500182560512,PRICE,TRAIN,2023-07
IRBR3.SA,BEAR_CALM,0.001673568118289649,1,END_CLOSED,7,31.31999969482422,31.40999984741211,29.21107087816511,PRICE,TRAIN,2023-07
LREN3.SA,BEAR_CALM,0.007182778627643806,1,SIGNAL,1,16.545429229736328,16.684125900268555,15.12788927014979,PRICE,TRAIN,2023-07
LREN3.SA,BEAR_CALM,-0.10221013998099351,0,STOP_LOSS,6,16.15382194519043,14.5221221292787,14.5221221292787,PRICE,TRAIN,2023-07
LREN3.SA,BEAR_CALM,0.03071480227692356,1,MAX_DAYS,10,10.107695579528809,10.430280685424805,9.032408064471634,PRICE,TRAIN,2023-07
LREN3.SA,BEAR_CALM,0.014530278991759939,1,MAX_DAYS,10,10.478045463562012,10.642868041992188,9.498816355549444,PRICE,TRAIN,2023-07
LWSA3.SA,BEAR_CALM,0.013693770725505462,1,MAX_DAYS,10,4.561046123504639,4.628977298736572,4.065430848214945,PRICE,TRAIN,2023-07
LWSA3.SA,BEAR_CALM,-0.115109715473839,0,STOP_LOSS,6,4.609568119049072,4.084493526150913,4.084493526150913,PRICE,TRAIN,2023-07
LWSA3.SA,BEAR_CALM,-0.055702350629970664,0,MAX_DAYS,10,4.095237731933594,3.872037649154663,3.4679205188978752,PRICE,TRAIN,2023-07
LWSA3.SA,BEAR_CALM,-0.03039712785149564,0,END_CLOSED,5,3.988490104675293,3.872037649154663,3.4842101078419594,PRICE,TRAIN,2023-07
MGLU3.SA,BEAR_CALM,-0.07909318125416256,0,STOP_LOSS,4,30.59989356994629,28.21637051374438,28.21637051374438,PRICE,TRAIN,2023-07
MGLU3.SA,BEAR_CALM,0.0020679870919796187,1,MAX_DAYS,10,27.785066604614258,27.87586784362793,24.120601979209198,PRICE,TRAIN,2023-07
MGLU3.SA,BEAR_CALM,-0.10119999999999987,0,HARD_STOP,4,12.814515113830566,11.53306360244751,10.491537753537973,PRICE,TRAIN,2023-07
MGLU3.SA,BEAR_CALM,0.1365694937288072,1,END_CLOSED,7,10.358400344848633,11.78547191619873,8.418540676172464,PRICE,TRAIN,2023-07
MRVE3.SA,BEAR_CALM,0.07812010585244664,1,MAX_DAYS,10,7.059999942779541,7.619999885559082,6.108214156968253,PRICE,TRAIN,2023-07
MULT3.SA,BEAR_CALM,-0.026797112960339285,0,MAX_DAYS,10,21.897937774658203,21.337413787841797,20.164640413899246,PRICE,TRAIN,2023-07
MULT3.SA,BEAR_CALM,-0.011731012924661187,0,MAX_DAYS,10,21.290700912475586,21.06648826599121,20.10625251644106,PRICE,TRAIN,2023-07
MULT3.SA,BEAR_CALM,0.0036415849716225704,1,MAX_DAYS,10,21.22530746459961,21.32807159423828,19.892385530955565,PRICE,TRAIN,2023-07
PCAR3.SA,BEAR_CALM,-0.10119999999999998,0,HARD_STOP,3,3.690000057220459,3.3210000514984133,3.1114285843712945,PRICE,TRAIN,2023-07
PCAR3.SA,BEAR_CALM,0.11407373304058929,1,MAX_DAYS,10,3.4700000286102295,3.869999885559082,2.8950000660760065,PRICE,TRAIN,2023-07
PCAR3.SA,BEAR_CALM,0.0026314141245932024,1,END_CLOSED,3,2.609999895095825,2.619999885559082,2.2510712827954973,PRICE,TRAIN,2023-07
PRIO3.SA,BEAR_CALM,-0.07669728180719051,0,STOP_LOSS,6,43.45000076293945,40.16964381081717,40.16964381081717,PRICE,TRAIN,2023-07
PRIO3.SA,BEAR_CALM,0.09213329634232945,1,END_CLOSED,9,41.25,45.099998474121094,38.14642769949777,PRICE,TRAIN,2023-07
RADL3.SA,BEAR_CALM,0.03230838660450628,1,END_CLOSED,8,23.97261619567871,24.77589988708496,22.335981319752413,PRICE,TRAIN,2023-07
RAIZ4.SA,BEAR_CALM,-0.039416598716108385,0,MAX_DAYS,10,3.140000104904175,3.0199999809265137,2.88642874785832,PRICE,TRAIN,2023-07
RAIZ4.SA,BEAR_CALM,-0.05843908237586606,0,MAX_DAYS,10,2.9700000286102295,2.799999952316284,2.7467858706201826,PRICE,TRAIN,2023-07
RAIZ4.SA,BEAR_CALM,0.03939036662266635,1,MAX_DAYS,10,2.7100000381469727,2.819999933242798,2.4867857098579407,PRICE,TRAIN,2023-07
RAIZ4.SA,BEAR_CALM,0.0630857392223517,1,END_CLOSED,8,2.799999952316284,2.9800000190734863,2.542857255254473,PRICE,TRAIN,2023-07
RAIL3.SA,BEAR_CALM,-0.03265853311074309,0,MAX_DAYS,10,20.10715675354004,19.4746150970459,18.868552421430575,PRICE,TRAIN,2023-07
RAIL3.SA,BEAR_CALM,-0.016463370478150406,0,MAX_DAYS,10,19.465030670166016,19.16792869567871,18.287571442115848,PRICE,TRAIN,2023-07
RAIL3.SA,BEAR_CALM,0.04982043199362338,1,MAX_DAYS,10,18.784570693969727,19.74296760559082,17.53865545565846,PRICE,TRAIN,2023-07
RECV3.SA,BEAR_CALM,0.09595907508359422,1,END_CLOSED,9,15.373629570007324,16.86731719970703,14.054626008597491,PRICE,TRAIN,2023-07
RDOR3.SA,BEAR_CALM,-0.08644257969220973,0,STOP_LOSS,8,25.068628311157227,22.93171376456902,22.93171376456902,PRICE,TRAIN,2023-07
RDOR3.SA,BEAR_CALM,-0.05209114555691221,0,MAX_DAYS,10,22.996919631958008,21.826580047607422,20.709659523669398,PRICE,TRAIN,2023-07
SANB11.SA,BEAR_CALM,0.07294252524729491,1,MAX_DAYS,10,24.606300354003906,26.430673599243164,23.568179581506445,PRICE,TEST,2023-07
RENT3.SA,BEAR_CALM,0.0006166641183836597,1,MAX_DAYS,10,46.15650177001953,46.240352630615234,42.660955237664,PRICE,TRAIN,2023-07
RENT3.SA,BEAR_CALM,-0.03524246607801187,0,MAX_DAYS,10,43.78997802734375,42.299259185791016,39.5340961617324,PRICE,TRAIN,2023-07
RENT3.SA,BEAR_CALM,-0.004606721629668041,0,END_CLOSED,3,39.42101287841797,39.28671646118164,36.22844588383263,PRICE,TRAIN,2023-07
SLCE3.SA,BEAR_CALM,0.01097389702311733,1,MAX_DAYS,10,16.771617889404297,16.975793838500977,15.75247429027303,PRICE,TRAIN,2023-07
SUZB3.SA,BEAR_CALM,0.0029109310102509514,1,MAX_DAYS,10,47.11336898803711,47.30704879760742,43.53888230010767,PRICE,TRAIN,2023-07
SUZB3.SA,BEAR_CALM,0.020336010440646347,1,MAX_DAYS,10,50.812713623046875,51.90701675415039,47.81235864443674,PRICE,TEST,2023-07
TIMS3.SA,BEAR_CALM,0.06972650818631262,1,SIGNAL,6,14.02422046661377,15.018909454345703,13.16170796546441,PRICE,TEST,2023-07
UGPA3.SA,BEAR_CALM,0.009022896494216816,1,END_CLOSED,3,19.415300369262695,19.613780975341797,18.10872489640412,PRICE,TRAIN,2023-07
USIM5.SA,BEAR_CALM,0.00565873676220905,1,MAX_DAYS,10,7.289999961853027,7.340000152587891,6.798928703580584,PRICE,TRAIN,2023-07
VALE3.SA,BEAR_CALM,0.021865135289654038,1,MAX_DAYS,10,52.81137466430664,54.029476165771484,50.287010584723,PRICE,TRAIN,2023-07
WEGE3.SA,BEAR_CALM,0.10236392348462484,1,PROFIT_TARGET,10,34.40618133544922,37.96942046667181,32.624561769837925,PRICE,TRAIN,2023-07
YDUQ3.SA,BEAR_CALM,-0.01973574946812475,0,END_CLOSED,4,10.368261337280273,10.176077842712402,9.345574425613304,PRICE,TRAIN,2023-07
ASAI3.SA,BEAR_CALM,-0.059511559837521454,0,MAX_DAYS,10,11.285013198852539,10.62696647644043,10.216913672909374,PRICE,TRAIN,2023-10
ASAI3.SA,BEAR_CALM,-0.05876100989792112,0,MAX_DAYS,10,10.067134857177734,9.48766040802002,9.109529142550272,PRICE,TRAIN,2023-10
ASAI3.SA,BEAR_CALM,-0.08461917476822814,0,MAX_DAYS,10,9.536768913269043,8.741219520568848,8.577409559258562,PRICE,TRAIN,2023-10
AURE3.SA,BEAR_CALM,-0.027608387915395348,0,MAX_DAYS,10,11.284486770629883,10.986481666564941,10.899562524473861,PRICE,TRAIN,2023-10
AURE3.SA,BEAR_CALM,-0.03366753914200806,0,STOP_LOSS,5,11.036149024963379,10.677832424518346,10.677832424518346,PRICE,TRAIN,2023-10
B3SA3.SA,BEAR_CALM,-0.03253148612075787,0,MAX_DAYS,10,10.864888191223145,10.52447509765625,9.576513007745433,PRICE,TRAIN,2023-10
BBAS3.SA,BEAR_CALM,-0.014208543260705218,0,MAX_DAYS,10,23.584272384643555,23.277475357055664,22.727701544491882,PRICE,TEST,2023-10
AZUL4.SA,BEAR_CALM,0.00424744690631771,1,MAX_DAYS,10,12.850000381469727,12.920000076293945,10.225001096725464,PRICE,TRAIN,2023-10
AZUL4.SA,BEAR_CALM,-0.12290637587536571,0,MAX_DAYS,10,7.96999979019165,7.0,6.943214075905936,PRICE,TRAIN,2023-10
AZUL4.SA,BEAR_CALM,0.02215159265898734,1,MAX_DAYS,10,7.28000020980835,7.449999809265137,6.128214359283447,PRICE,TRAIN,2023-10
BBDC3.SA,BEAR_CALM,0.03795152402193378,1,SIGNAL,5,10.008367538452148,10.4002103805542,9.48558159116235,PRICE,TRAIN,2023-10
BBDC3.SA,BEAR_CALM,0.04641896488502426,1,MAX_DAYS,10,10.429182052612305,10.925808906555176,9.970928512829031,PRICE,TRAIN,2023-10
BBDC3.SA,BEAR_CALM,-0.005816524190214299,0,MAX_DAYS,10,9.831274032592773,9.785887718200684,9.50775602124099,PRICE,TRAIN,2023-10
BBDC3.SA,BEAR_CALM,0.0016274477752250339,1,END_CLOSED,3,9.633384704589844,9.660622596740723,8.913507119363928,PRICE,TEST,2023-10
BBDC4.SA,BEAR_CALM,0.0325884186140367,1,SIGNAL,1,11.408697128295898,11.79417896270752,10.824802490606167,PRICE,TRAIN,2023-10
BBDC4.SA,BEAR_CALM,0.0129375390363776,1,MAX_DAYS,10,10.920999526977539,11.075395584106445,10.485402767993266,PRICE,TRAIN,2023-10
BBDC4.SA,BEAR_CALM,-0.041690449073955936,0,MAX_DAYS,10,11.4774808883667,11.012752532958984,10.755350939989789,PRICE,TEST,2023-10
BEEF3.SA,BEAR_CALM,-0.05286052526222231,0,MAX_DAYS,10,8.130000114440918,7.710000038146973,7.542499780654907,PRICE,TRAIN,2023-10
BEEF3.SA,BEAR_CALM,0.04303591447970354,1,MAX_DAYS,10,7.460000038146973,7.789999961853027,6.890769261580247,PRICE,TRAIN,2023-10
BEEF3.SA,BEAR_CALM,0.029591793674664447,1,MAX_DAYS,10,6.820000171661377,7.03000020980835,6.105714287076678,PRICE,TRAIN,2023-10
BEEF3.SA,BEAR_CALM,-0.0833596410542922,0,STOP_LOSS,5,6.389999866485596,5.864999771118164,5.864999771118164,PRICE,TEST,2023-10
BRAP4.SA,BEAR_CALM,-0.030439755412705403,0,MAX_DAYS,10,16.727209091186523,16.238109588623047,16.087617555037216,PRICE,TRAIN,2023-10
BRAP4.SA,BEAR_CALM,0.09843453304424563,1,PROFIT_TARGET,9,16.004844665527344,17.599479890222845,15.207527053179593,PRICE,TRAIN,2023-10
BRAP4.SA,BEAR_CALM,-0.05418189699540101,0,STOP_LOSS,7,17.084516525268555,16.17934643051055,16.17934643051055,PRICE,TRAIN,2023-10
BRAP4.SA,BEAR_CALM,-0.0036788720891441015,0,MAX_DAYS,10,16.254465103149414,16.21417236328125,15.385272794884603,PRICE,TRAIN,2023-10
BRAP4.SA,BEAR_CALM,0.05013687556429312,1,MAX_DAYS,10,15.948637962341309,16.767391204833984,15.208469491561495,PRICE,TEST,2023-10
BRKM5.SA,BEAR_CALM,-0.07816197795269733,0,STOP_LOSS,9,18.8700008392334,17.417728250676937,17.417728250676937,PRICE,TRAIN,2023-10
BRKM5.SA,BEAR_CALM,-0.08425426179579412,0,STOP_LOSS,9,19.200000762939453,17.605358873094833,17.605358873094833,PRICE,TRAIN,2023-10
BRKM5.SA,BEAR_CALM,-0.0006438137298977675,0,MAX_DAYS,10,17.979999542236328,17.989999771118164,16.492499896458217,PRICE,TRAIN,2023-10
BRKM5.SA,BEAR_CALM,-0.05315497104395519,0,MAX_DAYS,10,18.670000076293945,17.700000762939453,17.040833473205566,PRICE,TEST,2023-10
BRKM5.SA,BEAR_CALM,-0.060970059251677,0,MAX_DAYS,10,17.399999618530273,16.360000610351562,16.048213958740234,PRICE,TEST,2023-10
BRKM5.SA,BEAR_CALM,-0.042469817049541135,0,MAX_DAYS,10,15.75,15.100000381469727,14.121428762163434,PRICE,TEST,2023-10
BRKM5.SA,BEAR_CALM,-0.10066485603281397,0,STOP_LOSS,8,15.350000381469727,13.8232148034232,13.8232148034232,PRICE,TEST,2023-10
BRKM5.SA,BEAR_CALM,-0.08215241483196636,0,END_CLOSED,8,12.600000381469727,11.579999923706055,10.83750023160662,PRICE,TEST,2023-10
COGN3.SA,BEAR_CALM,-0.0012,0,MAX_DAYS,10,2.424334764480591,2.424334764480591,2.146850347731993,PRICE,TRAIN,2023-10
COGN3.SA,BEAR_CALM,-0.11320337026980923,0,STOP_LOSS,6,1.6454321146011353,1.4611381722156291,1.4611381722156291,PRICE,TRAIN,2023-10
COGN3.SA,BEAR_CALM,0.005994167292290388,1,MAX_DAYS,10,1.3533436059951782,1.3630797863006592,1.158617935792591,PRICE,TRAIN,2023-10
COGN3.SA,BEAR_CALM,0.07179272225723085,1,MAX_DAYS,10,1.3338710069656372,1.4312338829040527,1.1513156610858262,PRICE,TRAIN,2023-10
COGN3.SA,BEAR_CALM,0.1532714767347075,1,SIGNAL,3,1.1975630521774292,1.3825523853302002,1.0393484311632737,PRICE,TEST,2023-10
CPFE3.SA,BEAR_CALM,-0.0033289444206283866,0,MAX_DAYS,10,32.880001068115234,32.810001373291016,31.500835418701172,PRICE,TEST,2023-10
CSAN3.SA,BEAR_CALM,-0.09287301720985056,0,MAX_DAYS,10,13.09000015258789,11.890000343322754,11.777499914169312,PRICE,TEST,2023-10
CSAN3.SA,BEAR_CALM,-0.040330418196968386,0,MAX_DAYS,10,11.5,11.050000190734863,10.766071489879064,PRICE,TEST,2023-10
CSAN3.SA,BEAR_CALM,-0.0893493556035029,0,STOP_LOSS,6,11.0,10.030357088361468,10.030357088361468,PRICE,TEST,2023-10
CSNA3.SA,BEAR_CALM,-0.04357280902381535,0,MAX_DAYS,10,10.167830467224121,9.736990928649902,9.510798389570597,PRICE,TRAIN,2023-10
CSNA3.SA,BEAR_CALM,0.12392815885324135,1,PROFIT_TARGET,10,9.693906784057617,10.906887492041694,9.087416430065579,PRICE,TRAIN,2023-10
CSNA3.SA,BEAR_CALM,0.05970028148440907,1,MAX_DAYS,10,10.78575611114502,11.442611694335938,9.876290732986233,PRICE,TRAIN,2023-10
CSNA3.SA,BEAR_CALM,-0.059023151272766826,0,MAX_DAYS,10,11.195100784301758,10.547764778137207,10.430129411195525,PRICE,TEST,2023-10
CVCB3.SA,BEAR_CALM,0.07411373240079419,1,SIGNAL,1,2.390000104904175,2.569999933242798,1.9274999499320984,PRICE,TRAIN,2023-10
CVCB3.SA,BEAR_CALM,-0.031050717942397797,0,MAX_DAYS,10,2.009999990463257,1.9500000476837158,1.6600000262260437,PRICE,TRAIN,2023-10
CVCB3.SA,BEAR_CALM,0.04324446946367875,1,MAX_DAYS,10,1.7999999523162842,1.8799999952316284,1.5589284769126348,PRICE,TRAIN,2023-10
CVCB3.SA,BEAR_CALM,-0.011952677834782509,0,MAX_DAYS,10,1.8600000143051147,1.840000033378601,1.7350001335144043,PRICE,TEST,2023-10
ECOR3.SA,BEAR_CALM,-0.029732630562064453,0,MAX_DAYS,10,6.844263553619385,6.6489787101745605,6.312876378068472,PRICE,TRAIN,2023-10
ECOR3.SA,BEAR_CALM,0.003307551485471995,1,MAX_DAYS,10,6.741971969604492,6.772361755371094,6.193978975466376,PRICE,TRAIN,2023-10
ELET3.SA,BEAR_CALM,-0.04454280645973099,0,MAX_DAYS,10,31.073951721191406,29.72711944580078,29.01629393351373,PRICE,TRAIN,2023-10
EMBR3.SA,BEAR_CALM,0.05258254052349196,1,MAX_DAYS,10,16.90260887145996,17.811674118041992,16.16586672132876,PRICE,TRAIN,2023-10
ENEV3.SA,BEAR_CALM,-0.043828817598017954,0,MAX_DAYS,10,11.260000228881836,10.779999732971191,10.210000038146973,PRICE,TRAIN,2023-10
ENEV3.SA,BEAR_CALM,-0.07312457607262449,0,STOP_LOSS,8,11.520000457763672,10.69142930848258,10.69142930848258,PRICE,TEST,2023-10
EQTL3.SA,BEAR_CALM,0.04191297175671536,1,MAX_DAYS,10,27.603904724121094,28.793991088867188,26.11241615512521,PRICE,TRAIN,2023-10
EZTC3.SA,BEAR_CALM,0.011038961376505708,1,MAX_DAYS,10,12.035160064697266,12.18245792388916,10.594668400670566,PRICE,TEST,2023-10
FLRY3.SA,BEAR_CALM,0.027721058405437572,1,MAX_DAYS,10,12.56169319152832,12.9249906539917,11.71484805368625,PRICE,TRAIN,2023-10
GOAU4.SA,BEAR_CALM,-0.0660147135247812,0,STOP_LOSS,10,9.186992645263672,8.591540348806635,8.591540348806635,PRICE,TRAIN,2023-10
GOAU4.SA,BEAR_CALM,0.10697147713305952,1,PROFIT_TARGET,8,8.566018104553223,9.492616936071276,8.102718688794196,PRICE,TRAIN,2023-10
GGBR4.SA,BEAR_CALM,-0.071187195412207,0,MAX_DAYS,10,17.6262264251709,16.392616271972656,16.292338177207146,PRICE,TRAIN,2023-10
GGBR4.SA,BEAR_CALM,0.08820866568653848,1,MAX_DAYS,10,16.506139755249023,17.981931686401367,15.619582816831256,PRICE,TRAIN,2023-10
HAPV3.SA,BEAR_CALM,-0.016989500454015947,0,MAX_DAYS,10,57.0,56.099998474121094,47.59374968210856,PRICE,TRAIN,2023-10
HAPV3.SA,BEAR_CALM,-0.07735108557546858,0,STOP_LOSS,4,57.75,53.35227480801669,53.35227480801669,PRICE,TEST,2023-10
HAPV3.SA,BEAR_CALM,-0.09097628766147806,0,STOP_LOSS,8,54.599998474121094,49.698213304792134,49.698213304792134,PRICE,TEST,2023-10
HYPE3.SA,BEAR_CALM,-0.07978408452192734,0,STOP_LOSS,10,31.1170597076416,28.671754057502433,28.671754057502433,PRICE,TRAIN,2023-10
HYPE3.SA,BEAR_CALM,0.06322725735239784,1,MAX_DAYS,10,26.227737426757812,27.917518615722656,24.50654284584588,PRICE,TRAIN,2023-10
HYPE3.SA,BEAR_CALM,-0.019757282408207198,0,END_CLOSED,7,25.670957565307617,25.1945743560791,23.814489711880153,PRICE,TRAIN,2023-10
HYPE3.SA,BEAR_CALM,-0.06406076917005946,0,STOP_LOSS,6,18.746807098388672,17.56836838470123,17.56836838470123,PRICE,TEST,2023-10
IGTI11.SA,BEAR_CALM,0.04666400448052941,1,SIGNAL,4,18.18918800354004,19.059795379638672,16.855194650428473,PRICE,TRAIN,2023-10
IRBR3.SA,BEAR_CALM,-0.0053139578020849,0,MAX_DAYS,10,31.600000381469727,31.469999313354492,29.282143320356095,PRICE,TRAIN,2023-10
IRBR3.SA,BEAR_CALM,-0.07417583982803258,0,STOP_LOSS,3,30.93000030517578,28.672857557024276,28.672857557024276,PRICE,TRAIN,2023-10
IRBR3.SA,BEAR_CALM,0.006674065621153115,1,MAX_DAYS,10,29.209999084472656,29.440000534057617,26.727855273655482,PRICE,TRAIN,2023-10
LWSA3.SA,BEAR_CALM,0.09640274894659603,1,SIGNAL,3,5.6673431396484375,6.220491409301758,4.757559900032922,PRICE,TRAIN,2023-10
LWSA3.SA,BEAR_CALM,0.06759598351503646,1,MAX_DAYS,10,3.9496724605560303,4.221394062042236,3.476584976327638,PRICE,TEST,2023-10
MRVE3.SA,BEAR_CALM,0.07812010585244664,1,MAX_DAYS,10,7.059999942779541,7.619999885559082,6.108214156968253,PRICE,TRAIN,2023-10
MRVE3.SA,BEAR_CALM,0.052579052239034675,1,MAX_DAYS,10,6.880000114440918,7.25,6.144285764013018,PRICE,TEST,2023-10
MGLU3.SA,BEAR_CALM,0.04335868770499549,1,MAX_DAYS,10,11.32919692993164,11.83401107788086,9.768988225171993,PRICE,TRAIN,2023-10
MGLU3.SA,BEAR_CALM,-0.062069556963977666,0,END_CLOSED,7,10.047745704650879,9.43614387512207,8.695564753287243,PRICE,TRAIN,2023-10
MGLU3.SA,BEAR_CALM,-0.01764402305048731,0,MAX_DAYS,10,9.44585132598877,9.290523529052734,8.402245319403075,PRICE,TEST,2023-10
MULT3.SA,BEAR_CALM,0.07267090419987551,1,SIGNAL,5,21.651046752929688,23.250429153442383,20.291572437982623,PRICE,TRAIN,2023-10
PCAR3.SA,BEAR_CALM,0.10795499667851013,1,SIGNAL,5,2.8399999141693115,3.1500000953674316,2.4524996876716614,PRICE,TEST,2023-10
RADL3.SA,BEAR_CALM,-0.008707158811492775,0,MAX_DAYS,10,24.877580642700195,24.690820693969727,23.302129898134307,PRICE,TEST,2023-10
RAIL3.SA,BEAR_CALM,0.03544910719039671,1,MAX_DAYS,10,18.30537223815918,18.976247787475586,17.42151738443114,PRICE,TEST,2023-10
RAIZ4.SA,BEAR_CALM,-0.0338797080073582,0,MAX_DAYS,10,3.059999942779541,2.9600000381469727,2.722499966621399,PRICE,TEST,2023-10
RAIZ4.SA,BEAR_CALM,-0.02181861836027834,0,MAX_DAYS,10,2.9100000858306885,2.8499999046325684,2.7157694559830885,PRICE,TEST,2023-10
RAIZ4.SA,BEAR_CALM,-0.08351553207998522,0,STOP_LOSS,4,2.690000057220459,2.468571271215166,2.468571271215166,PRICE,TEST,2023-10
RECV3.SA,BEAR_CALM,0.0948764804123435,1,MAX_DAYS,10,15.70272159576416,17.211383819580078,14.241452611713203,PRICE,TRAIN,2023-10
RECV3.SA,BEAR_CALM,-0.02490457003251991,0,END_CLOSED,4,15.845321655273438,15.469715118408203,14.73160728117077,PRICE,TRAIN,2023-10
SANB11.SA,BEAR_CALM,0.036932282561085696,1,SIGNAL,2,22.334550857543945,23.18621826171875,21.59585916711037,PRICE,TRAIN,2023-10
RENT3.SA,BEAR_CALM,-0.07433986670100937,0,MAX_DAYS,10,50.60679244995117,46.905418395996094,46.57708355312929,PRICE,TRAIN,2023-10
RENT3.SA,BEAR_CALM,0.05188651955375132,1,MAX_DAYS,10,38.459110260009766,40.500770568847656,35.432236865125404,PRICE,TEST,2023-10
SLCE3.SA,BEAR_CALM,-0.04818832438067213,0,STOP_LOSS,9,17.679481506347656,16.848752294445298,16.848752294445298,PRICE,TRAIN,2023-10
SLCE3.SA,BEAR_CALM,0.06248910377207082,1,MAX_DAYS,10,16.817068099975586,17.888132095336914,15.76720246662086,PRICE,TRAIN,2023-10
SLCE3.SA,BEAR_CALM,-0.005872912724588807,0,MAX_DAYS,10,16.64522361755371,16.567441940307617,15.966372279151443,PRICE,TRAIN,2023-10
SLCE3.SA,BEAR_CALM,0.006349443970714887,1,MAX_DAYS,10,16.742448806762695,16.868844985961914,16.03929049942815,PRICE,TEST,2023-10
SMFT3.SA,BEAR_CALM,0.06936083797302559,1,MAX_DAYS,10,20.014785766601562,21.427045822143555,18.276184111369005,PRICE,TRAIN,2023-10
SMFT3.SA,BEAR_CALM,0.00020444369421977033,1,END_CLOSED,6,19.977375030517578,20.00543212890625,18.253806033254055,PRICE,TRAIN,2023-10
SMFT3.SA,BEAR_CALM,0.018217530650674087,1,SIGNAL,1,20.229896545410156,20.622711181640625,18.897137065349707,PRICE,TEST,2023-10
SUZB3.SA,BEAR_CALM,0.0029109310102509514,1,MAX_DAYS,10,47.11336898803711,47.30704879760742,43.53888230010767,PRICE,TRAIN,2023-10
TAEE11.SA,BEAR_CALM,-0.00799874657273527,0,MAX_DAYS,10,27.644540786743164,27.456592559814453,26.5107338963123,PRICE,TRAIN,2023-10
TIMS3.SA,BEAR_CALM,-0.0072313273224100735,0,MAX_DAYS,10,14.956583976745605,14.866375923156738,14.06255250696098,PRICE,TEST,2023-10
TOTS3.SA,BEAR_CALM,0.007690500843971472,1,MAX_DAYS,10,27.58291244506836,27.82813835144043,25.16744099046275,PRICE,TEST,2023-10
USIM5.SA,BEAR_CALM,-0.051277088208719256,0,STOP_LOSS,4,6.273622035980225,5.959457311896278,5.959457311896278,PRICE,TRAIN,2023-10
USIM5.SA,BEAR_CALM,-0.05108657995498824,0,STOP_LOSS,7,6.089957237243652,5.786150098605438,5.786150098605438,PRICE,TRAIN,2023-10
USIM5.SA,BEAR_CALM,0.10118488521139798,1,PROFIT_TARGET,5,5.732292652130127,6.31919277731661,5.438842589536885,PRICE,TRAIN,2023-10
USIM5.SA,BEAR_CALM,0.00565873676220905,1,MAX_DAYS,10,7.289999961853027,7.340000152587891,6.798928703580584,PRICE,TRAIN,2023-10
USIM5.SA,BEAR_CALM,-0.0877214401570319,0,STOP_LOSS,9,6.460000038146973,5.901071531432016,5.901071531432016,PRICE,TRAIN,2023-10
USIM5.SA,BEAR_CALM,0.043860698395372745,1,MAX_DAYS,10,5.769999980926514,6.03000020980835,5.296785933630807,PRICE,TRAIN,2023-10
USIM5.SA,BEAR_CALM,0.031912551411967006,1,END_CLOSED,4,6.039999961853027,6.239999771118164,5.431071502821786,PRICE,TRAIN,2023-10
USIM5.SA,BEAR_CALM,-0.0077466384580944445,0,MAX_DAYS,10,6.110000133514404,6.070000171661377,5.722500801086426,PRICE,TEST,2023-10
UGPA3.SA,BEAR_CALM,0.06757312372700083,1,MAX_DAYS,10,19.415300369262695,20.750551223754883,18.10872489640412,PRICE,TRAIN,2023-10
UGPA3.SA,BEAR_CALM,-0.03670851614772188,0,MAX_DAYS,10,19.001821517944336,18.32709503173828,17.98744694797837,PRICE,TEST,2023-10
VALE3.SA,BEAR_CALM,-0.01952381521337212,0,MAX_DAYS,10,54.96600341796875,53.95881652832031,52.88145425978453,PRICE,TRAIN,2023-10
VALE3.SA,BEAR_CALM,0.10523640310048807,1,PROFIT_TARGET,8,51.746307373046875,57.253998203566255,48.992461957787185,PRICE,TRAIN,2023-10
VALE3.SA,BEAR_CALM,0.05683249747208605,1,MAX_DAYS,10,52.08793258666992,55.11072540283203,49.76713388131603,PRICE,TRAIN,2023-10
VBBR3.SA,BEAR_CALM,0.023446276741594697,1,MAX_DAYS,10,18.6771183013916,19.137439727783203,17.736381196873477,PRICE,TEST,2023-10
WEGE3.SA,BEAR_CALM,-0.026221472934658728,0,MAX_DAYS,10,33.52726364135742,32.68836212158203,31.549186268172193,PRICE,TRAIN,2023-10
WEGE3.SA,BEAR_CALM,-0.05208154569989656,0,STOP_LOSS,4,32.35470962524414,30.708451988840398,30.708451988840398,PRICE,TRAIN,2023-10
YDUQ3.SA,BEAR_CALM,0.16499456587860747,1,MAX_DAYS,10,10.176077842712402,11.867286682128906,9.064162918285547,PRICE,TRAIN,2023-10
YDUQ3.SA,BEAR_CALM,-0.03236406891043422,0,MAX_DAYS,10,10.483570098876953,10.156859397888184,9.339052785756706,PRICE,TRAIN,2023-10
YDUQ3.SA,BEAR_CALM,0.003730813187776995,1,MAX_DAYS,10,9.743667602539062,9.791711807250977,8.523650091924281,PRICE,TRAIN,2023-10
ABEV3.SA,BEAR_CALM,-0.015770588818643037,0,MAX_DAYS,10,11.886150360107422,11.71296215057373,11.432020451532953,PRICE,TRAIN,2024-01
ABEV3.SA,BEAR_CALM,-0.02627848942801316,0,MAX_DAYS,10,11.630926132202148,11.339240074157715,11.191445869710561,PRICE,TRAIN,2024-01
ASAI3.SA,BEAR_CALM,-0.036963422302246716,0,MAX_DAYS,10,7.1402997970581055,6.8849382400512695,6.4106955815936155,PRICE,TRAIN,2024-01
ASAI3.SA,BEAR_CALM,0.045410138982234206,1,MAX_DAYS,10,6.953689098358154,7.277801513671875,6.027652977416573,PRICE,TRAIN,2024-01
AURE3.SA,BEAR_CALM,-0.03257064971978665,0,STOP_LOSS,4,11.026216506958008,10.680316931183699,10.680316931183699,PRICE,TRAIN,2024-01
AURE3.SA,BEAR_CALM,-0.007982907875920618,0,MAX_DAYS,10,10.251399993896484,10.181865692138672,9.862927945768025,PRICE,TRAIN,2024-01
AURE3.SA,BEAR_CALM,-0.04229584665857291,0,MAX_DAYS,10,10.15206527709961,9.734857559204102,9.609268827869913,PRICE,TRAIN,2024-01
B3SA3.SA,BEAR_CALM,-0.040570001625538386,0,MAX_DAYS,10,9.932528495788574,9.541484832763672,9.201066307816312,PRICE,TRAIN,2024-01
B3SA3.SA,BEAR_CALM,0.026522873585593222,1,SIGNAL,1,9.93552017211914,10.21096134185791,9.419069778919088,PRICE,TEST,2024-01
B3SA3.SA,BEAR_CALM,0.05696317213520761,1,MAX_DAYS,10,9.640406608581543,10.201123237609863,8.955319045587103,PRICE,TEST,2024-01
BBAS3.SA,BEAR_CALM,-0.031843650961030166,0,STOP_LOSS,4,24.160629272460938,23.420259382036797,23.420259382036797,PRICE,TRAIN,2024-01
BBAS3.SA,BEAR_CALM,0.026804190609370206,1,MAX_DAYS,10,23.482009887695312,24.139604568481445,22.55239698548739,PRICE,TRAIN,2024-01
BBAS3.SA,BEAR_CALM,-0.02065996991918064,0,MAX_DAYS,10,23.429059982299805,22.97313117980957,22.19709233804687,PRICE,TRAIN,2024-01
AZUL4.SA,BEAR_CALM,-0.10119999999999998,0,HARD_STOP,9,14.210000038146973,12.789000034332275,11.922500133514404,PRICE,TRAIN,2024-01
BBDC3.SA,BEAR_CALM,0.04641896488502426,1,MAX_DAYS,10,10.429182052612305,10.925808906555176,9.970928512829031,PRICE,TRAIN,2024-01
BBDC3.SA,BEAR_CALM,-0.005816524190214299,0,MAX_DAYS,10,9.831274032592773,9.785887718200684,9.50775602124099,PRICE,TRAIN,2024-01
BBDC3.SA,BEAR_CALM,0.0016274477752250339,1,END_CLOSED,3,9.633384704589844,9.660622596740723,8.913507119363928,PRICE,TRAIN,2024-01
BBDC3.SA,BEAR_CALM,0.030776826543204773,1,MAX_DAYS,10,9.627340316772461,9.935192108154297,9.021465616013286,PRICE,TEST,2024-01
BBDC4.SA,BEAR_CALM,0.0129375390363776,1,MAX_DAYS,10,10.920999526977539,11.075395584106445,10.485402767993266,PRICE,TRAIN,2024-01
BBDC4.SA,BEAR_CALM,-0.041690449073955936,0,MAX_DAYS,10,11.4774808883667,11.012752532958984,10.755350939989789,PRICE,TRAIN,2024-01
BPAC11.SA,BEAR_CALM,-0.006054395826756841,0,MAX_DAYS,10,29.951261520385742,29.805866241455078,27.46397550372373,PRICE,TRAIN,2024-01
BEEF3.SA,BEAR_CALM,-0.056524981670129114,0,STOP_LOSS,9,7.230000019073486,6.830000400543213,6.830000400543213,PRICE,TRAIN,2024-01
BEEF3.SA,BEAR_CALM,0.013614800686306473,1,MAX_DAYS,10,6.75,6.849999904632568,6.318750162919362,PRICE,TRAIN,2024-01
BEEF3.SA,BEAR_CALM,-0.06831821910864014,0,STOP_LOSS,6,5.800000190734863,5.410714507102966,5.410714507102966,PRICE,TRAIN,2024-01
BEEF3.SA,BEAR_CALM,0.04123542727600014,1,MAX_DAYS,10,5.420000076293945,5.650000095367432,4.964642984526498,PRICE,TRAIN,2024-01
BEEF3.SA,BEAR_CALM,0.03556467043408915,1,MAX_DAYS,10,5.440000057220459,5.639999866485596,4.97392886025565,PRICE,TRAIN,2024-01
BRAP4.SA,BEAR_CALM,-0.05418189699540101,0,STOP_LOSS,7,17.084516525268555,16.17934643051055,16.17934643051055,PRICE,TRAIN,2024-01
BRAP4.SA,BEAR_CALM,-0.0036788720891441015,0,MAX_DAYS,10,16.254465103149414,16.21417236328125,15.385272794884603,PRICE,TRAIN,2024-01
BRAP4.SA,BEAR_CALM,-0.02522716698735674,0,END_CLOSED,6,15.41578197479248,15.045384407043457,14.468301990064974,PRICE,TRAIN,2024-01
BRKM5.SA,BEAR_CALM,-0.0164369391014342,0,MAX_DAYS,10,17.719999313354492,17.450000762939453,16.162856578826904,PRICE,TRAIN,2024-01
BRKM5.SA,BEAR_CALM,-0.08425426179579412,0,STOP_LOSS,9,19.200000762939453,17.605358873094833,17.605358873094833,PRICE,TRAIN,2024-01
BRKM5.SA,BEAR_CALM,-0.0006438137298977675,0,MAX_DAYS,10,17.979999542236328,17.989999771118164,16.492499896458217,PRICE,TRAIN,2024-01
BRKM5.SA,BEAR_CALM,-0.042469817049541135,0,MAX_DAYS,10,15.75,15.100000381469727,14.121428762163434,PRICE,TRAIN,2024-01
BRKM5.SA,BEAR_CALM,-0.10066485603281397,0,STOP_LOSS,8,15.350000381469727,13.8232148034232,13.8232148034232,PRICE,TRAIN,2024-01
BRKM5.SA,BEAR_CALM,-0.08215241483196636,0,END_CLOSED,8,12.600000381469727,11.579999923706055,10.83750023160662,PRICE,TRAIN,2024-01
CPFE3.SA,BEAR_CALM,-0.013664930402875551,0,MAX_DAYS,10,32.09000015258789,31.690000534057617,30.60785743168422,PRICE,TRAIN,2024-01
CPFE3.SA,BEAR_CALM,0.008065205194764592,1,END_CLOSED,3,31.299999237060547,31.59000015258789,29.6196414402553,PRICE,TRAIN,2024-01
CPFE3.SA,BEAR_CALM,0.0539612607894405,1,SIGNAL,8,31.0,32.709999084472656,29.524999618530273,PRICE,TEST,2024-01
CSAN3.SA,BEAR_CALM,-0.040330418196968386,0,MAX_DAYS,10,11.5,11.050000190734863,10.766071489879064,PRICE,TRAIN,2024-01
CSAN3.SA,BEAR_CALM,-0.0893493556035029,0,STOP_LOSS,6,11.0,10.030357088361468,10.030357088361468,PRICE,TRAIN,2024-01
CPLE6.SA,BEAR_CALM,0.016597536316534135,1,MAX_DAYS,10,8.989999771118164,9.149999618530273,8.465000867843628,PRICE,TEST,2024-01
CSNA3.SA,BEAR_CALM,0.10059775352836606,1,MAX_DAYS,10,10.128900527954102,11.15999984741211,9.102139118153893,PRICE,TRAIN,2024-01
CVCB3.SA,BEAR_CALM,-0.031050717942397797,0,MAX_DAYS,10,2.009999990463257,1.9500000476837158,1.6600000262260437,PRICE,TRAIN,2024-01
CYRE3.SA,BEAR_CALM,-0.011129970319508596,0,END_CLOSED,1,16.40305519104004,16.24017333984375,14.698966686511396,PRICE,TRAIN,2024-01
EGIE3.SA,BEAR_CALM,-0.03546389848660627,0,MAX_DAYS,10,26.70702362060547,25.79193687438965,25.45180241674356,PRICE,TRAIN,2024-01
EGIE3.SA,BEAR_CALM,-0.05316552365845142,0,STOP_LOSS,9,25.249658584594727,23.93754685404915,23.93754685404915,PRICE,TRAIN,2024-01
EGIE3.SA,BEAR_CALM,0.058471318297356946,1,MAX_DAYS,10,23.712675094604492,25.127641677856445,22.765185894598496,PRICE,TEST,2024-01
ECOR3.SA,BEAR_CALM,-0.029732630562064453,0,MAX_DAYS,10,6.844263553619385,6.6489787101745605,6.312876378068472,PRICE,TRAIN,2024-01
ECOR3.SA,BEAR_CALM,0.003307551485471995,1,MAX_DAYS,10,6.741971969604492,6.772361755371094,6.193978975466376,PRICE,TRAIN,2024-01
ELET3.SA,BEAR_CALM,-0.03579029920397316,0,MAX_DAYS,10,31.383691787719727,30.298120498657227,29.427694515362823,PRICE,TRAIN,2024-01
ELET3.SA,BEAR_CALM,0.013284354520099219,1,MAX_DAYS,10,30.716331481933594,31.161237716674805,28.89698288789899,PRICE,TRAIN,2024-01
ELET3.SA,BEAR_CALM,0.013966646052121813,1,END_CLOSED,6,30.671842575073242,31.13703155517578,28.312250645610987,PRICE,TRAIN,2024-01
ELET3.SA,BEAR_CALM,0.037548139802014636,1,MAX_DAYS,10,30.607892990112305,31.79389190673828,29.05697073134365,PRICE,TEST,2024-01
ELET6.SA,BEAR_CALM,-0.02378906592394505,0,MAX_DAYS,10,36.40746307373047,35.585052490234375,34.848847079792776,PRICE,TRAIN,2024-01
ELET6.SA,BEAR_CALM,0.02664797104597314,1,MAX_DAYS,10,34.9306526184082,35.90340042114258,32.78459653764774,PRICE,TRAIN,2024-01
ELET6.SA,BEAR_CALM,0.022115156264989812,1,END_CLOSED,6,34.27625274658203,35.075408935546875,31.66277070127936,PRICE,TRAIN,2024-01
ELET6.SA,BEAR_CALM,0.038199414715802106,1,MAX_DAYS,10,34.58413314819336,35.94672775268555,32.42899700529172,PRICE,TEST,2024-01
ENEV3.SA,BEAR_CALM,-0.07312457607262449,0,STOP_LOSS,8,11.520000457763672,10.69142930848258,10.69142930848258,PRICE,TRAIN,2024-01
ENGI11.SA,BEAR_CALM,-0.009834797588286003,0,MAX_DAYS,10,35.962371826171875,35.6518440246582,34.27035915479879,PRICE,TRAIN,2024-01
ENGI11.SA,BEAR_CALM,-0.008093146558639706,0,MAX_DAYS,10,35.3077507019043,35.064369201660156,33.236570891445275,PRICE,TRAIN,2024-01
ENGI11.SA,BEAR_CALM,-0.07101056092035876,0,STOP_LOSS,8,35.014007568359375,32.56966005994252,32.56966005994252,PRICE,TRAIN,2024-01
EQTL3.SA,BEAR_CALM,0.04191297175671536,1,MAX_DAYS,10,27.603904724121094,28.793991088867188,26.11241615512521,PRICE,TRAIN,2024-01
FLRY3.SA,BEAR_CALM,0.027721058405437572,1,MAX_DAYS,10,12.56169319152832,12.9249906539917,11.71484805368625,PRICE,TRAIN,2024-01
FLRY3.SA,BEAR_CALM,-0.050357210197139256,0,MAX_DAYS,10,12.420547485351562,11.809988021850586,11.69784334353083,PRICE,TRAIN,2024-01
FLRY3.SA,BEAR_CALM,-0.018031884130603658,0,MAX_DAYS,10,11.417484283447266,11.225306510925293,10.567059990967943,PRICE,TRAIN,2024-01
EZTC3.SA,BEAR_CALM,-0.05832655684204437,0,MAX_DAYS,10,14.765380859375,13.92188549041748,12.518196729835365,PRICE,TRAIN,2024-01
EZTC3.SA,BEAR_CALM,-0.034338544609895404,0,MAX_DAYS,10,13.112475395202637,12.677947044372559,11.767512014675695,PRICE,TRAIN,2024-01
GGBR4.SA,BEAR_CALM,-0.04511647847383684,0,STOP_LOSS,4,17.862808227539062,17.078336594532068,17.078336594532068,PRICE,TRAIN,2024-01
GGBR4.SA,BEAR_CALM,0.026158597265283003,1,MAX_DAYS,10,16.358165740966797,16.805702209472656,15.22727402764812,PRICE,TRAIN,2024-01
GGBR4.SA,BEAR_CALM,0.01262909689515155,1,MAX_DAYS,10,16.180696487426758,16.404460906982422,15.285075103268282,PRICE,TRAIN,2024-01
GOAU4.SA,BEAR_CALM,-0.034533411171329485,0,MAX_DAYS,10,9.393231391906738,9.080122947692871,8.840688888811947,PRICE,TRAIN,2024-01
GOAU4.SA,BEAR_CALM,0.006872536416021681,1,MAX_DAYS,10,9.12617015838623,9.199841499328613,8.696963096535123,PRICE,TRAIN,2024-01
HYPE3.SA,BEAR_CALM,0.038398286613625744,1,SIGNAL,3,32.13241195678711,33.40480041503906,30.26532148935223,PRICE,TRAIN,2024-01
HYPE3.SA,BEAR_CALM,-0.06494599068059695,0,STOP_LOSS,2,24.560211181640625,22.994596188542268,22.994596188542268,PRICE,TRAIN,2024-01
HYPE3.SA,BEAR_CALM,-0.14419338060092893,0,STOP_LOSS,4,24.806385040283203,21.2592361828848,21.2592361828848,PRICE,TRAIN,2024-01
HYPE3.SA,BEAR_CALM,-0.06406076917005946,0,STOP_LOSS,6,18.746807098388672,17.56836838470123,17.56836838470123,PRICE,TRAIN,2024-01
HAPV3.SA,BEAR_CALM,-0.09555875985635068,0,STOP_LOSS,6,52.79999923706055,47.817856788635254,47.817856788635254,PRICE,TRAIN,2024-01
IGTI11.SA,BEAR_CALM,0.04805368955705678,1,MAX_DAYS,10,19.416322708129883,20.372648239135742,18.110516661820593,PRICE,TRAIN,2024-01
IRBR3.SA,BEAR_CALM,0.04607647068740226,1,MAX_DAYS,10,38.91999816894531,40.7599983215332,35.24916426340739,PRICE,TRAIN,2024-01
IRBR3.SA,BEAR_CALM,-0.0053139578020849,0,MAX_DAYS,10,31.600000381469727,31.469999313354492,29.282143320356095,PRICE,TRAIN,2024-01
KLBN11.SA,BEAR_CALM,-0.022621057694460565,0,END_CLOSED,4,18.400375366210938,18.0062198638916,17.49051955057608,PRICE,TEST,2024-01
LWSA3.SA,BEAR_CALM,0.05143169628525155,1,SIGNAL,3,5.347099304199219,5.628526210784912,4.607142141926502,PRICE,TRAIN,2024-01
LWSA3.SA,BEAR_CALM,0.029855895497084985,1,END_CLOSED,1,3.179032564163208,3.2777602672576904,2.7576767098699233,PRICE,TRAIN,2024-01
LWSA3.SA,BEAR_CALM,0.026663726397711508,1,SIGNAL,1,3.1889054775238037,3.2777602672576904,2.880381647645779,PRICE,TEST,2024-01
MGLU3.SA,BEAR_CALM,0.1287999936982481,1,SIGNAL,7,18.160175323486328,20.520998001098633,16.003653808529144,PRICE,TRAIN,2024-01
MGLU3.SA,BEAR_CALM,-0.05864678938814274,0,MAX_DAYS,10,9.12548828125,8.601258277893066,8.187629044241907,PRICE,TRAIN,2024-01
MRVE3.SA,BEAR_CALM,-0.1566536056259719,0,STOP_LOSS,5,9.8100004196167,8.285000483194986,8.285000483194986,PRICE,TRAIN,2024-01
MRVE3.SA,BEAR_CALM,-0.10119999999999998,0,HARD_STOP,2,7.480000019073486,6.732000017166138,6.610357437814985,PRICE,TRAIN,2024-01
MRVE3.SA,BEAR_CALM,0.1328782204756543,1,MAX_DAYS,10,7.159999847412109,8.119999885559082,6.213571412222726,PRICE,TRAIN,2024-01
MRVE3.SA,BEAR_CALM,-0.13457397255899498,0,STOP_LOSS,8,6.440000057220459,5.581071666308811,5.581071666308811,PRICE,TRAIN,2024-01
MRVE3.SA,BEAR_CALM,-0.006818016657510938,0,END_CLOSED,2,5.340000152587891,5.309999942779541,4.504285727228437,PRICE,TRAIN,2024-01
MRVE3.SA,BEAR_CALM,0.0925500058207663,1,SIGNAL,2,5.119999885559082,5.599999904632568,4.644999742507935,PRICE,TEST,2024-01
PCAR3.SA,BEAR_CALM,-0.11124984770253724,0,STOP_LOSS,4,2.5799999237060547,2.296071325029646,2.296071325029646,PRICE,TRAIN,2024-01
PCAR3.SA,BEAR_CALM,0.056651182674339086,1,MAX_DAYS,10,2.4200000762939453,2.559999942779541,2.08785719530923,PRICE,TRAIN,2024-01
PRIO3.SA,BEAR_CALM,-0.031961806309092976,0,MAX_DAYS,10,41.61000061035156,40.33000183105469,39.0903583254133,PRICE,TRAIN,2024-01
PRIO3.SA,BEAR_CALM,-0.013183317952642847,0,MAX_DAYS,10,40.88999938964844,40.400001525878906,37.84714140210833,PRICE,TRAIN,2024-01
PRIO3.SA,BEAR_CALM,5.478177346183283e-05,1,MAX_DAYS,10,39.849998474121094,39.900001525878906,37.089283670697895,PRICE,TRAIN,2024-01
PRIO3.SA,BEAR_CALM,0.010644788737106482,1,END_CLOSED,5,39.68000030517578,40.150001525878906,36.831786564418245,PRICE,TRAIN,2024-01
PRIO3.SA,BEAR_CALM,0.00766264450561014,1,SIGNAL,1,40.619998931884766,40.97999954223633,38.05749988555908,PRICE,TEST,2024-01
RADL3.SA,BEAR_CALM,0.03655107955889534,1,MAX_DAYS,10,24.011493682861328,24.917953491210938,22.602901633890394,PRICE,TRAIN,2024-01
RADL3.SA,BEAR_CALM,0.011630869246555077,1,MAX_DAYS,10,24.301067352294922,24.612871170043945,22.77784109003628,PRICE,TRAIN,2024-01
RADL3.SA,BEAR_CALM,0.0505096879391461,1,MAX_DAYS,10,23.365659713745117,24.573890686035156,21.83448934873202,PRICE,TRAIN,2024-01
RADL3.SA,BEAR_CALM,-0.01660576377079761,0,MAX_DAYS,10,23.42412567138672,23.06325912475586,21.57801939528003,PRICE,TRAIN,2024-01
RAIL3.SA,BEAR_CALM,0.03544910719039671,1,MAX_DAYS,10,18.30537223815918,18.976247787475586,17.369224585187247,PRICE,TRAIN,2024-01
RAIZ4.SA,BEAR_CALM,-0.08351553207998522,0,STOP_LOSS,4,2.690000057220459,2.468571271215166,2.468571271215166,PRICE,TRAIN,2024-01
RAIZ4.SA,BEAR_CALM,-0.10178307938511369,0,STOP_LOSS,7,2.450000047683716,2.2035714983940125,2.2035714983940125,PRICE,TRAIN,2024-01
RDOR3.SA,BEAR_CALM,0.0333925321352909,1,SIGNAL,1,24.715476989746094,25.57044792175293,23.020281236146356,PRICE,TEST,2024-01
RECV3.SA,BEAR_CALM,-0.04534269548059302,0,MAX_DAYS,10,15.434775352478027,14.753442764282227,14.353816842402532,PRICE,TRAIN,2024-01
RECV3.SA,BEAR_CALM,0.0052440776883827325,1,MAX_DAYS,10,14.910675048828125,15.006760597229004,13.985698263090148,PRICE,TRAIN,2024-01
RECV3.SA,BEAR_CALM,-0.0018297321722247283,0,MAX_DAYS,10,14.932107925415039,14.922704696655273,13.81213186206541,PRICE,TRAIN,2024-01
RECV3.SA,BEAR_CALM,0.0603585189664265,1,END_CLOSED,3,14.358519554138184,15.242408752441406,13.053840250825793,PRICE,TRAIN,2024-01
RECV3.SA,BEAR_CALM,0.01462475819676632,1,MAX_DAYS,10,15.449277877807617,15.693758964538574,14.591248268455171,PRICE,TEST,2024-01
RENT3.SA,BEAR_CALM,-0.008031418877303874,0,MAX_DAYS,10,29.57479476928711,29.372756958007812,26.674075334357823,PRICE,TEST,2024-01
SANB11.SA,BEAR_CALM,-0.06541501060047619,0,STOP_LOSS,7,23.567623138427734,22.05422796876557,22.05422796876557,PRICE,TRAIN,2024-01
SLCE3.SA,BEAR_CALM,0.07187474153116832,1,MAX_DAYS,10,16.544647216796875,17.753643035888672,15.451902338306725,PRICE,TRAIN,2024-01
SLCE3.SA,BEAR_CALM,0.01217986000230762,1,MAX_DAYS,10,16.713281631469727,16.93690299987793,16.037902570100876,PRICE,TRAIN,2024-01
SLCE3.SA,BEAR_CALM,0.057103793437856966,1,MAX_DAYS,10,16.509105682373047,17.471649169921875,15.40488714121802,PRICE,TRAIN,2024-01
SMFT3.SA,BEAR_CALM,-0.033411714095729315,0,MAX_DAYS,10,19.453624725341797,18.826990127563477,17.66491852923126,PRICE,TRAIN,2024-01
SMFT3.SA,BEAR_CALM,-0.007061656093769651,0,END_CLOSED,2,16.344223022460938,16.2484188079834,14.425613854846459,PRICE,TRAIN,2024-01
SUZB3.SA,BEAR_CALM,0.0029109310102509514,1,MAX_DAYS,10,47.11336898803711,47.30704879760742,43.53888230010767,PRICE,TRAIN,2024-01
SUZB3.SA,BEAR_CALM,-0.0013871994301023693,0,END_CLOSED,5,53.40999984741211,53.400001525878906,50.604643549237935,PRICE,TEST,2024-01
TIMS3.SA,BEAR_CALM,-0.015991044265714315,0,MAX_DAYS,10,14.027436256408691,13.819955825805664,13.13018243275263,PRICE,TRAIN,2024-01
TIMS3.SA,BEAR_CALM,-0.035532157757072545,0,END_CLOSED,9,13.774852752685547,13.301932334899902,12.772892752652385,PRICE,TRAIN,2024-01
UGPA3.SA,BEAR_CALM,0.06757312372700083,1,MAX_DAYS,10,19.415300369262695,20.750551223754883,18.10872489640412,PRICE,TRAIN,2024-01
UGPA3.SA,BEAR_CALM,0.04112289067820205,1,MAX_DAYS,10,18.52768898010254,19.31183433532715,17.404225357171896,PRICE,TRAIN,2024-01
UGPA3.SA,BEAR_CALM,-0.09701202298412029,0,STOP_LOSS,8,17.588539123535156,15.903345608773908,15.903345608773908,PRICE,TRAIN,2024-01
VALE3.SA,BEAR_CALM,-0.02465151029988457,0,END_CLOSED,9,51.93916702270508,50.72111511230469,48.8694363562797,PRICE,TRAIN,2024-01
USIM5.SA,BEAR_CALM,0.00565873676220905,1,MAX_DAYS,10,7.289999961853027,7.340000152587891,6.798928703580584,PRICE,TRAIN,2024-01
VBBR3.SA,BEAR_CALM,-0.001691018687942657,0,MAX_DAYS,10,17.355823516845703,17.347301483154297,16.03452893359452,PRICE,TRAIN,2024-01
WEGE3.SA,BEAR_CALM,-0.059725286958034605,0,STOP_LOSS,7,33.59434127807617,31.628222814610616,31.628222814610616,PRICE,TRAIN,2024-01
WEGE3.SA,BEAR_CALM,0.10012313468172138,1,MAX_DAYS,10,31.769906997680664,34.98893356323242,30.08978110514163,PRICE,TRAIN,2024-01
YDUQ3.SA,BEAR_CALM,0.16499456587860747,1,MAX_DAYS,10,10.176077842712402,11.867286682128906,9.064162918285547,PRICE,TRAIN,2024-01
YDUQ3.SA,BEAR_CALM,0.13188456260549972,1,SIGNAL,2,7.725747585296631,8.753925323486328,6.608684831016713,PRICE,TEST,2024-01
ABEV3.SA,BEAR_CALM,0.013469788426794561,1,SIGNAL,1,11.184284210205078,11.348355293273926,10.705740086650044,PRICE,TRAIN,2024-04
ABEV3.SA,BEAR_CALM,0.012663317397495578,1,MAX_DAYS,10,10.406183242797852,10.550447463989258,9.817108843892099,PRICE,TRAIN,2024-04
ALOS3.SA,BEAR_CALM,-0.0608541588127284,0,STOP_LOSS,7,20.20631980895996,19.000928798055483,19.000928798055483,PRICE,TRAIN,2024-04
ALOS3.SA,BEAR_CALM,0.07885276513594483,1,MAX_DAYS,10,17.108076095581055,18.477624893188477,16.025631971506808,PRICE,TRAIN,2024-04
ALOS3.SA,BEAR_CALM,0.08116615266033941,1,MAX_DAYS,10,17.411083221435547,18.84516716003418,16.33111301660194,PRICE,TRAIN,2024-04
AURE3.SA,BEAR_CALM,-0.03257064971978665,0,STOP_LOSS,4,11.026216506958008,10.680316931183699,10.680316931183699,PRICE,TRAIN,2024-04
AURE3.SA,BEAR_CALM,-0.007982907875920618,0,MAX_DAYS,10,10.251399993896484,10.181865692138672,9.862927945768025,PRICE,TRAIN,2024-04
AURE3.SA,BEAR_CALM,0.07392308107034426,1,MAX_DAYS,10,8.066024780273438,8.671969413757324,7.526776166947771,PRICE,TRAIN,2024-04
AURE3.SA,BEAR_CALM,-0.0038882213001325758,0,END_CLOSED,1,7.390544891357422,7.370677471160889,6.899189898473989,PRICE,TRAIN,2024-04
B3SA3.SA,BEAR_CALM,0.0184080719560785,1,SIGNAL,2,11.27761459350586,11.498746871948242,10.544520748280437,PRICE,TRAIN,2024-04
AZUL4.SA,BEAR_CALM,0.08689520818028504,1,SIGNAL,5,12.600000381469727,13.710000038146973,11.075000047683716,PRICE,TRAIN,2024-04
AZUL4.SA,BEAR_CALM,-0.0635053100644726,0,MAX_DAYS,10,3.2100000381469727,3.009999990463257,2.7850000460942588,PRICE,TEST,2024-04
AZUL4.SA,BEAR_CALM,-0.031503061318608826,0,MAX_DAYS,10,0.9900000095367432,0.9599999785423279,0.7596428202731269,PRICE,TEST,2024-04
AZUL4.SA,BEAR_CALM,-0.02203331393077925,0,END_CLOSED,3,0.9599999785423279,0.9399999976158142,0.8296428322792053,PRICE,TEST,2024-04
BBAS3.SA,BEAR_CALM,-0.031843650961030166,0,STOP_LOSS,4,24.160629272460938,23.420259382036797,23.420259382036797,PRICE,TRAIN,2024-04
BBAS3.SA,BEAR_CALM,-0.009348501394800278,0,END_CLOSED,1,21.973888397216797,21.79483413696289,20.853024637628803,PRICE,TEST,2024-04
BBDC3.SA,BEAR_CALM,-0.005816524190214299,0,MAX_DAYS,10,9.831274032592773,9.785887718200684,9.50775602124099,PRICE,TRAIN,2024-04
BBDC3.SA,BEAR_CALM,-0.002795828512188868,0,MAX_DAYS,10,9.633384704589844,9.618011474609375,8.913507119363928,PRICE,TRAIN,2024-04
BBDC3.SA,BEAR_CALM,0.1067069556542187,1,MAX_DAYS,10,10.263737678527832,11.37126636505127,9.337615164806005,PRICE,TEST,2024-04
BBDC4.SA,BEAR_CALM,0.0129375390363776,1,MAX_DAYS,10,10.920999526977539,11.075395584106445,10.485402767993266,PRICE,TRAIN,2024-04
BBDC4.SA,BEAR_CALM,-0.041690449073955936,0,MAX_DAYS,10,11.4774808883667,11.012752532958984,10.755350939989789,PRICE,TRAIN,2024-04
BBDC4.SA,BEAR_CALM,0.029463000450035894,1,MAX_DAYS,10,10.646392822265625,10.972843170166016,9.824067398372605,PRICE,TRAIN,2024-04
BEEF3.SA,BEAR_CALM,-0.06160436777179081,0,STOP_LOSS,7,6.760000228881836,6.351666688919067,6.351666688919067,PRICE,TRAIN,2024-04
BEEF3.SA,BEAR_CALM,0.002041487954490641,1,MAX_DAYS,10,6.170000076293945,6.190000057220459,5.7646428516932895,PRICE,TRAIN,2024-04
BEEF3.SA,BEAR_CALM,-0.10119999999999998,0,HARD_STOP,3,4.96999979019165,4.472999811172485,4.409285528319223,PRICE,TRAIN,2024-04
BEEF3.SA,BEAR_CALM,-0.08316723073504642,0,MAX_DAYS,10,4.880000114440918,4.480000019073486,4.258571454456875,PRICE,TRAIN,2024-04
BEEF3.SA,BEAR_CALM,-0.04725264052239599,0,MAX_DAYS,10,4.559999942779541,4.349999904632568,4.088571395192828,PRICE,TRAIN,2024-04
BEEF3.SA,BEAR_CALM,0.2252402109871857,1,PROFIT_TARGET,10,4.289999961853027,5.2614284583500455,3.8042857136045183,PRICE,TRAIN,2024-04
BEEF3.SA,BEAR_CALM,0.017092713656964832,1,END_CLOSED,8,4.920000076293945,5.010000228881836,4.448571528707232,PRICE,TEST,2024-04
BRAP4.SA,BEAR_CALM,0.036508070877709554,1,MAX_DAYS,10,16.455934524536133,17.07645606994629,15.670207157894277,PRICE,TRAIN,2024-04
BRAP4.SA,BEAR_CALM,0.012893138872702138,1,MAX_DAYS,10,14.809449195861816,15.018160820007324,13.939277279782454,PRICE,TRAIN,2024-04
CMIN3.SA,BEAR_CALM,0.004897467889512709,1,END_CLOSED,6,4.778954029083252,4.808093547821045,4.510103254252656,PRICE,TEST,2024-04
BRKM5.SA,BEAR_CALM,0.004383690291518284,1,MAX_DAYS,10,19.700000762939453,19.809999465942383,17.230358260018484,PRICE,TRAIN,2024-04
BRKM5.SA,BEAR_CALM,-0.10215430659398497,0,MAX_DAYS,10,19.90999984741211,17.899999618530273,17.720714773450577,PRICE,TRAIN,2024-04
BRKM5.SA,BEAR_CALM,0.0169509709248866,1,MAX_DAYS,10,17.6299991607666,17.950000762939453,16.03535693032401,PRICE,TRAIN,2024-04
BRKM5.SA,BEAR_CALM,-0.10066485603281397,0,STOP_LOSS,8,15.350000381469727,13.8232148034232,13.8232148034232,PRICE,TRAIN,2024-04
BRKM5.SA,BEAR_CALM,-0.0900889528035678,0,MAX_DAYS,10,12.600000381469727,11.479999542236328,10.83750023160662,PRICE,TRAIN,2024-04
BRKM5.SA,BEAR_CALM,0.1985143064226423,1,PROFIT_TARGET,8,12.5,14.99642883028303,11.251785584858485,PRICE,TRAIN,2024-04
BRKM5.SA,BEAR_CALM,-0.03172209801305594,0,MAX_DAYS,10,12.449999809265137,12.069999694824219,10.75357174873352,PRICE,TRAIN,2024-04
BRKM5.SA,BEAR_CALM,-0.10119999999999987,0,HARD_STOP,2,11.8100004196167,10.62900037765503,10.372500726154872,PRICE,TRAIN,2024-04
BRKM5.SA,BEAR_CALM,-0.003079742210367796,0,END_CLOSED,6,10.640000343322754,10.619999885559082,9.477500472749982,PRICE,TRAIN,2024-04
BRKM5.SA,BEAR_CALM,-0.09219608545908778,0,STOP_LOSS,2,10.4399995803833,9.490000486373901,9.490000486373901,PRICE,TEST,2024-04
CSAN3.SA,BEAR_CALM,-0.08663690995406628,0,MAX_DAYS,10,14.924750328063965,13.649625778198242,13.560271725379604,PRICE,TRAIN,2024-04
CSAN3.SA,BEAR_CALM,-0.08216070390184274,0,STOP_LOSS,3,8.579999923706055,7.885357090405056,7.885357090405056,PRICE,TRAIN,2024-04
CSAN3.SA,BEAR_CALM,-0.01023228021437119,0,MAX_DAYS,10,7.75,7.679999828338623,6.851785676819937,PRICE,TRAIN,2024-04
CSAN3.SA,BEAR_CALM,0.0015700805412327335,1,MAX_DAYS,10,7.21999979019165,7.239999771118164,6.434285146849496,PRICE,TRAIN,2024-04
CSAN3.SA,BEAR_CALM,0.08342621886031484,1,MAX_DAYS,10,7.090000152587891,7.690000057220459,6.227500081062317,PRICE,TRAIN,2024-04
CSNA3.SA,BEAR_CALM,-0.018245415332246905,0,MAX_DAYS,10,12.712848663330078,12.496152877807617,11.574548619952296,PRICE,TRAIN,2024-04
CSNA3.SA,BEAR_CALM,-0.0341920322083701,0,MAX_DAYS,10,8.789999961853027,8.5,7.829285655702863,PRICE,TRAIN,2024-04
CSNA3.SA,BEAR_CALM,0.19514400506461146,1,PROFIT_TARGET,3,8.4399995803833,10.097142900739398,7.611427920205252,PRICE,TRAIN,2024-04
CYRE3.SA,BEAR_CALM,0.014579408254675609,1,MAX_DAYS,10,19.87403678894043,20.187637329101562,17.705537644763893,PRICE,TRAIN,2024-04
CYRE3.SA,BEAR_CALM,0.14729085962053876,1,PROFIT_TARGET,10,17.006671905517578,19.53200723605235,15.744004240250192,PRICE,TRAIN,2024-04
ECOR3.SA,BEAR_CALM,0.013027556692130383,1,MAX_DAYS,10,4.69957971572876,4.766443252563477,4.240742903157346,PRICE,TRAIN,2024-04
ECOR3.SA,BEAR_CALM,0.08575651724546005,1,MAX_DAYS,10,4.613611698150635,5.014795303344727,4.064372092262497,PRICE,TRAIN,2024-04
EGIE3.SA,BEAR_CALM,-0.03546389848660627,0,MAX_DAYS,10,26.70702362060547,25.79193687438965,25.45180241674356,PRICE,TRAIN,2024-04
EGIE3.SA,BEAR_CALM,0.03462509448121396,1,MAX_DAYS,10,24.232181549072266,25.10030174255371,23.11529425270483,PRICE,TRAIN,2024-04
EGIE3.SA,BEAR_CALM,0.011265381883333793,1,MAX_DAYS,10,24.676494598388672,24.98409652709961,23.41557204812058,PRICE,TRAIN,2024-04
ELET3.SA,BEAR_CALM,-0.03579029920397316,0,MAX_DAYS,10,31.383691787719727,30.298120498657227,29.427694515362823,PRICE,TRAIN,2024-04
ELET6.SA,BEAR_CALM,-0.02378906592394505,0,MAX_DAYS,10,36.40746307373047,35.585052490234375,34.848847079792776,PRICE,TRAIN,2024-04
ENEV3.SA,BEAR_CALM,-0.07312457607262449,0,STOP_LOSS,8,11.520000457763672,10.69142930848258,10.69142930848258,PRICE,TRAIN,2024-04
ENGI11.SA,BEAR_CALM,-0.05150243300075643,0,STOP_LOSS,7,36.07986831665039,34.26496315797597,34.26496315797597,PRICE,TRAIN,2024-04
ENGI11.SA,BEAR_CALM,0.010929951462771516,1,MAX_DAYS,10,34.59437942504883,35.014007568359375,32.36733848774216,PRICE,TRAIN,2024-04
ENGI11.SA,BEAR_CALM,0.03007525443232626,1,MAX_DAYS,10,31.128225326538086,32.101768493652344,29.19342595714228,PRICE,TRAIN,2024-04
EQTL3.SA,BEAR_CALM,0.04191297175671536,1,MAX_DAYS,10,27.603904724121094,28.793991088867188,26.11241615512521,PRICE,TRAIN,2024-04
EQTL3.SA,BEAR_CALM,0.07139777071327633,1,MAX_DAYS,10,26.528671264648438,28.454593658447266,24.85231180534599,PRICE,TRAIN,2024-04
FLRY3.SA,BEAR_CALM,-0.03232383623313375,0,STOP_LOSS,9,12.685956001281738,12.291120384237106,12.291120384237106,PRICE,TRAIN,2024-04
FLRY3.SA,BEAR_CALM,0.030138895328446137,1,MAX_DAYS,10,11.985923767089844,12.361549377441406,11.418570744448155,PRICE,TRAIN,2024-04
FLRY3.SA,BEAR_CALM,-0.050357210197139256,0,MAX_DAYS,10,12.420547485351562,11.809988021850586,11.69784334353083,PRICE,TRAIN,2024-04
FLRY3.SA,BEAR_CALM,0.0022964236143462116,1,MAX_DAYS,10,10.143563270568848,10.17902946472168,9.488056867260875,PRICE,TRAIN,2024-04
FLRY3.SA,BEAR_CALM,0.0030772234813386326,1,MAX_DAYS,10,10.36523151397705,10.409565925598145,9.64005783040732,PRICE,TRAIN,2024-04
FLRY3.SA,BEAR_CALM,-0.04496599300368822,0,MAX_DAYS,10,10.356365203857422,9.903108596801758,9.50927352635622,PRICE,TRAIN,2024-04
FLRY3.SA,BEAR_CALM,0.09358248434633984,1,MAX_DAYS,10,10.623671531677246,11.630609512329102,9.849991363913897,PRICE,TEST,2024-04
EZTC3.SA,BEAR_CALM,-0.05973351779774896,0,STOP_LOSS,2,13.901887893676758,13.088161491229918,13.088161491229918,PRICE,TRAIN,2024-04
EZTC3.SA,BEAR_CALM,-0.09530202176406735,0,STOP_LOSS,7,12.925415992736816,11.709108215678672,11.709108215678672,PRICE,TRAIN,2024-04
EZTC3.SA,BEAR_CALM,0.055138079822059406,1,MAX_DAYS,10,10.401735305786133,10.987749099731445,9.558033262545399,PRICE,TRAIN,2024-04
GGBR4.SA,BEAR_CALM,0.031168458954544988,1,MAX_DAYS,10,15.84521198272705,16.358097076416016,14.574261401597086,PRICE,TRAIN,2024-04
GGBR4.SA,BEAR_CALM,0.025376068137222242,1,END_CLOSED,1,15.69833755493164,16.115537643432617,14.745432984374336,PRICE,TRAIN,2024-04
GGBR4.SA,BEAR_CALM,-0.08442859110058812,0,STOP_LOSS,2,15.446078300476074,14.160522965498084,14.160522965498084,PRICE,TEST,2024-04
GOAU4.SA,BEAR_CALM,0.010234544720225537,1,MAX_DAYS,10,9.232702255249023,9.338274002075195,8.593445737387093,PRICE,TRAIN,2024-04
GOAU4.SA,BEAR_CALM,-0.07367465164987799,0,STOP_LOSS,3,9.175119400024414,8.510155817661607,8.510155817661607,PRICE,TRAIN,2024-04
GOAU4.SA,BEAR_CALM,0.06502506876378775,1,MAX_DAYS,10,8.742919921875,9.321920394897461,8.155787212737815,PRICE,TRAIN,2024-04
GOAU4.SA,BEAR_CALM,0.031202273376493707,1,END_CLOSED,1,8.63676929473877,8.916620254516602,8.14220576132369,PRICE,TRAIN,2024-04
GOAU4.SA,BEAR_CALM,-0.07923640522808542,0,STOP_LOSS,2,8.501669883728027,7.838230127566018,7.838230127566018,PRICE,TEST,2024-04
HAPV3.SA,BEAR_CALM,0.02964831678031441,1,SIGNAL,2,58.349998474121094,60.14999771118164,49.72499656677246,PRICE,TRAIN,2024-04
HAPV3.SA,BEAR_CALM,0.023799971742983185,1,MAX_DAYS,10,54.0,55.349998474121094,47.187500635782875,PRICE,TRAIN,2024-04
HAPV3.SA,BEAR_CALM,-0.09555875985635068,0,STOP_LOSS,6,52.79999923706055,47.817856788635254,47.817856788635254,PRICE,TRAIN,2024-04
HAPV3.SA,BEAR_CALM,-0.058813230311740815,0,MAX_DAYS,10,36.45000076293945,34.349998474121094,32.0303579057966,PRICE,TRAIN,2024-04
HAPV3.SA,BEAR_CALM,-0.05426124525005318,0,MAX_DAYS,10,36.75,34.79999923706055,32.16964258466448,PRICE,TRAIN,2024-04
HAPV3.SA,BEAR_CALM,-0.10119999999999998,0,HARD_STOP,5,33.45000076293945,30.105000686645507,28.735714776175364,PRICE,TRAIN,2024-04
HAPV3.SA,BEAR_CALM,0.0861786048195182,1,MAX_DAYS,10,30.899999618530273,33.599998474121094,25.837499380111694,PRICE,TEST,2024-04
HYPE3.SA,BEAR_CALM,-0.05705946078200621,0,STOP_LOSS,7,29.67759132385254,28.01981707519339,28.01981707519339,PRICE,TRAIN,2024-04
HYPE3.SA,BEAR_CALM,-0.06406076917005946,0,STOP_LOSS,6,18.746807098388672,17.56836838470123,17.56836838470123,PRICE,TRAIN,2024-04
HYPE3.SA,BEAR_CALM,-0.017504299821338963,0,MAX_DAYS,10,17.70687484741211,17.418176651000977,16.337244083719284,PRICE,TRAIN,2024-04
HYPE3.SA,BEAR_CALM,0.05043051615651071,1,MAX_DAYS,10,17.70687484741211,18.621089935302734,16.534894732044293,PRICE,TRAIN,2024-04
HYPE3.SA,BEAR_CALM,0.20840233398561034,1,PROFIT_TARGET,10,18.920841217041016,22.88669369710395,16.937914977009548,PRICE,TEST,2024-04
IGTI11.SA,BEAR_CALM,-6.750818482217252e-05,0,MAX_DAYS,10,17.059314727783203,17.07863426208496,16.055378659595394,PRICE,TRAIN,2024-04
IRBR3.SA,BEAR_CALM,0.10889165872229753,1,SIGNAL,3,38.150001525878906,42.349998474121094,34.82500171661377,PRICE,TRAIN,2024-04
IRBR3.SA,BEAR_CALM,-0.0053139578020849,0,MAX_DAYS,10,31.600000381469727,31.469999313354492,29.282143320356095,PRICE,TRAIN,2024-04
LREN3.SA,BEAR_CALM,0.06398149373087056,1,MAX_DAYS,10,11.824997901916504,12.595768928527832,10.209061273843666,PRICE,TEST,2024-04
KLBN11.SA,BEAR_CALM,-0.021085014260312306,0,END_CLOSED,5,18.371538162231445,18.0062198638916,17.439365268239527,PRICE,TRAIN,2024-04
KLBN11.SA,BEAR_CALM,-0.035719962160287964,0,MAX_DAYS,10,17.823562622070312,17.208293914794922,16.982372783285655,PRICE,TEST,2024-04
LWSA3.SA,BEAR_CALM,-0.09971311216043025,0,MAX_DAYS,10,5.220942974090576,4.706611633300781,4.662942468187024,PRICE,TRAIN,2024-04
LWSA3.SA,BEAR_CALM,-0.10119999999999998,0,HARD_STOP,3,3.3073785305023193,2.9766406774520875,2.9671203942922677,PRICE,TRAIN,2024-04
LWSA3.SA,BEAR_CALM,0.00823394507005979,1,MAX_DAYS,10,3.1395416259765625,3.1691598892211914,2.795757457328911,PRICE,TRAIN,2024-04
LWSA3.SA,BEAR_CALM,-0.03623188681239089,0,MAX_DAYS,10,3.100050449371338,2.9914498329162598,2.722769465652882,PRICE,TRAIN,2024-04
LWSA3.SA,BEAR_CALM,-0.10119999999999987,0,HARD_STOP,7,2.9519588947296143,2.656763005256653,2.571151849026245,PRICE,TRAIN,2024-04
LWSA3.SA,BEAR_CALM,0.02144155998459194,1,END_CLOSED,8,2.6162846088409424,2.6755213737487793,2.2601594374254543,PRICE,TRAIN,2024-04
LWSA3.SA,BEAR_CALM,0.1499628026699172,1,SIGNAL,4,2.547175168991089,2.932213306427002,2.226310285134741,PRICE,TEST,2024-04
MGLU3.SA,BEAR_CALM,-0.09459067130596158,0,STOP_LOSS,9,16.891860961914062,15.314318727073942,15.314318727073942,PRICE,TRAIN,2024-04
MGLU3.SA,BEAR_CALM,-0.05864678938814274,0,MAX_DAYS,10,9.12548828125,8.601258277893066,8.187629044241907,PRICE,TRAIN,2024-04
MGLU3.SA,BEAR_CALM,0.22982315741558543,1,MAX_DAYS,10,5.88302755355835,7.242143154144287,5.012777792952489,PRICE,TRAIN,2024-04
MRVE3.SA,BEAR_CALM,-0.08148042166121786,0,STOP_LOSS,7,7.369999885559082,6.7783331871032715,6.7783331871032715,PRICE,TRAIN,2024-04
MRVE3.SA,BEAR_CALM,0.072122976320906,1,MAX_DAYS,10,6.409999847412109,6.880000114440918,5.716817985881459,PRICE,TRAIN,2024-04
MRVE3.SA,BEAR_CALM,-0.013881190562183197,0,MAX_DAYS,10,5.519999980926514,5.449999809265137,4.887857045446124,PRICE,TRAIN,2024-04
MRVE3.SA,BEAR_CALM,-0.10119999999999998,0,HARD_STOP,3,5.099999904632568,4.5899999141693115,4.4410713229860574,PRICE,TRAIN,2024-04
MRVE3.SA,BEAR_CALM,0.20721693114088877,1,MAX_DAYS,10,4.989999771118164,6.03000020980835,4.239999691645305,PRICE,TEST,2024-04
MULT3.SA,BEAR_CALM,0.024962213829428627,1,SIGNAL,5,23.442655563354492,24.055967330932617,22.305336449568735,PRICE,TRAIN,2024-04
MULT3.SA,BEAR_CALM,0.02940734076912297,1,MAX_DAYS,10,20.33930015563965,20.96183204650879,19.107749617813386,PRICE,TRAIN,2024-04
PETR3.SA,BEAR_CALM,0.05767818342613649,1,MAX_DAYS,10,30.735403060913086,32.545047760009766,28.576041967069393,PRICE,TEST,2024-04
PETR4.SA,BEAR_CALM,0.06380836249961272,1,MAX_DAYS,10,28.618783950805664,30.479244232177734,26.61069983069022,PRICE,TEST,2024-04
PRIO3.SA,BEAR_CALM,-0.06401451670084393,0,STOP_LOSS,9,38.88999938964844,36.44714287349156,36.44714287349156,PRICE,TRAIN,2024-04
PRIO3.SA,BEAR_CALM,0.05129137449452457,1,MAX_DAYS,10,37.529998779296875,39.5,34.397856439862935,PRICE,TRAIN,2024-04
RADL3.SA,BEAR_CALM,-0.06003661314694544,0,MAX_DAYS,10,25.554399490356445,24.050865173339844,23.706124826335262,PRICE,TRAIN,2024-04
RADL3.SA,BEAR_CALM,0.011630869246555077,1,MAX_DAYS,10,24.301067352294922,24.612871170043945,22.77784109003628,PRICE,TRAIN,2024-04
RADL3.SA,BEAR_CALM,-0.04409036984384098,0,MAX_DAYS,10,20.962154388427734,20.063079833984375,19.075699955348192,PRICE,TRAIN,2024-04
RADL3.SA,BEAR_CALM,-0.04404993411061189,0,MAX_DAYS,10,19.61353874206543,18.773099899291992,17.89461502135232,PRICE,TRAIN,2024-04
RADL3.SA,BEAR_CALM,0.06156142791609152,1,MAX_DAYS,10,14.10545825958252,14.990736961364746,12.691469544930303,PRICE,TEST,2024-04
RAIL3.SA,BEAR_CALM,0.03544910719039671,1,MAX_DAYS,10,18.30537223815918,18.976247787475586,17.369224585187247,PRICE,TRAIN,2024-04
RAIL3.SA,BEAR_CALM,0.1233531215342197,1,MAX_DAYS,10,16.081892013549805,18.084941864013672,14.885608193996392,PRICE,TRAIN,2024-04
RAIL3.SA,BEAR_CALM,0.033282821724797663,1,MAX_DAYS,10,16.676097869873047,17.251136779785156,15.288134520432656,PRICE,TRAIN,2024-04
RAIL3.SA,BEAR_CALM,-0.047452886468710063,0,END_CLOSED,6,16.36941146850586,15.612278938293457,15.128630670633223,PRICE,TRAIN,2024-04
RECV3.SA,BEAR_CALM,-0.04534269548059302,0,MAX_DAYS,10,15.434775352478027,14.753442764282227,14.353816842402532,PRICE,TRAIN,2024-04
RECV3.SA,BEAR_CALM,0.09434895950165453,1,MAX_DAYS,10,14.718503952026367,16.124841690063477,13.840321732544927,PRICE,TRAIN,2024-04
RECV3.SA,BEAR_CALM,0.04821475978994836,1,MAX_DAYS,10,14.461953163146973,15.176587104797363,13.471270675463836,PRICE,TRAIN,2024-04
RECV3.SA,BEAR_CALM,-0.10119999999999998,0,HARD_STOP,2,14.76285171508789,13.286566543579102,12.329800897239709,PRICE,TEST,2024-04
RAIZ4.SA,BEAR_CALM,-0.09476287665585817,0,STOP_LOSS,9,3.3399999141693115,3.0274999141693115,3.0274999141693115,PRICE,TRAIN,2024-04
RAIZ4.SA,BEAR_CALM,-0.11210222969326858,0,STOP_LOSS,2,1.899999976158142,1.689285742385047,1.689285742385047,PRICE,TRAIN,2024-04
RAIZ4.SA,BEAR_CALM,-0.10119999999999998,0,HARD_STOP,6,1.850000023841858,1.6650000214576721,1.5999999855245863,PRICE,TRAIN,2024-04
RAIZ4.SA,BEAR_CALM,0.021788483697581552,1,MAX_DAYS,10,1.7400000095367432,1.7799999713897705,1.5328571583543504,PRICE,TRAIN,2024-04
RAIZ4.SA,BEAR_CALM,0.009728951069668847,1,MAX_DAYS,10,1.8300000429153442,1.850000023841858,1.6389286262648446,PRICE,TRAIN,2024-04
RAIZ4.SA,BEAR_CALM,-0.09630860322413184,0,STOP_LOSS,2,1.840000033378601,1.6650002002716064,1.6650002002716064,PRICE,TEST,2024-04
RAIZ4.SA,BEAR_CALM,0.09347453325685126,1,MAX_DAYS,10,1.690000057220459,1.850000023841858,1.4700000882148743,PRICE,TEST,2024-04
RDOR3.SA,BEAR_CALM,0.01832964445565142,1,SIGNAL,1,24.20501708984375,24.677732467651367,23.155874763925066,PRICE,TRAIN,2024-04
RDOR3.SA,BEAR_CALM,0.10471247693786098,1,MAX_DAYS,10,22.68074607849121,25.08292007446289,20.82163646727119,PRICE,TRAIN,2024-04
RENT3.SA,BEAR_CALM,0.028886675887141645,1,SIGNAL,1,48.30873489379883,49.762184143066406,44.67351053063575,PRICE,TRAIN,2024-04
RENT3.SA,BEAR_CALM,-0.026708448938356798,0,MAX_DAYS,10,29.796077728271484,29.036026000976562,27.114236157653263,PRICE,TRAIN,2024-04
RENT3.SA,BEAR_CALM,-0.06184432228587857,0,MAX_DAYS,10,30.459922790527344,28.612701416015625,27.51007249075623,PRICE,TRAIN,2024-04
RENT3.SA,BEAR_CALM,-0.11034267796636246,0,STOP_LOSS,6,30.411819458007812,27.09259204053131,27.09259204053131,PRICE,TRAIN,2024-04
RENT3.SA,BEAR_CALM,0.10183463084874575,1,MAX_DAYS,10,27.265769958496094,30.075088500976562,23.795355627328107,PRICE,TRAIN,2024-04
SANB11.SA,BEAR_CALM,0.09688512456271034,1,PROFIT_TARGET,10,23.894315719604492,26.237992653302626,22.722477252755425,PRICE,TRAIN,2024-04
SLCE3.SA,BEAR_CALM,-0.0006678961848537656,0,MAX_DAYS,10,17.47464370727539,17.48394203186035,16.34831387301292,PRICE,TRAIN,2024-04
SMFT3.SA,BEAR_CALM,0.09067096267856098,1,MAX_DAYS,10,17.206462860107422,18.7872371673584,15.815590064941619,PRICE,TRAIN,2024-04
SMFT3.SA,BEAR_CALM,0.04888444149964153,1,MAX_DAYS,10,17.024433135986328,17.877092361450195,15.472744672272139,PRICE,TRAIN,2024-04
SUZB3.SA,BEAR_CALM,0.0029109310102509514,1,MAX_DAYS,10,47.11336898803711,47.30704879760742,43.53888230010767,PRICE,TRAIN,2024-04
SUZB3.SA,BEAR_CALM,-0.0013871994301023693,0,END_CLOSED,5,53.40999984741211,53.400001525878906,50.604643549237935,PRICE,TRAIN,2024-04
SUZB3.SA,BEAR_CALM,0.013877353874386468,1,MAX_DAYS,10,51.06999969482422,51.84000015258789,47.18250370025635,PRICE,TEST,2024-04
TIMS3.SA,BEAR_CALM,0.062030137227912265,1,MAX_DAYS,10,13.36623764038086,14.211386680603027,12.65186667008713,PRICE,TRAIN,2024-04
TAEE11.SA,BEAR_CALM,0.026354076749158885,1,MAX_DAYS,10,29.612415313720703,30.42835807800293,28.333815678743477,PRICE,TRAIN,2024-04
VALE3.SA,BEAR_CALM,0.059928794358306094,1,MAX_DAYS,10,53.08842849731445,56.33366012573242,50.63005046910344,PRICE,TRAIN,2024-04
VALE3.SA,BEAR_CALM,-0.007072705813119716,0,MAX_DAYS,10,50.66532897949219,50.3677864074707,48.12329371222935,PRICE,TRAIN,2024-04
USIM5.SA,BEAR_CALM,0.00565873676220905,1,MAX_DAYS,10,7.289999961853027,7.340000152587891,6.798928703580584,PRICE,TRAIN,2024-04
USIM5.SA,BEAR_CALM,-0.06413412047886372,0,STOP_LOSS,1,5.760000228881836,5.397499680519104,5.397499680519104,PRICE,TEST,2024-04
USIM5.SA,BEAR_CALM,0.13126269038457003,1,MAX_DAYS,10,5.360000133514404,6.070000171661377,4.678749740123749,PRICE,TEST,2024-04
UGPA3.SA,BEAR_CALM,0.06757312372700083,1,MAX_DAYS,10,19.415300369262695,20.750551223754883,18.10872489640412,PRICE,TRAIN,2024-04
UGPA3.SA,BEAR_CALM,-0.0030149064927373,0,MAX_DAYS,10,15.071983337402344,15.044629096984863,13.901302938387254,PRICE,TRAIN,2024-04
UGPA3.SA,BEAR_CALM,0.04777208632372907,1,MAX_DAYS,10,15.08110237121582,15.819655418395996,13.677588481937656,PRICE,TRAIN,2024-04
UGPA3.SA,BEAR_CALM,0.1158535321244912,1,MAX_DAYS,10,14.58873176574707,16.29639434814453,13.219409777584868,PRICE,TRAIN,2024-04
UGPA3.SA,BEAR_CALM,0.07814586009861232,1,MAX_DAYS,10,15.489548683166504,16.71858024597168,13.692909767651681,PRICE,TEST,2024-04
VBBR3.SA,BEAR_CALM,-0.03253755571657282,0,MAX_DAYS,10,15.451946258544922,14.967720031738281,14.551185077399122,PRICE,TRAIN,2024-04
VBBR3.SA,BEAR_CALM,-0.07821904349696432,0,STOP_LOSS,3,15.356828689575195,14.174060432757374,14.174060432757374,PRICE,TRAIN,2024-04
VBBR3.SA,BEAR_CALM,0.17032546171567983,1,PROFIT_TARGET,8,14.025213241577148,16.430894418499534,12.822372653115956,PRICE,TRAIN,2024-04
VBBR3.SA,BEAR_CALM,-0.04939975621895611,0,MAX_DAYS,10,14.889899253845215,14.172209739685059,13.700954627741627,PRICE,TRAIN,2024-04
VBBR3.SA,BEAR_CALM,0.09494427044993689,1,MAX_DAYS,10,15.166884422302246,16.625093460083008,13.54940707007699,PRICE,TEST,2024-04
YDUQ3.SA,BEAR_CALM,0.16499456587860747,1,MAX_DAYS,10,10.176077842712402,11.867286682128906,9.064162918285547,PRICE,TRAIN,2024-04
WEGE3.SA,BEAR_CALM,0.036749052148535945,1,MAX_DAYS,10,43.386505126953125,45.032981872558594,40.826142449156315,PRICE,TEST,2024-04
ALOS3.SA,BEAR_CALM,0.05079826986135214,1,SIGNAL,2,19.41591453552246,20.425508499145508,18.410995393890445,PRICE,TRAIN,2024-07
ABEV3.SA,BEAR_CALM,0.03746426843785509,1,MAX_DAYS,10,10.373035430908203,10.774101257324219,9.940066256221058,PRICE,TRAIN,2024-07
ABEV3.SA,BEAR_CALM,0.012663317397495578,1,MAX_DAYS,10,10.406183242797852,10.550447463989258,9.817108843892099,PRICE,TRAIN,2024-07
AURE3.SA,BEAR_CALM,-0.03257064971978665,0,STOP_LOSS,4,11.026216506958008,10.680316931183699,10.680316931183699,PRICE,TRAIN,2024-07
AURE3.SA,BEAR_CALM,-0.007982907875920618,0,MAX_DAYS,10,10.251399993896484,10.181865692138672,9.862927945768025,PRICE,TRAIN,2024-07
B3SA3.SA,BEAR_CALM,0.011240308063119021,1,SIGNAL,2,10.129165649414062,10.255175590515137,9.55970146485858,PRICE,TRAIN,2024-07
AZUL4.SA,BEAR_CALM,-0.031503061318608826,0,MAX_DAYS,10,0.9900000095367432,0.9599999785423279,0.7596428202731269,PRICE,TRAIN,2024-07
AZUL4.SA,BEAR_CALM,-0.02203331393077925,0,END_CLOSED,3,0.9599999785423279,0.9399999976158142,0.8296428322792053,PRICE,TRAIN,2024-07
AZUL4.SA,BEAR_CALM,-0.06840423646739038,0,STOP_LOSS,4,0.9300000071525574,0.8675000667572021,0.8675000667572021,PRICE,TEST,2024-07
AZUL4.SA,BEAR_CALM,-0.10119999999999998,0,HARD_STOP,4,0.8500000238418579,0.7650000214576721,0.7571428843906948,PRICE,TEST,2024-07
AZUL4.SA,BEAR_CALM,-0.10119999999999998,0,HARD_STOP,2,0.6700000166893005,0.6030000150203705,0.5378571791308266,PRICE,TEST,2024-07
AZUL4.SA,BEAR_CALM,-0.06677380413054315,0,MAX_DAYS,10,0.6100000143051147,0.5699999928474426,0.4832143357821873,PRICE,TEST,2024-07
AZUL4.SA,BEAR_CALM,0.28820889293985175,1,PROFIT_TARGET,6,0.5799999833106995,0.7478571363857814,0.4960714067731585,PRICE,TEST,2024-07
BBAS3.SA,BEAR_CALM,-0.031843650961030166,0,STOP_LOSS,4,24.160629272460938,23.420259382036797,23.420259382036797,PRICE,TRAIN,2024-07
BBAS3.SA,BEAR_CALM,-0.009348501394800278,0,END_CLOSED,1,21.973888397216797,21.79483413696289,20.853024637628803,PRICE,TRAIN,2024-07
BBAS3.SA,BEAR_CALM,-0.055251344442710425,0,STOP_LOSS,7,21.098512649536133,19.958109675087172,19.958109675087172,PRICE,TEST,2024-07
BBDC3.SA,BEAR_CALM,-0.002795828512188868,0,MAX_DAYS,10,9.633384704589844,9.618011474609375,8.913507119363928,PRICE,TRAIN,2024-07
BBSE3.SA,BEAR_CALM,-0.03640318449850268,0,MAX_DAYS,10,33.018798828125,31.85643196105957,31.54693872809799,PRICE,TEST,2024-07
BBSE3.SA,BEAR_CALM,0.03522212494008934,1,MAX_DAYS,10,31.705228805541992,32.86000061035156,30.557710295291095,PRICE,TEST,2024-07
BEEF3.SA,BEAR_CALM,0.017092713656964832,1,END_CLOSED,8,4.920000076293945,5.010000228881836,4.448571528707232,PRICE,TRAIN,2024-07
BBDC4.SA,BEAR_CALM,0.0061591111947475255,1,SIGNAL,2,10.905986785888672,10.986245155334473,10.471693834101886,PRICE,TRAIN,2024-07
BBDC4.SA,BEAR_CALM,-0.041690449073955936,0,MAX_DAYS,10,11.4774808883667,11.012752532958984,10.755350939989789,PRICE,TRAIN,2024-07
BBDC4.SA,BEAR_CALM,0.029463000450035894,1,MAX_DAYS,10,10.646392822265625,10.972843170166016,9.824067398372605,PRICE,TRAIN,2024-07
BRAP4.SA,BEAR_CALM,0.01958885904316108,1,SIGNAL,1,15.999808311462402,16.332426071166992,15.40279909571155,PRICE,TRAIN,2024-07
BRAP4.SA,BEAR_CALM,0.03600631626646331,1,END_CLOSED,8,14.668993949890137,15.214773178100586,13.964542768453079,PRICE,TRAIN,2024-07
BRKM5.SA,BEAR_CALM,0.033419675025479025,1,SIGNAL,1,17.6200008392334,18.229999542236328,16.482503414154053,PRICE,TRAIN,2024-07
BRKM5.SA,BEAR_CALM,-0.10066485603281397,0,STOP_LOSS,8,15.350000381469727,13.8232148034232,13.8232148034232,PRICE,TRAIN,2024-07
BRKM5.SA,BEAR_CALM,-0.0900889528035678,0,MAX_DAYS,10,12.600000381469727,11.479999542236328,10.83750023160662,PRICE,TRAIN,2024-07
CMIN3.SA,BEAR_CALM,-0.014457489836157154,0,MAX_DAYS,10,4.509122371673584,4.449342727661133,4.099914065444628,PRICE,TRAIN,2024-07
CMIN3.SA,BEAR_CALM,0.004897467889512709,1,END_CLOSED,6,4.778954029083252,4.808093547821045,4.510103254252656,PRICE,TRAIN,2024-07
COGN3.SA,BEAR_CALM,0.11325786109507083,1,MAX_DAYS,10,1.6162232160568237,1.8012126684188843,1.3484754065060973,PRICE,TRAIN,2024-07
CPFE3.SA,BEAR_CALM,0.012586788338058909,1,SIGNAL,1,32.63999938964844,33.09000015258789,31.102499961853027,PRICE,TRAIN,2024-07
CSAN3.SA,BEAR_CALM,0.03072274261151984,1,SIGNAL,1,13.470000267028809,13.899999618530273,12.682500123977661,PRICE,TRAIN,2024-07
CSAN3.SA,BEAR_CALM,0.009368021385988669,1,MAX_DAYS,10,7.570000171661377,7.650000095367432,6.657500232969012,PRICE,TRAIN,2024-07
CSNA3.SA,BEAR_CALM,-0.016927376639479207,0,END_CLOSED,5,7.630000114440918,7.510000228881836,6.908571209226336,PRICE,TRAIN,2024-07
CVCB3.SA,BEAR_CALM,0.15435554378179814,1,MAX_DAYS,10,1.7999999523162842,2.0799999237060547,1.5124997794628143,PRICE,TRAIN,2024-07
CXSE3.SA,BEAR_CALM,-0.021840576414613476,0,MAX_DAYS,10,13.440841674804688,13.16341495513916,12.801629959891724,PRICE,TEST,2024-07
CXSE3.SA,BEAR_CALM,0.016737214179694516,1,MAX_DAYS,10,13.096449851989746,13.331363677978516,12.546380240842485,PRICE,TEST,2024-07
EGIE3.SA,BEAR_CALM,-0.03546389848660627,0,MAX_DAYS,10,26.70702362060547,25.79193687438965,25.45180241674356,PRICE,TRAIN,2024-07
ELET3.SA,BEAR_CALM,-0.03579029920397316,0,MAX_DAYS,10,31.383691787719727,30.298120498657227,29.427694515362823,PRICE,TRAIN,2024-07
ELET6.SA,BEAR_CALM,-0.02378906592394505,0,MAX_DAYS,10,36.40746307373047,35.585052490234375,34.848847079792776,PRICE,TRAIN,2024-07
ELET6.SA,BEAR_CALM,0.08681332508414283,1,PROFIT_TARGET,2,37.814579010009766,41.14276584533776,36.15048559234577,PRICE,TEST,2024-07
ENEV3.SA,BEAR_CALM,-0.07312457607262449,0,STOP_LOSS,8,11.520000457763672,10.69142930848258,10.69142930848258,PRICE,TRAIN,2024-07
ENGI11.SA,BEAR_CALM,0.03417263102116861,1,SIGNAL,3,36.916664123535156,38.222503662109375,34.13456183007898,PRICE,TRAIN,2024-07
ENGI11.SA,BEAR_CALM,-0.05150243300075643,0,STOP_LOSS,7,36.07986831665039,34.26496315797597,34.26496315797597,PRICE,TRAIN,2024-07
ENGI11.SA,BEAR_CALM,0.010929951462771516,1,MAX_DAYS,10,34.59437942504883,35.014007568359375,32.36733848774216,PRICE,TRAIN,2024-07
FLRY3.SA,BEAR_CALM,0.036724266522535,1,MAX_DAYS,10,12.831084251403809,13.317693710327148,11.89913074354733,PRICE,TRAIN,2024-07
FLRY3.SA,BEAR_CALM,-0.050357210197139256,0,MAX_DAYS,10,12.420547485351562,11.809988021850586,11.69784334353083,PRICE,TRAIN,2024-07
GOAU4.SA,BEAR_CALM,0.05497984392418096,1,MAX_DAYS,10,7.961267471313477,8.408530235290527,7.433962601244936,PRICE,TRAIN,2024-07
GGBR4.SA,BEAR_CALM,0.06610016251595371,1,MAX_DAYS,10,14.378823280334473,15.34652042388916,13.35834872698783,PRICE,TRAIN,2024-07
HAPV3.SA,BEAR_CALM,0.044498911683262456,1,SIGNAL,1,55.79999923706055,58.349998474121094,51.48750305175781,PRICE,TRAIN,2024-07
HAPV3.SA,BEAR_CALM,-0.09555875985635068,0,STOP_LOSS,6,52.79999923706055,47.817856788635254,47.817856788635254,PRICE,TRAIN,2024-07
HAPV3.SA,BEAR_CALM,0.14050944155321918,1,MAX_DAYS,10,31.1200008392334,35.529998779296875,28.032501356942312,PRICE,TEST,2024-07
HYPE3.SA,BEAR_CALM,0.009252823235691966,1,MAX_DAYS,10,26.883432388305664,27.164440155029297,24.881224482417736,PRICE,TRAIN,2024-07
HYPE3.SA,BEAR_CALM,-0.06406076917005946,0,STOP_LOSS,6,18.746807098388672,17.56836838470123,17.56836838470123,PRICE,TRAIN,2024-07
IGTI11.SA,BEAR_CALM,0.007961095310064038,1,SIGNAL,1,20.0345516204834,20.218090057373047,18.959892816094197,PRICE,TRAIN,2024-07
IRBR3.SA,BEAR_CALM,0.04200987310059099,1,MAX_DAYS,10,30.780000686645508,32.11000061035156,29.017503261566162,PRICE,TRAIN,2024-07
KLBN11.SA,BEAR_CALM,-0.050647676883029645,0,STOP_LOSS,7,18.400375366210938,17.49051955057608,17.49051955057608,PRICE,TRAIN,2024-07
KLBN11.SA,BEAR_CALM,0.09166908879017419,1,MAX_DAYS,10,17.39095115661621,19.006032943725586,16.319723637180168,PRICE,TRAIN,2024-07
KLBN11.SA,BEAR_CALM,0.0031691384349453525,1,MAX_DAYS,10,17.809505462646484,17.887317657470703,16.91930254349213,PRICE,TRAIN,2024-07
KLBN11.SA,BEAR_CALM,0.02435553994058113,1,END_CLOSED,9,17.507978439331055,17.95540428161621,16.465836913366083,PRICE,TRAIN,2024-07
LREN3.SA,BEAR_CALM,0.08679328997094901,1,SIGNAL,2,10.386619567871094,11.300572395324707,9.553811638602188,PRICE,TRAIN,2024-07
LWSA3.SA,BEAR_CALM,0.07315895093760769,1,SIGNAL,2,3.784698247909546,4.066124439239502,3.5542197577643178,PRICE,TRAIN,2024-07
MGLU3.SA,BEAR_CALM,-0.05864678938814274,0,MAX_DAYS,10,9.12548828125,8.601258277893066,8.187629044241907,PRICE,TRAIN,2024-07
MGLU3.SA,BEAR_CALM,-0.10119999999999998,0,HARD_STOP,8,8.34000015258789,7.506000137329102,7.286428451538086,PRICE,TEST,2024-07
MGLU3.SA,BEAR_CALM,-0.03880445506709553,0,MAX_DAYS,10,7.179999828338623,6.909999847412109,6.312142661639622,PRICE,TEST,2024-07
MGLU3.SA,BEAR_CALM,0.21426195003050327,1,PROFIT_TARGET,7,6.679999828338623,8.11928561755589,5.960356933729989,PRICE,TEST,2024-07
MRVE3.SA,BEAR_CALM,0.028030778033916716,1,SIGNAL,1,6.5,6.690000057220459,6.0625001192092896,PRICE,TRAIN,2024-07
MULT3.SA,BEAR_CALM,0.025372168433899313,1,SIGNAL,1,21.311033248901367,21.8773136138916,20.09589051716477,PRICE,TRAIN,2024-07
PETR4.SA,BEAR_CALM,0.06380836249961272,1,MAX_DAYS,10,28.618783950805664,30.479244232177734,26.61069983069022,PRICE,TRAIN,2024-07
PETR4.SA,BEAR_CALM,0.07774125024520359,1,PROFIT_TARGET,10,29.3306941986084,31.646095869206285,28.172993363309455,PRICE,TRAIN,2024-07
PETR3.SA,BEAR_CALM,0.05767818342613649,1,MAX_DAYS,10,30.735403060913086,32.545047760009766,28.576041967069393,PRICE,TRAIN,2024-07
PETR3.SA,BEAR_CALM,-0.04147356829368156,0,MAX_DAYS,10,31.840238571166992,30.557918548583984,30.032294905626404,PRICE,TRAIN,2024-07
PETR3.SA,BEAR_CALM,0.10865359063303445,1,PROFIT_TARGET,5,30.920303344726562,34.3170096906074,29.221950171786144,PRICE,TRAIN,2024-07
PRIO3.SA,BEAR_CALM,0.10931587352800229,1,MAX_DAYS,10,35.470001220703125,39.38999938964844,31.466430800301687,PRICE,TRAIN,2024-07
RADL3.SA,BEAR_CALM,0.01123855773877689,1,MAX_DAYS,10,24.504911422729492,24.809717178344727,23.379833616274013,PRICE,TRAIN,2024-07
RADL3.SA,BEAR_CALM,0.011630869246555077,1,MAX_DAYS,10,24.301067352294922,24.612871170043945,22.77784109003628,PRICE,TRAIN,2024-07
RADL3.SA,BEAR_CALM,-0.06537114621473009,0,MAX_DAYS,10,14.715316772460938,13.771018028259277,13.27322341480006,PRICE,TRAIN,2024-07
RADL3.SA,BEAR_CALM,0.04566419946776654,1,END_CLOSED,6,14.272677421569824,14.94155502319336,12.714655968577294,PRICE,TRAIN,2024-07
RADL3.SA,BEAR_CALM,-0.012467564683406505,0,MAX_DAYS,10,14.038716316223145,13.880534172058105,12.56753864003787,PRICE,TEST,2024-07
RAIL3.SA,BEAR_CALM,0.03544910719039671,1,MAX_DAYS,10,18.30537223815918,18.976247787475586,17.369224585187247,PRICE,TRAIN,2024-07
RAIL3.SA,BEAR_CALM,-0.026229120927677506,0,MAX_DAYS,10,17.18000030517578,16.75,15.633571760995048,PRICE,TEST,2024-07
RAIZ4.SA,BEAR_CALM,-0.05418016120569693,0,MAX_DAYS,10,1.5099999904632568,1.4299999475479126,1.3827272761951792,PRICE,TEST,2024-07
RAIZ4.SA,BEAR_CALM,-0.10397491785064797,0,STOP_LOSS,4,1.3899999856948853,1.2471428513526917,1.2471428513526917,PRICE,TEST,2024-07
RECV3.SA,BEAR_CALM,-0.04534269548059302,0,MAX_DAYS,10,15.434775352478027,14.753442764282227,14.353816842402532,PRICE,TRAIN,2024-07
RECV3.SA,BEAR_CALM,0.09434895950165453,1,MAX_DAYS,10,14.718503952026367,16.124841690063477,13.840321732544927,PRICE,TRAIN,2024-07
RECV3.SA,BEAR_CALM,0.1285996231522318,1,MAX_DAYS,10,12.665963172912598,14.3100004196167,11.487218858901512,PRICE,TRAIN,2024-07
RECV3.SA,BEAR_CALM,-0.001951896897625781,0,MAX_DAYS,10,13.300000190734863,13.289999961853027,12.342857224600655,PRICE,TEST,2024-07
RENT3.SA,BEAR_CALM,0.009591402592496447,1,SIGNAL,1,39.22087860107422,39.644126892089844,36.37572115839086,PRICE,TRAIN,2024-07
SANB11.SA,BEAR_CALM,0.09864923150828661,1,PROFIT_TARGET,9,24.08894157409668,26.49420387811825,22.886310422085895,PRICE,TRAIN,2024-07
SMFT3.SA,BEAR_CALM,0.09589671864677637,1,SIGNAL,3,19.650028228759766,21.557981491088867,17.592435459732176,PRICE,TRAIN,2024-07
SUZB3.SA,BEAR_CALM,0.020336010440646347,1,MAX_DAYS,10,50.812713623046875,51.90701675415039,47.81235864443674,PRICE,TRAIN,2024-07
SUZB3.SA,BEAR_CALM,-0.05372492615968629,0,STOP_LOSS,8,53.40999984741211,50.604643549237935,50.604643549237935,PRICE,TRAIN,2024-07
SUZB3.SA,BEAR_CALM,0.03721581439027686,1,MAX_DAYS,10,50.5,52.439998626708984,47.437499046325684,PRICE,TRAIN,2024-07
SUZB3.SA,BEAR_CALM,0.08862878041097319,1,MAX_DAYS,10,49.650001525878906,54.11000061035156,46.75357478005545,PRICE,TRAIN,2024-07
SUZB3.SA,BEAR_CALM,-0.001396007093946182,0,MAX_DAYS,10,51.0099983215332,51.0,48.86624813079834,PRICE,TEST,2024-07
TIMS3.SA,BEAR_CALM,0.07226432017443937,1,SIGNAL,8,14.149677276611328,15.189173698425293,13.074338731350144,PRICE,TRAIN,2024-07
UGPA3.SA,BEAR_CALM,0.02622902118133017,1,SIGNAL,3,19.406278610229492,19.938573837280273,18.481523948976363,PRICE,TRAIN,2024-07
UGPA3.SA,BEAR_CALM,0.014424936048624472,1,MAX_DAYS,10,15.6115140914917,15.855443000793457,14.506532861659952,PRICE,TEST,2024-07
VALE3.SA,BEAR_CALM,0.06771029342391385,1,END_CLOSED,7,48.22767639160156,51.55105972290039,45.41563687127301,PRICE,TRAIN,2024-07
USIM5.SA,BEAR_CALM,-0.07974328322217009,0,STOP_LOSS,3,5.070000171661377,4.6717857122421265,4.6717857122421265,PRICE,TRAIN,2024-07
USIM5.SA,BEAR_CALM,0.03121886039493047,1,MAX_DAYS,10,4.010000228881836,4.139999866485596,3.639545657417991,PRICE,TEST,2024-07
VIVT3.SA,BEAR_CALM,0.021667164146538333,1,SIGNAL,4,20.979766845703125,21.459514617919922,19.92454995355244,PRICE,TRAIN,2024-07
WEGE3.SA,BEAR_CALM,0.05643959185236023,1,MAX_DAYS,10,42.84748077392578,45.31719207763672,40.65391724386889,PRICE,TRAIN,2024-07
WEGE3.SA,BEAR_CALM,-0.054979359602435406,0,STOP_LOSS,3,43.76871871948242,41.41486505612953,41.41486505612953,PRICE,TRAIN,2024-07
WEGE3.SA,BEAR_CALM,-0.008154566906320125,0,MAX_DAYS,10,40.8677978515625,40.583580017089844,38.54019595168917,PRICE,TRAIN,2024-07
WEGE3.SA,BEAR_CALM,0.016387575933205813,1,END_CLOSED,8,41.024600982666016,41.746124267578125,38.25072871030548,PRICE,TRAIN,2024-07
WEGE3.SA,BEAR_CALM,0.016283400566882912,1,MAX_DAYS,10,39.889652252197266,40.587059020996094,37.178610446568435,PRICE,TEST,2024-07
YDUQ3.SA,BEAR_CALM,0.07091534286501452,1,SIGNAL,1,9.993504524230957,10.714189529418945,8.97253306813268,PRICE,TRAIN,2024-07
