ticker,regime,return,win,reason,days_held,entry_price,exit_price,stop_loss,sinal_tipo,phase,window
ABEV3.SA,BEAR_CALM,0.02379992702102749,1,MAX_DAYS,10,11.434321403503418,11.720178604125977,10.16095421514671,PRICE,TEST,2022-01
ALOS3.SA,BEAR_CALM,-0.10119999999999998,0,HARD_STOP,9,16.048656463623047,14.443790817260743,14.104931181595722,PRICE,TRAIN,2022-01
ALOS3.SA,BEAR_CALM,0.05240449596277217,1,MAX_DAYS,10,13.958717346191406,14.7069673538208,12.027893125031548,PRICE,TRAIN,2022-01
ALOS3.SA,BEAR_CALM,0.13230462870440127,1,SIGNAL,5,13.399681091308594,15.188600540161133,11.157085469326807,PRICE,TEST,2022-01
AZUL4.SA,BEAR_CALM,-0.0055440651381916325,0,MAX_DAYS,10,11.510000228881836,11.460000038146973,8.742500066757202,PRICE,TRAIN,2022-01
AZUL4.SA,BEAR_CALM,0.23908906239769742,1,MAX_DAYS,10,11.069999694824219,13.729999542236328,8.644999742507935,PRICE,TRAIN,2022-01
AZUL4.SA,BEAR_CALM,-0.10119999999999998,0,HARD_STOP,6,10.680000305175781,9.612000274658204,8.357499837875366,PRICE,TRAIN,2022-01
AZUL4.SA,BEAR_CALM,0.03817013565078695,1,SIGNAL,1,10.15999984741211,10.5600004196167,8.059998512268066,PRICE,TEST,2022-01
BBAS3.SA,BEAR_CALM,0.05792989032273441,1,SIGNAL,2,13.20551872253418,13.986359596252441,11.577078669531872,PRICE,TEST,2022-01
BBDC3.SA,BEAR_CALM,-0.0012,0,MAX_DAYS,10,10.04146671295166,10.04146671295166,9.08903246487885,PRICE,TRAIN,2022-01
BBDC3.SA,BEAR_CALM,0.020803366443862582,1,END_CLOSED,5,10.072033882141113,10.293652534484863,9.067124191469148,PRICE,TRAIN,2022-01
BBDC3.SA,BEAR_CALM,0.06981261078605247,1,MAX_DAYS,10,9.603151321411133,10.285096168518066,8.211168491056752,PRICE,TEST,2022-01
BBDC4.SA,BEAR_CALM,-0.098414608778879,0,STOP_LOSS,5,11.517613410949707,10.397933129137861,10.397933129137861,PRICE,TRAIN,2022-01
BBDC4.SA,BEAR_CALM,-0.0005396738841020531,0,END_CLOSED,4,11.640634536743164,11.648321151733398,10.385459480324174,PRICE,TRAIN,2022-01
BBDC4.SA,BEAR_CALM,0.12083806932843397,1,SIGNAL,5,10.777987480163574,12.09331226348877,9.215751254293433,PRICE,TEST,2022-01
BBSE3.SA,BEAR_CALM,0.040214140288309476,1,MAX_DAYS,10,13.690248489379883,14.257218360900879,12.46573145085633,PRICE,TRAIN,2022-01
BEEF3.SA,BEAR_CALM,0.06182515399849007,1,MAX_DAYS,10,8.716297149658203,9.265643119812012,7.642782783102675,PRICE,TRAIN,2022-01
BEEF3.SA,BEAR_CALM,0.07416467572826288,1,SIGNAL,3,11.716761589050293,12.599791526794434,9.63974414033089,PRICE,TEST,2022-01
BEEF3.SA,BEAR_CALM,0.027219142229780148,1,MAX_DAYS,10,10.691307067871094,10.995144844055176,8.799439690724544,PRICE,TEST,2022-01
BPAC11.SA,BEAR_CALM,0.10603485385126907,1,MAX_DAYS,10,20.046388626098633,22.196060180664062,16.548854664624038,PRICE,TRAIN,2022-01
BRAP4.SA,BEAR_CALM,0.11283521936738947,1,MAX_DAYS,10,17.53839111328125,19.53838539123535,15.347259625078511,PRICE,TRAIN,2022-01
BRAP4.SA,BEAR_CALM,0.044173568709582424,1,MAX_DAYS,10,15.036728858947754,15.718998908996582,13.553457954335332,PRICE,TRAIN,2022-01
CMIN3.SA,BEAR_CALM,0.12451431089716722,1,MAX_DAYS,10,2.2180967330932617,2.496943235397339,1.907563057939941,PRICE,TRAIN,2022-01
BRKM5.SA,BEAR_CALM,-0.10119999999999987,0,HARD_STOP,9,51.68751907348633,46.5187671661377,42.97359664116301,PRICE,TRAIN,2022-01
BRKM5.SA,BEAR_CALM,-0.10119999999999998,0,HARD_STOP,5,27.780000686645508,25.002000617980958,23.285001754760742,PRICE,TRAIN,2022-01
BRKM5.SA,BEAR_CALM,0.02106179966078745,1,MAX_DAYS,10,22.459999084472656,22.959999084472656,18.399999618530273,PRICE,TEST,2022-01
COGN3.SA,BEAR_CALM,0.07880006121908631,1,MAX_DAYS,10,1.9472569227218628,2.1030375957489014,1.601618803905887,PRICE,TRAIN,2022-01
COGN3.SA,BEAR_CALM,0.02792613973001066,1,END_CLOSED,2,2.0056746006011963,2.0640921592712402,1.6016186320850394,PRICE,TRAIN,2022-01
COGN3.SA,BEAR_CALM,0.1321332831022893,1,SIGNAL,5,1.8985755443572998,2.151718854904175,1.5066904624747084,PRICE,TEST,2022-01
CPFE3.SA,BEAR_CALM,0.027425304255814,1,MAX_DAYS,10,29.111194610595703,29.94451141357422,26.515089575249668,PRICE,TEST,2022-01
CSAN3.SA,BEAR_CALM,0.060319041088085924,1,MAX_DAYS,10,14.981322288513184,15.902958869934082,12.750110413664206,PRICE,TRAIN,2022-01
CSAN3.SA,BEAR_CALM,0.11490001215706944,1,SIGNAL,6,14.66157054901123,16.363779067993164,11.830824436914536,PRICE,TEST,2022-01
CSNA3.SA,BEAR_CALM,0.06680829415331399,1,MAX_DAYS,10,10.086638450622559,10.772613525390625,8.371699839837294,PRICE,TRAIN,2022-01
CXSE3.SA,BEAR_CALM,0.02548378323832754,1,MAX_DAYS,10,5.663389682769775,5.814510345458984,5.145264655139423,PRICE,TRAIN,2022-01
CVCB3.SA,BEAR_CALM,0.24750470770271735,1,MAX_DAYS,10,10.55118465423584,13.175313949584961,8.252172513441606,PRICE,TRAIN,2022-01
CVCB3.SA,BEAR_CALM,-0.10119999999999998,0,HARD_STOP,5,9.822259902954102,8.840033912658692,8.03183913230896,PRICE,TRAIN,2022-01
CVCB3.SA,BEAR_CALM,0.03696789126127884,1,MAX_DAYS,10,6.032267093658447,6.262506008148193,4.6301109790802,PRICE,TRAIN,2022-01
CVCB3.SA,BEAR_CALM,0.159603924329876,1,SIGNAL,3,3.66540789604187,4.254819869995117,2.6017032265663147,PRICE,TEST,2022-01
CYRE3.SA,BEAR_CALM,0.11524950041158441,1,SIGNAL,3,10.883325576782227,12.150683403015137,8.727487188009142,PRICE,TEST,2022-01
DIRR3.SA,BEAR_CALM,-0.10119999999999998,0,HARD_STOP,4,2.9302051067352295,2.6371845960617066,2.4051691994826156,PRICE,TRAIN,2022-01
EGIE3.SA,BEAR_CALM,0.012829365688296603,1,MAX_DAYS,10,22.229297637939453,22.541160583496094,20.2943717699028,PRICE,TRAIN,2022-01
EGIE3.SA,BEAR_CALM,0.04934046780673094,1,SIGNAL,5,22.2050838470459,23.32733917236328,20.608721104899107,PRICE,TEST,2022-01
ECOR3.SA,BEAR_CALM,0.08451424546071626,1,SIGNAL,9,6.430596351623535,6.981790065765381,5.324533896712838,PRICE,TRAIN,2022-01
ECOR3.SA,BEAR_CALM,0.14192265416370828,1,MAX_DAYS,10,4.942372798919678,5.649738311767578,4.253379841386286,PRICE,TRAIN,2022-01
ECOR3.SA,BEAR_CALM,-0.08668708492035074,0,MAX_DAYS,10,4.620842933654785,4.225820541381836,3.9777832877596344,PRICE,TRAIN,2022-01
ECOR3.SA,BEAR_CALM,-0.10119999999999998,0,HARD_STOP,7,4.381992340087891,3.943793106079102,3.3209442211428364,PRICE,TRAIN,2022-01
ECOR3.SA,BEAR_CALM,0.00114732805744442,1,MAX_DAYS,10,3.9209144115448,3.9301180839538574,3.2065233135436664,PRICE,TRAIN,2022-01
ECOR3.SA,BEAR_CALM,0.03851956182745995,1,END_CLOSED,6,3.9393222332000732,4.095790386199951,3.2538404371123315,PRICE,TRAIN,2022-01
ECOR3.SA,BEAR_CALM,0.1667012194070515,1,SIGNAL,5,3.7276296615600586,4.353503227233887,3.018918985104425,PRICE,TEST,2022-01
ELET3.SA,BEAR_CALM,0.07211162365193755,1,SIGNAL,6,34.83473587036133,37.388526916503906,30.73293027099044,PRICE,TEST,2022-01
ELET3.SA,BEAR_CALM,0.030738010811658924,1,MAX_DAYS,10,28.20537567138672,29.106199264526367,24.50369089827725,PRICE,TEST,2022-01
ELET6.SA,BEAR_CALM,0.046361482394051114,1,MAX_DAYS,10,33.68907928466797,35.2913818359375,30.28723105009266,PRICE,TEST,2022-01
ELET6.SA,BEAR_CALM,0.051049550510576226,1,MAX_DAYS,10,28.0200138092041,29.484046936035156,25.148876972984922,PRICE,TEST,2022-01
EMBR3.SA,BEAR_CALM,-0.10115456169208861,0,MAX_DAYS,10,21.987377166748047,19.78963851928711,18.438527296102333,PRICE,TRAIN,2022-01
EMBR3.SA,BEAR_CALM,-0.10119999999999998,0,HARD_STOP,3,20.65874481201172,18.59287033081055,17.39210392874055,PRICE,TRAIN,2022-01
EMBR3.SA,BEAR_CALM,-0.04547085405068265,0,MAX_DAYS,10,19.180267333984375,18.331140518188477,15.836207493705103,PRICE,TRAIN,2022-01
EMBR3.SA,BEAR_CALM,-0.10119999999999998,0,HARD_STOP,2,17.482013702392578,15.73381233215332,14.297790343056125,PRICE,TRAIN,2022-01
EMBR3.SA,BEAR_CALM,-0.10119999999999998,0,HARD_STOP,4,17.581911087036133,15.82371997833252,14.15044144593413,PRICE,TRAIN,2022-01
ENGI11.SA,BEAR_CALM,-0.005002310641209061,0,MAX_DAYS,10,32.703189849853516,32.57884216308594,29.04467689280871,PRICE,TEST,2022-01
ENEV3.SA,BEAR_CALM,-0.019497497837731158,0,MAX_DAYS,10,12.569999694824219,12.34000015258789,10.304999589920044,PRICE,TRAIN,2022-01
ENEV3.SA,BEAR_CALM,-0.048385405498690325,0,MAX_DAYS,10,12.079999923706055,11.510000228881836,10.317499876022339,PRICE,TRAIN,2022-01
ENEV3.SA,BEAR_CALM,0.009816958672847466,1,END_CLOSED,7,11.800000190734863,11.930000305175781,10.18250036239624,PRICE,TRAIN,2022-01
ENEV3.SA,BEAR_CALM,0.03687797701376803,1,SIGNAL,1,11.029999732971191,11.449999809265137,9.0,PRICE,TEST,2022-01
EZTC3.SA,BEAR_CALM,-0.10119999999999998,0,HARD_STOP,6,12.128777503967285,10.915899753570557,9.903061485600567,PRICE,TRAIN,2022-01
EZTC3.SA,BEAR_CALM,-0.020908153408266815,0,END_CLOSED,6,11.539185523986816,11.311769485473633,9.29662449201143,PRICE,TRAIN,2022-01
EZTC3.SA,BEAR_CALM,0.07266820047031439,1,SIGNAL,3,10.604259490966797,11.387577056884766,8.894438803725532,PRICE,TEST,2022-01
FLRY3.SA,BEAR_CALM,0.05515757230307559,1,MAX_DAYS,10,11.414125442504883,12.057397842407227,9.794183446908491,PRICE,TEST,2022-01
HAPV3.SA,BEAR_CALM,-0.07940302753665521,0,MAX_DAYS,10,90.1500015258789,83.0999984741211,70.23749923706055,PRICE,TRAIN,2022-01
HAPV3.SA,BEAR_CALM,0.24209507235599323,1,MAX_DAYS,10,78.29999542236328,97.3499984741211,59.96249580383301,PRICE,TRAIN,2022-01
HAPV3.SA,BEAR_CALM,-0.08102263716303373,0,MAX_DAYS,10,67.6500015258789,62.25,50.062496185302734,PRICE,TEST,2022-01
IGTI11.SA,BEAR_CALM,0.009528468525486035,1,MAX_DAYS,10,16.261890411376953,16.436355590820312,13.920397915401676,PRICE,TRAIN,2022-01
IGTI11.SA,BEAR_CALM,0.0969447999884144,1,MAX_DAYS,10,15.343659400939941,16.849559783935547,12.274465549689594,PRICE,TEST,2022-01
ITSA4.SA,BEAR_CALM,0.03159307477516813,1,MAX_DAYS,10,5.817100524902344,6.007861137390137,5.356448706822707,PRICE,TRAIN,2022-01
IRBR3.SA,BEAR_CALM,-0.10505751602754601,0,MAX_DAYS,10,83.88501739501953,75.17292785644531,71.3530021080604,PRICE,TRAIN,2022-01
IRBR3.SA,BEAR_CALM,0.1140542894139994,1,MAX_DAYS,10,73.43050384521484,81.89368438720703,60.23790168762207,PRICE,TRAIN,2022-01
IRBR3.SA,BEAR_CALM,-0.10119999999999998,0,HARD_STOP,4,32.70000076293945,29.43000068664551,26.399999141693115,PRICE,TRAIN,2022-01
IRBR3.SA,BEAR_CALM,0.009911082854094345,1,MAX_DAYS,10,27.0,27.299999237060547,21.149997234344482,PRICE,TRAIN,2022-01
IRBR3.SA,BEAR_CALM,0.25594283897763204,1,MAX_DAYS,10,21.0,26.399999618530273,15.074999332427979,PRICE,TRAIN,2022-01
IRBR3.SA,BEAR_CALM,-0.06064907771076502,0,MAX_DAYS,10,20.690000534057617,19.459999084472656,17.25,PRICE,TEST,2022-01
ITUB4.SA,BEAR_CALM,0.050926670266313014,1,SIGNAL,3,18.07567024230957,19.017894744873047,16.34762809703404,PRICE,TEST,2022-01
LWSA3.SA,BEAR_CALM,-0.10119999999999998,0,HARD_STOP,6,8.869503021240234,7.982552719116211,6.0532907748781675,PRICE,TRAIN,2022-01
LWSA3.SA,BEAR_CALM,0.03726157034219533,1,MAX_DAYS,10,5.7526702880859375,5.973927021026611,3.985021660789435,PRICE,TEST,2022-01
LREN3.SA,BEAR_CALM,-0.0005134566798382855,0,END_CLOSED,5,16.382993698120117,16.394241333007812,13.116311846166075,PRICE,TRAIN,2022-01
LREN3.SA,BEAR_CALM,0.10213883108713348,1,SIGNAL,6,15.10543441772461,16.666412353515625,11.981482660899603,PRICE,TEST,2022-01
MRVE3.SA,BEAR_CALM,-0.054391554534792184,0,MAX_DAYS,10,9.028839111328125,8.54858112335205,7.415174498224766,PRICE,TRAIN,2022-01
MRVE3.SA,BEAR_CALM,-0.024606999609787204,0,MAX_DAYS,10,7.690000057220459,7.510000228881836,6.3750001192092896,PRICE,TRAIN,2022-01
MRVE3.SA,BEAR_CALM,0.0707322624920573,1,END_CLOSED,2,7.090000152587891,7.599999904632568,5.527500152587891,PRICE,TRAIN,2022-01
MRVE3.SA,BEAR_CALM,0.09085018694410571,1,SIGNAL,5,7.170000076293945,7.829999923706055,5.59499990940094,PRICE,TEST,2022-01
MGLU3.SA,BEAR_CALM,0.1081247217047124,1,MAX_DAYS,10,56.478145599365234,62.65260314941406,40.52443169035785,PRICE,TRAIN,2022-01
MGLU3.SA,BEAR_CALM,-0.10119999999999998,0,HARD_STOP,5,34.86753463745117,31.380781173706055,26.67275357722353,PRICE,TRAIN,2022-01
MGLU3.SA,BEAR_CALM,-0.10119999999999998,0,HARD_STOP,3,29.87348747253418,26.886138725280762,22.813718098351266,PRICE,TRAIN,2022-01
MGLU3.SA,BEAR_CALM,0.046044120535483436,1,SIGNAL,2,23.06342124938965,24.153032302856445,17.184063124238016,PRICE,TEST,2022-01
MULT3.SA,BEAR_CALM,0.005351360135843565,1,MAX_DAYS,10,18.834869384765625,18.958263397216797,16.122453540372433,PRICE,TRAIN,2022-01
MULT3.SA,BEAR_CALM,0.13196707220326162,1,SIGNAL,6,17.911624908447266,20.296863555908203,14.48786569432761,PRICE,TEST,2022-01
PCAR3.SA,BEAR_CALM,0.07398246330738009,1,END_CLOSED,5,13.699999809265137,14.729999542236328,11.817500114440918,PRICE,TEST,2022-01
RAIL3.SA,BEAR_CALM,0.07238045308943483,1,SIGNAL,6,16.40981101989746,17.617252349853516,13.864203900343039,PRICE,TEST,2022-01
RAIZ4.SA,BEAR_CALM,0.1559429937115576,1,MAX_DAYS,10,3.7409520149230957,4.3288164138793945,3.0395232112567774,PRICE,TRAIN,2022-01
RAIZ4.SA,BEAR_CALM,0.029858755188044796,1,MAX_DAYS,10,3.230893135070801,3.331240653991699,2.6475372869959544,PRICE,TRAIN,2022-01
RAIZ4.SA,BEAR_CALM,0.0047880490347485885,1,MAX_DAYS,10,3.073575735092163,3.091980457305908,2.3649968104765744,PRICE,TEST,2022-01
RDOR3.SA,BEAR_CALM,-0.048070683140331937,0,MAX_DAYS,10,32.76498031616211,31.229263305664062,27.74581981593122,PRICE,TRAIN,2022-01
RENT3.SA,BEAR_CALM,0.07061457965097948,1,SIGNAL,5,44.938209533691406,48.165428161621094,39.935591760096294,PRICE,TEST,2022-01
SANB11.SA,BEAR_CALM,0.007818684100259078,1,MAX_DAYS,10,22.363859176635742,22.5655517578125,20.508269989658352,PRICE,TRAIN,2022-01
SANB11.SA,BEAR_CALM,0.08249247904675502,1,MAX_DAYS,10,22.46067237854004,24.34046173095703,20.639374046987065,PRICE,TRAIN,2022-01
SANB11.SA,BEAR_CALM,0.03832287122130693,1,MAX_DAYS,10,22.286849975585938,23.16769027709961,20.329894340468726,PRICE,TRAIN,2022-01
SANB11.SA,BEAR_CALM,0.019156196731290855,1,SIGNAL,1,22.860227584838867,23.32557487487793,21.216968198781956,PRICE,TEST,2022-01
SBSP3.SA,BEAR_CALM,-0.013068665757326701,0,MAX_DAYS,10,32.80783462524414,32.41844940185547,29.66333616381326,PRICE,TRAIN,2022-01
SLCE3.SA,BEAR_CALM,0.08132537369750134,1,MAX_DAYS,10,17.570871353149414,19.02091407775879,15.661911826777624,PRICE,TEST,2022-01
SMFT3.SA,BEAR_CALM,-0.10119999999999998,0,HARD_STOP,6,14.243216514587402,12.818894863128662,11.376312017178053,PRICE,TRAIN,2022-01
SMFT3.SA,BEAR_CALM,-0.10119999999999998,0,HARD_STOP,6,12.964980125427246,11.668482112884522,10.712087617443299,PRICE,TRAIN,2022-01
SMFT3.SA,BEAR_CALM,0.048653394591390155,1,MAX_DAYS,10,9.340264320373535,9.805908203125,7.267694206168127,PRICE,TRAIN,2022-01
SMFT3.SA,BEAR_CALM,0.18519311220603427,1,MAX_DAYS,10,9.79677677154541,11.622828483581543,7.936485002595829,PRICE,TRAIN,2022-01
SMFT3.SA,BEAR_CALM,0.20108385172522966,1,SIGNAL,5,11.193706512451172,13.458012580871582,8.477451101574704,PRICE,TEST,2022-01
TIMS3.SA,BEAR_CALM,0.006498902700628896,1,MAX_DAYS,10,8.842068672180176,8.91014289855957,7.571351588948117,PRICE,TEST,2022-01
TAEE11.SA,BEAR_CALM,-0.002066277558985606,0,END_CLOSED,3,26.504972457885742,26.482011795043945,24.35235273765706,PRICE,TRAIN,2022-01
TAEE11.SA,BEAR_CALM,0.040319496666307277,1,SIGNAL,3,25.99216651916504,27.071348190307617,23.875894299641857,PRICE,TEST,2022-01
TOTS3.SA,BEAR_CALM,0.1961521587429874,1,MAX_DAYS,10,22.920242309570312,27.443601608276367,19.095065550256567,PRICE,TRAIN,2022-01
TOTS3.SA,BEAR_CALM,0.09239998542589131,1,SIGNAL,3,23.9758243560791,26.219961166381836,19.3101276225242,PRICE,TEST,2022-01
UGPA3.SA,BEAR_CALM,0.15636633976210876,1,MAX_DAYS,10,10.704400062561035,12.391053199768066,9.216401734509706,PRICE,TRAIN,2022-01
UGPA3.SA,BEAR_CALM,0.04811969623645904,1,SIGNAL,3,10.247421264648438,10.75282096862793,8.448023821447508,PRICE,TEST,2022-01
USIM5.SA,BEAR_CALM,0.13050726231107443,1,MAX_DAYS,10,7.560598373413086,8.556384086608887,6.426508457804043,PRICE,TRAIN,2022-01
USIM5.SA,BEAR_CALM,0.10000848269811166,1,END_CLOSED,4,6.103800296783447,6.721556663513184,5.398451678686943,PRICE,TEST,2022-01
VALE3.SA,BEAR_CALM,0.06169113485329434,1,MAX_DAYS,10,50.16706466674805,53.32212829589844,44.66331727166107,PRICE,TRAIN,2022-01
VIVT3.SA,BEAR_CALM,0.03587460806114571,1,MAX_DAYS,10,16.38629150390625,16.993806838989258,15.118209119829206,PRICE,TRAIN,2022-01
VIVT3.SA,BEAR_CALM,-0.04206161728737858,0,MAX_DAYS,10,16.80239486694336,16.115821838378906,15.475013444168592,PRICE,TRAIN,2022-01
VIVT3.SA,BEAR_CALM,0.00013328469694560258,1,MAX_DAYS,10,15.60816478729248,15.628974914550781,14.313034748574296,PRICE,TRAIN,2022-01
VIVT3.SA,BEAR_CALM,0.023927252106818432,1,END_CLOSED,2,15.56655502319336,15.9576997756958,14.172595570669788,PRICE,TRAIN,2022-01
VIVT3.SA,BEAR_CALM,0.04815507122876848,1,SIGNAL,2,15.248274803161621,16.0008544921875,13.736705326117889,PRICE,TEST,2022-01
VBBR3.SA,BEAR_CALM,0.04711493521926089,1,MAX_DAYS,10,11.335978507995605,11.883675575256348,9.548961436229437,PRICE,TRAIN,2022-01
VBBR3.SA,BEAR_CALM,0.06822506120219071,1,MAX_DAYS,10,11.01828384399414,11.783228874206543,9.152282981394118,PRICE,TEST,2022-01
WEGE3.SA,BEAR_CALM,-0.0685455402321277,0,MAX_DAYS,10,23.77484130859375,22.1737117767334,21.133450644860858,PRICE,TRAIN,2022-01
YDUQ3.SA,BEAR_CALM,0.15641177820281257,1,MAX_DAYS,10,17.204124450683594,19.91569709777832,14.101808187687007,PRICE,TRAIN,2022-01
YDUQ3.SA,BEAR_CALM,-0.10119999999999998,0,HARD_STOP,4,9.977341651916504,8.979607486724854,7.737101364952906,PRICE,TRAIN,2022-01
YDUQ3.SA,BEAR_CALM,0.02258488808620194,1,MAX_DAYS,10,9.016905784606934,9.231371879577637,6.974813483959771,PRICE,TRAIN,2022-01
YDUQ3.SA,BEAR_CALM,-0.026128204108900842,0,END_CLOSED,1,9.725577354431152,9.483136177062988,7.627537618437881,PRICE,TRAIN,2022-01
YDUQ3.SA,BEAR_CALM,-0.0012,0,MAX_DAYS,10,8.550674438476562,8.550674438476562,6.788321846582338,PRICE,TEST,2022-01
ALOS3.SA,BEAR_CALM,0.0022912484299116645,1,MAX_DAYS,10,17.24413299560547,17.304336547851562,15.027339632969603,PRICE,TRAIN,2022-04
ALOS3.SA,BEAR_CALM,-0.03685891686095912,0,MAX_DAYS,10,16.6420955657959,16.048656463623047,14.173734487973302,PRICE,TRAIN,2022-04
ABEV3.SA,BEAR_CALM,0.028661786331955465,1,MAX_DAYS,10,11.298129081726074,11.63551139831543,10.080267819675427,PRICE,TRAIN,2022-04
ABEV3.SA,BEAR_CALM,0.021176689838791375,1,MAX_DAYS,10,11.226424217224121,11.47763442993164,10.236749128513695,PRICE,TRAIN,2022-04
BBDC3.SA,BEAR_CALM,-0.0033334938879974393,0,MAX_DAYS,10,11.350701332092285,11.326484680175781,10.475202287387402,PRICE,TRAIN,2022-04
BBDC3.SA,BEAR_CALM,-0.05914895253848831,0,MAX_DAYS,10,9.815057754516602,9.246285438537598,8.90286395125642,PRICE,TRAIN,2022-04
BBDC3.SA,BEAR_CALM,-0.027185147078790182,0,MAX_DAYS,10,9.517531394958496,9.270216941833496,8.45694899751281,PRICE,TRAIN,2022-04
BBDC3.SA,BEAR_CALM,0.05309089944073762,1,MAX_DAYS,10,9.124205589294434,9.619566917419434,8.08102967730928,PRICE,TRAIN,2022-04
BBDC3.SA,BEAR_CALM,0.03013200388777646,1,END_CLOSED,7,9.180133819580078,9.467765808105469,8.299271511562903,PRICE,TRAIN,2022-04
B3SA3.SA,BEAR_CALM,0.013675945541972025,1,MAX_DAYS,10,10.879145622253418,11.040983200073242,9.490031227043529,PRICE,TRAIN,2022-04
AZUL4.SA,BEAR_CALM,-0.0055440651381916325,0,MAX_DAYS,10,11.510000228881836,11.460000038146973,8.742500066757202,PRICE,TRAIN,2022-04
AZUL4.SA,BEAR_CALM,0.23908906239769742,1,MAX_DAYS,10,11.069999694824219,13.729999542236328,8.644999742507935,PRICE,TRAIN,2022-04
AZUL4.SA,BEAR_CALM,-0.1012000000000001,0,HARD_STOP,1,9.520000457763672,8.568000411987304,6.942500352859497,PRICE,TRAIN,2022-04
AZUL4.SA,BEAR_CALM,-0.04669511392920025,0,MAX_DAYS,10,11.210000038146973,10.699999809265137,9.110000371932983,PRICE,TEST,2022-04
BEEF3.SA,BEAR_CALM,-0.015944155302024553,0,MAX_DAYS,10,10.947669982910156,10.786255836486816,8.906257028321349,PRICE,TRAIN,2022-04
BEEF3.SA,BEAR_CALM,-0.07419902430750794,0,END_CLOSED,2,10.795750617980957,10.007671356201172,9.04630747965307,PRICE,TRAIN,2022-04
BEEF3.SA,BEAR_CALM,-0.10119999999999987,0,HARD_STOP,9,9.58989429473877,8.630904865264894,8.17752073827416,PRICE,TEST,2022-04
BBSE3.SA,BEAR_CALM,0.01666308713435103,1,END_CLOSED,8,23.72156524658203,24.145305633544922,22.27182610641023,PRICE,TEST,2022-04
BBDC4.SA,BEAR_CALM,0.014642878378466097,1,MAX_DAYS,10,13.794824600219727,14.013374328613281,12.534402290844683,PRICE,TRAIN,2022-04
BBDC4.SA,BEAR_CALM,-0.098414608778879,0,STOP_LOSS,5,11.517613410949707,10.397933129137861,10.397933129137861,PRICE,TRAIN,2022-04
BBDC4.SA,BEAR_CALM,0.08591371079637908,1,MAX_DAYS,10,10.777987480163574,11.716897964477539,9.45533129298833,PRICE,TRAIN,2022-04
BBDC4.SA,BEAR_CALM,-0.03331598830170359,0,MAX_DAYS,10,11.252387046813965,10.891005516052246,9.860955125568223,PRICE,TRAIN,2022-04
BBDC4.SA,BEAR_CALM,-0.046852018246193027,0,MAX_DAYS,10,11.067439079284668,10.562188148498535,9.855301530788275,PRICE,TRAIN,2022-04
BBDC4.SA,BEAR_CALM,0.02017064580864667,1,MAX_DAYS,10,10.490011215209961,10.714189529418945,9.054451457801333,PRICE,TRAIN,2022-04
BBDC4.SA,BEAR_CALM,0.04653306888747775,1,END_CLOSED,6,10.09575080871582,10.577651977539062,8.802659040434948,PRICE,TRAIN,2022-04
BPAC11.SA,BEAR_CALM,0.09553139785981055,1,MAX_DAYS,10,20.572053909301758,22.5620174407959,17.43944920496331,PRICE,TRAIN,2022-04
BPAC11.SA,BEAR_CALM,-0.040855934687254146,0,MAX_DAYS,10,19.577434539794922,18.80107307434082,16.282372958042593,PRICE,TRAIN,2022-04
BPAC11.SA,BEAR_CALM,0.027073822317700592,1,MAX_DAYS,10,18.857194900512695,19.39035987854004,16.02534234729454,PRICE,TRAIN,2022-04
BPAC11.SA,BEAR_CALM,-0.012037188833999977,0,MAX_DAYS,10,18.98814582824707,18.782367706298828,16.062754676945072,PRICE,TRAIN,2022-04
BPAC11.SA,BEAR_CALM,-0.03755434389142633,0,MAX_DAYS,10,18.267908096313477,17.603790283203125,15.669898988537202,PRICE,TRAIN,2022-04
BPAC11.SA,BEAR_CALM,0.021704845641211536,1,END_CLOSED,3,17.968585968017578,18.38015365600586,15.23027051134388,PRICE,TRAIN,2022-04
BRAP4.SA,BEAR_CALM,0.05639743579187715,1,MAX_DAYS,10,17.6521053314209,18.668821334838867,15.283267555429632,PRICE,TRAIN,2022-04
BRAP4.SA,BEAR_CALM,0.044173568709582424,1,MAX_DAYS,10,15.036728858947754,15.718998908996582,13.553457954335332,PRICE,TRAIN,2022-04
BRAP4.SA,BEAR_CALM,-0.0032749709915797162,0,MAX_DAYS,10,17.093759536743164,17.058290481567383,15.219664172494662,PRICE,TEST,2022-04
CMIN3.SA,BEAR_CALM,-0.06663604713558993,0,MAX_DAYS,10,3.4433817863464355,3.2180604934692383,3.052438091917261,PRICE,TRAIN,2022-04
CMIN3.SA,BEAR_CALM,-0.03428843758253366,0,MAX_DAYS,10,3.119842529296875,3.0166118144989014,2.774637418096096,PRICE,TRAIN,2022-04
CMIN3.SA,BEAR_CALM,0.12451431089716722,1,MAX_DAYS,10,2.2180967330932617,2.496943235397339,1.907563057939941,PRICE,TRAIN,2022-04
BRKM5.SA,BEAR_CALM,-0.0014880238999025674,0,MAX_DAYS,10,41.40192413330078,41.38999938964844,37.7458892882914,PRICE,TRAIN,2022-04
BRKM5.SA,BEAR_CALM,0.02106179966078745,1,MAX_DAYS,10,22.459999084472656,22.959999084472656,18.939999103546143,PRICE,TRAIN,2022-04
BRKM5.SA,BEAR_CALM,0.05283008491924988,1,MAX_DAYS,10,22.579999923706055,23.799999237060547,19.27000093460083,PRICE,TRAIN,2022-04
BRKM5.SA,BEAR_CALM,-0.10119999999999998,0,HARD_STOP,9,22.450000762939453,20.20500068664551,19.262500286102295,PRICE,TRAIN,2022-04
BRKM5.SA,BEAR_CALM,0.01751926514270439,1,MAX_DAYS,10,20.299999237060547,20.68000030517578,17.602497100830078,PRICE,TRAIN,2022-04
BRKM5.SA,BEAR_CALM,-0.1465817999368351,0,STOP_LOSS,9,19.3799991607666,16.5625,16.5625,PRICE,TRAIN,2022-04
BRKM5.SA,BEAR_CALM,0.07511152955303654,1,SIGNAL,3,18.8700008392334,20.309999465942383,16.770002841949463,PRICE,TEST,2022-04
COGN3.SA,BEAR_CALM,0.08617865693406021,1,MAX_DAYS,10,2.0056746006011963,2.1809277534484863,1.6016186320850394,PRICE,TRAIN,2022-04
COGN3.SA,BEAR_CALM,0.15186120409193346,1,MAX_DAYS,10,1.9083118438720703,2.2004003524780273,1.5699758693051864,PRICE,TRAIN,2022-04
CPFE3.SA,BEAR_CALM,0.050708895343484085,1,MAX_DAYS,10,27.343826293945312,28.763214111328125,24.550835957755933,PRICE,TRAIN,2022-04
CPFE3.SA,BEAR_CALM,0.07716452363658552,1,MAX_DAYS,10,26.876802444458008,28.982990264892578,23.797645970607185,PRICE,TRAIN,2022-04
CSAN3.SA,BEAR_CALM,-0.1012000000000001,0,HARD_STOP,4,19.629676818847656,17.66670913696289,17.475927440090153,PRICE,TRAIN,2022-04
CSAN3.SA,BEAR_CALM,-0.040352731248278005,0,MAX_DAYS,10,14.652165412902832,14.078493118286133,12.69603420134848,PRICE,TRAIN,2022-04
CSAN3.SA,BEAR_CALM,-0.028569867151413984,0,MAX_DAYS,10,14.087897300720215,13.702313423156738,12.4139011802511,PRICE,TRAIN,2022-04
CSAN3.SA,BEAR_CALM,0.050403806434403765,1,MAX_DAYS,10,13.486011505126953,14.181941032409668,11.81201612543309,PRICE,TRAIN,2022-04
CSAN3.SA,BEAR_CALM,0.06017426285805825,1,SIGNAL,5,14.097301483154297,14.962512969970703,13.126289650094776,PRICE,TEST,2022-04
CSNA3.SA,BEAR_CALM,0.06680829415331399,1,MAX_DAYS,10,10.086638450622559,10.772613525390625,8.371699839837294,PRICE,TRAIN,2022-04
CYRE3.SA,BEAR_CALM,0.01788133453446559,1,MAX_DAYS,10,12.540639877319336,12.779932022094727,10.857861556518912,PRICE,TRAIN,2022-04
CVCB3.SA,BEAR_CALM,-0.10119999999999998,0,HARD_STOP,9,11.936141967773438,10.742527770996094,9.168505430221558,PRICE,TRAIN,2022-04
CVCB3.SA,BEAR_CALM,-0.0508215723063711,0,MAX_DAYS,10,10.833642959594727,10.296060562133789,8.3803551197052,PRICE,TRAIN,2022-04
CVCB3.SA,BEAR_CALM,-0.07051616545924624,0,MAX_DAYS,10,9.8587064743042,9.175338745117188,7.635486602783203,PRICE,TRAIN,2022-04
CVCB3.SA,BEAR_CALM,0.03696789126127884,1,MAX_DAYS,10,6.032267093658447,6.262506008148193,4.6301109790802,PRICE,TRAIN,2022-04
CVCB3.SA,BEAR_CALM,-0.10119999999999998,0,HARD_STOP,7,3.0115280151367188,2.710375213623047,1.832704484462738,PRICE,TRAIN,2022-04
CVCB3.SA,BEAR_CALM,-0.00758974015580529,0,END_CLOSED,5,2.882594108581543,2.8641750812530518,1.754422664642334,PRICE,TRAIN,2022-04
CVCB3.SA,BEAR_CALM,0.17084295687517667,1,SIGNAL,4,2.5694689750671387,3.0115280151367188,2.1074562867482505,PRICE,TEST,2022-04
CXSE3.SA,BEAR_CALM,0.018347543815818358,1,MAX_DAYS,10,5.735352039337158,5.847464084625244,5.144865947013207,PRICE,TRAIN,2022-04
DIRR3.SA,BEAR_CALM,-0.02265903424850737,0,MAX_DAYS,10,2.9127039909362793,2.8502001762390137,2.418294542896524,PRICE,TRAIN,2022-04
ECOR3.SA,BEAR_CALM,-0.1415763130666993,0,STOP_LOSS,5,6.347917556762695,5.456820294492978,5.456820294492978,PRICE,TRAIN,2022-04
ECOR3.SA,BEAR_CALM,0.14192265416370828,1,MAX_DAYS,10,4.942372798919678,5.649738311767578,4.253379841386286,PRICE,TRAIN,2022-04
ECOR3.SA,BEAR_CALM,0.04414008144081647,1,MAX_DAYS,10,3.6539974212646484,3.8196699619293213,3.0626386483014407,PRICE,TRAIN,2022-04
EGIE3.SA,BEAR_CALM,0.043500313820434046,1,MAX_DAYS,10,22.421131134033203,23.423362731933594,20.87727691117116,PRICE,TRAIN,2022-04
ELET3.SA,BEAR_CALM,-0.09669219638883211,0,STOP_LOSS,9,34.82598876953125,31.50037861051591,31.50037861051591,PRICE,TRAIN,2022-04
ELET3.SA,BEAR_CALM,-0.11667548742673631,0,STOP_LOSS,6,29.613460540771484,26.193831750433475,26.193831750433475,PRICE,TRAIN,2022-04
ELET3.SA,BEAR_CALM,0.07269478962929385,1,END_CLOSED,5,27.1033992767334,29.106199264526367,23.261781801628132,PRICE,TRAIN,2022-04
ELET6.SA,BEAR_CALM,0.019504247565189294,1,MAX_DAYS,10,34.17709732055664,34.884708404541016,29.884625671482816,PRICE,TRAIN,2022-04
ELET6.SA,BEAR_CALM,-0.06021488454866499,0,MAX_DAYS,10,32.5259895324707,30.60647201538086,28.971635990719264,PRICE,TRAIN,2022-04
ELET6.SA,BEAR_CALM,0.051049550510576226,1,MAX_DAYS,10,28.0200138092041,29.484046936035156,25.148876972984922,PRICE,TRAIN,2022-04
ELET6.SA,BEAR_CALM,0.007698776853476509,1,END_CLOSED,2,29.2481746673584,29.508447647094727,25.191576255884044,PRICE,TRAIN,2022-04
EMBR3.SA,BEAR_CALM,-0.035898183769531154,0,MAX_DAYS,10,14.39518928527832,13.895702362060547,12.250729927627408,PRICE,TRAIN,2022-04
ENEV3.SA,BEAR_CALM,-0.007962461895349902,0,MAX_DAYS,10,11.829999923706055,11.75,10.31749963760376,PRICE,TRAIN,2022-04
ENEV3.SA,BEAR_CALM,-0.0392623285541547,0,MAX_DAYS,10,11.5600004196167,11.119999885559082,10.22249984741211,PRICE,TRAIN,2022-04
ENEV3.SA,BEAR_CALM,0.031115946641153115,1,MAX_DAYS,10,11.140000343322754,11.5,9.687499284744263,PRICE,TRAIN,2022-04
ENEV3.SA,BEAR_CALM,-0.04416154765830662,0,END_CLOSED,9,10.9399995803833,10.470000267028809,9.38249945640564,PRICE,TRAIN,2022-04
ENGI11.SA,BEAR_CALM,-0.0029915835711768132,0,MAX_DAYS,10,30.363914489746094,30.30951499938965,26.67431476410411,PRICE,TRAIN,2022-04
ENGI11.SA,BEAR_CALM,-0.03364224034165877,0,MAX_DAYS,10,29.944246292114258,28.972787857055664,26.919125049972376,PRICE,TRAIN,2022-04
ENGI11.SA,BEAR_CALM,0.10905121941963078,1,END_CLOSED,8,28.747413635253906,31.916851043701172,25.061701427189824,PRICE,TRAIN,2022-04
EZTC3.SA,BEAR_CALM,-0.07676081746419852,0,MAX_DAYS,10,14.006315231323242,12.947986602783203,11.935591007261529,PRICE,TRAIN,2022-04
EZTC3.SA,BEAR_CALM,0.08431823625801624,1,MAX_DAYS,10,13.245640754699707,14.378384590148926,11.511387788819867,PRICE,TRAIN,2022-04
EZTC3.SA,BEAR_CALM,-0.10119999999999998,0,HARD_STOP,6,12.128777503967285,10.915899753570557,9.903061485600567,PRICE,TRAIN,2022-04
EZTC3.SA,BEAR_CALM,0.04685490805043422,1,MAX_DAYS,10,11.042242050170898,11.5728759765625,8.963923600090359,PRICE,TRAIN,2022-04
EZTC3.SA,BEAR_CALM,0.11712046520427885,1,MAX_DAYS,10,11.033820152282715,12.339346885681152,9.109218379664183,PRICE,TRAIN,2022-04
EZTC3.SA,BEAR_CALM,0.17236031024426465,1,MAX_DAYS,10,10.38526725769043,12.187737464904785,8.654389156585383,PRICE,TRAIN,2022-04
FLRY3.SA,BEAR_CALM,-0.028807415173904415,0,MAX_DAYS,10,12.424869537353516,12.0818510055542,11.162056296781357,PRICE,TRAIN,2022-04
FLRY3.SA,BEAR_CALM,-0.10475019615645623,0,STOP_LOSS,7,11.594003677368164,10.393442322338016,10.393442322338016,PRICE,TRAIN,2022-04
FLRY3.SA,BEAR_CALM,0.041934287881964495,1,MAX_DAYS,10,10.912062644958496,11.382746696472168,9.670629309930144,PRICE,TRAIN,2022-04
FLRY3.SA,BEAR_CALM,0.0016289139004784581,1,SIGNAL,1,11.092490196228027,11.123869895935059,9.80202871639495,PRICE,TEST,2022-04
FLRY3.SA,BEAR_CALM,0.041872538588343035,1,SIGNAL,1,10.927750587463379,11.398436546325684,9.681218395495888,PRICE,TEST,2022-04
GOAU4.SA,BEAR_CALM,-0.005816983813621966,0,MAX_DAYS,10,7.886895656585693,7.850481986999512,6.912866608744781,PRICE,TRAIN,2022-04
HYPE3.SA,BEAR_CALM,-0.0012,0,END_CLOSED,0,33.946510314941406,33.946510314941406,30.82637189856562,PRICE,TRAIN,2022-04
HAPV3.SA,BEAR_CALM,-0.08505940303693463,0,MAX_DAYS,10,166.35000610351562,152.39999389648438,136.0050018310547,PRICE,TRAIN,2022-04
HAPV3.SA,BEAR_CALM,-0.07940302753665521,0,MAX_DAYS,10,90.1500015258789,83.0999984741211,70.23749923706055,PRICE,TRAIN,2022-04
HAPV3.SA,BEAR_CALM,0.24209507235599323,1,MAX_DAYS,10,78.29999542236328,97.3499984741211,59.96249580383301,PRICE,TRAIN,2022-04
HAPV3.SA,BEAR_CALM,-0.10119999999999998,0,HARD_STOP,5,69.5999984741211,62.63999862670899,53.36250019073486,PRICE,TRAIN,2022-04
HAPV3.SA,BEAR_CALM,0.11694348391211759,1,SIGNAL,2,35.54999923706055,39.75,22.81874656677246,PRICE,TEST,2022-04
IRBR3.SA,BEAR_CALM,-0.10119999999999998,0,HARD_STOP,7,77.9110107421875,70.11990966796876,65.81088214450412,PRICE,TRAIN,2022-04
IRBR3.SA,BEAR_CALM,-0.10119999999999998,0,HARD_STOP,6,65.96299743652344,59.36669769287109,56.690842628479004,PRICE,TRAIN,2022-04
IRBR3.SA,BEAR_CALM,0.1873245808971636,1,MAX_DAYS,10,60.735740661621094,72.18592071533203,50.467918395996094,PRICE,TRAIN,2022-04
IRBR3.SA,BEAR_CALM,-0.10119999999999998,0,HARD_STOP,2,31.799999237060547,28.619999313354494,25.79999589920044,PRICE,TRAIN,2022-04
IRBR3.SA,BEAR_CALM,-0.06064907771076502,0,MAX_DAYS,10,20.690000534057617,19.459999084472656,17.25,PRICE,TRAIN,2022-04
ITSA4.SA,BEAR_CALM,0.03159307477516813,1,MAX_DAYS,10,5.817100524902344,6.007861137390137,5.356448706822707,PRICE,TRAIN,2022-04
KLBN11.SA,BEAR_CALM,0.05311133541350719,1,SIGNAL,4,13.929817199707031,14.68636417388916,12.628609754512812,PRICE,TEST,2022-04
LWSA3.SA,BEAR_CALM,-0.10119999999999998,0,HARD_STOP,1,9.465933799743652,8.519340419769287,7.580442661479032,PRICE,TRAIN,2022-04
LWSA3.SA,BEAR_CALM,-0.10119999999999998,0,HARD_STOP,5,8.600147247314453,7.740132522583008,6.539573823885609,PRICE,TRAIN,2022-04
LWSA3.SA,BEAR_CALM,-0.10119999999999987,0,HARD_STOP,3,4.906124114990234,4.4155117034912115,3.819080685380598,PRICE,TRAIN,2022-04
LWSA3.SA,BEAR_CALM,0.40023744751221424,1,PROFIT_TARGET,9,4.6848673820495605,6.565548585832765,3.7445267801579583,PRICE,TRAIN,2022-04
MGLU3.SA,BEAR_CALM,-0.10119999999999998,0,HARD_STOP,5,34.86753463745117,31.380781173706055,26.67275357722353,PRICE,TRAIN,2022-04
MGLU3.SA,BEAR_CALM,-0.10119999999999998,0,HARD_STOP,3,29.87348747253418,26.886138725280762,22.813718098351266,PRICE,TRAIN,2022-04
MGLU3.SA,BEAR_CALM,0.17271309453215364,1,SIGNAL,4,29.23788070678711,34.322731018066406,22.564016239982866,PRICE,TEST,2022-04
LREN3.SA,BEAR_CALM,0.010246998206537274,1,MAX_DAYS,10,19.145137786865234,19.36429214477539,16.082776144327802,PRICE,TRAIN,2022-04
LREN3.SA,BEAR_CALM,0.08355389433077884,1,MAX_DAYS,10,15.961974143981934,17.3148136138916,12.882050352379192,PRICE,TRAIN,2022-04
LREN3.SA,BEAR_CALM,-0.031042890827573853,0,MAX_DAYS,10,15.825881004333496,15.353590965270996,13.388358963859924,PRICE,TRAIN,2022-04
LREN3.SA,BEAR_CALM,-0.00015819068436320077,0,MAX_DAYS,10,15.369599342346191,15.385611534118652,12.916066230009907,PRICE,TRAIN,2022-04
LREN3.SA,BEAR_CALM,-0.10119999999999998,0,HARD_STOP,7,14.785235404968262,13.306711864471437,12.267661013230757,PRICE,TRAIN,2022-04
LREN3.SA,BEAR_CALM,-0.025920416181688298,0,END_CLOSED,5,13.742863655090332,13.4031343460083,11.194078925562916,PRICE,TRAIN,2022-04
MRVE3.SA,BEAR_CALM,-0.07604216457857818,0,MAX_DAYS,10,10.652109146118164,9.85488224029541,9.129213366758565,PRICE,TRAIN,2022-04
MRVE3.SA,BEAR_CALM,-0.10119999999999998,0,HARD_STOP,6,9.97974967956543,8.981774711608887,8.625423814144533,PRICE,TRAIN,2022-04
MRVE3.SA,BEAR_CALM,0.06780105198060302,1,MAX_DAYS,10,9.32659912109375,9.970144271850586,7.720138301958096,PRICE,TRAIN,2022-04
MRVE3.SA,BEAR_CALM,0.005973628728830872,1,MAX_DAYS,10,6.96999979019165,7.019999980926514,5.574999690055847,PRICE,TRAIN,2022-04
MRVE3.SA,BEAR_CALM,-0.10119999999999998,0,HARD_STOP,5,6.900000095367432,6.210000085830688,5.722500205039978,PRICE,TRAIN,2022-04
MRVE3.SA,BEAR_CALM,0.015301634583630187,1,MAX_DAYS,10,6.059999942779541,6.159999847412109,4.855000138282776,PRICE,TRAIN,2022-04
MRVE3.SA,BEAR_CALM,0.1767660503263627,1,MAX_DAYS,10,5.900000095367432,6.949999809265137,4.915000081062317,PRICE,TRAIN,2022-04
PCAR3.SA,BEAR_CALM,0.07398246330738009,1,END_CLOSED,5,13.699999809265137,14.729999542236328,11.817500114440918,PRICE,TRAIN,2022-04
PCAR3.SA,BEAR_CALM,0.041891663431762406,1,SIGNAL,4,14.619999885559082,15.25,13.167500019073486,PRICE,TEST,2022-04
PETR3.SA,BEAR_CALM,0.05947242011674612,1,SIGNAL,4,16.65680503845215,17.66741371154785,14.952160861952354,PRICE,TEST,2022-04
PETR4.SA,BEAR_CALM,0.056072424388257415,1,SIGNAL,4,14.168882369995117,14.980368614196777,12.779432245754169,PRICE,TEST,2022-04
RAIL3.SA,BEAR_CALM,-0.05190255709827465,0,MAX_DAYS,10,15.563650131225586,14.77453327178955,13.668546909093504,PRICE,TRAIN,2022-04
RADL3.SA,BEAR_CALM,-0.07769576475158227,0,STOP_LOSS,9,20.051944732666016,18.518055885584268,18.518055885584268,PRICE,TRAIN,2022-04
RAIZ4.SA,BEAR_CALM,0.1559429937115576,1,MAX_DAYS,10,3.7409520149230957,4.3288164138793945,3.0395232112567774,PRICE,TRAIN,2022-04
RAIZ4.SA,BEAR_CALM,0.008636064459724847,1,MAX_DAYS,10,2.806708335876465,2.834315299987793,2.341991051044697,PRICE,TRAIN,2022-04
RAIZ4.SA,BEAR_CALM,-0.04080387150295852,0,MAX_DAYS,10,2.7883036136627197,2.6778759956359863,2.2522683999604527,PRICE,TRAIN,2022-04
RAIZ4.SA,BEAR_CALM,-0.10119999999999998,0,HARD_STOP,3,2.7054827213287354,2.434934449195862,2.23846485636488,PRICE,TRAIN,2022-04
RAIZ4.SA,BEAR_CALM,-0.1012000000000001,0,HARD_STOP,6,2.4938294887542725,2.244446539878845,2.0360137992687455,PRICE,TRAIN,2022-04
RAIZ4.SA,BEAR_CALM,0.035163694361267296,1,END_CLOSED,2,2.6159846782684326,2.711111545562744,2.1663321856307487,PRICE,TRAIN,2022-04
RDOR3.SA,BEAR_CALM,-0.10820139991679525,0,STOP_LOSS,7,42.53172302246094,37.98076911818423,37.98076911818423,PRICE,TRAIN,2022-04
RDOR3.SA,BEAR_CALM,-0.048070683140331937,0,MAX_DAYS,10,32.76498031616211,31.229263305664062,27.74581981593122,PRICE,TRAIN,2022-04
RDOR3.SA,BEAR_CALM,0.009266395594550537,1,END_CLOSED,4,19.884624481201172,20.092744827270508,15.6276879319874,PRICE,TRAIN,2022-04
RENT3.SA,BEAR_CALM,-0.008100594035100238,0,MAX_DAYS,10,46.74205017089844,46.41950225830078,41.68469644520072,PRICE,TRAIN,2022-04
SANB11.SA,BEAR_CALM,0.007818684100259078,1,MAX_DAYS,10,22.363859176635742,22.5655517578125,20.508269989658352,PRICE,TRAIN,2022-04
SANB11.SA,BEAR_CALM,0.08249247904675502,1,MAX_DAYS,10,22.46067237854004,24.34046173095703,20.639374046987065,PRICE,TRAIN,2022-04
SANB11.SA,BEAR_CALM,0.02838110809711867,1,END_CLOSED,4,21.976823806762695,22.626922607421875,19.82599913256768,PRICE,TRAIN,2022-04
SBSP3.SA,BEAR_CALM,-0.027668758445860718,0,MAX_DAYS,10,46.09803009033203,44.877872467041016,41.50393350084438,PRICE,TEST,2022-04
SMFT3.SA,BEAR_CALM,-0.10119999999999998,0,HARD_STOP,5,15.904923439025879,14.314431095123291,13.311927617413568,PRICE,TRAIN,2022-04
SMFT3.SA,BEAR_CALM,-0.10119999999999998,0,HARD_STOP,8,14.644950866699219,13.180455780029297,11.654787709124234,PRICE,TRAIN,2022-04
SMFT3.SA,BEAR_CALM,-0.10119999999999998,0,HARD_STOP,7,12.910199165344238,11.619179248809814,10.292096163923992,PRICE,TRAIN,2022-04
SMFT3.SA,BEAR_CALM,0.048653394591390155,1,MAX_DAYS,10,9.340264320373535,9.805908203125,7.267694206168127,PRICE,TRAIN,2022-04
SMFT3.SA,BEAR_CALM,0.18519311220603427,1,MAX_DAYS,10,9.79677677154541,11.622828483581543,7.936485002595829,PRICE,TRAIN,2022-04
SUZB3.SA,BEAR_CALM,-0.022579388049810432,0,MAX_DAYS,10,45.77410888671875,44.79548645019531,41.580407541218044,PRICE,TRAIN,2022-04
SUZB3.SA,BEAR_CALM,-0.028590799186175707,0,MAX_DAYS,10,40.075157165527344,38.97746658325195,36.00139664278617,PRICE,TEST,2022-04
SUZB3.SA,BEAR_CALM,0.07328457059905111,1,MAX_DAYS,10,36.71584701538086,39.45061111450195,32.73908353562904,PRICE,TEST,2022-04
TIMS3.SA,BEAR_CALM,-0.0448301904520382,0,MAX_DAYS,10,8.668103218078613,8.289912223815918,7.887141759128886,PRICE,TRAIN,2022-04
TIMS3.SA,BEAR_CALM,0.1256113322723532,1,MAX_DAYS,10,8.350424766540527,9.409353256225586,7.620519111509884,PRICE,TRAIN,2022-04
USIM5.SA,BEAR_CALM,-0.10119999999999998,0,HARD_STOP,9,11.415972709655762,10.274375438690186,10.027978645755672,PRICE,TRAIN,2022-04
USIM5.SA,BEAR_CALM,-0.10119999999999998,0,HARD_STOP,1,9.930200576782227,8.937180519104004,8.129010007629827,PRICE,TRAIN,2022-04
USIM5.SA,BEAR_CALM,0.13050726231107443,1,MAX_DAYS,10,7.560598373413086,8.556384086608887,6.426508457804043,PRICE,TRAIN,2022-04
USIM5.SA,BEAR_CALM,0.09669163230398867,1,END_CLOSED,6,6.1222405433654785,6.721556663513184,5.373095688493807,PRICE,TRAIN,2022-04
USIM5.SA,BEAR_CALM,0.07840892624022064,1,SIGNAL,4,6.601693153381348,7.127246856689453,6.085359304972317,PRICE,TEST,2022-04
VALE3.SA,BEAR_CALM,0.06169113485329434,1,MAX_DAYS,10,50.16706466674805,53.32212829589844,44.66331727166107,PRICE,TRAIN,2022-04
VBBR3.SA,BEAR_CALM,-0.10505689197544357,0,STOP_LOSS,10,15.82684326171875,14.183116510774148,14.183116510774148,PRICE,TRAIN,2022-04
VBBR3.SA,BEAR_CALM,0.03782454632231778,1,MAX_DAYS,10,11.087823867797852,11.52052116394043,9.507712176706816,PRICE,TRAIN,2022-04
VBBR3.SA,BEAR_CALM,-0.10119999999999998,0,HARD_STOP,4,11.134184837341309,10.020766353607177,9.660315119021972,PRICE,TRAIN,2022-04
VBBR3.SA,BEAR_CALM,0.05554866557773117,1,MAX_DAYS,10,10.0756254196167,10.647403717041016,8.70316920962694,PRICE,TEST,2022-04
WEGE3.SA,BEAR_CALM,-0.08586821779112766,0,MAX_DAYS,10,24.407840728759766,22.341272354125977,21.806013284971186,PRICE,TRAIN,2022-04
YDUQ3.SA,BEAR_CALM,0.20247841237052353,1,MAX_DAYS,10,13.6885404586792,16.476600646972656,10.958075057333918,PRICE,TRAIN,2022-04
YDUQ3.SA,BEAR_CALM,-0.10119999999999998,0,HARD_STOP,3,9.725577354431152,8.753019618988038,7.627537618437881,PRICE,TRAIN,2022-04
YDUQ3.SA,BEAR_CALM,-0.0055056740108261545,0,MAX_DAYS,10,8.662569999694824,8.625271797180176,6.762678483338243,PRICE,TRAIN,2022-04
YDUQ3.SA,BEAR_CALM,0.08970897296764332,1,MAX_DAYS,10,8.821088790893555,9.623004913330078,7.27786405255471,PRICE,TRAIN,2022-04
YDUQ3.SA,BEAR_CALM,-0.10119999999999998,0,HARD_STOP,7,8.392156600952148,7.552940940856934,6.862919890334751,PRICE,TRAIN,2022-04
YDUQ3.SA,BEAR_CALM,-0.10119999999999998,0,HARD_STOP,6,7.795380115509033,7.01584210395813,5.958430516877241,PRICE,TRAIN,2022-04
YDUQ3.SA,BEAR_CALM,-0.13594230847540015,0,MAX_DAYS,10,7.0587358474731445,6.107625484466553,5.706666308789005,PRICE,TRAIN,2022-04
YDUQ3.SA,BEAR_CALM,-0.10119999999999987,0,HARD_STOP,3,6.74169921875,6.0675292968750005,4.855795332195668,PRICE,TRAIN,2022-04
YDUQ3.SA,BEAR_CALM,-0.034121783275711935,0,END_CLOSED,1,6.797646522521973,6.573855876922607,5.011982214333739,PRICE,TRAIN,2022-04
AURE3.SA,BEAR_CALM,0.035564677576874405,1,SIGNAL,3,10.65268611907959,11.044328689575195,9.679452219776454,PRICE,TRAIN,2022-07
ABEV3.SA,BEAR_CALM,0.02877066963226347,1,SIGNAL,1,11.256987571716309,11.594367027282715,10.24895946783191,PRICE,TRAIN,2022-07
ASAI3.SA,BEAR_CALM,0.10510944369234818,1,MAX_DAYS,10,11.363585472106934,12.57164192199707,9.197922877560606,PRICE,TRAIN,2022-07
ASAI3.SA,BEAR_CALM,0.006882394232803214,1,SIGNAL,1,13.36719036102295,13.475229263305664,12.060917838564908,PRICE,TEST,2022-07
ASAI3.SA,BEAR_CALM,0.04891930058525582,1,MAX_DAYS,10,12.345745086669922,12.964505195617676,10.623528274251195,PRICE,TEST,2022-07
B3SA3.SA,BEAR_CALM,-0.10119999999999998,0,HARD_STOP,8,10.079018592834473,9.071116733551026,8.630386038855509,PRICE,TRAIN,2022-07
B3SA3.SA,BEAR_CALM,0.1044830849554331,1,MAX_DAYS,10,9.123873710632324,10.088112831115723,7.711421378739973,PRICE,TRAIN,2022-07
BBDC3.SA,BEAR_CALM,0.015667506106461816,1,END_CLOSED,4,10.149397850036621,10.320592880249023,9.51149298942505,PRICE,TEST,2022-07
BBDC4.SA,BEAR_CALM,-0.098414608778879,0,STOP_LOSS,5,11.517613410949707,10.397933129137861,10.397933129137861,PRICE,TRAIN,2022-07
BBDC4.SA,BEAR_CALM,0.08591371079637908,1,MAX_DAYS,10,10.777987480163574,11.716897964477539,9.45533129298833,PRICE,TRAIN,2022-07
BBSE3.SA,BEAR_CALM,0.01666308713435103,1,END_CLOSED,8,23.72156524658203,24.145305633544922,22.27182610641023,PRICE,TRAIN,2022-07
BBSE3.SA,BEAR_CALM,0.026066793619076246,1,MAX_DAYS,10,23.8863525390625,24.537656784057617,22.362067096817963,PRICE,TEST,2022-07
BEEF3.SA,BEAR_CALM,0.027219142229780148,1,MAX_DAYS,10,10.691307067871094,10.995144844055176,8.799439690724544,PRICE,TRAIN,2022-07
BEEF3.SA,BEAR_CALM,0.14213341090041584,1,MAX_DAYS,10,8.852279663085938,10.12110710144043,7.530403442025804,PRICE,TRAIN,2022-07
BEEF3.SA,BEAR_CALM,-0.058761016677395216,0,MAX_DAYS,10,10.08176326751709,9.501446723937988,8.825230466765898,PRICE,TEST,2022-07
BPAC11.SA,BEAR_CALM,-0.02998987259729515,0,MAX_DAYS,10,20.199501037597656,19.61795997619629,17.28952188976263,PRICE,TRAIN,2022-07
BRAP4.SA,BEAR_CALM,-0.041574012693343286,0,MAX_DAYS,10,15.739069938659668,15.103620529174805,13.991028439687865,PRICE,TRAIN,2022-07
BRAP4.SA,BEAR_CALM,0.05229777793134103,1,MAX_DAYS,10,14.628705978393555,15.411309242248535,13.118679900154063,PRICE,TRAIN,2022-07
BRAP4.SA,BEAR_CALM,0.027294016588988647,1,MAX_DAYS,10,16.636911392211914,17.110963821411133,15.97850555826193,PRICE,TEST,2022-07
BRKM5.SA,BEAR_CALM,0.02106179966078745,1,MAX_DAYS,10,22.459999084472656,22.959999084472656,18.939999103546143,PRICE,TRAIN,2022-07
COGN3.SA,BEAR_CALM,0.08617865693406021,1,MAX_DAYS,10,2.0056746006011963,2.1809277534484863,1.6016186320850394,PRICE,TRAIN,2022-07
CSAN3.SA,BEAR_CALM,0.009210557253548891,1,MAX_DAYS,10,16.260330200195312,16.429609298706055,14.768154799987641,PRICE,TRAIN,2022-07
CSAN3.SA,BEAR_CALM,0.13884220821783563,1,MAX_DAYS,10,13.363753318786621,15.23524284362793,11.823771414488629,PRICE,TRAIN,2022-07
CSNA3.SA,BEAR_CALM,0.04485262738739735,1,SIGNAL,1,10.478035926818848,10.960577011108398,9.618509317326279,PRICE,TEST,2022-07
CVCB3.SA,BEAR_CALM,-0.10119999999999987,0,HARD_STOP,5,2.670773983001709,2.4036965847015384,2.014592170715332,PRICE,TRAIN,2022-07
CVCB3.SA,BEAR_CALM,0.15688804633977801,1,MAX_DAYS,10,2.505002021789551,2.901012897491455,1.8810540437698364,PRICE,TRAIN,2022-07
CVCB3.SA,BEAR_CALM,-0.10091500489029795,0,STOP_LOSS,7,3.509999990463257,3.1600003242492676,3.1600003242492676,PRICE,TEST,2022-07
CVCB3.SA,BEAR_CALM,-0.04300060463260349,0,MAX_DAYS,10,3.109999895095825,2.9800000190734863,2.524545452811501,PRICE,TEST,2022-07
CVCB3.SA,BEAR_CALM,-0.10119999999999998,0,HARD_STOP,4,2.880000114440918,2.5920001029968263,2.417500138282776,PRICE,TEST,2022-07
CVCB3.SA,BEAR_CALM,-0.10119999999999987,0,HARD_STOP,9,2.509999990463257,2.2589999914169314,2.0200000405311584,PRICE,TEST,2022-07
CVCB3.SA,BEAR_CALM,0.041535105435526055,1,MAX_DAYS,10,2.3399999141693115,2.440000057220459,1.9200000166893005,PRICE,TEST,2022-07
CXSE3.SA,BEAR_CALM,-0.014396528771573068,0,MAX_DAYS,10,5.086697578430176,5.019570827484131,4.773440869984131,PRICE,TRAIN,2022-07
CYRE3.SA,BEAR_CALM,0.02223093220186354,1,SIGNAL,1,10.590858459472656,10.839012145996094,9.350089637362684,PRICE,TRAIN,2022-07
DIRR3.SA,BEAR_CALM,0.019151534443399322,1,SIGNAL,1,2.7026896476745605,2.7576935291290283,2.2126561256266477,PRICE,TRAIN,2022-07
ECOR3.SA,BEAR_CALM,-0.05093370329435689,0,MAX_DAYS,10,5.172037124633789,4.9148125648498535,4.5129007927560725,PRICE,TRAIN,2022-07
ECOR3.SA,BEAR_CALM,0.044340897139205505,1,MAX_DAYS,10,4.841320037841797,5.061798095703125,4.114167559444892,PRICE,TRAIN,2022-07
ELET3.SA,BEAR_CALM,0.030738010811658924,1,MAX_DAYS,10,28.20537567138672,29.106199264526367,24.50369089827725,PRICE,TRAIN,2022-07
ELET3.SA,BEAR_CALM,-0.006015722765065144,0,MAX_DAYS,10,29.525999069213867,29.38381004333496,26.381863573376375,PRICE,TRAIN,2022-07
ELET6.SA,BEAR_CALM,0.019504247565189294,1,MAX_DAYS,10,34.17709732055664,34.884708404541016,29.884625671482816,PRICE,TRAIN,2022-07
ELET6.SA,BEAR_CALM,0.051049550510576226,1,MAX_DAYS,10,28.0200138092041,29.484046936035156,25.148876972984922,PRICE,TRAIN,2022-07
EMBR3.SA,BEAR_CALM,-0.03290527895041886,0,MAX_DAYS,10,11.658005714416504,11.288385391235352,9.997214835016791,PRICE,TRAIN,2022-07
EZTC3.SA,BEAR_CALM,-0.10119999999999998,0,HARD_STOP,6,12.128777503967285,10.915899753570557,9.903061485600567,PRICE,TRAIN,2022-07
EZTC3.SA,BEAR_CALM,0.04685490805043422,1,MAX_DAYS,10,11.042242050170898,11.5728759765625,8.963923600090359,PRICE,TRAIN,2022-07
GOAU4.SA,BEAR_CALM,-0.003883457866101468,0,END_CLOSED,3,9.510238647460938,9.484718322753906,8.797820340329128,PRICE,TEST,2022-07
HYPE3.SA,BEAR_CALM,-0.023303653119033395,0,MAX_DAYS,10,33.81144332885742,33.0640869140625,29.751614900554817,PRICE,TRAIN,2022-07
HYPE3.SA,BEAR_CALM,0.05223297177725681,1,MAX_DAYS,10,33.703399658203125,35.5042724609375,30.358273285348652,PRICE,TRAIN,2022-07
HAPV3.SA,BEAR_CALM,-0.10119999999999998,0,HARD_STOP,5,69.5999984741211,62.63999862670899,53.36250019073486,PRICE,TRAIN,2022-07
HAPV3.SA,BEAR_CALM,0.18213329094780825,1,MAX_DAYS,10,36.0,42.599998474121094,24.412498474121094,PRICE,TRAIN,2022-07
HAPV3.SA,BEAR_CALM,-0.033607327280444486,0,MAX_DAYS,10,64.79999542236328,62.70000076293945,51.675002098083496,PRICE,TEST,2022-07
IGTI11.SA,BEAR_CALM,0.03996360865386137,1,SIGNAL,2,16.730188369750977,17.41886329650879,14.705489269658413,PRICE,TRAIN,2022-07
IRBR3.SA,BEAR_CALM,-0.10119999999999998,0,HARD_STOP,2,31.799999237060547,28.619999313354494,25.79999589920044,PRICE,TRAIN,2022-07
IRBR3.SA,BEAR_CALM,-0.06064907771076502,0,MAX_DAYS,10,20.690000534057617,19.459999084472656,17.25,PRICE,TRAIN,2022-07
ITUB4.SA,BEAR_CALM,0.008520770992196704,1,MAX_DAYS,10,16.4725341796875,16.632659912109375,15.109552310896063,PRICE,TRAIN,2022-07
ITSA4.SA,BEAR_CALM,0.03875152540314839,1,MAX_DAYS,10,5.20723295211792,5.41526985168457,4.890975407724113,PRICE,TRAIN,2022-07
KLBN11.SA,BEAR_CALM,-0.07577329911590283,0,STOP_LOSS,6,14.652318000793457,13.559646307778959,13.559646307778959,PRICE,TRAIN,2022-07
KLBN11.SA,BEAR_CALM,0.07209002962855457,1,MAX_DAYS,10,13.562599182128906,14.556602478027344,12.402928960558354,PRICE,TRAIN,2022-07
LREN3.SA,BEAR_CALM,0.034839995651047985,1,SIGNAL,2,18.157072067260742,18.811452865600586,15.411437799403544,PRICE,TRAIN,2022-07
LREN3.SA,BEAR_CALM,-0.10119999999999998,0,HARD_STOP,9,12.982518196105957,11.684266376495362,10.266705095309625,PRICE,TRAIN,2022-07
LREN3.SA,BEAR_CALM,0.2180754600775506,1,MAX_DAYS,10,12.505278587341309,15.247379302978516,10.406235775788916,PRICE,TRAIN,2022-07
LREN3.SA,BEAR_CALM,0.007182778627643806,1,SIGNAL,1,16.545429229736328,16.684125900268555,14.560873286315175,PRICE,TEST,2022-07
LREN3.SA,BEAR_CALM,-0.10119999999999998,0,HARD_STOP,6,16.15382194519043,14.538439750671387,13.869442202914009,PRICE,TEST,2022-07
MGLU3.SA,BEAR_CALM,-0.10119999999999998,0,HARD_STOP,4,30.59989356994629,27.53990421295166,27.26296129126362,PRICE,TEST,2022-07
MGLU3.SA,BEAR_CALM,0.0020679870919796187,1,MAX_DAYS,10,27.785066604614258,27.87586784362793,22.65481612904717,PRICE,TEST,2022-07
MRVE3.SA,BEAR_CALM,0.04264902906109045,1,SIGNAL,2,8.08272647857666,8.437146186828613,6.256483983765625,PRICE,TRAIN,2022-07
PCAR3.SA,BEAR_CALM,0.056464231595007776,1,MAX_DAYS,10,13.699999809265137,14.489999771118164,11.817500114440918,PRICE,TRAIN,2022-07
PCAR3.SA,BEAR_CALM,0.21739474026622738,1,MAX_DAYS,10,14.09000015258789,17.170000076293945,11.854999542236328,PRICE,TRAIN,2022-07
RAIL3.SA,BEAR_CALM,0.010085230577273264,1,SIGNAL,1,15.164337158203125,15.335470199584961,13.766745938487205,PRICE,TRAIN,2022-07
RAIL3.SA,BEAR_CALM,0.050458191416338095,1,MAX_DAYS,10,14.907636642456055,15.677738189697266,13.584916004818215,PRICE,TRAIN,2022-07
RADL3.SA,BEAR_CALM,0.0423618002386422,1,SIGNAL,2,17.009641647338867,17.750612258911133,15.75412541184247,PRICE,TRAIN,2022-07
RDOR3.SA,BEAR_CALM,0.23495371130723205,1,MAX_DAYS,10,24.437480926513672,30.20848274230957,20.059987238366304,PRICE,TRAIN,2022-07
RDOR3.SA,BEAR_CALM,0.00011725076058919487,1,MAX_DAYS,10,21.540103912353516,21.568477630615234,17.422699653831046,PRICE,TRAIN,2022-07
RDOR3.SA,BEAR_CALM,-0.04233205166998768,0,END_CLOSED,6,25.068628311157227,24.037504196166992,22.07694794593374,PRICE,TEST,2022-07
RECV3.SA,BEAR_CALM,-0.10119999999999998,0,HARD_STOP,9,15.97932243347168,14.381390190124511,13.745612450483492,PRICE,TRAIN,2022-07
RECV3.SA,BEAR_CALM,-0.04135181064718487,0,MAX_DAYS,10,14.557401657104492,13.972895622253418,12.48377740246279,PRICE,TRAIN,2022-07
RECV3.SA,BEAR_CALM,0.015324297511655073,1,MAX_DAYS,10,13.862310409545898,14.091375350952148,11.573647827285168,PRICE,TRAIN,2022-07
RECV3.SA,BEAR_CALM,0.07503833535939583,1,MAX_DAYS,10,14.194058418273926,15.276189804077148,12.560991688260223,PRICE,TRAIN,2022-07
RENT3.SA,BEAR_CALM,0.06101553746229103,1,SIGNAL,3,46.72529983520508,49.63233947753906,43.421644757330974,PRICE,TRAIN,2022-07
SANB11.SA,BEAR_CALM,-0.011293879232064062,0,MAX_DAYS,10,23.178701400756836,22.944738388061523,21.324457780480934,PRICE,TRAIN,2022-07
SLCE3.SA,BEAR_CALM,-0.039976235696246774,0,MAX_DAYS,10,17.008285522460938,16.34876823425293,15.30171039578444,PRICE,TRAIN,2022-07
SLCE3.SA,BEAR_CALM,-0.008332518106810037,0,MAX_DAYS,10,16.25139808654785,16.13548469543457,14.257002932092801,PRICE,TRAIN,2022-07
SLCE3.SA,BEAR_CALM,0.011061305353786334,1,MAX_DAYS,10,16.260671615600586,16.46004867553711,14.883592321039469,PRICE,TRAIN,2022-07
SLCE3.SA,BEAR_CALM,0.06221048728128973,1,MAX_DAYS,10,16.232852935791016,17.26218605041504,14.846499867507825,PRICE,TRAIN,2022-07
SUZB3.SA,BEAR_CALM,-0.09591928983448408,0,STOP_LOSS,7,45.05120086669922,40.783983114414774,40.783983114414774,PRICE,TRAIN,2022-07
SUZB3.SA,BEAR_CALM,-0.039334594136661315,0,MAX_DAYS,10,38.95854187011719,37.47287368774414,34.6553100100958,PRICE,TRAIN,2022-07
TOTS3.SA,BEAR_CALM,0.10364822491703504,1,MAX_DAYS,10,24.33066749572754,26.881694793701172,21.081941336281243,PRICE,TRAIN,2022-07
UGPA3.SA,BEAR_CALM,0.011436981618625587,1,MAX_DAYS,10,10.34327220916748,10.473979949951172,9.352077362080863,PRICE,TRAIN,2022-07
USIM5.SA,BEAR_CALM,0.1664736639705163,1,MAX_DAYS,10,6.103800296783447,7.127246856689453,5.398451678686943,PRICE,TRAIN,2022-07
VALE3.SA,BEAR_CALM,0.039123693307391606,1,MAX_DAYS,10,50.48656463623047,52.522369384765625,43.83973441072938,PRICE,TRAIN,2022-07
VALE3.SA,BEAR_CALM,0.021865135289654038,1,MAX_DAYS,10,52.81137466430664,54.029476165771484,49.27726495288954,PRICE,TEST,2022-07
VBBR3.SA,BEAR_CALM,0.0030787225828555545,1,MAX_DAYS,10,12.097002983093262,12.148762702941895,10.699487854300324,PRICE,TRAIN,2022-07
VBBR3.SA,BEAR_CALM,-0.022809434655000314,0,MAX_DAYS,10,10.369239807128906,10.145166397094727,9.036382399736123,PRICE,TRAIN,2022-07
VIVT3.SA,BEAR_CALM,0.00740033406313554,1,MAX_DAYS,10,19.268573760986328,19.434289932250977,17.260301817352854,PRICE,TRAIN,2022-07
WEGE3.SA,BEAR_CALM,0.01880772064158074,1,SIGNAL,1,24.699594497680664,25.193777084350586,22.235695537404958,PRICE,TRAIN,2022-07
WEGE3.SA,BEAR_CALM,0.1437894928784745,1,PROFIT_TARGET,10,34.40618133544922,39.39471611916083,31.91191394359341,PRICE,TEST,2022-07
YDUQ3.SA,BEAR_CALM,0.10991122090703173,1,SIGNAL,2,11.581174850463867,12.867973327636719,9.574050652627363,PRICE,TRAIN,2022-07
YDUQ3.SA,BEAR_CALM,-0.10119999999999998,0,HARD_STOP,3,9.725577354431152,8.753019618988038,7.627537618437881,PRICE,TRAIN,2022-07
YDUQ3.SA,BEAR_CALM,-0.0055056740108261545,0,MAX_DAYS,10,8.662569999694824,8.625271797180176,6.762678483338243,PRICE,TRAIN,2022-07
ABEV3.SA,BEAR_CALM,-0.01101865506211621,0,END_CLOSED,6,11.46897029876709,11.35636043548584,10.754324641431964,PRICE,TRAIN,2022-10
ASAI3.SA,BEAR_CALM,-0.059511559837521454,0,MAX_DAYS,10,11.285013198852539,10.62696647644043,9.789673862532108,PRICE,TEST,2022-10
AURE3.SA,BEAR_CALM,0.06030511803351355,1,MAX_DAYS,10,10.825008392333984,11.490801811218262,9.667485871991724,PRICE,TRAIN,2022-10
AZUL4.SA,BEAR_CALM,0.00424744690631771,1,MAX_DAYS,10,12.850000381469727,12.920000076293945,9.175001382827759,PRICE,TEST,2022-10
B3SA3.SA,BEAR_CALM,-0.03253148612075787,0,MAX_DAYS,10,10.864888191223145,10.52447509765625,9.061162934354346,PRICE,TEST,2022-10
BBDC3.SA,BEAR_CALM,0.015667506106461816,1,END_CLOSED,4,10.149397850036621,10.320592880249023,9.51149298942505,PRICE,TRAIN,2022-10
BBDC3.SA,BEAR_CALM,0.03795152402193378,1,SIGNAL,5,10.008367538452148,10.4002103805542,9.27646721224643,PRICE,TEST,2022-10
BBDC4.SA,BEAR_CALM,-0.098414608778879,0,STOP_LOSS,5,11.517613410949707,10.397933129137861,10.397933129137861,PRICE,TRAIN,2022-10
BBDC4.SA,BEAR_CALM,0.08591371079637908,1,MAX_DAYS,10,10.777987480163574,11.716897964477539,9.45533129298833,PRICE,TRAIN,2022-10
BBDC4.SA,BEAR_CALM,0.0325884186140367,1,SIGNAL,1,11.408697128295898,11.79417896270752,10.591244635530277,PRICE,TEST,2022-10
BBSE3.SA,BEAR_CALM,0.04511150190416733,1,MAX_DAYS,10,23.72156524658203,24.820146560668945,22.27182610641023,PRICE,TRAIN,2022-10
BEEF3.SA,BEAR_CALM,0.027219142229780148,1,MAX_DAYS,10,10.691307067871094,10.995144844055176,8.799439690724544,PRICE,TRAIN,2022-10
BEEF3.SA,BEAR_CALM,-0.007342529315232625,0,END_CLOSED,3,8.140000343322754,8.09000015258789,7.265000820159912,PRICE,TRAIN,2022-10
BEEF3.SA,BEAR_CALM,-0.05286052526222231,0,MAX_DAYS,10,8.130000114440918,7.710000038146973,7.307499647140503,PRICE,TEST,2022-10
BEEF3.SA,BEAR_CALM,0.04303591447970354,1,MAX_DAYS,10,7.460000038146973,7.789999961853027,6.663076950953557,PRICE,TEST,2022-10
BEEF3.SA,BEAR_CALM,0.029591793674664447,1,MAX_DAYS,10,6.820000171661377,7.03000020980835,5.819999933242798,PRICE,TEST,2022-10
BRAP4.SA,BEAR_CALM,-0.030439755412705403,0,MAX_DAYS,10,16.727209091186523,16.238109588623047,15.831780940577495,PRICE,TEST,2022-10
BRAP4.SA,BEAR_CALM,0.13828834626194383,1,PROFIT_TARGET,10,16.004844665527344,18.237333980101045,14.888600008240493,PRICE,TEST,2022-10
BRKM5.SA,BEAR_CALM,0.02106179966078745,1,MAX_DAYS,10,22.459999084472656,22.959999084472656,18.939999103546143,PRICE,TRAIN,2022-10
BRKM5.SA,BEAR_CALM,-0.10894676913377635,0,STOP_LOSS,9,18.8700008392334,16.83681921525435,16.83681921525435,PRICE,TEST,2022-10
COGN3.SA,BEAR_CALM,0.08617865693406021,1,MAX_DAYS,10,2.0056746006011963,2.1809277534484863,1.6016186320850394,PRICE,TRAIN,2022-10
COGN3.SA,BEAR_CALM,-0.0012,0,MAX_DAYS,10,2.424334764480591,2.424334764480591,2.0358565810325535,PRICE,TEST,2022-10
CPLE6.SA,BEAR_CALM,0.09316838210447806,1,MAX_DAYS,10,5.801187038421631,6.348635673522949,5.288175582355032,PRICE,TRAIN,2022-10
CSNA3.SA,BEAR_CALM,-0.04357280902381535,0,MAX_DAYS,10,10.167830467224121,9.736990928649902,9.247985558509189,PRICE,TEST,2022-10
CSNA3.SA,BEAR_CALM,0.12502218365775683,1,MAX_DAYS,10,9.693906784057617,10.917492866516113,8.844820288468762,PRICE,TEST,2022-10
CSAN3.SA,BEAR_CALM,-0.10119999999999998,0,HARD_STOP,4,17.181968688964844,15.46377182006836,14.022063353177266,PRICE,TRAIN,2022-10
CVCB3.SA,BEAR_CALM,-0.04648306402231386,0,MAX_DAYS,10,2.6500000953674316,2.5299999713897705,2.150000035762787,PRICE,TRAIN,2022-10
CVCB3.SA,BEAR_CALM,-0.1012000000000001,0,HARD_STOP,2,2.430000066757202,2.187000060081482,1.9850000739097595,PRICE,TRAIN,2022-10
CVCB3.SA,BEAR_CALM,0.041535105435526055,1,MAX_DAYS,10,2.3399999141693115,2.440000057220459,1.9200000166893005,PRICE,TRAIN,2022-10
CVCB3.SA,BEAR_CALM,0.11619129848876816,1,MAX_DAYS,10,2.299999952316284,2.569999933242798,1.7074999809265137,PRICE,TRAIN,2022-10
CVCB3.SA,BEAR_CALM,0.07411373240079419,1,SIGNAL,1,2.390000104904175,2.569999933242798,1.7424998879432678,PRICE,TEST,2022-10
ECOR3.SA,BEAR_CALM,-0.04492629202306755,0,MAX_DAYS,10,4.832134246826172,4.620842933654785,4.115581925569998,PRICE,TRAIN,2022-10
EGIE3.SA,BEAR_CALM,0.018949790325739714,1,MAX_DAYS,10,22.74908447265625,23.207473754882812,20.316822806275752,PRICE,TRAIN,2022-10
EGIE3.SA,BEAR_CALM,0.034448733462435356,1,MAX_DAYS,10,22.419981002807617,23.21922492980957,21.04774831547909,PRICE,TRAIN,2022-10
ELET6.SA,BEAR_CALM,0.019504247565189294,1,MAX_DAYS,10,34.17709732055664,34.884708404541016,29.884625671482816,PRICE,TRAIN,2022-10
ELET6.SA,BEAR_CALM,0.051049550510576226,1,MAX_DAYS,10,28.0200138092041,29.484046936035156,25.148876972984922,PRICE,TRAIN,2022-10
ELET3.SA,BEAR_CALM,0.030738010811658924,1,MAX_DAYS,10,28.20537567138672,29.106199264526367,24.50369089827725,PRICE,TRAIN,2022-10
ELET3.SA,BEAR_CALM,-0.04454280645973099,0,MAX_DAYS,10,31.073951721191406,29.72711944580078,28.19323081844266,PRICE,TEST,2022-10
EMBR3.SA,BEAR_CALM,0.05258254052349196,1,MAX_DAYS,10,16.90260887145996,17.811674118041992,15.871169861276284,PRICE,TEST,2022-10
ENEV3.SA,BEAR_CALM,0.006799975031072415,1,MAX_DAYS,10,13.75,13.859999656677246,12.21999979019165,PRICE,TRAIN,2022-10
ENEV3.SA,BEAR_CALM,-0.043828817598017954,0,MAX_DAYS,10,11.260000228881836,10.779999732971191,9.789999961853027,PRICE,TEST,2022-10
EZTC3.SA,BEAR_CALM,-0.10119999999999998,0,HARD_STOP,6,12.128777503967285,10.915899753570557,9.903061485600567,PRICE,TRAIN,2022-10
EZTC3.SA,BEAR_CALM,0.04685490805043422,1,MAX_DAYS,10,11.042242050170898,11.5728759765625,8.963923600090359,PRICE,TRAIN,2022-10
GGBR4.SA,BEAR_CALM,-0.071187195412207,0,MAX_DAYS,10,17.6262264251709,16.392616271972656,15.758782878021645,PRICE,TEST,2022-10
GGBR4.SA,BEAR_CALM,0.08820866568653848,1,MAX_DAYS,10,16.506139755249023,17.981931686401367,15.26496004146415,PRICE,TEST,2022-10
GOAU4.SA,BEAR_CALM,-0.003883457866101468,0,END_CLOSED,3,9.510238647460938,9.484718322753906,8.797820340329128,PRICE,TRAIN,2022-10
GOAU4.SA,BEAR_CALM,-0.0660150262735564,0,MAX_DAYS,10,9.186992645263672,8.591537475585938,8.353359430223819,PRICE,TEST,2022-10
GOAU4.SA,BEAR_CALM,0.09413282840433798,1,MAX_DAYS,10,8.566018104553223,9.382640838623047,7.917398922490586,PRICE,TEST,2022-10
HAPV3.SA,BEAR_CALM,-0.06726212606988594,0,MAX_DAYS,10,115.79999542236328,108.1500015258789,93.64499435424804,PRICE,TRAIN,2022-10
HAPV3.SA,BEAR_CALM,-0.05601484495563271,0,MAX_DAYS,10,101.25,95.69999694824219,81.33749961853027,PRICE,TRAIN,2022-10
HAPV3.SA,BEAR_CALM,-0.10119999999999998,0,HARD_STOP,5,69.5999984741211,62.63999862670899,53.36250019073486,PRICE,TRAIN,2022-10
HAPV3.SA,BEAR_CALM,-0.016989500454015947,0,MAX_DAYS,10,57.0,56.099998474121094,43.83124955495198,PRICE,TEST,2022-10
HYPE3.SA,BEAR_CALM,0.004311888685314048,1,END_CLOSED,6,33.764766693115234,33.95087432861328,30.574113187229678,PRICE,TRAIN,2022-10
HYPE3.SA,BEAR_CALM,-0.07963707186719185,0,MAX_DAYS,10,31.1170597076416,28.676328659057617,27.693631797446763,PRICE,TEST,2022-10
IGTI11.SA,BEAR_CALM,0.04666400448052941,1,SIGNAL,4,18.18918800354004,19.059795379638672,16.32159730918385,PRICE,TEST,2022-10
IRBR3.SA,BEAR_CALM,0.017847570607018783,1,MAX_DAYS,10,31.5,32.099998474121094,21.524998664855957,PRICE,TRAIN,2022-10
IRBR3.SA,BEAR_CALM,-0.06064907771076502,0,MAX_DAYS,10,20.690000534057617,19.459999084472656,17.25,PRICE,TRAIN,2022-10
KLBN11.SA,BEAR_CALM,0.011641079590311555,1,SIGNAL,1,14.018502235412598,14.198514938354492,12.41713788918941,PRICE,TRAIN,2022-10
LREN3.SA,BEAR_CALM,-0.10524615554749242,0,MAX_DAYS,10,12.702778816223145,11.381103515625,11.024167985513861,PRICE,TRAIN,2022-10
LWSA3.SA,BEAR_CALM,0.09640274894659603,1,SIGNAL,3,5.6673431396484375,6.220491409301758,4.393646604186715,PRICE,TEST,2022-10
MGLU3.SA,BEAR_CALM,0.16109121874679463,1,MAX_DAYS,10,38.04556655883789,44.220027923583984,27.558064347027933,PRICE,TRAIN,2022-10
MGLU3.SA,BEAR_CALM,-0.09386413650389039,0,MAX_DAYS,10,23.517427444458008,21.338205337524414,19.52218978718786,PRICE,TRAIN,2022-10
MGLU3.SA,BEAR_CALM,-0.10119999999999998,0,HARD_STOP,3,20.33939552307129,18.30545597076416,15.890152373261788,PRICE,TRAIN,2022-10
MULT3.SA,BEAR_CALM,0.07267090419987551,1,SIGNAL,5,21.651046752929688,23.250429153442383,19.747782712003797,PRICE,TEST,2022-10
MRVE3.SA,BEAR_CALM,-0.10119999999999987,0,HARD_STOP,4,9.449999809265137,8.504999828338624,7.3949995040893555,PRICE,TRAIN,2022-10
MRVE3.SA,BEAR_CALM,-0.029074538988168162,0,MAX_DAYS,10,8.609999656677246,8.369999885559082,6.417499303817749,PRICE,TRAIN,2022-10
PCAR3.SA,BEAR_CALM,0.046418963908335976,1,MAX_DAYS,10,19.530000686645508,20.459999084472656,17.18500264485677,PRICE,TRAIN,2022-10
PCAR3.SA,BEAR_CALM,0.056464231595007776,1,MAX_DAYS,10,13.699999809265137,14.489999771118164,11.817500114440918,PRICE,TRAIN,2022-10
RAIZ4.SA,BEAR_CALM,0.010215575934529132,1,SIGNAL,1,3.930919885635376,3.9757936000823975,3.396925549193293,PRICE,TRAIN,2022-10
RAIZ4.SA,BEAR_CALM,-0.015519757772251362,0,MAX_DAYS,10,3.7604007720947266,3.706552743911743,3.232688418326614,PRICE,TRAIN,2022-10
RDOR3.SA,BEAR_CALM,-0.04233205166998768,0,END_CLOSED,6,25.068628311157227,24.037504196166992,22.07694794593374,PRICE,TRAIN,2022-10
RECV3.SA,BEAR_CALM,-0.0059611235025895035,0,MAX_DAYS,10,15.531808853149414,15.457859992980957,13.479419306269358,PRICE,TRAIN,2022-10
RECV3.SA,BEAR_CALM,0.0948764804123435,1,MAX_DAYS,10,15.70272159576416,17.211383819580078,13.656945018092822,PRICE,TEST,2022-10
RENT3.SA,BEAR_CALM,-0.07433986670100937,0,MAX_DAYS,10,50.60679244995117,46.905418395996094,44.965199994400535,PRICE,TEST,2022-10
SANB11.SA,BEAR_CALM,-0.017708530959632894,0,MAX_DAYS,10,23.6579647064209,23.267406463623047,21.157725636919455,PRICE,TRAIN,2022-10
SANB11.SA,BEAR_CALM,0.036932282561085696,1,SIGNAL,2,22.334550857543945,23.18621826171875,21.300382490936936,PRICE,TEST,2022-10
SLCE3.SA,BEAR_CALM,0.06930542494118583,1,MAX_DAYS,10,16.73070526123047,17.910310745239258,13.668653566634632,PRICE,TRAIN,2022-10
SLCE3.SA,BEAR_CALM,-0.039976235696246774,0,MAX_DAYS,10,17.008285522460938,16.34876823425293,15.30171039578444,PRICE,TRAIN,2022-10
SLCE3.SA,BEAR_CALM,-0.03896553164587004,0,MAX_DAYS,10,17.679481506347656,17.01180648803711,16.51646060968436,PRICE,TEST,2022-10
SLCE3.SA,BEAR_CALM,0.06248910377207082,1,MAX_DAYS,10,16.817068099975586,17.888132095336914,15.347256213278971,PRICE,TEST,2022-10
TAEE11.SA,BEAR_CALM,-0.00799874657273527,0,MAX_DAYS,10,27.644540786743164,27.456592559814453,26.057211140139955,PRICE,TEST,2022-10
TIMS3.SA,BEAR_CALM,0.04220678346591398,1,MAX_DAYS,10,9.0954008102417,9.490202903747559,7.518045249064581,PRICE,TRAIN,2022-10
UGPA3.SA,BEAR_CALM,0.04816300154598672,1,MAX_DAYS,10,10.944524765014648,11.484779357910156,8.977385938210407,PRICE,TRAIN,2022-10
USIM5.SA,BEAR_CALM,-0.010789129311592503,0,MAX_DAYS,10,6.730777263641357,6.666234970092773,5.840101499710709,PRICE,TRAIN,2022-10
USIM5.SA,BEAR_CALM,0.1664736639705163,1,MAX_DAYS,10,6.103800296783447,7.127246856689453,5.398451678686943,PRICE,TRAIN,2022-10
USIM5.SA,BEAR_CALM,0.02033841857319394,1,END_CLOSED,4,6.283288955688477,6.418621063232422,5.843458812148599,PRICE,TRAIN,2022-10
USIM5.SA,BEAR_CALM,-0.0489657875557157,0,MAX_DAYS,10,6.273622035980225,5.973957538604736,5.8337914222627,PRICE,TEST,2022-10
USIM5.SA,BEAR_CALM,0.13297391558493507,1,PROFIT_TARGET,10,5.89662504196167,6.687798312577849,5.5010384066535805,PRICE,TEST,2022-10
VALE3.SA,BEAR_CALM,-0.01952381521337212,0,MAX_DAYS,10,54.96600341796875,53.95881652832031,52.04763459651085,PRICE,TEST,2022-10
VALE3.SA,BEAR_CALM,0.13951479922128915,1,MAX_DAYS,10,51.746307373046875,59.02777862548828,47.89092379168331,PRICE,TEST,2022-10
VIVT3.SA,BEAR_CALM,-0.01165192162847064,0,MAX_DAYS,10,17.118637084960938,16.939714431762695,14.861258289455844,PRICE,TRAIN,2022-10
VBBR3.SA,BEAR_CALM,-0.10119999999999998,0,HARD_STOP,7,13.94965648651123,12.554690837860107,11.827458524680537,PRICE,TRAIN,2022-10
VBBR3.SA,BEAR_CALM,0.06232006849485892,1,MAX_DAYS,10,12.925275802612305,13.74629020690918,11.317148317611903,PRICE,TRAIN,2022-10
WEGE3.SA,BEAR_CALM,0.024667235770168362,1,MAX_DAYS,10,33.57395553588867,34.442420959472656,31.33045827833415,PRICE,TRAIN,2022-10
WEGE3.SA,BEAR_CALM,-0.026221472934658728,0,MAX_DAYS,10,33.52726364135742,32.68836212158203,30.757955318898105,PRICE,TEST,2022-10
WEGE3.SA,BEAR_CALM,-0.07243416397985517,0,STOP_LOSS,4,32.35470962524414,30.049948934278902,30.049948934278902,PRICE,TEST,2022-10
YDUQ3.SA,BEAR_CALM,-0.10119999999999998,0,HARD_STOP,3,9.725577354431152,8.753019618988038,7.627537618437881,PRICE,TRAIN,2022-10
YDUQ3.SA,BEAR_CALM,-0.0055056740108261545,0,MAX_DAYS,10,8.662569999694824,8.625271797180176,6.762678483338243,PRICE,TRAIN,2022-10
ABEV3.SA,BEAR_CALM,0.02379992702102749,1,MAX_DAYS,10,11.434321403503418,11.720178604125977,10.16095421514671,PRICE,TRAIN,2023-01
ABEV3.SA,BEAR_CALM,0.03551190976263983,1,MAX_DAYS,10,10.85394287109375,11.252411842346191,10.072164434954704,PRICE,TRAIN,2023-01
ABEV3.SA,BEAR_CALM,-0.015770588818643037,0,MAX_DAYS,10,11.886150360107422,11.71296215057373,11.250368488103165,PRICE,TEST,2023-01
ABEV3.SA,BEAR_CALM,-0.02627848942801316,0,MAX_DAYS,10,11.630926132202148,11.339240074157715,11.015653764713928,PRICE,TEST,2023-01
ALOS3.SA,BEAR_CALM,0.13230462870440127,1,SIGNAL,5,13.399681091308594,15.188600540161133,11.157085469326807,PRICE,TRAIN,2023-01
AZUL4.SA,BEAR_CALM,0.03817013565078695,1,SIGNAL,1,10.15999984741211,10.5600004196167,8.059998512268066,PRICE,TRAIN,2023-01
AZUL4.SA,BEAR_CALM,-0.10119999999999998,0,HARD_STOP,9,14.210000038146973,12.789000034332275,11.007500171661377,PRICE,TEST,2023-01
BBDC3.SA,BEAR_CALM,0.06981261078605247,1,MAX_DAYS,10,9.603151321411133,10.285096168518066,8.211168491056752,PRICE,TRAIN,2023-01
BBDC3.SA,BEAR_CALM,0.015468866981789377,1,MAX_DAYS,10,10.149397850036621,10.31857681274414,9.51149298942505,PRICE,TRAIN,2023-01
BBDC3.SA,BEAR_CALM,0.04641896488502426,1,MAX_DAYS,10,10.429182052612305,10.925808906555176,9.78762709691572,PRICE,TEST,2023-01
BBAS3.SA,BEAR_CALM,0.05792989032273441,1,SIGNAL,2,13.20551872253418,13.986359596252441,11.577078669531872,PRICE,TRAIN,2023-01
BBDC4.SA,BEAR_CALM,0.12083806932843397,1,SIGNAL,5,10.777987480163574,12.09331226348877,9.215751254293433,PRICE,TRAIN,2023-01
BBSE3.SA,BEAR_CALM,0.04511150190416733,1,MAX_DAYS,10,23.72156524658203,24.820146560668945,22.27182610641023,PRICE,TRAIN,2023-01
BEEF3.SA,BEAR_CALM,0.07416467572826288,1,SIGNAL,3,11.716761589050293,12.599791526794434,9.63974414033089,PRICE,TRAIN,2023-01
BEEF3.SA,BEAR_CALM,0.027219142229780148,1,MAX_DAYS,10,10.691307067871094,10.995144844055176,8.799439690724544,PRICE,TRAIN,2023-01
BEEF3.SA,BEAR_CALM,-0.015467202719864258,0,MAX_DAYS,10,7.710000038146973,7.599999904632568,6.962500333786011,PRICE,TRAIN,2023-01
BEEF3.SA,BEAR_CALM,0.029591793674664447,1,MAX_DAYS,10,6.820000171661377,7.03000020980835,5.819999933242798,PRICE,TRAIN,2023-01
BEEF3.SA,BEAR_CALM,0.02582696653098391,1,MAX_DAYS,10,7.03000020980835,7.21999979019165,6.107500195503235,PRICE,TRAIN,2023-01
BEEF3.SA,BEAR_CALM,0.028978363262005626,1,MAX_DAYS,10,7.289999961853027,7.510000228881836,6.657500147819519,PRICE,TRAIN,2023-01
BEEF3.SA,BEAR_CALM,-0.06759004395673543,0,MAX_DAYS,10,7.230000019073486,6.75,6.6700005531311035,PRICE,TEST,2023-01
BEEF3.SA,BEAR_CALM,0.0032643170751488274,1,MAX_DAYS,10,6.71999979019165,6.75,6.133076887864333,PRICE,TEST,2023-01
BRAP4.SA,BEAR_CALM,-0.05261513420422239,0,MAX_DAYS,10,17.084516525268555,16.206113815307617,15.817278392607347,PRICE,TEST,2023-01
BRKM5.SA,BEAR_CALM,0.02106179966078745,1,MAX_DAYS,10,22.459999084472656,22.959999084472656,18.399999618530273,PRICE,TRAIN,2023-01
BRKM5.SA,BEAR_CALM,-0.10119999999999998,0,HARD_STOP,5,17.65999984741211,15.8939998626709,15.684999465942383,PRICE,TRAIN,2023-01
BRKM5.SA,BEAR_CALM,0.13712203052622937,1,MAX_DAYS,10,17.639999389648438,20.079999923706055,15.329999446868896,PRICE,TRAIN,2023-01
BRKM5.SA,BEAR_CALM,-0.0164369391014342,0,MAX_DAYS,10,17.719999313354492,17.450000762939453,15.53999948501587,PRICE,TEST,2023-01
CPFE3.SA,BEAR_CALM,0.027425304255814,1,MAX_DAYS,10,29.111194610595703,29.94451141357422,26.515089575249668,PRICE,TRAIN,2023-01
CSAN3.SA,BEAR_CALM,0.11490001215706944,1,SIGNAL,6,14.66157054901123,16.363779067993164,11.830824436914536,PRICE,TRAIN,2023-01
COGN3.SA,BEAR_CALM,0.1321332831022893,1,SIGNAL,5,1.8985755443572998,2.151718854904175,1.5066904624747084,PRICE,TRAIN,2023-01
COGN3.SA,BEAR_CALM,-0.0012,0,MAX_DAYS,10,2.424334764480591,2.424334764480591,2.0519216425127564,PRICE,TRAIN,2023-01
CSNA3.SA,BEAR_CALM,0.16424121050336357,1,MAX_DAYS,10,9.37508487701416,10.92611026763916,8.494016640876001,PRICE,TRAIN,2023-01
CVCB3.SA,BEAR_CALM,0.159603924329876,1,SIGNAL,3,3.66540789604187,4.254819869995117,2.6017032265663147,PRICE,TRAIN,2023-01
CVCB3.SA,BEAR_CALM,-0.04648306402231386,0,MAX_DAYS,10,2.6500000953674316,2.5299999713897705,2.150000035762787,PRICE,TRAIN,2023-01
CVCB3.SA,BEAR_CALM,-0.1012000000000001,0,HARD_STOP,2,2.430000066757202,2.187000060081482,1.9850000739097595,PRICE,TRAIN,2023-01
CVCB3.SA,BEAR_CALM,0.041535105435526055,1,MAX_DAYS,10,2.3399999141693115,2.440000057220459,1.9200000166893005,PRICE,TRAIN,2023-01
CYRE3.SA,BEAR_CALM,0.11524950041158441,1,SIGNAL,3,10.883325576782227,12.150683403015137,8.727487188009142,PRICE,TRAIN,2023-01
ELET3.SA,BEAR_CALM,0.07211162365193755,1,SIGNAL,6,34.83473587036133,37.388526916503906,30.73293027099044,PRICE,TRAIN,2023-01
ELET3.SA,BEAR_CALM,0.030738010811658924,1,MAX_DAYS,10,28.20537567138672,29.106199264526367,24.50369089827725,PRICE,TRAIN,2023-01
ECOR3.SA,BEAR_CALM,0.1667012194070515,1,SIGNAL,5,3.7276296615600586,4.353503227233887,3.018918985104425,PRICE,TRAIN,2023-01
EGIE3.SA,BEAR_CALM,0.04934046780673094,1,SIGNAL,5,22.2050838470459,23.32733917236328,20.608721104899107,PRICE,TRAIN,2023-01
ELET6.SA,BEAR_CALM,0.046361482394051114,1,MAX_DAYS,10,33.68907928466797,35.2913818359375,30.28723105009266,PRICE,TRAIN,2023-01
ELET6.SA,BEAR_CALM,0.051049550510576226,1,MAX_DAYS,10,28.0200138092041,29.484046936035156,25.148876972984922,PRICE,TRAIN,2023-01
ENGI11.SA,BEAR_CALM,-0.005002310641209061,0,MAX_DAYS,10,32.703189849853516,32.57884216308594,29.04467689280871,PRICE,TRAIN,2023-01
ENEV3.SA,BEAR_CALM,0.03687797701376803,1,SIGNAL,1,11.029999732971191,11.449999809265137,9.0,PRICE,TRAIN,2023-01
EZTC3.SA,BEAR_CALM,0.07266820047031439,1,SIGNAL,3,10.604259490966797,11.387577056884766,8.894438803725532,PRICE,TRAIN,2023-01
EZTC3.SA,BEAR_CALM,0.08490762866908738,1,MAX_DAYS,10,13.735968589782715,14.918740272521973,11.494098946266615,PRICE,TRAIN,2023-01
EZTC3.SA,BEAR_CALM,-0.05832655684204437,0,MAX_DAYS,10,14.765380859375,13.92188549041748,11.619323078019512,PRICE,TEST,2023-01
EZTC3.SA,BEAR_CALM,-0.034338544609895404,0,MAX_DAYS,10,13.112475395202637,12.677947044372559,11.229526662464918,PRICE,TEST,2023-01
FLRY3.SA,BEAR_CALM,0.05515757230307559,1,MAX_DAYS,10,11.414125442504883,12.057397842407227,9.794183446908491,PRICE,TRAIN,2023-01
FLRY3.SA,BEAR_CALM,0.027721058405437572,1,MAX_DAYS,10,12.56169319152832,12.9249906539917,11.376109998549424,PRICE,TEST,2023-01
GGBR4.SA,BEAR_CALM,0.08820866568653848,1,MAX_DAYS,10,16.506139755249023,17.981931686401367,15.26496004146415,PRICE,TRAIN,2023-01
GGBR4.SA,BEAR_CALM,0.07294191888652377,1,MAX_DAYS,10,16.859712600708008,18.109724044799805,15.150112310387367,PRICE,TRAIN,2023-01
GGBR4.SA,BEAR_CALM,-0.0626830698633716,0,STOP_LOSS,4,17.862808227539062,16.76454794132927,16.76454794132927,PRICE,TEST,2023-01
GGBR4.SA,BEAR_CALM,0.026158597265283003,1,MAX_DAYS,10,16.358165740966797,16.805702209472656,14.774917342320649,PRICE,TEST,2023-01
GGBR4.SA,BEAR_CALM,0.01262909689515155,1,MAX_DAYS,10,16.180696487426758,16.404460906982422,14.926826549604892,PRICE,TEST,2023-01
GOAU4.SA,BEAR_CALM,-0.07611066560375038,0,STOP_LOSS,9,9.510238647460938,8.797820340329128,8.797820340329128,PRICE,TRAIN,2023-01
GOAU4.SA,BEAR_CALM,0.09413282840433798,1,MAX_DAYS,10,8.566018104553223,9.382640838623047,7.917398922490586,PRICE,TRAIN,2023-01
GOAU4.SA,BEAR_CALM,-0.034533411171329485,0,MAX_DAYS,10,9.393231391906738,9.080122947692871,8.619671887574029,PRICE,TEST,2023-01
GOAU4.SA,BEAR_CALM,0.006872536416021681,1,MAX_DAYS,10,9.12617015838623,9.199841499328613,8.525280271794681,PRICE,TEST,2023-01
HAPV3.SA,BEAR_CALM,-0.08102263716303373,0,MAX_DAYS,10,67.6500015258789,62.25,50.062496185302734,PRICE,TRAIN,2023-01
IGTI11.SA,BEAR_CALM,0.0969447999884144,1,MAX_DAYS,10,15.343659400939941,16.849559783935547,12.274465549689594,PRICE,TRAIN,2023-01
HYPE3.SA,BEAR_CALM,-0.10462281300700718,0,STOP_LOSS,8,30.979942321777344,27.775909540064298,27.775909540064298,PRICE,TRAIN,2023-01
HYPE3.SA,BEAR_CALM,0.038398286613625744,1,SIGNAL,3,32.13241195678711,33.40480041503906,29.51848530237828,PRICE,TEST,2023-01
IRBR3.SA,BEAR_CALM,-0.06064907771076502,0,MAX_DAYS,10,20.690000534057617,19.459999084472656,17.25,PRICE,TRAIN,2023-01
IRBR3.SA,BEAR_CALM,0.04607647068740226,1,MAX_DAYS,10,38.91999816894531,40.7599983215332,33.78083070119222,PRICE,TEST,2023-01
ITUB4.SA,BEAR_CALM,0.050926670266313014,1,SIGNAL,3,18.07567024230957,19.017894744873047,16.34762809703404,PRICE,TRAIN,2023-01
LREN3.SA,BEAR_CALM,0.10213883108713348,1,SIGNAL,6,15.10543441772461,16.666412353515625,11.981482660899603,PRICE,TRAIN,2023-01
LREN3.SA,BEAR_CALM,0.0012510099442052181,1,MAX_DAYS,10,10.124237060546875,10.149051666259766,8.465813552048946,PRICE,TRAIN,2023-01
LREN3.SA,BEAR_CALM,0.10529552273742979,1,MAX_DAYS,10,10.95138168334961,12.117654800415039,9.433571753675096,PRICE,TRAIN,2023-01
MRVE3.SA,BEAR_CALM,0.09085018694410571,1,SIGNAL,5,7.170000076293945,7.829999923706055,5.59499990940094,PRICE,TRAIN,2023-01
MRVE3.SA,BEAR_CALM,-0.10119999999999998,0,HARD_STOP,5,9.8100004196167,8.82900037765503,7.675000508626302,PRICE,TEST,2023-01
MRVE3.SA,BEAR_CALM,-0.10119999999999998,0,HARD_STOP,2,7.480000019073486,6.732000017166138,6.2625004053115845,PRICE,TEST,2023-01
MRVE3.SA,BEAR_CALM,0.1328782204756543,1,MAX_DAYS,10,7.159999847412109,8.119999885559082,5.835000038146973,PRICE,TEST,2023-01
MGLU3.SA,BEAR_CALM,0.046044120535483436,1,SIGNAL,2,23.06342124938965,24.153032302856445,17.184063124238016,PRICE,TRAIN,2023-01
MGLU3.SA,BEAR_CALM,0.16254266814821303,1,MAX_DAYS,10,15.526949882507324,18.069374084472656,10.82800443892397,PRICE,TRAIN,2023-01
MGLU3.SA,BEAR_CALM,0.1287999936982481,1,SIGNAL,7,18.160175323486328,20.520998001098633,15.141045202546268,PRICE,TEST,2023-01
LWSA3.SA,BEAR_CALM,0.03726157034219533,1,MAX_DAYS,10,5.7526702880859375,5.973927021026611,3.985021660789435,PRICE,TRAIN,2023-01
LWSA3.SA,BEAR_CALM,0.05143169628525155,1,SIGNAL,3,5.347099304199219,5.628526210784912,4.311159277017416,PRICE,TEST,2023-01
MULT3.SA,BEAR_CALM,0.13196707220326162,1,SIGNAL,6,17.911624908447266,20.296863555908203,14.48786569432761,PRICE,TRAIN,2023-01
PCAR3.SA,BEAR_CALM,0.056464231595007776,1,MAX_DAYS,10,13.699999809265137,14.489999771118164,11.817500114440918,PRICE,TRAIN,2023-01
PCAR3.SA,BEAR_CALM,-0.10119999999999998,0,HARD_STOP,3,3.690000057220459,3.3210000514984133,2.8799999952316284,PRICE,TRAIN,2023-01
PCAR3.SA,BEAR_CALM,0.11407373304058929,1,MAX_DAYS,10,3.4700000286102295,3.869999885559082,2.665000081062317,PRICE,TRAIN,2023-01
PCAR3.SA,BEAR_CALM,-0.04795320332398858,0,MAX_DAYS,10,3.8499999046325684,3.6700000762939453,3.089999794960022,PRICE,TRAIN,2023-01
RADL3.SA,BEAR_CALM,0.03655107955889534,1,MAX_DAYS,10,24.011493682861328,24.917953491210938,22.039464814302022,PRICE,TEST,2023-01
RAIZ4.SA,BEAR_CALM,0.0047880490347485885,1,MAX_DAYS,10,3.073575735092163,3.091980457305908,2.3649968104765744,PRICE,TRAIN,2023-01
RAIL3.SA,BEAR_CALM,0.07238045308943483,1,SIGNAL,6,16.40981101989746,17.617252349853516,13.864203900343039,PRICE,TRAIN,2023-01
RDOR3.SA,BEAR_CALM,-0.08535086119562688,0,MAX_DAYS,10,25.068628311157227,22.959081649780273,22.07694794593374,PRICE,TRAIN,2023-01
RDOR3.SA,BEAR_CALM,-0.05209114555691221,0,MAX_DAYS,10,22.996919631958008,21.826580047607422,19.794755480353956,PRICE,TRAIN,2023-01
RENT3.SA,BEAR_CALM,0.07061457965097948,1,SIGNAL,5,44.938209533691406,48.165428161621094,39.935591760096294,PRICE,TRAIN,2023-01
RECV3.SA,BEAR_CALM,-0.0059611235025895035,0,MAX_DAYS,10,15.531808853149414,15.457859992980957,13.479419306269358,PRICE,TRAIN,2023-01
SANB11.SA,BEAR_CALM,0.019156196731290855,1,SIGNAL,1,22.860227584838867,23.32557487487793,21.216968198781956,PRICE,TRAIN,2023-01
SLCE3.SA,BEAR_CALM,0.08132537369750134,1,MAX_DAYS,10,17.570871353149414,19.02091407775879,15.661911826777624,PRICE,TRAIN,2023-01
SLCE3.SA,BEAR_CALM,-0.039976235696246774,0,MAX_DAYS,10,17.008285522460938,16.34876823425293,15.30171039578444,PRICE,TRAIN,2023-01
SLCE3.SA,BEAR_CALM,0.0935667502080971,1,MAX_DAYS,10,16.3904972076416,17.943771362304688,14.914888825495638,PRICE,TRAIN,2023-01
SLCE3.SA,BEAR_CALM,0.07187474153116832,1,MAX_DAYS,10,16.544647216796875,17.753643035888672,15.014804386910667,PRICE,TEST,2023-01
SMFT3.SA,BEAR_CALM,0.20108385172522966,1,SIGNAL,5,11.193706512451172,13.458012580871582,8.477451101574704,PRICE,TRAIN,2023-01
TAEE11.SA,BEAR_CALM,0.040319496666307277,1,SIGNAL,3,25.99216651916504,27.071348190307617,23.875894299641857,PRICE,TRAIN,2023-01
TIMS3.SA,BEAR_CALM,0.006498902700628896,1,MAX_DAYS,10,8.842068672180176,8.91014289855957,7.571351588948117,PRICE,TRAIN,2023-01
UGPA3.SA,BEAR_CALM,0.04811969623645904,1,SIGNAL,3,10.247421264648438,10.75282096862793,8.448023821447508,PRICE,TRAIN,2023-01
TOTS3.SA,BEAR_CALM,0.09239998542589131,1,SIGNAL,3,23.9758243560791,26.219961166381836,19.3101276225242,PRICE,TRAIN,2023-01
TOTS3.SA,BEAR_CALM,0.006474617421911556,1,MAX_DAYS,10,25.190683364868164,25.38401222229004,22.77166280036726,PRICE,TRAIN,2023-01
USIM5.SA,BEAR_CALM,0.1664736639705163,1,MAX_DAYS,10,6.103800296783447,7.127246856689453,5.398451678686943,PRICE,TRAIN,2023-01
USIM5.SA,BEAR_CALM,0.08941486968260723,1,MAX_DAYS,10,5.973957538604736,6.515286922454834,5.592127307744408,PRICE,TRAIN,2023-01
VIVT3.SA,BEAR_CALM,0.04815507122876848,1,SIGNAL,2,15.248274803161621,16.0008544921875,13.736705326117889,PRICE,TRAIN,2023-01
VBBR3.SA,BEAR_CALM,0.06822506120219071,1,MAX_DAYS,10,11.01828384399414,11.783228874206543,9.152282981394118,PRICE,TRAIN,2023-01
WEGE3.SA,BEAR_CALM,-0.06878515236217855,0,STOP_LOSS,5,32.68836212158203,30.479114187124843,30.479114187124843,PRICE,TRAIN,2023-01
WEGE3.SA,BEAR_CALM,0.02000659892064203,1,MAX_DAYS,10,31.916202545166016,32.59303665161133,28.9633877989782,PRICE,TRAIN,2023-01
WEGE3.SA,BEAR_CALM,-0.041006598607514565,0,MAX_DAYS,10,33.59434127807617,32.25706481933594,30.84177542922439,PRICE,TEST,2023-01
WEGE3.SA,BEAR_CALM,0.10012313468172138,1,MAX_DAYS,10,31.769906997680664,34.98893356323242,29.41773074812602,PRICE,TEST,2023-01
YDUQ3.SA,BEAR_CALM,-0.0012,0,MAX_DAYS,10,8.550674438476562,8.550674438476562,6.788321846582338,PRICE,TRAIN,2023-01
ALOS3.SA,BEAR_CALM,-0.08633334888880731,0,STOP_LOSS,9,20.20631980895996,18.486088134904954,18.486088134904954,PRICE,TEST,2023-04
AURE3.SA,BEAR_CALM,-0.002062146805964192,0,MAX_DAYS,10,11.522892951965332,11.512958526611328,10.855992207688349,PRICE,TEST,2023-04
BBDC3.SA,BEAR_CALM,0.015468866981789377,1,MAX_DAYS,10,10.149397850036621,10.31857681274414,9.51149298942505,PRICE,TRAIN,2023-04
BBDC3.SA,BEAR_CALM,0.04641896488502426,1,MAX_DAYS,10,10.429182052612305,10.925808906555176,9.78762709691572,PRICE,TRAIN,2023-04
BBDC3.SA,BEAR_CALM,-0.005816524190214299,0,MAX_DAYS,10,9.831274032592773,9.785887718200684,9.378348816700278,PRICE,TEST,2023-04
AZUL4.SA,BEAR_CALM,-0.04669511392920025,0,MAX_DAYS,10,11.210000038146973,10.699999809265137,9.110000371932983,PRICE,TRAIN,2023-04
AZUL4.SA,BEAR_CALM,0.029490590315481714,1,MAX_DAYS,10,11.729999542236328,12.09000015258789,9.734999418258667,PRICE,TRAIN,2023-04
AZUL4.SA,BEAR_CALM,0.026688400197300323,1,SIGNAL,1,12.550000190734863,12.899999618530273,11.009999990463257,PRICE,TEST,2023-04
B3SA3.SA,BEAR_CALM,0.021022184542095347,1,SIGNAL,1,11.248774528503418,11.498746871948242,10.407520101768483,PRICE,TEST,2023-04
BBDC4.SA,BEAR_CALM,0.0129375390363776,1,MAX_DAYS,10,10.920999526977539,11.075395584106445,10.311164064399556,PRICE,TEST,2023-04
BEEF3.SA,BEAR_CALM,-0.10119999999999987,0,HARD_STOP,9,9.58989429473877,8.630904865264894,8.17752073827416,PRICE,TRAIN,2023-04
BEEF3.SA,BEAR_CALM,0.04303591447970354,1,MAX_DAYS,10,7.460000038146973,7.789999961853027,6.6625001430511475,PRICE,TRAIN,2023-04
BEEF3.SA,BEAR_CALM,0.026577785523670273,1,MAX_DAYS,10,6.840000152587891,7.03000020980835,5.800000071525574,PRICE,TRAIN,2023-04
BEEF3.SA,BEAR_CALM,-0.0071259202745225445,0,MAX_DAYS,10,6.75,6.710000038146973,6.170000076293945,PRICE,TRAIN,2023-04
BEEF3.SA,BEAR_CALM,0.07124095197724087,1,MAX_DAYS,10,6.349999904632568,6.809999942779541,5.697499632835388,PRICE,TRAIN,2023-04
BEEF3.SA,BEAR_CALM,-0.07886276864059374,0,STOP_LOSS,7,6.760000228881836,6.234999895095825,6.234999895095825,PRICE,TEST,2023-04
BEEF3.SA,BEAR_CALM,0.002041487954490641,1,MAX_DAYS,10,6.170000076293945,6.190000057220459,5.602499961853027,PRICE,TEST,2023-04
BBSE3.SA,BEAR_CALM,0.04511150190416733,1,MAX_DAYS,10,23.72156524658203,24.820146560668945,22.27182610641023,PRICE,TRAIN,2023-04
BRAP4.SA,BEAR_CALM,-0.0032749709915797162,0,MAX_DAYS,10,17.093759536743164,17.058290481567383,15.219664172494662,PRICE,TRAIN,2023-04
BRAP4.SA,BEAR_CALM,-0.05261513420422239,0,MAX_DAYS,10,17.084516525268555,16.206113815307617,15.817278392607347,PRICE,TRAIN,2023-04
BRAP4.SA,BEAR_CALM,-0.010316985911465258,0,MAX_DAYS,10,16.794401168823242,16.641286849975586,15.779001489786388,PRICE,TEST,2023-04
BRKM5.SA,BEAR_CALM,0.07511152955303654,1,SIGNAL,3,18.8700008392334,20.309999465942383,16.770002841949463,PRICE,TRAIN,2023-04
BRKM5.SA,BEAR_CALM,0.13712203052622937,1,MAX_DAYS,10,17.639999389648438,20.079999923706055,15.329999446868896,PRICE,TRAIN,2023-04
BRKM5.SA,BEAR_CALM,0.004383690291518284,1,MAX_DAYS,10,19.700000762939453,19.809999465942383,16.242501258850098,PRICE,TEST,2023-04
BRKM5.SA,BEAR_CALM,-0.10215430659398497,0,MAX_DAYS,10,19.90999984741211,17.899999618530273,16.845000743865967,PRICE,TEST,2023-04
BRKM5.SA,BEAR_CALM,0.0169509709248866,1,MAX_DAYS,10,17.6299991607666,17.950000762939453,15.397500038146973,PRICE,TEST,2023-04
COGN3.SA,BEAR_CALM,-0.0012,0,MAX_DAYS,10,2.424334764480591,2.424334764480591,2.0519216425127564,PRICE,TRAIN,2023-04
COGN3.SA,BEAR_CALM,-0.005419415822153238,0,END_CLOSED,6,2.307499408721924,2.2977631092071533,1.8109489429013217,PRICE,TRAIN,2023-04
CSAN3.SA,BEAR_CALM,0.06017426285805825,1,SIGNAL,5,14.097301483154297,14.962512969970703,13.126289650094776,PRICE,TRAIN,2023-04
CSAN3.SA,BEAR_CALM,-0.029595073540331772,0,END_CLOSED,4,15.649252891540527,15.204891204833984,14.487633501938403,PRICE,TRAIN,2023-04
CSAN3.SA,BEAR_CALM,0.043331701756364006,1,SIGNAL,2,14.750869750976562,15.407751083374023,13.466085852690526,PRICE,TEST,2023-04
CVCB3.SA,BEAR_CALM,0.17084295687517667,1,SIGNAL,4,2.5694689750671387,3.0115280151367188,2.1074562867482505,PRICE,TRAIN,2023-04
CVCB3.SA,BEAR_CALM,-0.04648306402231386,0,MAX_DAYS,10,2.6500000953674316,2.5299999713897705,2.150000035762787,PRICE,TRAIN,2023-04
CVCB3.SA,BEAR_CALM,-0.1012000000000001,0,HARD_STOP,2,2.430000066757202,2.187000060081482,1.9850000739097595,PRICE,TRAIN,2023-04
CVCB3.SA,BEAR_CALM,0.041535105435526055,1,MAX_DAYS,10,2.3399999141693115,2.440000057220459,1.9200000166893005,PRICE,TRAIN,2023-04
CYRE3.SA,BEAR_CALM,0.014579408254675609,1,MAX_DAYS,10,19.87403678894043,20.187637329101562,16.824514034507555,PRICE,TEST,2023-04
EGIE3.SA,BEAR_CALM,0.01679997344140958,1,MAX_DAYS,10,25.710355758666992,26.173141479492188,23.939554139734604,PRICE,TRAIN,2023-04
EGIE3.SA,BEAR_CALM,-0.0012,0,END_CLOSED,0,25.35683822631836,25.35683822631836,24.268970111765235,PRICE,TRAIN,2023-04
EQTL3.SA,BEAR_CALM,-0.02440470621643944,0,MAX_DAYS,10,29.55322265625,28.867448806762695,27.15300708966285,PRICE,TEST,2023-04
EQTL3.SA,BEAR_CALM,0.04191297175671536,1,MAX_DAYS,10,27.603904724121094,28.793991088867188,25.515820727526858,PRICE,TEST,2023-04
EZTC3.SA,BEAR_CALM,0.08490762866908738,1,MAX_DAYS,10,13.735968589782715,14.918740272521973,11.494098946266615,PRICE,TRAIN,2023-04
EZTC3.SA,BEAR_CALM,-0.10119999999999998,0,HARD_STOP,8,13.190946578979492,11.871851921081543,11.392179919674776,PRICE,TEST,2023-04
GGBR4.SA,BEAR_CALM,0.08820866568653848,1,MAX_DAYS,10,16.506139755249023,17.981931686401367,15.26496004146415,PRICE,TRAIN,2023-04
GGBR4.SA,BEAR_CALM,0.01262909689515155,1,MAX_DAYS,10,16.180696487426758,16.404460906982422,14.926826549604892,PRICE,TRAIN,2023-04
FLRY3.SA,BEAR_CALM,0.0016289139004784581,1,SIGNAL,1,11.092490196228027,11.123869895935059,9.80202871639495,PRICE,TRAIN,2023-04
FLRY3.SA,BEAR_CALM,0.041872538588343035,1,SIGNAL,1,10.927750587463379,11.398436546325684,9.681218395495888,PRICE,TRAIN,2023-04
FLRY3.SA,BEAR_CALM,0.027721058405437572,1,MAX_DAYS,10,12.56169319152832,12.9249906539917,11.376109998549424,PRICE,TRAIN,2023-04
FLRY3.SA,BEAR_CALM,-0.05673675797087798,0,STOP_LOSS,10,12.643271446228027,11.941105139958749,11.941105139958749,PRICE,TEST,2023-04
GOAU4.SA,BEAR_CALM,-0.07611066560375038,0,STOP_LOSS,9,9.510238647460938,8.797820340329128,8.797820340329128,PRICE,TRAIN,2023-04
HAPV3.SA,BEAR_CALM,0.11694348391211759,1,SIGNAL,2,35.54999923706055,39.75,22.81874656677246,PRICE,TRAIN,2023-04
HAPV3.SA,BEAR_CALM,0.0625681011992377,1,MAX_DAYS,10,51.75,55.04999923706055,42.562500953674316,PRICE,TRAIN,2023-04
HAPV3.SA,BEAR_CALM,0.07102217983669709,1,MAX_DAYS,10,54.0,57.89999771118164,46.124999046325684,PRICE,TRAIN,2023-04
HAPV3.SA,BEAR_CALM,0.04964747345624363,1,MAX_DAYS,10,53.099998474121094,55.79999923706055,44.306250254313156,PRICE,TEST,2023-04
HYPE3.SA,BEAR_CALM,0.10220330323990487,1,MAX_DAYS,10,28.531124114990234,31.48133659362793,25.3506962054372,PRICE,TRAIN,2023-04
HYPE3.SA,BEAR_CALM,-0.08268565279386733,0,STOP_LOSS,9,29.27880096435547,26.89299875475325,26.89299875475325,PRICE,TEST,2023-04
IRBR3.SA,BEAR_CALM,0.1396943882739162,1,SIGNAL,2,37.119998931884766,42.349998474121094,33.55000400543213,PRICE,TEST,2023-04
IRBR3.SA,BEAR_CALM,-0.007212675055821592,0,END_CLOSED,1,31.600000381469727,31.40999984741211,28.355000495910645,PRICE,TEST,2023-04
KLBN11.SA,BEAR_CALM,0.05311133541350719,1,SIGNAL,4,13.929817199707031,14.68636417388916,12.628609754512812,PRICE,TRAIN,2023-04
LREN3.SA,BEAR_CALM,0.03071480227692356,1,MAX_DAYS,10,10.107695579528809,10.430280685424805,8.602293058448762,PRICE,TRAIN,2023-04
LWSA3.SA,BEAR_CALM,0.057855197699100504,1,MAX_DAYS,10,4.929811954498291,5.220942974090576,3.95937645958843,PRICE,TRAIN,2023-04
LWSA3.SA,BEAR_CALM,-0.046740782102486465,0,MAX_DAYS,10,5.114194869995117,4.881290435791016,4.536785378101221,PRICE,TEST,2023-04
MRVE3.SA,BEAR_CALM,0.03934050135560283,1,MAX_DAYS,10,7.400000095367432,7.699999809265137,6.187500476837158,PRICE,TRAIN,2023-04
MRVE3.SA,BEAR_CALM,-0.11517558296093236,0,STOP_LOSS,8,7.369999885559082,6.529999852180481,6.529999852180481,PRICE,TEST,2023-04
MRVE3.SA,BEAR_CALM,0.02014144324798215,1,MAX_DAYS,10,6.559999942779541,6.699999809265137,5.474999991330233,PRICE,TEST,2023-04
MGLU3.SA,BEAR_CALM,0.17271309453215364,1,SIGNAL,4,29.23788070678711,34.322731018066406,22.564016239982866,PRICE,TRAIN,2023-04
MGLU3.SA,BEAR_CALM,-0.10119999999999998,0,HARD_STOP,8,16.406463623046875,14.765817260742187,13.688235555151627,PRICE,TEST,2023-04
MULT3.SA,BEAR_CALM,0.033568061822285646,1,SIGNAL,4,23.247690200805664,24.055967330932617,21.72043503968341,PRICE,TEST,2023-04
PCAR3.SA,BEAR_CALM,0.041891663431762406,1,SIGNAL,4,14.619999885559082,15.25,13.167500019073486,PRICE,TRAIN,2023-04
PCAR3.SA,BEAR_CALM,-0.10119999999999998,0,HARD_STOP,3,3.690000057220459,3.3210000514984133,2.8799999952316284,PRICE,TRAIN,2023-04
PCAR3.SA,BEAR_CALM,0.11407373304058929,1,MAX_DAYS,10,3.4700000286102295,3.869999885559082,2.665000081062317,PRICE,TRAIN,2023-04
PETR3.SA,BEAR_CALM,0.05947242011674612,1,SIGNAL,4,16.65680503845215,17.66741371154785,14.952160861952354,PRICE,TRAIN,2023-04
PETR4.SA,BEAR_CALM,0.056072424388257415,1,SIGNAL,4,14.168882369995117,14.980368614196777,12.779432245754169,PRICE,TRAIN,2023-04
RADL3.SA,BEAR_CALM,0.03655107955889534,1,MAX_DAYS,10,24.011493682861328,24.917953491210938,22.039464814302022,PRICE,TRAIN,2023-04
RADL3.SA,BEAR_CALM,0.0934374153921412,1,MAX_DAYS,10,24.455078125,26.76944351196289,22.456530548273395,PRICE,TRAIN,2023-04
RADL3.SA,BEAR_CALM,-0.06003661314694544,0,MAX_DAYS,10,25.554399490356445,24.050865173339844,23.596833057437962,PRICE,TEST,2023-04
RAIL3.SA,BEAR_CALM,-0.024659700991523058,0,MAX_DAYS,10,20.148557662963867,19.675878524780273,18.465138702176148,PRICE,TEST,2023-04
RAIZ4.SA,BEAR_CALM,0.0326461215679462,1,END_CLOSED,3,3.25,3.359999895095825,2.9301181153221227,PRICE,TRAIN,2023-04
RAIZ4.SA,BEAR_CALM,-0.023564271278590752,0,MAX_DAYS,10,3.130000114440918,3.059999942779541,2.7537498474121094,PRICE,TEST,2023-04
RDOR3.SA,BEAR_CALM,-0.08535086119562688,0,MAX_DAYS,10,25.068628311157227,22.959081649780273,22.07694794593374,PRICE,TRAIN,2023-04
RDOR3.SA,BEAR_CALM,-0.05209114555691221,0,MAX_DAYS,10,22.996919631958008,21.826580047607422,19.794755480353956,PRICE,TRAIN,2023-04
RDOR3.SA,BEAR_CALM,0.14888577260027888,1,MAX_DAYS,10,22.497447967529297,25.873994827270508,19.850755884938298,PRICE,TEST,2023-04
RENT3.SA,BEAR_CALM,0.0028315205716179306,1,MAX_DAYS,10,48.179527282714844,48.37376403808594,43.337527512267684,PRICE,TRAIN,2023-04
RENT3.SA,BEAR_CALM,0.028886675887141645,1,SIGNAL,1,48.30873489379883,49.762184143066406,44.67276976979638,PRICE,TEST,2023-04
SANB11.SA,BEAR_CALM,0.09659187440625647,1,MAX_DAYS,10,23.894315719604492,26.230985641479492,22.30092658220233,PRICE,TEST,2023-04
SBSP3.SA,BEAR_CALM,-0.027668758445860718,0,MAX_DAYS,10,46.09803009033203,44.877872467041016,41.50393350084438,PRICE,TRAIN,2023-04
SLCE3.SA,BEAR_CALM,-0.0006678961848537656,0,MAX_DAYS,10,17.47464370727539,17.48394203186035,15.900043001104248,PRICE,TEST,2023-04
SUZB3.SA,BEAR_CALM,-0.028590799186175707,0,MAX_DAYS,10,40.075157165527344,38.97746658325195,36.00139664278617,PRICE,TRAIN,2023-04
SUZB3.SA,BEAR_CALM,0.07328457059905111,1,MAX_DAYS,10,36.71584701538086,39.45061111450195,32.73908353562904,PRICE,TRAIN,2023-04
SUZB3.SA,BEAR_CALM,0.0029109310102509514,1,MAX_DAYS,10,47.11336898803711,47.30704879760742,42.109087624935896,PRICE,TEST,2023-04
UGPA3.SA,BEAR_CALM,0.009022896494216816,1,END_CLOSED,3,19.415300369262695,19.613780975341797,17.586094707260692,PRICE,TEST,2023-04
USIM5.SA,BEAR_CALM,0.07840892624022064,1,SIGNAL,4,6.601693153381348,7.127246856689453,6.085359304972317,PRICE,TRAIN,2023-04
USIM5.SA,BEAR_CALM,0.00565873676220905,1,MAX_DAYS,10,7.289999961853027,7.340000152587891,6.6025002002716064,PRICE,TEST,2023-04
VBBR3.SA,BEAR_CALM,0.05554866557773117,1,MAX_DAYS,10,10.0756254196167,10.647403717041016,8.70316920962694,PRICE,TRAIN,2023-04
VALE3.SA,BEAR_CALM,0.016162831222792252,1,MAX_DAYS,10,54.27982711791992,55.2222785949707,50.29663142136788,PRICE,TEST,2023-04
YDUQ3.SA,BEAR_CALM,-0.0012,0,END_CLOSED,0,10.176077842712402,10.176077842712402,8.619396948514805,PRICE,TEST,2023-04
ABEV3.SA,BEAR_CALM,0.04064099465955948,1,MAX_DAYS,10,10.892598152160645,11.348355293273926,10.154271104863117,PRICE,TRAIN,2023-07
ABEV3.SA,BEAR_CALM,-0.035740960075379545,0,MAX_DAYS,10,10.81967830657959,10.445956230163574,10.074514913923945,PRICE,TRAIN,2023-07
ABEV3.SA,BEAR_CALM,0.013870950847747344,1,END_CLOSED,6,10.28188419342041,10.43684196472168,9.55267246337251,PRICE,TRAIN,2023-07
ABEV3.SA,BEAR_CALM,0.03746426843785509,1,MAX_DAYS,10,10.373035430908203,10.774101257324219,9.73497587844914,PRICE,TEST,2023-07
ALOS3.SA,BEAR_CALM,0.021626764250277965,1,MAX_DAYS,10,19.247650146484375,19.68701171875,17.14732296095289,PRICE,TRAIN,2023-07
ASAI3.SA,BEAR_CALM,0.006882394232803214,1,SIGNAL,1,13.36719036102295,13.475229263305664,12.060917838564908,PRICE,TRAIN,2023-07
ASAI3.SA,BEAR_CALM,0.04891930058525582,1,MAX_DAYS,10,12.345745086669922,12.964505195617676,10.623528274251195,PRICE,TRAIN,2023-07
AURE3.SA,BEAR_CALM,0.019543350554044416,1,MAX_DAYS,10,11.493091583251953,11.731496810913086,10.73069346605403,PRICE,TRAIN,2023-07
AURE3.SA,BEAR_CALM,-0.045118909607701395,0,STOP_LOSS,4,11.026216506958008,10.541957100873974,10.541957100873974,PRICE,TEST,2023-07
BBDC3.SA,BEAR_CALM,0.015468866981789377,1,MAX_DAYS,10,10.149397850036621,10.31857681274414,9.51149298942505,PRICE,TRAIN,2023-07
BBDC3.SA,BEAR_CALM,0.04641896488502426,1,MAX_DAYS,10,10.429182052612305,10.925808906555176,9.78762709691572,PRICE,TRAIN,2023-07
BBDC3.SA,BEAR_CALM,-0.005816524190214299,0,MAX_DAYS,10,9.831274032592773,9.785887718200684,9.378348816700278,PRICE,TRAIN,2023-07
B3SA3.SA,BEAR_CALM,0.028317090023016613,1,MAX_DAYS,10,10.74882698059082,11.06610107421875,9.640774430047337,PRICE,TRAIN,2023-07
B3SA3.SA,BEAR_CALM,0.0170816969321542,1,MAX_DAYS,10,10.518082618713379,10.710371017456055,9.373976909151219,PRICE,TRAIN,2023-07
B3SA3.SA,BEAR_CALM,-0.07472949891247896,0,MAX_DAYS,10,10.46039867401123,9.691250801086426,9.446086025724039,PRICE,TRAIN,2023-07
B3SA3.SA,BEAR_CALM,-0.0016122706938002317,0,MAX_DAYS,10,10.152738571166992,10.148552894592285,9.212936650063396,PRICE,TRAIN,2023-07
B3SA3.SA,BEAR_CALM,0.013181454361078739,1,SIGNAL,1,10.109782218933105,10.255175590515137,9.51608637289821,PRICE,TEST,2023-07
AZUL4.SA,BEAR_CALM,-0.07729753492401872,0,MAX_DAYS,10,10.25,9.470000267028809,8.462500095367432,PRICE,TRAIN,2023-07
AZUL4.SA,BEAR_CALM,-0.04477065399154769,0,MAX_DAYS,10,9.40999984741211,9.0,7.555000066757202,PRICE,TRAIN,2023-07
AZUL4.SA,BEAR_CALM,-0.10119999999999998,0,HARD_STOP,6,8.449999809265137,7.604999828338623,7.072499990463257,PRICE,TRAIN,2023-07
BBSE3.SA,BEAR_CALM,0.026066793619076246,1,MAX_DAYS,10,23.8863525390625,24.537656784057617,22.362067096817963,PRICE,TRAIN,2023-07
BBDC4.SA,BEAR_CALM,0.005733073889249908,1,MAX_DAYS,10,11.102009773254395,11.178980827331543,10.440457726627884,PRICE,TRAIN,2023-07
BBDC4.SA,BEAR_CALM,0.004206963498295392,1,MAX_DAYS,10,10.954541206359863,11.013772010803223,10.273064282714286,PRICE,TRAIN,2023-07
BEEF3.SA,BEAR_CALM,-0.058761016677395216,0,MAX_DAYS,10,10.08176326751709,9.501446723937988,8.825230466765898,PRICE,TRAIN,2023-07
BEEF3.SA,BEAR_CALM,0.04303591447970354,1,MAX_DAYS,10,7.460000038146973,7.789999961853027,6.6625001430511475,PRICE,TRAIN,2023-07
BEEF3.SA,BEAR_CALM,0.026577785523670273,1,MAX_DAYS,10,6.840000152587891,7.03000020980835,5.800000071525574,PRICE,TRAIN,2023-07
BEEF3.SA,BEAR_CALM,0.028650789820280888,1,MAX_DAYS,10,6.699999809265137,6.900000095367432,5.615000009536743,PRICE,TEST,2023-07
BEEF3.SA,BEAR_CALM,0.10565806671963326,1,MAX_DAYS,10,6.269999980926514,6.940000057220459,5.705000042915344,PRICE,TEST,2023-07
BRAP4.SA,BEAR_CALM,0.027294016588988647,1,MAX_DAYS,10,16.636911392211914,17.110963821411133,15.97850555826193,PRICE,TRAIN,2023-07
BRAP4.SA,BEAR_CALM,-0.05261513420422239,0,MAX_DAYS,10,17.084516525268555,16.206113815307617,15.817278392607347,PRICE,TRAIN,2023-07
BRAP4.SA,BEAR_CALM,0.04955277132477907,1,END_CLOSED,4,15.291929244995117,16.068037033081055,14.415608106642626,PRICE,TRAIN,2023-07
BRKM5.SA,BEAR_CALM,0.13712203052622937,1,MAX_DAYS,10,17.639999389648438,20.079999923706055,15.329999446868896,PRICE,TRAIN,2023-07
BRKM5.SA,BEAR_CALM,-0.06474172772003298,0,MAX_DAYS,10,19.200000762939453,17.979999542236328,16.967502117156982,PRICE,TRAIN,2023-07
COGN3.SA,BEAR_CALM,-0.0012,0,MAX_DAYS,10,2.424334764480591,2.424334764480591,2.0519216425127564,PRICE,TRAIN,2023-07
COGN3.SA,BEAR_CALM,-0.10119999999999998,0,HARD_STOP,6,2.112773895263672,1.9014965057373048,1.7427951735908283,PRICE,TRAIN,2023-07
COGN3.SA,BEAR_CALM,-0.05434006004320704,0,MAX_DAYS,10,2.015410900115967,1.9083118438720703,1.579712376876654,PRICE,TRAIN,2023-07
COGN3.SA,BEAR_CALM,-0.10119999999999998,0,HARD_STOP,4,1.8498940467834473,1.6649046421051026,1.6113551614660369,PRICE,TRAIN,2023-07
COGN3.SA,BEAR_CALM,0.010099383049963918,1,END_CLOSED,4,1.7233223915100098,1.7427948713302612,1.428799776285946,PRICE,TRAIN,2023-07
CPFE3.SA,BEAR_CALM,-0.00607061962995694,0,MAX_DAYS,10,32.849998474121094,32.689998626708984,30.407499313354492,PRICE,TRAIN,2023-07
CPFE3.SA,BEAR_CALM,0.00741004844266633,1,END_CLOSED,3,32.52000045776367,32.79999923706055,30.650001525878906,PRICE,TRAIN,2023-07
CSAN3.SA,BEAR_CALM,-0.028977816794602783,0,MAX_DAYS,10,14.258208274841309,13.862146377563477,12.879239048621137,PRICE,TRAIN,2023-07
CSAN3.SA,BEAR_CALM,-0.03798003109009209,0,MAX_DAYS,10,13.920106887817383,13.408124923706055,12.68120709975575,PRICE,TRAIN,2023-07
CSAN3.SA,BEAR_CALM,-0.06922691876215006,0,MAX_DAYS,10,13.369484901428223,12.460000038146973,12.294806174047983,PRICE,TRAIN,2023-07
CSAN3.SA,BEAR_CALM,0.0674661310434311,1,MAX_DAYS,10,12.670000076293945,13.539999961853027,11.430823610147437,PRICE,TRAIN,2023-07
CSNA3.SA,BEAR_CALM,0.04485262738739735,1,SIGNAL,1,10.478035926818848,10.960577011108398,9.618509317326279,PRICE,TRAIN,2023-07
CVCB3.SA,BEAR_CALM,-0.10091500489029795,0,STOP_LOSS,7,3.509999990463257,3.1600003242492676,3.1600003242492676,PRICE,TRAIN,2023-07
CVCB3.SA,BEAR_CALM,-0.04300060463260349,0,MAX_DAYS,10,3.109999895095825,2.9800000190734863,2.524545452811501,PRICE,TRAIN,2023-07
CVCB3.SA,BEAR_CALM,-0.10119999999999998,0,HARD_STOP,4,2.880000114440918,2.5920001029968263,2.417500138282776,PRICE,TRAIN,2023-07
CVCB3.SA,BEAR_CALM,-0.10119999999999987,0,HARD_STOP,9,2.509999990463257,2.2589999914169314,2.0200000405311584,PRICE,TRAIN,2023-07
CVCB3.SA,BEAR_CALM,0.041535105435526055,1,MAX_DAYS,10,2.3399999141693115,2.440000057220459,1.9200000166893005,PRICE,TRAIN,2023-07
CVCB3.SA,BEAR_CALM,-0.08026979942012172,0,MAX_DAYS,10,2.1500000953674316,1.9800000190734863,1.7025001347064972,PRICE,TRAIN,2023-07
CVCB3.SA,BEAR_CALM,0.040250800564520885,1,MAX_DAYS,10,1.9299999475479126,2.009999990463257,1.5925001204013824,PRICE,TRAIN,2023-07
CVCB3.SA,BEAR_CALM,0.019742451183951105,1,END_CLOSED,9,1.909999966621399,1.9500000476837158,1.5999999344348907,PRICE,TRAIN,2023-07
ECOR3.SA,BEAR_CALM,-0.029732630562064453,0,MAX_DAYS,10,6.844263553619385,6.6489787101745605,6.100321507848107,PRICE,TRAIN,2023-07
ECOR3.SA,BEAR_CALM,0.003307551485471995,1,MAX_DAYS,10,6.741971969604492,6.772361755371094,5.9747817778111285,PRICE,TRAIN,2023-07
ECOR3.SA,BEAR_CALM,-0.10022838837195971,0,STOP_LOSS,10,6.390282154083252,5.757462811122292,5.757462811122292,PRICE,TRAIN,2023-07
ENGI11.SA,BEAR_CALM,0.03328281675703391,1,END_CLOSED,7,36.2021484375,37.45050048828125,32.93344323672468,PRICE,TRAIN,2023-07
EQTL3.SA,BEAR_CALM,0.016139179352669154,1,MAX_DAYS,10,28.867448806762695,29.36798667907715,26.738298884300473,PRICE,TRAIN,2023-07
EQTL3.SA,BEAR_CALM,-0.002535573953668456,0,MAX_DAYS,10,28.182353973388672,28.14471435546875,25.740511435370507,PRICE,TRAIN,2023-07
EQTL3.SA,BEAR_CALM,-0.00832344926156494,0,MAX_DAYS,10,27.74009132385254,27.5424861907959,25.681697726866545,PRICE,TRAIN,2023-07
EQTL3.SA,BEAR_CALM,0.09534231439330773,1,END_CLOSED,4,27.486024856567383,30.139589309692383,25.295894954574102,PRICE,TRAIN,2023-07
EZTC3.SA,BEAR_CALM,0.08490762866908738,1,MAX_DAYS,10,13.735968589782715,14.918740272521973,11.494098946266615,PRICE,TRAIN,2023-07
EZTC3.SA,BEAR_CALM,0.013690067337800517,1,MAX_DAYS,10,10.978093147277832,11.141557693481445,9.547757825044876,PRICE,TRAIN,2023-07
EZTC3.SA,BEAR_CALM,0.05033847951010415,1,SIGNAL,1,11.184576034545898,11.761012077331543,10.386598527553522,PRICE,TEST,2023-07
GGBR4.SA,BEAR_CALM,0.08820866568653848,1,MAX_DAYS,10,16.506139755249023,17.981931686401367,15.26496004146415,PRICE,TRAIN,2023-07
FLRY3.SA,BEAR_CALM,0.027721058405437572,1,MAX_DAYS,10,12.56169319152832,12.9249906539917,11.376109998549424,PRICE,TRAIN,2023-07
FLRY3.SA,BEAR_CALM,0.028074807205719844,1,SIGNAL,4,12.831084251403809,13.206711769104004,11.75542553587428,PRICE,TEST,2023-07
GOAU4.SA,BEAR_CALM,-0.07611066560375038,0,STOP_LOSS,9,9.510238647460938,8.797820340329128,8.797820340329128,PRICE,TRAIN,2023-07
HYPE3.SA,BEAR_CALM,0.016949427328201018,1,MAX_DAYS,10,26.232913970947266,26.709026336669922,23.612832647071347,PRICE,TRAIN,2023-07
HAPV3.SA,BEAR_CALM,-0.033607327280444486,0,MAX_DAYS,10,64.79999542236328,62.70000076293945,51.675002098083496,PRICE,TRAIN,2023-07
HAPV3.SA,BEAR_CALM,0.07657779190628608,1,MAX_DAYS,10,54.0,58.20000076293945,45.150001525878906,PRICE,TRAIN,2023-07
IGTI11.SA,BEAR_CALM,0.07596200332425149,1,MAX_DAYS,10,18.6531925201416,20.092510223388672,16.924077763128793,PRICE,TRAIN,2023-07
IRBR3.SA,BEAR_CALM,-0.0305578278111023,0,MAX_DAYS,10,32.70000076293945,31.739999771118164,29.515002250671387,PRICE,TRAIN,2023-07
IRBR3.SA,BEAR_CALM,-0.03444105187013493,0,END_CLOSED,3,32.4900016784668,31.40999984741211,29.515000820159912,PRICE,TRAIN,2023-07
LREN3.SA,BEAR_CALM,0.007182778627643806,1,SIGNAL,1,16.545429229736328,16.684125900268555,14.560873286315175,PRICE,TRAIN,2023-07
LREN3.SA,BEAR_CALM,-0.10119999999999998,0,HARD_STOP,6,16.15382194519043,14.538439750671387,13.869442202914009,PRICE,TRAIN,2023-07
LREN3.SA,BEAR_CALM,0.03071480227692356,1,MAX_DAYS,10,10.107695579528809,10.430280685424805,8.602293058448762,PRICE,TRAIN,2023-07
LREN3.SA,BEAR_CALM,0.014530278991759939,1,MAX_DAYS,10,10.478045463562012,10.642868041992188,9.107124712344417,PRICE,TRAIN,2023-07
LWSA3.SA,BEAR_CALM,0.013693770725505462,1,MAX_DAYS,10,4.561046123504639,4.628977298736572,3.8671847380990676,PRICE,TRAIN,2023-07
LWSA3.SA,BEAR_CALM,-0.10119999999999998,0,HARD_STOP,6,4.609568119049072,4.148611307144165,3.874463688991649,PRICE,TRAIN,2023-07
LWSA3.SA,BEAR_CALM,-0.055702350629970664,0,MAX_DAYS,10,4.095237731933594,3.872037649154663,3.216993633683588,PRICE,TRAIN,2023-07
LWSA3.SA,BEAR_CALM,-0.03039712785149564,0,END_CLOSED,5,3.988490104675293,3.872037649154663,3.2824981091086265,PRICE,TRAIN,2023-07
MGLU3.SA,BEAR_CALM,-0.10119999999999998,0,HARD_STOP,4,30.59989356994629,27.53990421295166,27.26296129126362,PRICE,TRAIN,2023-07
MGLU3.SA,BEAR_CALM,0.0020679870919796187,1,MAX_DAYS,10,27.785066604614258,27.87586784362793,22.65481612904717,PRICE,TRAIN,2023-07
MGLU3.SA,BEAR_CALM,-0.10119999999999987,0,HARD_STOP,4,12.814515113830566,11.53306360244751,9.562346809420934,PRICE,TRAIN,2023-07
MGLU3.SA,BEAR_CALM,0.1365694937288072,1,END_CLOSED,7,10.358400344848633,11.78547191619873,7.642596808701996,PRICE,TRAIN,2023-07
MRVE3.SA,BEAR_CALM,0.07812010585244664,1,MAX_DAYS,10,7.059999942779541,7.619999885559082,5.727499842643738,PRICE,TRAIN,2023-07
MULT3.SA,BEAR_CALM,-0.026797112960339285,0,MAX_DAYS,10,21.897937774658203,21.337413787841797,19.471321469595665,PRICE,TRAIN,2023-07
MULT3.SA,BEAR_CALM,-0.011731012924661187,0,MAX_DAYS,10,21.290700912475586,21.06648826599121,19.63247315802725,PRICE,TRAIN,2023-07
MULT3.SA,BEAR_CALM,0.0036415849716225704,1,MAX_DAYS,10,21.22530746459961,21.32807159423828,19.359216757497947,PRICE,TRAIN,2023-07
PCAR3.SA,BEAR_CALM,-0.10119999999999998,0,HARD_STOP,3,3.690000057220459,3.3210000514984133,2.8799999952316284,PRICE,TRAIN,2023-07
PCAR3.SA,BEAR_CALM,0.11407373304058929,1,MAX_DAYS,10,3.4700000286102295,3.869999885559082,2.665000081062317,PRICE,TRAIN,2023-07
PCAR3.SA,BEAR_CALM,0.0026314141245932024,1,END_CLOSED,3,2.609999895095825,2.619999885559082,2.107499837875366,PRICE,TRAIN,2023-07
PRIO3.SA,BEAR_CALM,-0.06218967731524685,0,MAX_DAYS,10,43.45000076293945,40.79999923706055,38.85750102996826,PRICE,TRAIN,2023-07
PRIO3.SA,BEAR_CALM,0.09213329634232945,1,END_CLOSED,9,41.25,45.099998474121094,36.904998779296875,PRICE,TRAIN,2023-07
RADL3.SA,BEAR_CALM,0.03230838660450628,1,END_CLOSED,8,23.97261619567871,24.77589988708496,21.681327369381894,PRICE,TRAIN,2023-07
RAIL3.SA,BEAR_CALM,-0.03265853311074309,0,MAX_DAYS,10,20.10715675354004,19.4746150970459,18.373110688586788,PRICE,TRAIN,2023-07
RAIL3.SA,BEAR_CALM,-0.016463370478150406,0,MAX_DAYS,10,19.465030670166016,19.16792869567871,17.816587750895778,PRICE,TRAIN,2023-07
RAIL3.SA,BEAR_CALM,0.04982043199362338,1,MAX_DAYS,10,18.784570693969727,19.74296760559082,17.040289360333958,PRICE,TRAIN,2023-07
RAIZ4.SA,BEAR_CALM,-0.039416598716108385,0,MAX_DAYS,10,3.140000104904175,3.0199999809265137,2.785000205039978,PRICE,TRAIN,2023-07
RAIZ4.SA,BEAR_CALM,-0.05843908237586606,0,MAX_DAYS,10,2.9700000286102295,2.799999952316284,2.657500207424164,PRICE,TRAIN,2023-07
RAIZ4.SA,BEAR_CALM,0.03939036662266635,1,MAX_DAYS,10,2.7100000381469727,2.819999933242798,2.397499978542328,PRICE,TRAIN,2023-07
RAIZ4.SA,BEAR_CALM,0.0630857392223517,1,END_CLOSED,8,2.799999952316284,2.9800000190734863,2.4400001764297485,PRICE,TRAIN,2023-07
RDOR3.SA,BEAR_CALM,-0.08535086119562688,0,MAX_DAYS,10,25.068628311157227,22.959081649780273,22.07694794593374,PRICE,TRAIN,2023-07
RDOR3.SA,BEAR_CALM,-0.05209114555691221,0,MAX_DAYS,10,22.996919631958008,21.826580047607422,19.794755480353956,PRICE,TRAIN,2023-07
RECV3.SA,BEAR_CALM,0.09595907508359422,1,END_CLOSED,9,15.373629570007324,16.86731719970703,13.52702458403356,PRICE,TRAIN,2023-07
RENT3.SA,BEAR_CALM,0.0006166641183836597,1,MAX_DAYS,10,46.15650177001953,46.240352630615234,41.26273662472179,PRICE,TRAIN,2023-07
RENT3.SA,BEAR_CALM,-0.03524246607801187,0,MAX_DAYS,10,43.78997802734375,42.299259185791016,37.831743415487864,PRICE,TRAIN,2023-07
RENT3.SA,BEAR_CALM,-0.004606721629668041,0,END_CLOSED,3,39.42101287841797,39.28671646118164,34.95141908599849,PRICE,TRAIN,2023-07
SANB11.SA,BEAR_CALM,0.07294252524729491,1,MAX_DAYS,10,24.606300354003906,26.430673599243164,23.15293127250746,PRICE,TEST,2023-07
SLCE3.SA,BEAR_CALM,0.01097389702311733,1,MAX_DAYS,10,16.771617889404297,16.975793838500977,15.344816850620523,PRICE,TRAIN,2023-07
SUZB3.SA,BEAR_CALM,0.0029109310102509514,1,MAX_DAYS,10,47.11336898803711,47.30704879760742,42.109087624935896,PRICE,TRAIN,2023-07
SUZB3.SA,BEAR_CALM,0.020336010440646347,1,MAX_DAYS,10,50.812713623046875,51.90701675415039,46.61221665299269,PRICE,TEST,2023-07
TIMS3.SA,BEAR_CALM,0.06972650818631262,1,SIGNAL,6,14.02422046661377,15.018909454345703,12.816702965004666,PRICE,TEST,2023-07
UGPA3.SA,BEAR_CALM,0.009022896494216816,1,END_CLOSED,3,19.415300369262695,19.613780975341797,17.586094707260692,PRICE,TRAIN,2023-07
USIM5.SA,BEAR_CALM,0.00565873676220905,1,MAX_DAYS,10,7.289999961853027,7.340000152587891,6.6025002002716064,PRICE,TRAIN,2023-07
VALE3.SA,BEAR_CALM,0.021865135289654038,1,MAX_DAYS,10,52.81137466430664,54.029476165771484,49.27726495288954,PRICE,TRAIN,2023-07
WEGE3.SA,BEAR_CALM,0.1437894928784745,1,PROFIT_TARGET,10,34.40618133544922,39.39471611916083,31.91191394359341,PRICE,TRAIN,2023-07
YDUQ3.SA,BEAR_CALM,-0.01973574946812475,0,END_CLOSED,4,10.368261337280273,10.176077842712402,8.936499660946515,PRICE,TRAIN,2023-07
AURE3.SA,BEAR_CALM,-0.027608387915395348,0,MAX_DAYS,10,11.284486770629883,10.986481666564941,10.745592826011453,PRICE,TRAIN,2023-10
AURE3.SA,BEAR_CALM,-0.04665455479881133,0,STOP_LOSS,5,11.036149024963379,10.534505784340332,10.534505784340332,PRICE,TRAIN,2023-10
ASAI3.SA,BEAR_CALM,-0.059511559837521454,0,MAX_DAYS,10,11.285013198852539,10.62696647644043,9.789673862532108,PRICE,TRAIN,2023-10
ASAI3.SA,BEAR_CALM,-0.05876100989792112,0,MAX_DAYS,10,10.067134857177734,9.48766040802002,8.726486856699287,PRICE,TRAIN,2023-10
ASAI3.SA,BEAR_CALM,-0.08461917476822814,0,MAX_DAYS,10,9.536768913269043,8.741219520568848,8.19366581765437,PRICE,TRAIN,2023-10
B3SA3.SA,BEAR_CALM,-0.03253148612075787,0,MAX_DAYS,10,10.864888191223145,10.52447509765625,9.061162934354346,PRICE,TRAIN,2023-10
AZUL4.SA,BEAR_CALM,0.00424744690631771,1,MAX_DAYS,10,12.850000381469727,12.920000076293945,9.175001382827759,PRICE,TRAIN,2023-10
AZUL4.SA,BEAR_CALM,-0.12290637587536571,0,MAX_DAYS,10,7.96999979019165,7.0,6.53249979019165,PRICE,TRAIN,2023-10
AZUL4.SA,BEAR_CALM,0.02215159265898734,1,MAX_DAYS,10,7.28000020980835,7.449999809265137,5.667500019073486,PRICE,TRAIN,2023-10
BBAS3.SA,BEAR_CALM,-0.014208543260705218,0,MAX_DAYS,10,23.584272384643555,23.277475357055664,22.385073208431212,PRICE,TEST,2023-10
BBDC3.SA,BEAR_CALM,0.03795152402193378,1,SIGNAL,5,10.008367538452148,10.4002103805542,9.27646721224643,PRICE,TRAIN,2023-10
BBDC3.SA,BEAR_CALM,0.04641896488502426,1,MAX_DAYS,10,10.429182052612305,10.925808906555176,9.78762709691572,PRICE,TRAIN,2023-10
BBDC3.SA,BEAR_CALM,-0.005816524190214299,0,MAX_DAYS,10,9.831274032592773,9.785887718200684,9.378348816700278,PRICE,TRAIN,2023-10
BBDC3.SA,BEAR_CALM,0.0016274477752250339,1,END_CLOSED,3,9.633384704589844,9.660622596740723,8.625556085273562,PRICE,TEST,2023-10
BEEF3.SA,BEAR_CALM,-0.05286052526222231,0,MAX_DAYS,10,8.130000114440918,7.710000038146973,7.307499647140503,PRICE,TRAIN,2023-10
BEEF3.SA,BEAR_CALM,0.04303591447970354,1,MAX_DAYS,10,7.460000038146973,7.789999961853027,6.663076950953557,PRICE,TRAIN,2023-10
BEEF3.SA,BEAR_CALM,0.029591793674664447,1,MAX_DAYS,10,6.820000171661377,7.03000020980835,5.819999933242798,PRICE,TRAIN,2023-10
BEEF3.SA,BEAR_CALM,-0.11622349747600905,0,STOP_LOSS,6,6.389999866485596,5.654999732971191,5.654999732971191,PRICE,TEST,2023-10
BBDC4.SA,BEAR_CALM,0.0325884186140367,1,SIGNAL,1,11.408697128295898,11.79417896270752,10.591244635530277,PRICE,TRAIN,2023-10
BBDC4.SA,BEAR_CALM,0.0129375390363776,1,MAX_DAYS,10,10.920999526977539,11.075395584106445,10.311164064399556,PRICE,TRAIN,2023-10
BBDC4.SA,BEAR_CALM,-0.041690449073955936,0,MAX_DAYS,10,11.4774808883667,11.012752532958984,10.466498960639026,PRICE,TEST,2023-10
BRAP4.SA,BEAR_CALM,-0.030439755412705403,0,MAX_DAYS,10,16.727209091186523,16.238109588623047,15.831780940577495,PRICE,TRAIN,2023-10
BRAP4.SA,BEAR_CALM,0.13828834626194383,1,PROFIT_TARGET,10,16.004844665527344,18.237333980101045,14.888600008240493,PRICE,TRAIN,2023-10
BRAP4.SA,BEAR_CALM,-0.05261513420422239,0,MAX_DAYS,10,17.084516525268555,16.206113815307617,15.817278392607347,PRICE,TRAIN,2023-10
BRAP4.SA,BEAR_CALM,0.05013687556429312,1,MAX_DAYS,10,15.948637962341309,16.767391204833984,14.912402103249569,PRICE,TEST,2023-10
BRKM5.SA,BEAR_CALM,-0.10894676913377635,0,STOP_LOSS,9,18.8700008392334,16.83681921525435,16.83681921525435,PRICE,TRAIN,2023-10
BRKM5.SA,BEAR_CALM,-0.06474172772003298,0,MAX_DAYS,10,19.200000762939453,17.979999542236328,16.967502117156982,PRICE,TRAIN,2023-10
BRKM5.SA,BEAR_CALM,-0.05315497104395519,0,MAX_DAYS,10,18.670000076293945,17.700000762939453,16.389166831970215,PRICE,TEST,2023-10
BRKM5.SA,BEAR_CALM,-0.060970059251677,0,MAX_DAYS,10,17.399999618530273,16.360000610351562,15.507499694824219,PRICE,TEST,2023-10
BRKM5.SA,BEAR_CALM,-0.042469817049541135,0,MAX_DAYS,10,15.75,15.100000381469727,13.470000267028809,PRICE,TEST,2023-10
BRKM5.SA,BEAR_CALM,-0.14045079844593958,0,STOP_LOSS,8,15.350000381469727,13.21250057220459,13.21250057220459,PRICE,TEST,2023-10
BRKM5.SA,BEAR_CALM,-0.08215241483196636,0,END_CLOSED,8,12.600000381469727,11.579999923706055,10.132500171661377,PRICE,TEST,2023-10
COGN3.SA,BEAR_CALM,-0.0012,0,MAX_DAYS,10,2.424334764480591,2.424334764480591,2.0358565810325535,PRICE,TRAIN,2023-10
COGN3.SA,BEAR_CALM,-0.10119999999999998,0,HARD_STOP,6,1.6454321146011353,1.4808889031410217,1.3874205952614267,PRICE,TRAIN,2023-10
COGN3.SA,BEAR_CALM,0.005994167292290388,1,MAX_DAYS,10,1.3533436059951782,1.3630797863006592,1.0807276677115563,PRICE,TRAIN,2023-10
COGN3.SA,BEAR_CALM,0.07179272225723085,1,MAX_DAYS,10,1.3338710069656372,1.4312338829040527,1.0782935227339019,PRICE,TRAIN,2023-10
COGN3.SA,BEAR_CALM,0.1532714767347075,1,SIGNAL,3,1.1975630521774292,1.3825523853302002,0.9760625827576115,PRICE,TEST,2023-10
CSAN3.SA,BEAR_CALM,-0.09287301720985056,0,MAX_DAYS,10,13.09000015258789,11.890000343322754,11.25249981880188,PRICE,TEST,2023-10
CSAN3.SA,BEAR_CALM,-0.040330418196968386,0,MAX_DAYS,10,11.5,11.050000190734863,10.472500085830688,PRICE,TEST,2023-10
CSAN3.SA,BEAR_CALM,-0.10119999999999998,0,HARD_STOP,6,11.0,9.9,9.642499923706055,PRICE,TEST,2023-10
CPFE3.SA,BEAR_CALM,-0.0033289444206283866,0,MAX_DAYS,10,32.880001068115234,32.810001373291016,30.949169158935547,PRICE,TEST,2023-10
CSNA3.SA,BEAR_CALM,-0.04357280902381535,0,MAX_DAYS,10,10.167830467224121,9.736990928649902,9.247985558509189,PRICE,TRAIN,2023-10
CSNA3.SA,BEAR_CALM,0.12502218365775683,1,MAX_DAYS,10,9.693906784057617,10.917492866516113,8.844820288468762,PRICE,TRAIN,2023-10
CSNA3.SA,BEAR_CALM,0.05970028148440907,1,MAX_DAYS,10,10.78575611114502,11.442611694335938,9.512504581722718,PRICE,TRAIN,2023-10
CSNA3.SA,BEAR_CALM,-0.059023151272766826,0,MAX_DAYS,10,11.195100784301758,10.547764778137207,10.12414086195303,PRICE,TEST,2023-10
CVCB3.SA,BEAR_CALM,0.07411373240079419,1,SIGNAL,1,2.390000104904175,2.569999933242798,1.7424998879432678,PRICE,TRAIN,2023-10
CVCB3.SA,BEAR_CALM,-0.031050717942397797,0,MAX_DAYS,10,2.009999990463257,1.9500000476837158,1.5200000405311584,PRICE,TRAIN,2023-10
CVCB3.SA,BEAR_CALM,0.04324446946367875,1,MAX_DAYS,10,1.7999999523162842,1.8799999952316284,1.462499886751175,PRICE,TRAIN,2023-10
CVCB3.SA,BEAR_CALM,-0.011952677834782509,0,MAX_DAYS,10,1.8600000143051147,1.840000033378601,1.6850001811981201,PRICE,TEST,2023-10
ECOR3.SA,BEAR_CALM,-0.029732630562064453,0,MAX_DAYS,10,6.844263553619385,6.6489787101745605,6.100321507848107,PRICE,TRAIN,2023-10
ECOR3.SA,BEAR_CALM,0.003307551485471995,1,MAX_DAYS,10,6.741971969604492,6.772361755371094,5.9747817778111285,PRICE,TRAIN,2023-10
ELET3.SA,BEAR_CALM,-0.04454280645973099,0,MAX_DAYS,10,31.073951721191406,29.72711944580078,28.19323081844266,PRICE,TRAIN,2023-10
EMBR3.SA,BEAR_CALM,0.05258254052349196,1,MAX_DAYS,10,16.90260887145996,17.811674118041992,15.871169861276284,PRICE,TRAIN,2023-10
ENEV3.SA,BEAR_CALM,-0.043828817598017954,0,MAX_DAYS,10,11.260000228881836,10.779999732971191,9.789999961853027,PRICE,TRAIN,2023-10
ENEV3.SA,BEAR_CALM,-0.08713755950116212,0,MAX_DAYS,10,11.520000457763672,10.529999732971191,10.360000848770142,PRICE,TEST,2023-10
EQTL3.SA,BEAR_CALM,0.04191297175671536,1,MAX_DAYS,10,27.603904724121094,28.793991088867188,25.515820727526858,PRICE,TRAIN,2023-10
FLRY3.SA,BEAR_CALM,0.027721058405437572,1,MAX_DAYS,10,12.56169319152832,12.9249906539917,11.376109998549424,PRICE,TRAIN,2023-10
GGBR4.SA,BEAR_CALM,-0.071187195412207,0,MAX_DAYS,10,17.6262264251709,16.392616271972656,15.758782878021645,PRICE,TRAIN,2023-10
GGBR4.SA,BEAR_CALM,0.08820866568653848,1,MAX_DAYS,10,16.506139755249023,17.981931686401367,15.26496004146415,PRICE,TRAIN,2023-10
EZTC3.SA,BEAR_CALM,0.011038961376505708,1,MAX_DAYS,10,12.035160064697266,12.18245792388916,10.018471735059887,PRICE,TEST,2023-10
GOAU4.SA,BEAR_CALM,-0.0660150262735564,0,MAX_DAYS,10,9.186992645263672,8.591537475585938,8.353359430223819,PRICE,TRAIN,2023-10
GOAU4.SA,BEAR_CALM,0.09413282840433798,1,MAX_DAYS,10,8.566018104553223,9.382640838623047,7.917398922490586,PRICE,TRAIN,2023-10
HYPE3.SA,BEAR_CALM,-0.07963707186719185,0,MAX_DAYS,10,31.1170597076416,28.676328659057617,27.693631797446763,PRICE,TRAIN,2023-10
HYPE3.SA,BEAR_CALM,0.06322725735239784,1,MAX_DAYS,10,26.227737426757812,27.917518615722656,23.818065013481103,PRICE,TRAIN,2023-10
HYPE3.SA,BEAR_CALM,-0.019757282408207198,0,END_CLOSED,7,25.670957565307617,25.1945743560791,23.071902570509167,PRICE,TRAIN,2023-10
HYPE3.SA,BEAR_CALM,-0.08920507683808312,0,STOP_LOSS,7,18.746807098388672,17.096992899226255,17.096992899226255,PRICE,TEST,2023-10
IGTI11.SA,BEAR_CALM,0.04666400448052941,1,SIGNAL,4,18.18918800354004,19.059795379638672,16.32159730918385,PRICE,TRAIN,2023-10
HAPV3.SA,BEAR_CALM,-0.016989500454015947,0,MAX_DAYS,10,57.0,56.099998474121094,43.83124955495198,PRICE,TRAIN,2023-10
HAPV3.SA,BEAR_CALM,-0.06613506493506496,0,MAX_DAYS,10,57.75,54.0,51.59318473122337,PRICE,TEST,2023-10
HAPV3.SA,BEAR_CALM,-0.10119999999999987,0,HARD_STOP,6,52.79999923706055,47.5199993133545,45.82499980926514,PRICE,TEST,2023-10
IRBR3.SA,BEAR_CALM,-0.0053139578020849,0,MAX_DAYS,10,31.600000381469727,31.469999313354492,28.355000495910645,PRICE,TRAIN,2023-10
IRBR3.SA,BEAR_CALM,-0.10336617575924559,0,STOP_LOSS,10,30.93000030517578,27.770000457763672,27.770000457763672,PRICE,TRAIN,2023-10
IRBR3.SA,BEAR_CALM,0.2643269226986068,1,PROFIT_TARGET,7,28.65999984741211,36.27000141143799,24.85499906539917,PRICE,TRAIN,2023-10
LWSA3.SA,BEAR_CALM,0.09640274894659603,1,SIGNAL,3,5.6673431396484375,6.220491409301758,4.393646604186715,PRICE,TRAIN,2023-10
LWSA3.SA,BEAR_CALM,0.06759598351503646,1,MAX_DAYS,10,3.9496724605560303,4.221394062042236,3.287349982636281,PRICE,TEST,2023-10
MRVE3.SA,BEAR_CALM,0.07812010585244664,1,MAX_DAYS,10,7.059999942779541,7.619999885559082,5.727499842643738,PRICE,TRAIN,2023-10
MRVE3.SA,BEAR_CALM,0.052579052239034675,1,MAX_DAYS,10,6.880000114440918,7.25,5.850000023841858,PRICE,TEST,2023-10
MGLU3.SA,BEAR_CALM,0.04335868770499549,1,MAX_DAYS,10,11.32919692993164,11.83401107788086,9.144904743268135,PRICE,TRAIN,2023-10
MGLU3.SA,BEAR_CALM,-0.062069556963977666,0,END_CLOSED,7,10.047745704650879,9.43614387512207,8.154692372741788,PRICE,TRAIN,2023-10
MGLU3.SA,BEAR_CALM,-0.01764402305048731,0,MAX_DAYS,10,9.44585132598877,9.290523529052734,7.984802916768799,PRICE,TEST,2023-10
MULT3.SA,BEAR_CALM,0.07267090419987551,1,SIGNAL,5,21.651046752929688,23.250429153442383,19.747782712003797,PRICE,TRAIN,2023-10
PCAR3.SA,BEAR_CALM,0.10795499667851013,1,SIGNAL,5,2.8399999141693115,3.1500000953674316,2.2974995970726013,PRICE,TEST,2023-10
RADL3.SA,BEAR_CALM,-0.008707158811492775,0,MAX_DAYS,10,24.877580642700195,24.690820693969727,22.671949600307954,PRICE,TEST,2023-10
RAIL3.SA,BEAR_CALM,0.03544910719039671,1,MAX_DAYS,10,18.30537223815918,18.976247787475586,17.067975442939925,PRICE,TEST,2023-10
RAIZ4.SA,BEAR_CALM,-0.0338797080073582,0,MAX_DAYS,10,3.059999942779541,2.9600000381469727,2.587499976158142,PRICE,TEST,2023-10
RAIZ4.SA,BEAR_CALM,-0.02181861836027834,0,MAX_DAYS,10,2.9100000858306885,2.8499999046325684,2.6380772040440488,PRICE,TEST,2023-10
RAIZ4.SA,BEAR_CALM,-0.10119999999999987,0,HARD_STOP,4,2.690000057220459,2.4210000514984134,2.3799997568130493,PRICE,TEST,2023-10
RECV3.SA,BEAR_CALM,0.0948764804123435,1,MAX_DAYS,10,15.70272159576416,17.211383819580078,13.656945018092822,PRICE,TRAIN,2023-10
RECV3.SA,BEAR_CALM,-0.02490457003251991,0,END_CLOSED,4,15.845321655273438,15.469715118408203,14.286121531529705,PRICE,TRAIN,2023-10
RENT3.SA,BEAR_CALM,-0.07433986670100937,0,MAX_DAYS,10,50.60679244995117,46.905418395996094,44.965199994400535,PRICE,TRAIN,2023-10
RENT3.SA,BEAR_CALM,0.05188651955375132,1,MAX_DAYS,10,38.459110260009766,40.500770568847656,34.22148750717166,PRICE,TEST,2023-10
SANB11.SA,BEAR_CALM,0.036932282561085696,1,SIGNAL,2,22.334550857543945,23.18621826171875,21.300382490936936,PRICE,TRAIN,2023-10
SLCE3.SA,BEAR_CALM,-0.03896553164587004,0,MAX_DAYS,10,17.679481506347656,17.01180648803711,16.51646060968436,PRICE,TRAIN,2023-10
SLCE3.SA,BEAR_CALM,0.06248910377207082,1,MAX_DAYS,10,16.817068099975586,17.888132095336914,15.347256213278971,PRICE,TRAIN,2023-10
SLCE3.SA,BEAR_CALM,-0.005872912724588807,0,MAX_DAYS,10,16.64522361755371,16.567441940307617,15.694831743790536,PRICE,TRAIN,2023-10
SLCE3.SA,BEAR_CALM,0.006349443970714887,1,MAX_DAYS,10,16.742448806762695,16.868844985961914,15.758027176494332,PRICE,TEST,2023-10
SMFT3.SA,BEAR_CALM,0.06936083797302559,1,MAX_DAYS,10,20.014785766601562,21.427045822143555,17.58074344927598,PRICE,TRAIN,2023-10
SMFT3.SA,BEAR_CALM,0.00020444369421977033,1,END_CLOSED,6,19.977375030517578,20.00543212890625,17.564378434348647,PRICE,TRAIN,2023-10
SMFT3.SA,BEAR_CALM,0.018217530650674087,1,SIGNAL,1,20.229896545410156,20.622711181640625,18.364033273325525,PRICE,TEST,2023-10
TAEE11.SA,BEAR_CALM,-0.00799874657273527,0,MAX_DAYS,10,27.644540786743164,27.456592559814453,26.057211140139955,PRICE,TRAIN,2023-10
SUZB3.SA,BEAR_CALM,0.0029109310102509514,1,MAX_DAYS,10,47.11336898803711,47.30704879760742,42.109087624935896,PRICE,TRAIN,2023-10
TIMS3.SA,BEAR_CALM,-0.0072313273224100735,0,MAX_DAYS,10,14.956583976745605,14.866375923156738,13.70493991904713,PRICE,TEST,2023-10
UGPA3.SA,BEAR_CALM,0.06757312372700083,1,MAX_DAYS,10,19.415300369262695,20.750551223754883,17.586094707260692,PRICE,TRAIN,2023-10
UGPA3.SA,BEAR_CALM,-0.03670851614772188,0,MAX_DAYS,10,19.001821517944336,18.32709503173828,17.581697119991986,PRICE,TEST,2023-10
TOTS3.SA,BEAR_CALM,0.007690500843971472,1,MAX_DAYS,10,27.58291244506836,27.82813835144043,24.201252408620512,PRICE,TEST,2023-10
USIM5.SA,BEAR_CALM,-0.0489657875557157,0,MAX_DAYS,10,6.273622035980225,5.973957538604736,5.8337914222627,PRICE,TRAIN,2023-10
USIM5.SA,BEAR_CALM,0.13297391558493507,1,PROFIT_TARGET,10,5.89662504196167,6.687798312577849,5.5010384066535805,PRICE,TRAIN,2023-10
USIM5.SA,BEAR_CALM,0.00565873676220905,1,MAX_DAYS,10,7.289999961853027,7.340000152587891,6.6025002002716064,PRICE,TRAIN,2023-10
USIM5.SA,BEAR_CALM,-0.10801115373776107,0,MAX_DAYS,10,6.460000038146973,5.769999980926514,5.677500128746033,PRICE,TRAIN,2023-10
USIM5.SA,BEAR_CALM,0.020796635837113088,1,MAX_DAYS,10,5.909999847412109,6.039999961853027,5.28000009059906,PRICE,TRAIN,2023-10
USIM5.SA,BEAR_CALM,-0.0077466384580944445,0,MAX_DAYS,10,6.110000133514404,6.070000171661377,5.567501068115234,PRICE,TEST,2023-10
VALE3.SA,BEAR_CALM,-0.01952381521337212,0,MAX_DAYS,10,54.96600341796875,53.95881652832031,52.04763459651085,PRICE,TRAIN,2023-10
VALE3.SA,BEAR_CALM,0.13951479922128915,1,MAX_DAYS,10,51.746307373046875,59.02777862548828,47.89092379168331,PRICE,TRAIN,2023-10
VALE3.SA,BEAR_CALM,0.05683249747208605,1,MAX_DAYS,10,52.08793258666992,55.11072540283203,48.83881439917447,PRICE,TRAIN,2023-10
VBBR3.SA,BEAR_CALM,0.023446276741594697,1,MAX_DAYS,10,18.6771183013916,19.137439727783203,17.36008635506623,PRICE,TEST,2023-10
WEGE3.SA,BEAR_CALM,-0.026221472934658728,0,MAX_DAYS,10,33.52726364135742,32.68836212158203,30.757955318898105,PRICE,TRAIN,2023-10
WEGE3.SA,BEAR_CALM,-0.07243416397985517,0,STOP_LOSS,4,32.35470962524414,30.049948934278902,30.049948934278902,PRICE,TRAIN,2023-10
YDUQ3.SA,BEAR_CALM,0.16499456587860747,1,MAX_DAYS,10,10.176077842712402,11.867286682128906,8.619396948514805,PRICE,TRAIN,2023-10
YDUQ3.SA,BEAR_CALM,-0.03236406891043422,0,MAX_DAYS,10,10.483570098876953,10.156859397888184,8.881245860508608,PRICE,TRAIN,2023-10
YDUQ3.SA,BEAR_CALM,0.003730813187776995,1,MAX_DAYS,10,9.743667602539062,9.791711807250977,8.035643087678368,PRICE,TRAIN,2023-10
ABEV3.SA,BEAR_CALM,-0.015770588818643037,0,MAX_DAYS,10,11.886150360107422,11.71296215057373,11.250368488103165,PRICE,TRAIN,2024-01
ABEV3.SA,BEAR_CALM,-0.02627848942801316,0,MAX_DAYS,10,11.630926132202148,11.339240074157715,11.015653764713928,PRICE,TRAIN,2024-01
AURE3.SA,BEAR_CALM,-0.045118909607701395,0,STOP_LOSS,4,11.026216506958008,10.541957100873974,10.541957100873974,PRICE,TRAIN,2024-01
AURE3.SA,BEAR_CALM,-0.007982907875920618,0,MAX_DAYS,10,10.251399993896484,10.181865692138672,9.70753912651664,PRICE,TRAIN,2024-01
AURE3.SA,BEAR_CALM,-0.04229584665857291,0,MAX_DAYS,10,10.15206527709961,9.734857559204102,9.392150248178035,PRICE,TRAIN,2024-01
ASAI3.SA,BEAR_CALM,-0.036963422302246716,0,MAX_DAYS,10,7.1402997970581055,6.8849382400512695,6.1188538954078195,PRICE,TRAIN,2024-01
ASAI3.SA,BEAR_CALM,0.045410138982234206,1,MAX_DAYS,10,6.953689098358154,7.277801513671875,5.65723852903994,PRICE,TRAIN,2024-01
B3SA3.SA,BEAR_CALM,-0.040570001625538386,0,MAX_DAYS,10,9.932528495788574,9.541484832763672,8.908481432627406,PRICE,TRAIN,2024-01
B3SA3.SA,BEAR_CALM,0.026522873585593222,1,SIGNAL,1,9.93552017211914,10.21096134185791,9.212489621639069,PRICE,TEST,2024-01
B3SA3.SA,BEAR_CALM,0.05696317213520761,1,MAX_DAYS,10,9.640406608581543,10.201123237609863,8.681284020389326,PRICE,TEST,2024-01
AZUL4.SA,BEAR_CALM,-0.10119999999999998,0,HARD_STOP,9,14.210000038146973,12.789000034332275,11.007500171661377,PRICE,TRAIN,2024-01
BBAS3.SA,BEAR_CALM,-0.044101111345442166,0,STOP_LOSS,4,24.160629272460938,23.12411142586714,23.12411142586714,PRICE,TRAIN,2024-01
BBAS3.SA,BEAR_CALM,0.026804190609370206,1,MAX_DAYS,10,23.482009887695312,24.139604568481445,22.180551824604223,PRICE,TRAIN,2024-01
BBAS3.SA,BEAR_CALM,-0.02065996991918064,0,MAX_DAYS,10,23.429059982299805,22.97313117980957,21.704305280345693,PRICE,TRAIN,2024-01
BBDC3.SA,BEAR_CALM,0.04641896488502426,1,MAX_DAYS,10,10.429182052612305,10.925808906555176,9.78762709691572,PRICE,TRAIN,2024-01
BBDC3.SA,BEAR_CALM,-0.005816524190214299,0,MAX_DAYS,10,9.831274032592773,9.785887718200684,9.378348816700278,PRICE,TRAIN,2024-01
BBDC3.SA,BEAR_CALM,0.0016274477752250339,1,END_CLOSED,3,9.633384704589844,9.660622596740723,8.625556085273562,PRICE,TRAIN,2024-01
BBDC3.SA,BEAR_CALM,0.030776826543204773,1,MAX_DAYS,10,9.627340316772461,9.935192108154297,8.779115735709617,PRICE,TEST,2024-01
BEEF3.SA,BEAR_CALM,-0.06759004395673543,0,MAX_DAYS,10,7.230000019073486,6.75,6.6700005531311035,PRICE,TRAIN,2024-01
BEEF3.SA,BEAR_CALM,0.0032643170751488274,1,MAX_DAYS,10,6.71999979019165,6.75,6.133076887864333,PRICE,TRAIN,2024-01
BEEF3.SA,BEAR_CALM,-0.016717267177277083,0,MAX_DAYS,10,5.800000190734863,5.710000038146973,5.2550002336502075,PRICE,TRAIN,2024-01
BEEF3.SA,BEAR_CALM,0.08677123088274716,1,MAX_DAYS,10,5.570000171661377,6.059999942779541,4.890000343322754,PRICE,TRAIN,2024-01
BPAC11.SA,BEAR_CALM,-0.006054395826756841,0,MAX_DAYS,10,29.951261520385742,29.805866241455078,26.469061097058926,PRICE,TRAIN,2024-01
BBDC4.SA,BEAR_CALM,0.0129375390363776,1,MAX_DAYS,10,10.920999526977539,11.075395584106445,10.311164064399556,PRICE,TRAIN,2024-01
BBDC4.SA,BEAR_CALM,-0.041690449073955936,0,MAX_DAYS,10,11.4774808883667,11.012752532958984,10.466498960639026,PRICE,TRAIN,2024-01
BRAP4.SA,BEAR_CALM,-0.05261513420422239,0,MAX_DAYS,10,17.084516525268555,16.206113815307617,15.817278392607347,PRICE,TRAIN,2024-01
BRAP4.SA,BEAR_CALM,-0.02522716698735674,0,END_CLOSED,6,15.41578197479248,15.045384407043457,14.089309996173972,PRICE,TRAIN,2024-01
BRKM5.SA,BEAR_CALM,-0.0164369391014342,0,MAX_DAYS,10,17.719999313354492,17.450000762939453,15.53999948501587,PRICE,TRAIN,2024-01
BRKM5.SA,BEAR_CALM,-0.06474172772003298,0,MAX_DAYS,10,19.200000762939453,17.979999542236328,16.967502117156982,PRICE,TRAIN,2024-01
BRKM5.SA,BEAR_CALM,-0.042469817049541135,0,MAX_DAYS,10,15.75,15.100000381469727,13.470000267028809,PRICE,TRAIN,2024-01
BRKM5.SA,BEAR_CALM,-0.14045079844593958,0,STOP_LOSS,8,15.350000381469727,13.21250057220459,13.21250057220459,PRICE,TRAIN,2024-01
BRKM5.SA,BEAR_CALM,-0.08215241483196636,0,END_CLOSED,8,12.600000381469727,11.579999923706055,10.132500171661377,PRICE,TRAIN,2024-01
CPFE3.SA,BEAR_CALM,-0.013664930402875551,0,MAX_DAYS,10,32.09000015258789,31.690000534057617,30.015000343322754,PRICE,TRAIN,2024-01
CPFE3.SA,BEAR_CALM,0.008065205194764592,1,END_CLOSED,3,31.299999237060547,31.59000015258789,28.947498321533203,PRICE,TRAIN,2024-01
CPFE3.SA,BEAR_CALM,0.0539612607894405,1,SIGNAL,8,31.0,32.709999084472656,28.934999465942383,PRICE,TEST,2024-01
CSAN3.SA,BEAR_CALM,-0.040330418196968386,0,MAX_DAYS,10,11.5,11.050000190734863,10.472500085830688,PRICE,TRAIN,2024-01
CSAN3.SA,BEAR_CALM,-0.10119999999999998,0,HARD_STOP,6,11.0,9.9,9.642499923706055,PRICE,TRAIN,2024-01
CPLE6.SA,BEAR_CALM,0.016597536316534135,1,MAX_DAYS,10,8.989999771118164,9.149999618530273,8.255001306533813,PRICE,TEST,2024-01
CSNA3.SA,BEAR_CALM,0.10059775352836606,1,MAX_DAYS,10,10.128900527954102,11.15999984741211,8.69143455423381,PRICE,TRAIN,2024-01
CVCB3.SA,BEAR_CALM,-0.031050717942397797,0,MAX_DAYS,10,2.009999990463257,1.9500000476837158,1.5200000405311584,PRICE,TRAIN,2024-01
CYRE3.SA,BEAR_CALM,-0.011129970319508596,0,END_CLOSED,1,16.40305519104004,16.24017333984375,14.017331284699939,PRICE,TRAIN,2024-01
ECOR3.SA,BEAR_CALM,-0.029732630562064453,0,MAX_DAYS,10,6.844263553619385,6.6489787101745605,6.100321507848107,PRICE,TRAIN,2024-01
ECOR3.SA,BEAR_CALM,0.003307551485471995,1,MAX_DAYS,10,6.741971969604492,6.772361755371094,5.9747817778111285,PRICE,TRAIN,2024-01
ELET3.SA,BEAR_CALM,-0.03579029920397316,0,MAX_DAYS,10,31.383691787719727,30.298120498657227,28.64529560642006,PRICE,TRAIN,2024-01
ELET3.SA,BEAR_CALM,0.013284354520099219,1,MAX_DAYS,10,30.716331481933594,31.161237716674805,28.16924345028515,PRICE,TRAIN,2024-01
ELET3.SA,BEAR_CALM,0.013966646052121813,1,END_CLOSED,6,30.671842575073242,31.13703155517578,27.368413873826086,PRICE,TRAIN,2024-01
ELET3.SA,BEAR_CALM,0.037548139802014636,1,MAX_DAYS,10,30.607892990112305,31.79389190673828,28.43660182783619,PRICE,TEST,2024-01
EGIE3.SA,BEAR_CALM,-0.03546389848660627,0,MAX_DAYS,10,26.70702362060547,25.79193687438965,24.949713935198798,PRICE,TRAIN,2024-01
EGIE3.SA,BEAR_CALM,-0.0401431468716831,0,MAX_DAYS,10,25.249658584594727,24.266357421875,23.412702161830918,PRICE,TRAIN,2024-01
EGIE3.SA,BEAR_CALM,0.058471318297356946,1,MAX_DAYS,10,23.712675094604492,25.127641677856445,22.386190214596095,PRICE,TEST,2024-01
ELET6.SA,BEAR_CALM,-0.02378906592394505,0,MAX_DAYS,10,36.40746307373047,35.585052490234375,34.2254006822177,PRICE,TRAIN,2024-01
ELET6.SA,BEAR_CALM,0.02664797104597314,1,MAX_DAYS,10,34.9306526184082,35.90340042114258,31.92617410534355,PRICE,TRAIN,2024-01
ELET6.SA,BEAR_CALM,0.022115156264989812,1,END_CLOSED,6,34.27625274658203,35.075408935546875,30.61737788315829,PRICE,TRAIN,2024-01
ELET6.SA,BEAR_CALM,0.038199414715802106,1,MAX_DAYS,10,34.58413314819336,35.94672775268555,31.56694254813106,PRICE,TEST,2024-01
ENEV3.SA,BEAR_CALM,-0.08713755950116212,0,MAX_DAYS,10,11.520000457763672,10.529999732971191,10.360000848770142,PRICE,TRAIN,2024-01
ENGI11.SA,BEAR_CALM,-0.009834797588286003,0,MAX_DAYS,10,35.962371826171875,35.6518440246582,33.593554086249554,PRICE,TRAIN,2024-01
ENGI11.SA,BEAR_CALM,-0.008093146558639706,0,MAX_DAYS,10,35.3077507019043,35.064369201660156,32.408098967261665,PRICE,TRAIN,2024-01
ENGI11.SA,BEAR_CALM,-0.043625778257341506,0,MAX_DAYS,10,35.014007568359375,33.52851104736328,31.591921056575778,PRICE,TRAIN,2024-01
EQTL3.SA,BEAR_CALM,0.04191297175671536,1,MAX_DAYS,10,27.603904724121094,28.793991088867188,25.515820727526858,PRICE,TRAIN,2024-01
EZTC3.SA,BEAR_CALM,-0.05832655684204437,0,MAX_DAYS,10,14.765380859375,13.92188549041748,11.619323078019512,PRICE,TRAIN,2024-01
EZTC3.SA,BEAR_CALM,-0.034338544609895404,0,MAX_DAYS,10,13.112475395202637,12.677947044372559,11.229526662464918,PRICE,TRAIN,2024-01
FLRY3.SA,BEAR_CALM,0.027721058405437572,1,MAX_DAYS,10,12.56169319152832,12.9249906539917,11.376109998549424,PRICE,TRAIN,2024-01
FLRY3.SA,BEAR_CALM,-0.050357210197139256,0,MAX_DAYS,10,12.420547485351562,11.809988021850586,11.408761686802535,PRICE,TRAIN,2024-01
FLRY3.SA,BEAR_CALM,-0.018031884130603658,0,MAX_DAYS,10,11.417484283447266,11.225306510925293,10.226890273976213,PRICE,TRAIN,2024-01
GGBR4.SA,BEAR_CALM,-0.0626830698633716,0,STOP_LOSS,4,17.862808227539062,16.76454794132927,16.76454794132927,PRICE,TRAIN,2024-01
GGBR4.SA,BEAR_CALM,0.026158597265283003,1,MAX_DAYS,10,16.358165740966797,16.805702209472656,14.774917342320649,PRICE,TRAIN,2024-01
GGBR4.SA,BEAR_CALM,0.01262909689515155,1,MAX_DAYS,10,16.180696487426758,16.404460906982422,14.926826549604892,PRICE,TRAIN,2024-01
GOAU4.SA,BEAR_CALM,-0.034533411171329485,0,MAX_DAYS,10,9.393231391906738,9.080122947692871,8.619671887574029,PRICE,TRAIN,2024-01
GOAU4.SA,BEAR_CALM,0.006872536416021681,1,MAX_DAYS,10,9.12617015838623,9.199841499328613,8.525280271794681,PRICE,TRAIN,2024-01
HAPV3.SA,BEAR_CALM,-0.10119999999999987,0,HARD_STOP,6,52.79999923706055,47.5199993133545,45.82499980926514,PRICE,TRAIN,2024-01
HYPE3.SA,BEAR_CALM,0.038398286613625744,1,SIGNAL,3,32.13241195678711,33.40480041503906,29.51848530237828,PRICE,TRAIN,2024-01
HYPE3.SA,BEAR_CALM,-0.09044438695283588,0,STOP_LOSS,2,24.560211181640625,22.368350191302923,22.368350191302923,PRICE,TRAIN,2024-01
HYPE3.SA,BEAR_CALM,-0.10119999999999998,0,HARD_STOP,4,24.806385040283203,22.325746536254883,19.840376639925438,PRICE,TRAIN,2024-01
HYPE3.SA,BEAR_CALM,-0.08920507683808312,0,STOP_LOSS,7,18.746807098388672,17.096992899226255,17.096992899226255,PRICE,TRAIN,2024-01
IGTI11.SA,BEAR_CALM,0.04805368955705678,1,MAX_DAYS,10,19.416322708129883,20.372648239135742,17.588194243296876,PRICE,TRAIN,2024-01
IRBR3.SA,BEAR_CALM,0.04607647068740226,1,MAX_DAYS,10,38.91999816894531,40.7599983215332,33.78083070119222,PRICE,TRAIN,2024-01
IRBR3.SA,BEAR_CALM,-0.0053139578020849,0,MAX_DAYS,10,31.600000381469727,31.469999313354492,28.355000495910645,PRICE,TRAIN,2024-01
KLBN11.SA,BEAR_CALM,-0.022621057694460565,0,END_CLOSED,4,18.400375366210938,18.0062198638916,17.12657722432214,PRICE,TEST,2024-01
LWSA3.SA,BEAR_CALM,0.05143169628525155,1,SIGNAL,3,5.347099304199219,5.628526210784912,4.311159277017416,PRICE,TRAIN,2024-01
LWSA3.SA,BEAR_CALM,0.029855895497084985,1,END_CLOSED,1,3.179032564163208,3.2777602672576904,2.5891343681526093,PRICE,TRAIN,2024-01
LWSA3.SA,BEAR_CALM,0.026663726397711508,1,SIGNAL,1,3.1889054775238037,3.2777602672576904,2.7569721156945692,PRICE,TEST,2024-01
MRVE3.SA,BEAR_CALM,-0.10119999999999998,0,HARD_STOP,5,9.8100004196167,8.82900037765503,7.675000508626302,PRICE,TRAIN,2024-01
MRVE3.SA,BEAR_CALM,-0.10119999999999998,0,HARD_STOP,2,7.480000019073486,6.732000017166138,6.2625004053115845,PRICE,TRAIN,2024-01
MRVE3.SA,BEAR_CALM,0.1328782204756543,1,MAX_DAYS,10,7.159999847412109,8.119999885559082,5.835000038146973,PRICE,TRAIN,2024-01
MRVE3.SA,BEAR_CALM,-0.10119999999999998,0,HARD_STOP,8,6.440000057220459,5.796000051498413,5.237500309944153,PRICE,TRAIN,2024-01
MRVE3.SA,BEAR_CALM,-0.006818016657510938,0,END_CLOSED,2,5.340000152587891,5.309999942779541,4.169999957084656,PRICE,TRAIN,2024-01
MRVE3.SA,BEAR_CALM,0.0925500058207663,1,SIGNAL,2,5.119999885559082,5.599999904632568,4.454999685287476,PRICE,TEST,2024-01
MGLU3.SA,BEAR_CALM,0.1287999936982481,1,SIGNAL,7,18.160175323486328,20.520998001098633,15.141045202546268,PRICE,TRAIN,2024-01
MGLU3.SA,BEAR_CALM,-0.05864678938814274,0,MAX_DAYS,10,9.12548828125,8.601258277893066,7.812485349438671,PRICE,TRAIN,2024-01
PCAR3.SA,BEAR_CALM,-0.1012000000000001,0,HARD_STOP,4,2.5799999237060547,2.321999931335449,2.182499885559082,PRICE,TRAIN,2024-01
PCAR3.SA,BEAR_CALM,0.056651182674339086,1,MAX_DAYS,10,2.4200000762939453,2.559999942779541,1.9550000429153442,PRICE,TRAIN,2024-01
PRIO3.SA,BEAR_CALM,-0.031961806309092976,0,MAX_DAYS,10,41.61000061035156,40.33000183105469,38.08250141143799,PRICE,TRAIN,2024-01
PRIO3.SA,BEAR_CALM,-0.013183317952642847,0,MAX_DAYS,10,40.88999938964844,40.400001525878906,36.629998207092285,PRICE,TRAIN,2024-01
PRIO3.SA,BEAR_CALM,5.478177346183283e-05,1,MAX_DAYS,10,39.849998474121094,39.900001525878906,35.98499774932861,PRICE,TRAIN,2024-01
PRIO3.SA,BEAR_CALM,0.010644788737106482,1,END_CLOSED,5,39.68000030517578,40.150001525878906,35.692501068115234,PRICE,TRAIN,2024-01
PRIO3.SA,BEAR_CALM,0.00766264450561014,1,SIGNAL,1,40.619998931884766,40.97999954223633,37.03250026702881,PRICE,TEST,2024-01
RADL3.SA,BEAR_CALM,0.03655107955889534,1,MAX_DAYS,10,24.011493682861328,24.917953491210938,22.039464814302022,PRICE,TRAIN,2024-01
RADL3.SA,BEAR_CALM,0.011630869246555077,1,MAX_DAYS,10,24.301067352294922,24.612871170043945,22.168550585132824,PRICE,TRAIN,2024-01
RADL3.SA,BEAR_CALM,0.0505096879391461,1,MAX_DAYS,10,23.365659713745117,24.573890686035156,21.222021202726783,PRICE,TRAIN,2024-01
RADL3.SA,BEAR_CALM,-0.01660576377079761,0,MAX_DAYS,10,23.42412567138672,23.06325912475586,20.839576884837353,PRICE,TRAIN,2024-01
RAIZ4.SA,BEAR_CALM,-0.10119999999999987,0,HARD_STOP,4,2.690000057220459,2.4210000514984134,2.3799997568130493,PRICE,TRAIN,2024-01
RAIZ4.SA,BEAR_CALM,-0.10119999999999998,0,HARD_STOP,7,2.450000047683716,2.2050000429153442,2.105000078678131,PRICE,TRAIN,2024-01
RAIL3.SA,BEAR_CALM,0.03544910719039671,1,MAX_DAYS,10,18.30537223815918,18.976247787475586,16.994765523998474,PRICE,TRAIN,2024-01
RDOR3.SA,BEAR_CALM,0.0333925321352909,1,SIGNAL,1,24.715476989746094,25.57044792175293,22.342202934706464,PRICE,TEST,2024-01
RECV3.SA,BEAR_CALM,-0.04534269548059302,0,MAX_DAYS,10,15.434775352478027,14.753442764282227,13.921433438372334,PRICE,TRAIN,2024-01
RECV3.SA,BEAR_CALM,0.0052440776883827325,1,MAX_DAYS,10,14.910675048828125,15.006760597229004,13.615707548794957,PRICE,TRAIN,2024-01
RECV3.SA,BEAR_CALM,-0.0018297321722247283,0,MAX_DAYS,10,14.932107925415039,14.922704696655273,13.364141436725559,PRICE,TRAIN,2024-01
RECV3.SA,BEAR_CALM,0.0603585189664265,1,END_CLOSED,3,14.358519554138184,15.242408752441406,12.531968529500837,PRICE,TRAIN,2024-01
RECV3.SA,BEAR_CALM,0.01462475819676632,1,MAX_DAYS,10,15.449277877807617,15.693758964538574,14.248036424714192,PRICE,TEST,2024-01
RENT3.SA,BEAR_CALM,-0.008031418877303874,0,MAX_DAYS,10,29.57479476928711,29.372756958007812,25.513787560386113,PRICE,TEST,2024-01
SANB11.SA,BEAR_CALM,-0.06892272301355543,0,MAX_DAYS,10,23.567623138427734,21.971559524536133,21.448869900900704,PRICE,TRAIN,2024-01
SUZB3.SA,BEAR_CALM,0.0029109310102509514,1,MAX_DAYS,10,47.11336898803711,47.30704879760742,42.109087624935896,PRICE,TRAIN,2024-01
SUZB3.SA,BEAR_CALM,-0.0013871994301023693,0,END_CLOSED,5,53.40999984741211,53.400001525878906,49.48250102996826,PRICE,TEST,2024-01
SLCE3.SA,BEAR_CALM,0.07187474153116832,1,MAX_DAYS,10,16.544647216796875,17.753643035888672,15.014804386910667,PRICE,TRAIN,2024-01
SLCE3.SA,BEAR_CALM,0.01217986000230762,1,MAX_DAYS,10,16.713281631469727,16.93690299987793,15.767750945553335,PRICE,TRAIN,2024-01
SLCE3.SA,BEAR_CALM,0.057103793437856966,1,MAX_DAYS,10,16.509105682373047,17.471649169921875,14.963199724756011,PRICE,TRAIN,2024-01
SMFT3.SA,BEAR_CALM,-0.033411714095729315,0,MAX_DAYS,10,19.453624725341797,18.826990127563477,16.94943605078705,PRICE,TRAIN,2024-01
SMFT3.SA,BEAR_CALM,-0.007061656093769651,0,END_CLOSED,2,16.344223022460938,16.2484188079834,13.658170187800668,PRICE,TRAIN,2024-01
UGPA3.SA,BEAR_CALM,0.06757312372700083,1,MAX_DAYS,10,19.415300369262695,20.750551223754883,17.586094707260692,PRICE,TRAIN,2024-01
UGPA3.SA,BEAR_CALM,0.04112289067820205,1,MAX_DAYS,10,18.52768898010254,19.31183433532715,16.954839907999634,PRICE,TRAIN,2024-01
UGPA3.SA,BEAR_CALM,-0.10119999999999998,0,HARD_STOP,8,17.588539123535156,15.82968521118164,15.229268202869408,PRICE,TRAIN,2024-01
TIMS3.SA,BEAR_CALM,-0.015991044265714315,0,MAX_DAYS,10,14.027436256408691,13.819955825805664,12.771280903290204,PRICE,TRAIN,2024-01
TIMS3.SA,BEAR_CALM,-0.035532157757072545,0,END_CLOSED,9,13.774852752685547,13.301932334899902,12.372108752639122,PRICE,TRAIN,2024-01
USIM5.SA,BEAR_CALM,0.00565873676220905,1,MAX_DAYS,10,7.289999961853027,7.340000152587891,6.6025002002716064,PRICE,TRAIN,2024-01
VALE3.SA,BEAR_CALM,-0.02465151029988457,0,END_CLOSED,9,51.93916702270508,50.72111511230469,47.64154408970955,PRICE,TRAIN,2024-01
VBBR3.SA,BEAR_CALM,-0.001691018687942657,0,MAX_DAYS,10,17.355823516845703,17.347301483154297,15.506011100294046,PRICE,TRAIN,2024-01
WEGE3.SA,BEAR_CALM,-0.041006598607514565,0,MAX_DAYS,10,33.59434127807617,32.25706481933594,30.84177542922439,PRICE,TRAIN,2024-01
WEGE3.SA,BEAR_CALM,0.10012313468172138,1,MAX_DAYS,10,31.769906997680664,34.98893356323242,29.41773074812602,PRICE,TRAIN,2024-01
YDUQ3.SA,BEAR_CALM,0.16499456587860747,1,MAX_DAYS,10,10.176077842712402,11.867286682128906,8.619396948514805,PRICE,TRAIN,2024-01
YDUQ3.SA,BEAR_CALM,0.13188456260549972,1,SIGNAL,2,7.725747585296631,8.753925323486328,6.161859729304745,PRICE,TEST,2024-01
ABEV3.SA,BEAR_CALM,0.013469788426794561,1,SIGNAL,1,11.184284210205078,11.348355293273926,10.514322437228032,PRICE,TRAIN,2024-04
ABEV3.SA,BEAR_CALM,0.012663317397495578,1,MAX_DAYS,10,10.406183242797852,10.550447463989258,9.581479084329796,PRICE,TRAIN,2024-04
ALOS3.SA,BEAR_CALM,-0.08471582233781963,0,STOP_LOSS,9,20.20631980895996,18.518772393693695,18.518772393693695,PRICE,TRAIN,2024-04
ALOS3.SA,BEAR_CALM,0.07885276513594483,1,MAX_DAYS,10,17.108076095581055,18.477624893188477,15.59265432187711,PRICE,TRAIN,2024-04
ALOS3.SA,BEAR_CALM,0.08116615266033941,1,MAX_DAYS,10,17.411083221435547,18.84516716003418,15.899124934668498,PRICE,TRAIN,2024-04
AURE3.SA,BEAR_CALM,-0.045118909607701395,0,STOP_LOSS,4,11.026216506958008,10.541957100873974,10.541957100873974,PRICE,TRAIN,2024-04
AURE3.SA,BEAR_CALM,-0.007982907875920618,0,MAX_DAYS,10,10.251399993896484,10.181865692138672,9.70753912651664,PRICE,TRAIN,2024-04
AURE3.SA,BEAR_CALM,0.07392308107034426,1,MAX_DAYS,10,8.066024780273438,8.671969413757324,7.311076721617505,PRICE,TRAIN,2024-04
AURE3.SA,BEAR_CALM,-0.0038882213001325758,0,END_CLOSED,1,7.390544891357422,7.370677471160889,6.702647901320615,PRICE,TRAIN,2024-04
AZUL4.SA,BEAR_CALM,0.08689520818028504,1,SIGNAL,5,12.600000381469727,13.710000038146973,10.464999914169312,PRICE,TRAIN,2024-04
AZUL4.SA,BEAR_CALM,-0.0635053100644726,0,MAX_DAYS,10,3.2100000381469727,3.009999990463257,2.6150000492731733,PRICE,TEST,2024-04
AZUL4.SA,BEAR_CALM,-0.031503061318608826,0,MAX_DAYS,10,0.9900000095367432,0.9599999785423279,0.6674999445676804,PRICE,TEST,2024-04
AZUL4.SA,BEAR_CALM,-0.02203331393077925,0,END_CLOSED,3,0.9599999785423279,0.9399999976158142,0.7774999737739563,PRICE,TEST,2024-04
BBDC3.SA,BEAR_CALM,-0.005816524190214299,0,MAX_DAYS,10,9.831274032592773,9.785887718200684,9.378348816700278,PRICE,TRAIN,2024-04
BBDC3.SA,BEAR_CALM,-0.002795828512188868,0,MAX_DAYS,10,9.633384704589844,9.618011474609375,8.625556085273562,PRICE,TRAIN,2024-04
BBDC3.SA,BEAR_CALM,0.1067069556542187,1,MAX_DAYS,10,10.263737678527832,11.37126636505127,8.967166159317275,PRICE,TEST,2024-04
BBAS3.SA,BEAR_CALM,-0.044101111345442166,0,STOP_LOSS,4,24.160629272460938,23.12411142586714,23.12411142586714,PRICE,TRAIN,2024-04
BBAS3.SA,BEAR_CALM,-0.009348501394800278,0,END_CLOSED,1,21.973888397216797,21.79483413696289,20.404679133793604,PRICE,TEST,2024-04
B3SA3.SA,BEAR_CALM,0.0184080719560785,1,SIGNAL,2,11.27761459350586,11.498746871948242,10.251283210190266,PRICE,TRAIN,2024-04
BBDC4.SA,BEAR_CALM,0.0129375390363776,1,MAX_DAYS,10,10.920999526977539,11.075395584106445,10.311164064399556,PRICE,TRAIN,2024-04
BBDC4.SA,BEAR_CALM,-0.041690449073955936,0,MAX_DAYS,10,11.4774808883667,11.012752532958984,10.466498960639026,PRICE,TRAIN,2024-04
BBDC4.SA,BEAR_CALM,0.029463000450035894,1,MAX_DAYS,10,10.646392822265625,10.972843170166016,9.495137228815398,PRICE,TRAIN,2024-04
BEEF3.SA,BEAR_CALM,-0.08576611488050714,0,STOP_LOSS,8,6.760000228881836,6.18833327293396,6.18833327293396,PRICE,TRAIN,2024-04
BEEF3.SA,BEAR_CALM,0.002041487954490641,1,MAX_DAYS,10,6.170000076293945,6.190000057220459,5.602499961853027,PRICE,TRAIN,2024-04
BEEF3.SA,BEAR_CALM,-0.10119999999999998,0,HARD_STOP,3,4.96999979019165,4.472999811172485,4.1849998235702515,PRICE,TRAIN,2024-04
BEEF3.SA,BEAR_CALM,-0.08316723073504642,0,MAX_DAYS,10,4.880000114440918,4.480000019073486,4.009999990463257,PRICE,TRAIN,2024-04
BEEF3.SA,BEAR_CALM,-0.04725264052239599,0,MAX_DAYS,10,4.559999942779541,4.349999904632568,3.899999976158142,PRICE,TRAIN,2024-04
BEEF3.SA,BEAR_CALM,0.25054823620267774,1,MAX_DAYS,10,4.289999961853027,5.369999885559082,3.6100000143051147,PRICE,TRAIN,2024-04
BEEF3.SA,BEAR_CALM,0.017092713656964832,1,END_CLOSED,8,4.920000076293945,5.010000228881836,4.260000109672546,PRICE,TEST,2024-04
BRAP4.SA,BEAR_CALM,0.036508070877709554,1,MAX_DAYS,10,16.455934524536133,17.07645606994629,15.355916211237535,PRICE,TRAIN,2024-04
BRAP4.SA,BEAR_CALM,0.012893138872702138,1,MAX_DAYS,10,14.809449195861816,15.018160820007324,13.59120851335071,PRICE,TRAIN,2024-04
CMIN3.SA,BEAR_CALM,0.004897467889512709,1,END_CLOSED,6,4.778954029083252,4.808093547821045,4.402562944320419,PRICE,TEST,2024-04
BRKM5.SA,BEAR_CALM,0.004383690291518284,1,MAX_DAYS,10,19.700000762939453,19.809999465942383,16.242501258850098,PRICE,TRAIN,2024-04
BRKM5.SA,BEAR_CALM,-0.10215430659398497,0,MAX_DAYS,10,19.90999984741211,17.899999618530273,16.845000743865967,PRICE,TRAIN,2024-04
BRKM5.SA,BEAR_CALM,0.0169509709248866,1,MAX_DAYS,10,17.6299991607666,17.950000762939453,15.397500038146973,PRICE,TRAIN,2024-04
BRKM5.SA,BEAR_CALM,-0.14045079844593958,0,STOP_LOSS,8,15.350000381469727,13.21250057220459,13.21250057220459,PRICE,TRAIN,2024-04
BRKM5.SA,BEAR_CALM,-0.0900889528035678,0,MAX_DAYS,10,12.600000381469727,11.479999542236328,10.132500171661377,PRICE,TRAIN,2024-04
BRKM5.SA,BEAR_CALM,0.13560000305175776,1,MAX_DAYS,10,12.5,14.210000038146973,10.75249981880188,PRICE,TRAIN,2024-04
BRKM5.SA,BEAR_CALM,-0.03172209801305594,0,MAX_DAYS,10,12.449999809265137,12.069999694824219,10.075000524520874,PRICE,TRAIN,2024-04
BRKM5.SA,BEAR_CALM,-0.10119999999999987,0,HARD_STOP,2,11.8100004196167,10.62900037765503,9.797500848770142,PRICE,TRAIN,2024-04
BRKM5.SA,BEAR_CALM,-0.003079742210367796,0,END_CLOSED,6,10.640000343322754,10.619999885559082,9.012500524520874,PRICE,TRAIN,2024-04
BRKM5.SA,BEAR_CALM,-0.10119999999999987,0,HARD_STOP,2,10.4399995803833,9.395999622344972,9.110000848770142,PRICE,TEST,2024-04
CSAN3.SA,BEAR_CALM,-0.08663690995406628,0,MAX_DAYS,10,14.924750328063965,13.649625778198242,13.014480284305861,PRICE,TRAIN,2024-04
CSAN3.SA,BEAR_CALM,-0.10119999999999998,0,HARD_STOP,3,8.579999923706055,7.721999931335449,7.607499957084656,PRICE,TRAIN,2024-04
CSAN3.SA,BEAR_CALM,-0.01023228021437119,0,MAX_DAYS,10,7.75,7.679999828338623,6.492499947547913,PRICE,TRAIN,2024-04
CSAN3.SA,BEAR_CALM,0.0015700805412327335,1,MAX_DAYS,10,7.21999979019165,7.239999771118164,6.119999289512634,PRICE,TRAIN,2024-04
CSAN3.SA,BEAR_CALM,0.08342621886031484,1,MAX_DAYS,10,7.090000152587891,7.690000057220459,5.882500052452087,PRICE,TRAIN,2024-04
CSNA3.SA,BEAR_CALM,-0.018245415332246905,0,MAX_DAYS,10,12.712848663330078,12.496152877807617,11.119228602601183,PRICE,TRAIN,2024-04
CSNA3.SA,BEAR_CALM,-0.0341920322083701,0,MAX_DAYS,10,8.789999961853027,8.5,7.444999933242798,PRICE,TRAIN,2024-04
CSNA3.SA,BEAR_CALM,0.17770998862031448,1,MAX_DAYS,10,8.4399995803833,9.949999809265137,7.279999256134033,PRICE,TRAIN,2024-04
CYRE3.SA,BEAR_CALM,0.014579408254675609,1,MAX_DAYS,10,19.87403678894043,20.187637329101562,16.83813798709328,PRICE,TRAIN,2024-04
CYRE3.SA,BEAR_CALM,0.14696886736947698,1,MAX_DAYS,10,17.006671905517578,19.526531219482422,15.238937174143237,PRICE,TRAIN,2024-04
ELET3.SA,BEAR_CALM,-0.03579029920397316,0,MAX_DAYS,10,31.383691787719727,30.298120498657227,28.64529560642006,PRICE,TRAIN,2024-04
EGIE3.SA,BEAR_CALM,-0.03546389848660627,0,MAX_DAYS,10,26.70702362060547,25.79193687438965,24.949713935198798,PRICE,TRAIN,2024-04
EGIE3.SA,BEAR_CALM,0.03462509448121396,1,MAX_DAYS,10,24.232181549072266,25.10030174255371,22.668539334157856,PRICE,TRAIN,2024-04
EGIE3.SA,BEAR_CALM,0.011265381883333793,1,MAX_DAYS,10,24.676494598388672,24.98409652709961,22.911203028013347,PRICE,TRAIN,2024-04
ECOR3.SA,BEAR_CALM,0.013027556692130383,1,MAX_DAYS,10,4.69957971572876,4.766443252563477,4.057208178128781,PRICE,TRAIN,2024-04
ECOR3.SA,BEAR_CALM,0.08575651724546005,1,MAX_DAYS,10,4.613611698150635,5.014795303344727,3.8446762499072413,PRICE,TRAIN,2024-04
ELET6.SA,BEAR_CALM,-0.02378906592394505,0,MAX_DAYS,10,36.40746307373047,35.585052490234375,34.2254006822177,PRICE,TRAIN,2024-04
ENEV3.SA,BEAR_CALM,-0.08713755950116212,0,MAX_DAYS,10,11.520000457763672,10.529999732971191,10.360000848770142,PRICE,TRAIN,2024-04
ENGI11.SA,BEAR_CALM,-0.04423307179089799,0,MAX_DAYS,10,36.07986831665039,34.52724075317383,33.539001094506204,PRICE,TRAIN,2024-04
ENGI11.SA,BEAR_CALM,0.03007525443232626,1,MAX_DAYS,10,31.128225326538086,32.101768493652344,28.41950620938396,PRICE,TRAIN,2024-04
EZTC3.SA,BEAR_CALM,-0.08314692491684852,0,STOP_LOSS,3,13.901887893676758,12.762670930251183,12.762670930251183,PRICE,TRAIN,2024-04
EZTC3.SA,BEAR_CALM,-0.10119999999999998,0,HARD_STOP,5,13.199512481689453,11.879561233520509,11.54065156937953,PRICE,TRAIN,2024-04
EZTC3.SA,BEAR_CALM,0.055138079822059406,1,MAX_DAYS,10,10.401735305786133,10.987749099731445,9.220552445249105,PRICE,TRAIN,2024-04
EQTL3.SA,BEAR_CALM,0.04191297175671536,1,MAX_DAYS,10,27.603904724121094,28.793991088867188,25.515820727526858,PRICE,TRAIN,2024-04
EQTL3.SA,BEAR_CALM,0.07139777071327633,1,MAX_DAYS,10,26.528671264648438,28.454593658447266,24.18176802162501,PRICE,TRAIN,2024-04
GGBR4.SA,BEAR_CALM,0.031168458954544988,1,MAX_DAYS,10,15.84521198272705,16.358097076416016,14.065881169145099,PRICE,TRAIN,2024-04
GGBR4.SA,BEAR_CALM,0.025376068137222242,1,END_CLOSED,1,15.69833755493164,16.115537643432617,14.364271156151414,PRICE,TRAIN,2024-04
GGBR4.SA,BEAR_CALM,-0.10119999999999998,0,HARD_STOP,2,15.446078300476074,13.901470470428468,13.646300831506888,PRICE,TEST,2024-04
FLRY3.SA,BEAR_CALM,-0.04477337072638734,0,STOP_LOSS,10,12.685956001281738,12.133186137419251,12.133186137419251,PRICE,TRAIN,2024-04
FLRY3.SA,BEAR_CALM,0.04779128163751487,1,MAX_DAYS,10,11.849331855773926,12.429845809936523,11.042587862511498,PRICE,TRAIN,2024-04
FLRY3.SA,BEAR_CALM,-0.050357210197139256,0,MAX_DAYS,10,12.420547485351562,11.809988021850586,11.408761686802535,PRICE,TRAIN,2024-04
FLRY3.SA,BEAR_CALM,0.0022964236143462116,1,MAX_DAYS,10,10.143563270568848,10.17902946472168,9.225854305937688,PRICE,TRAIN,2024-04
FLRY3.SA,BEAR_CALM,0.0030772234813386326,1,MAX_DAYS,10,10.36523151397705,10.409565925598145,9.349988356979429,PRICE,TRAIN,2024-04
FLRY3.SA,BEAR_CALM,-0.04496599300368822,0,MAX_DAYS,10,10.356365203857422,9.903108596801758,9.170436855355739,PRICE,TRAIN,2024-04
FLRY3.SA,BEAR_CALM,0.09358248434633984,1,MAX_DAYS,10,10.623671531677246,11.630609512329102,9.540519296808558,PRICE,TEST,2024-04
GOAU4.SA,BEAR_CALM,0.010234544720225537,1,MAX_DAYS,10,9.232702255249023,9.338274002075195,8.33774313024232,PRICE,TRAIN,2024-04
GOAU4.SA,BEAR_CALM,-0.031477388286433226,0,MAX_DAYS,10,9.175119400024414,8.897320747375488,8.244170384716485,PRICE,TRAIN,2024-04
GOAU4.SA,BEAR_CALM,0.06502506876378775,1,MAX_DAYS,10,8.742919921875,9.321920394897461,7.920934129082941,PRICE,TRAIN,2024-04
GOAU4.SA,BEAR_CALM,0.031202273376493707,1,END_CLOSED,1,8.63676929473877,8.916620254516602,7.944380347957657,PRICE,TRAIN,2024-04
GOAU4.SA,BEAR_CALM,-0.10119999999999998,0,HARD_STOP,2,8.501669883728027,7.651502895355224,7.572854225101214,PRICE,TEST,2024-04
HAPV3.SA,BEAR_CALM,0.02964831678031441,1,SIGNAL,2,58.349998474121094,60.14999771118164,46.27499580383301,PRICE,TRAIN,2024-04
HAPV3.SA,BEAR_CALM,0.023799971742983185,1,MAX_DAYS,10,54.0,55.349998474121094,44.462500890096024,PRICE,TRAIN,2024-04
HAPV3.SA,BEAR_CALM,-0.10119999999999987,0,HARD_STOP,6,52.79999923706055,47.5199993133545,45.82499980926514,PRICE,TRAIN,2024-04
HAPV3.SA,BEAR_CALM,-0.058813230311740815,0,MAX_DAYS,10,36.45000076293945,34.349998474121094,30.262500762939453,PRICE,TRAIN,2024-04
HAPV3.SA,BEAR_CALM,-0.05426124525005318,0,MAX_DAYS,10,36.75,34.79999923706055,30.337499618530273,PRICE,TRAIN,2024-04
HAPV3.SA,BEAR_CALM,-0.10119999999999998,0,HARD_STOP,5,33.45000076293945,30.105000686645507,26.850000381469727,PRICE,TRAIN,2024-04
HAPV3.SA,BEAR_CALM,0.0861786048195182,1,MAX_DAYS,10,30.899999618530273,33.599998474121094,23.812499284744263,PRICE,TEST,2024-04
HYPE3.SA,BEAR_CALM,-0.07940324509480859,0,STOP_LOSS,9,29.67759132385254,27.356707375729734,27.356707375729734,PRICE,TRAIN,2024-04
HYPE3.SA,BEAR_CALM,-0.08920507683808312,0,STOP_LOSS,7,18.746807098388672,17.096992899226255,17.096992899226255,PRICE,TRAIN,2024-04
HYPE3.SA,BEAR_CALM,-0.017504299821338963,0,MAX_DAYS,10,17.70687484741211,17.418176651000977,15.789391778242152,PRICE,TRAIN,2024-04
HYPE3.SA,BEAR_CALM,0.05043051615651071,1,MAX_DAYS,10,17.70687484741211,18.621089935302734,16.066102685897164,PRICE,TRAIN,2024-04
HYPE3.SA,BEAR_CALM,0.21717888622647039,1,MAX_DAYS,10,18.920841217041016,23.052753448486328,16.14474448099696,PRICE,TEST,2024-04
IGTI11.SA,BEAR_CALM,-6.750818482217252e-05,0,MAX_DAYS,10,17.059314727783203,17.07863426208496,15.653804232320269,PRICE,TRAIN,2024-04
IRBR3.SA,BEAR_CALM,0.10889165872229753,1,SIGNAL,3,38.150001525878906,42.349998474121094,33.495001792907715,PRICE,TRAIN,2024-04
IRBR3.SA,BEAR_CALM,-0.0053139578020849,0,MAX_DAYS,10,31.600000381469727,31.469999313354492,28.355000495910645,PRICE,TRAIN,2024-04
KLBN11.SA,BEAR_CALM,-0.021085014260312306,0,END_CLOSED,5,18.371538162231445,18.0062198638916,17.06649611064276,PRICE,TRAIN,2024-04
KLBN11.SA,BEAR_CALM,-0.035719962160287964,0,MAX_DAYS,10,17.823562622070312,17.208293914794922,16.645896847771787,PRICE,TEST,2024-04
LREN3.SA,BEAR_CALM,0.06398149373087056,1,MAX_DAYS,10,11.824997901916504,12.595768928527832,9.56268662261453,PRICE,TEST,2024-04
LWSA3.SA,BEAR_CALM,-0.09971311216043025,0,MAX_DAYS,10,5.220942974090576,4.706611633300781,4.439742265825603,PRICE,TRAIN,2024-04
LWSA3.SA,BEAR_CALM,-0.10119999999999998,0,HARD_STOP,3,3.3073785305023193,2.9766406774520875,2.831017139808247,PRICE,TRAIN,2024-04
LWSA3.SA,BEAR_CALM,0.00823394507005979,1,MAX_DAYS,10,3.1395416259765625,3.1691598892211914,2.65824378986985,PRICE,TRAIN,2024-04
LWSA3.SA,BEAR_CALM,-0.03623188681239089,0,MAX_DAYS,10,3.100050449371338,2.9914498329162598,2.5718570721655,PRICE,TRAIN,2024-04
LWSA3.SA,BEAR_CALM,-0.10119999999999987,0,HARD_STOP,7,2.9519588947296143,2.656763005256653,2.418829030744897,PRICE,TRAIN,2024-04
LWSA3.SA,BEAR_CALM,0.02144155998459194,1,END_CLOSED,8,2.6162846088409424,2.6755213737487793,2.117709368859259,PRICE,TRAIN,2024-04
LWSA3.SA,BEAR_CALM,0.1499628026699172,1,SIGNAL,4,2.547175168991089,2.932213306427002,2.0979643315922014,PRICE,TEST,2024-04
MRVE3.SA,BEAR_CALM,-0.11359259032570504,0,STOP_LOSS,8,7.369999885559082,6.541666507720947,6.541666507720947,PRICE,TRAIN,2024-04
MRVE3.SA,BEAR_CALM,0.02014144324798215,1,MAX_DAYS,10,6.559999942779541,6.699999809265137,5.498333315054575,PRICE,TRAIN,2024-04
MRVE3.SA,BEAR_CALM,-0.013881190562183197,0,MAX_DAYS,10,5.519999980926514,5.449999809265137,4.634999871253967,PRICE,TRAIN,2024-04
MRVE3.SA,BEAR_CALM,-0.10119999999999998,0,HARD_STOP,3,5.099999904632568,4.5899999141693115,4.177499890327454,PRICE,TRAIN,2024-04
MRVE3.SA,BEAR_CALM,0.20721693114088877,1,MAX_DAYS,10,4.989999771118164,6.03000020980835,3.9399996598561606,PRICE,TEST,2024-04
MGLU3.SA,BEAR_CALM,-0.10119999999999998,0,HARD_STOP,9,16.891860961914062,15.202674865722656,14.683301833137897,PRICE,TRAIN,2024-04
MGLU3.SA,BEAR_CALM,-0.05864678938814274,0,MAX_DAYS,10,9.12548828125,8.601258277893066,7.812485349438671,PRICE,TRAIN,2024-04
MGLU3.SA,BEAR_CALM,0.22982315741558543,1,MAX_DAYS,10,5.88302755355835,7.242143154144287,4.664677888710145,PRICE,TRAIN,2024-04
MULT3.SA,BEAR_CALM,0.024962213829428627,1,SIGNAL,5,23.442655563354492,24.055967330932617,21.85040880405443,PRICE,TRAIN,2024-04
MULT3.SA,BEAR_CALM,0.02940734076912297,1,MAX_DAYS,10,20.33930015563965,20.96183204650879,18.615129402682882,PRICE,TRAIN,2024-04
PETR4.SA,BEAR_CALM,0.06380836249961272,1,MAX_DAYS,10,28.618783950805664,30.479244232177734,25.807466182644042,PRICE,TEST,2024-04
PETR3.SA,BEAR_CALM,0.05767818342613649,1,MAX_DAYS,10,30.735403060913086,32.545047760009766,27.712297529531916,PRICE,TEST,2024-04
PRIO3.SA,BEAR_CALM,-0.018942315184829937,0,MAX_DAYS,10,38.88999938964844,38.20000076293945,35.47000026702881,PRICE,TRAIN,2024-04
PRIO3.SA,BEAR_CALM,0.05129137449452457,1,MAX_DAYS,10,37.529998779296875,39.5,33.144999504089355,PRICE,TRAIN,2024-04
RADL3.SA,BEAR_CALM,-0.06003661314694544,0,MAX_DAYS,10,25.554399490356445,24.050865173339844,22.966814960726786,PRICE,TRAIN,2024-04
RADL3.SA,BEAR_CALM,0.011630869246555077,1,MAX_DAYS,10,24.301067352294922,24.612871170043945,22.168550585132824,PRICE,TRAIN,2024-04
RADL3.SA,BEAR_CALM,-0.04409036984384098,0,MAX_DAYS,10,20.962154388427734,20.063079833984375,18.321118182116372,PRICE,TRAIN,2024-04
RADL3.SA,BEAR_CALM,-0.04404993411061189,0,MAX_DAYS,10,19.61353874206543,18.773099899291992,17.207045533067074,PRICE,TRAIN,2024-04
RADL3.SA,BEAR_CALM,0.06156142791609152,1,MAX_DAYS,10,14.10545825958252,14.990736961364746,12.125874059069417,PRICE,TEST,2024-04
RAIZ4.SA,BEAR_CALM,-0.10119999999999998,0,HARD_STOP,9,3.3399999141693115,3.0059999227523804,2.9024999141693115,PRICE,TRAIN,2024-04
RAIZ4.SA,BEAR_CALM,-0.10119999999999998,0,HARD_STOP,2,1.899999976158142,1.7099999785423279,1.6050000488758087,PRICE,TRAIN,2024-04
RAIZ4.SA,BEAR_CALM,-0.10119999999999998,0,HARD_STOP,6,1.850000023841858,1.6650000214576721,1.4999999701976776,PRICE,TRAIN,2024-04
RAIZ4.SA,BEAR_CALM,0.021788483697581552,1,MAX_DAYS,10,1.7400000095367432,1.7799999713897705,1.4500000178813934,PRICE,TRAIN,2024-04
RAIZ4.SA,BEAR_CALM,0.009728951069668847,1,MAX_DAYS,10,1.8300000429153442,1.850000023841858,1.5625000596046448,PRICE,TRAIN,2024-04
RAIZ4.SA,BEAR_CALM,-0.044678283404402185,0,MAX_DAYS,10,1.840000033378601,1.7599999904632568,1.5950002670288086,PRICE,TEST,2024-04
RAIL3.SA,BEAR_CALM,0.03544910719039671,1,MAX_DAYS,10,18.30537223815918,18.976247787475586,16.994765523998474,PRICE,TRAIN,2024-04
RAIL3.SA,BEAR_CALM,0.1233531215342197,1,MAX_DAYS,10,16.081892013549805,18.084941864013672,14.407094666175027,PRICE,TRAIN,2024-04
RAIL3.SA,BEAR_CALM,0.033282821724797663,1,MAX_DAYS,10,16.676097869873047,17.251136779785156,14.732949180656501,PRICE,TRAIN,2024-04
RAIL3.SA,BEAR_CALM,-0.047452886468710063,0,END_CLOSED,6,16.36941146850586,15.612278938293457,14.632318351484168,PRICE,TRAIN,2024-04
RDOR3.SA,BEAR_CALM,0.01832964445565142,1,SIGNAL,1,24.20501708984375,24.677732467651367,22.736217833557593,PRICE,TRAIN,2024-04
RDOR3.SA,BEAR_CALM,0.10471247693786098,1,MAX_DAYS,10,22.68074607849121,25.08292007446289,20.077992622783178,PRICE,TRAIN,2024-04
RENT3.SA,BEAR_CALM,0.028886675887141645,1,SIGNAL,1,48.30873489379883,49.762184143066406,43.21942078537052,PRICE,TRAIN,2024-04
RENT3.SA,BEAR_CALM,-0.026708448938356798,0,MAX_DAYS,10,29.796077728271484,29.036026000976562,26.04149952940597,PRICE,TRAIN,2024-04
RENT3.SA,BEAR_CALM,-0.06184432228587857,0,MAX_DAYS,10,30.459922790527344,28.612701416015625,26.330132370847785,PRICE,TRAIN,2024-04
RENT3.SA,BEAR_CALM,-0.10119999999999998,0,HARD_STOP,6,30.411819458007812,27.370637512207033,25.76490107354071,PRICE,TRAIN,2024-04
RENT3.SA,BEAR_CALM,0.10183463084874575,1,MAX_DAYS,10,27.265769958496094,30.075088500976562,22.407189894860913,PRICE,TRAIN,2024-04
RECV3.SA,BEAR_CALM,-0.04534269548059302,0,MAX_DAYS,10,15.434775352478027,14.753442764282227,13.921433438372334,PRICE,TRAIN,2024-04
RECV3.SA,BEAR_CALM,0.09434895950165453,1,MAX_DAYS,10,14.718503952026367,16.124841690063477,13.48904884475235,PRICE,TRAIN,2024-04
RECV3.SA,BEAR_CALM,0.04821475978994836,1,MAX_DAYS,10,14.461953163146973,15.176587104797363,13.074997680390581,PRICE,TRAIN,2024-04
RECV3.SA,BEAR_CALM,-0.10119999999999998,0,HARD_STOP,2,14.76285171508789,13.286566543579102,11.356580570100437,PRICE,TEST,2024-04
SANB11.SA,BEAR_CALM,0.09659187440625647,1,MAX_DAYS,10,23.894315719604492,26.230985641479492,22.253741866015798,PRICE,TRAIN,2024-04
SMFT3.SA,BEAR_CALM,0.09067096267856098,1,MAX_DAYS,10,17.206462860107422,18.7872371673584,15.259240946875298,PRICE,TRAIN,2024-04
SMFT3.SA,BEAR_CALM,0.04888444149964153,1,MAX_DAYS,10,17.024433135986328,17.877092361450195,14.852069286786463,PRICE,TRAIN,2024-04
SLCE3.SA,BEAR_CALM,-0.0006678961848537656,0,MAX_DAYS,10,17.47464370727539,17.48394203186035,15.897781939307931,PRICE,TRAIN,2024-04
SUZB3.SA,BEAR_CALM,0.0029109310102509514,1,MAX_DAYS,10,47.11336898803711,47.30704879760742,42.109087624935896,PRICE,TRAIN,2024-04
SUZB3.SA,BEAR_CALM,-0.0013871994301023693,0,END_CLOSED,5,53.40999984741211,53.400001525878906,49.48250102996826,PRICE,TRAIN,2024-04
SUZB3.SA,BEAR_CALM,0.013877353874386468,1,MAX_DAYS,10,51.06999969482422,51.84000015258789,45.6275053024292,PRICE,TEST,2024-04
TAEE11.SA,BEAR_CALM,0.026354076749158885,1,MAX_DAYS,10,29.612415313720703,30.42835807800293,27.82237582475259,PRICE,TRAIN,2024-04
TIMS3.SA,BEAR_CALM,0.062030137227912265,1,MAX_DAYS,10,13.36623764038086,14.211386680603027,12.36611828196964,PRICE,TRAIN,2024-04
UGPA3.SA,BEAR_CALM,0.06757312372700083,1,MAX_DAYS,10,19.415300369262695,20.750551223754883,17.586094707260692,PRICE,TRAIN,2024-04
UGPA3.SA,BEAR_CALM,-0.0030149064927373,0,MAX_DAYS,10,15.071983337402344,15.044629096984863,13.433030778781216,PRICE,TRAIN,2024-04
UGPA3.SA,BEAR_CALM,0.04777208632372907,1,MAX_DAYS,10,15.08110237121582,15.819655418395996,13.11618292622639,PRICE,TRAIN,2024-04
UGPA3.SA,BEAR_CALM,0.1158535321244912,1,MAX_DAYS,10,14.58873176574707,16.29639434814453,12.671680982319987,PRICE,TRAIN,2024-04
UGPA3.SA,BEAR_CALM,0.07814586009861232,1,MAX_DAYS,10,15.489548683166504,16.71858024597168,12.974254201445751,PRICE,TEST,2024-04
VALE3.SA,BEAR_CALM,0.059928794358306094,1,MAX_DAYS,10,53.08842849731445,56.33366012573242,49.64669925781902,PRICE,TRAIN,2024-04
VALE3.SA,BEAR_CALM,-0.007072705813119716,0,MAX_DAYS,10,50.66532897949219,50.3677864074707,47.10647960532421,PRICE,TRAIN,2024-04
USIM5.SA,BEAR_CALM,0.00565873676220905,1,MAX_DAYS,10,7.289999961853027,7.340000152587891,6.6025002002716064,PRICE,TRAIN,2024-04
USIM5.SA,BEAR_CALM,-0.08930776867040915,0,STOP_LOSS,2,5.760000228881836,5.252499461174011,5.252499461174011,PRICE,TEST,2024-04
USIM5.SA,BEAR_CALM,0.13578626046487238,1,MAX_DAYS,10,5.110000133514404,5.809999942779541,4.0739997863769535,PRICE,TEST,2024-04
VBBR3.SA,BEAR_CALM,-0.03253755571657282,0,MAX_DAYS,10,15.451946258544922,14.967720031738281,14.190880604940801,PRICE,TRAIN,2024-04
VBBR3.SA,BEAR_CALM,-0.014150416952279497,0,MAX_DAYS,10,15.356828689575195,15.157951354980469,13.700953130030245,PRICE,TRAIN,2024-04
VBBR3.SA,BEAR_CALM,-0.04939975621895611,0,MAX_DAYS,10,14.889899253845215,14.172209739685059,13.225376777300191,PRICE,TRAIN,2024-04
VBBR3.SA,BEAR_CALM,0.09494427044993689,1,MAX_DAYS,10,15.166884422302246,16.625093460083008,12.902416129186888,PRICE,TEST,2024-04
WEGE3.SA,BEAR_CALM,0.036749052148535945,1,MAX_DAYS,10,43.386505126953125,45.032981872558594,39.80199737803759,PRICE,TEST,2024-04
YDUQ3.SA,BEAR_CALM,0.16499456587860747,1,MAX_DAYS,10,10.176077842712402,11.867286682128906,8.619396948514805,PRICE,TRAIN,2024-04
AURE3.SA,BEAR_CALM,-0.045118909607701395,0,STOP_LOSS,4,11.026216506958008,10.541957100873974,10.541957100873974,PRICE,TRAIN,2024-07
AURE3.SA,BEAR_CALM,-0.007982907875920618,0,MAX_DAYS,10,10.251399993896484,10.181865692138672,9.70753912651664,PRICE,TRAIN,2024-07
ALOS3.SA,BEAR_CALM,0.05079826986135214,1,SIGNAL,2,19.41591453552246,20.425508499145508,18.00902773723764,PRICE,TRAIN,2024-07
ABEV3.SA,BEAR_CALM,0.03746426843785509,1,MAX_DAYS,10,10.373035430908203,10.774101257324219,9.766878586346202,PRICE,TRAIN,2024-07
ABEV3.SA,BEAR_CALM,0.012663317397495578,1,MAX_DAYS,10,10.406183242797852,10.550447463989258,9.581479084329796,PRICE,TRAIN,2024-07
AZUL4.SA,BEAR_CALM,-0.031503061318608826,0,MAX_DAYS,10,0.9900000095367432,0.9599999785423279,0.6674999445676804,PRICE,TRAIN,2024-07
AZUL4.SA,BEAR_CALM,-0.02203331393077925,0,END_CLOSED,3,0.9599999785423279,0.9399999976158142,0.7774999737739563,PRICE,TRAIN,2024-07
AZUL4.SA,BEAR_CALM,-0.0952859310543466,0,STOP_LOSS,5,0.9300000071525574,0.8425000905990601,0.8425000905990601,PRICE,TEST,2024-07
AZUL4.SA,BEAR_CALM,-0.10119999999999998,0,HARD_STOP,4,0.8100000023841858,0.7290000021457672,0.6612499877810478,PRICE,TEST,2024-07
AZUL4.SA,BEAR_CALM,-0.10119999999999998,0,HARD_STOP,2,0.6700000166893005,0.6030000150203705,0.48500004410743713,PRICE,TEST,2024-07
AZUL4.SA,BEAR_CALM,-0.06677380413054315,0,MAX_DAYS,10,0.6100000143051147,0.5699999928474426,0.43250006437301636,PRICE,TEST,2024-07
AZUL4.SA,BEAR_CALM,0.4039724501157923,1,PROFIT_TARGET,6,0.5799999833106995,0.8149999976158142,0.4624999761581421,PRICE,TEST,2024-07
B3SA3.SA,BEAR_CALM,0.011240308063119021,1,SIGNAL,2,10.129165649414062,10.255175590515137,9.331915791036389,PRICE,TRAIN,2024-07
BBAS3.SA,BEAR_CALM,-0.044101111345442166,0,STOP_LOSS,4,24.160629272460938,23.12411142586714,23.12411142586714,PRICE,TRAIN,2024-07
BBAS3.SA,BEAR_CALM,-0.009348501394800278,0,END_CLOSED,1,21.973888397216797,21.79483413696289,20.404679133793604,PRICE,TRAIN,2024-07
BBAS3.SA,BEAR_CALM,-0.05494817263571763,0,MAX_DAYS,10,21.098512649536133,19.964506149291992,19.501948485307587,PRICE,TEST,2024-07
BBDC3.SA,BEAR_CALM,-0.002795828512188868,0,MAX_DAYS,10,9.633384704589844,9.618011474609375,8.625556085273562,PRICE,TRAIN,2024-07
BBSE3.SA,BEAR_CALM,-0.03640318449850268,0,MAX_DAYS,10,33.018798828125,31.85643196105957,30.95819468808719,PRICE,TEST,2024-07
BBSE3.SA,BEAR_CALM,0.03522212494008934,1,MAX_DAYS,10,31.705228805541992,32.86000061035156,30.09870289119074,PRICE,TEST,2024-07
BEEF3.SA,BEAR_CALM,0.017092713656964832,1,END_CLOSED,8,4.920000076293945,5.010000228881836,4.260000109672546,PRICE,TRAIN,2024-07
BBDC4.SA,BEAR_CALM,0.0061591111947475255,1,SIGNAL,2,10.905986785888672,10.986245155334473,10.297976653387172,PRICE,TRAIN,2024-07
BBDC4.SA,BEAR_CALM,-0.041690449073955936,0,MAX_DAYS,10,11.4774808883667,11.012752532958984,10.466498960639026,PRICE,TRAIN,2024-07
BBDC4.SA,BEAR_CALM,0.029463000450035894,1,MAX_DAYS,10,10.646392822265625,10.972843170166016,9.495137228815398,PRICE,TRAIN,2024-07
CMIN3.SA,BEAR_CALM,-0.014457489836157154,0,MAX_DAYS,10,4.509122371673584,4.449342727661133,3.9362307429530468,PRICE,TRAIN,2024-07
CMIN3.SA,BEAR_CALM,0.004897467889512709,1,END_CLOSED,6,4.778954029083252,4.808093547821045,4.402562944320419,PRICE,TRAIN,2024-07
BRAP4.SA,BEAR_CALM,0.01958885904316108,1,SIGNAL,1,15.999808311462402,16.332426071166992,15.163995409411209,PRICE,TRAIN,2024-07
BRAP4.SA,BEAR_CALM,0.03600631626646331,1,END_CLOSED,8,14.668993949890137,15.214773178100586,13.682762295878256,PRICE,TRAIN,2024-07
BRKM5.SA,BEAR_CALM,0.033419675025479025,1,SIGNAL,1,17.6200008392334,18.229999542236328,16.027504444122314,PRICE,TRAIN,2024-07
BRKM5.SA,BEAR_CALM,-0.14045079844593958,0,STOP_LOSS,8,15.350000381469727,13.21250057220459,13.21250057220459,PRICE,TRAIN,2024-07
BRKM5.SA,BEAR_CALM,-0.0900889528035678,0,MAX_DAYS,10,12.600000381469727,11.479999542236328,10.132500171661377,PRICE,TRAIN,2024-07
COGN3.SA,BEAR_CALM,0.11325786109507083,1,MAX_DAYS,10,1.6162232160568237,1.8012126684188843,1.241376282685807,PRICE,TRAIN,2024-07
CPFE3.SA,BEAR_CALM,0.012586788338058909,1,SIGNAL,1,32.63999938964844,33.09000015258789,30.487500190734863,PRICE,TRAIN,2024-07
CSAN3.SA,BEAR_CALM,0.03072274261151984,1,SIGNAL,1,13.470000267028809,13.899999618530273,12.367500066757202,PRICE,TRAIN,2024-07
CSAN3.SA,BEAR_CALM,0.009368021385988669,1,MAX_DAYS,10,7.570000171661377,7.650000095367432,6.292500257492065,PRICE,TRAIN,2024-07
CSNA3.SA,BEAR_CALM,-0.016927376639479207,0,END_CLOSED,5,7.630000114440918,7.510000228881836,6.619999647140503,PRICE,TRAIN,2024-07
CVCB3.SA,BEAR_CALM,0.15435554378179814,1,MAX_DAYS,10,1.7999999523162842,2.0799999237060547,1.3974997103214264,PRICE,TRAIN,2024-07
CXSE3.SA,BEAR_CALM,-0.021840576414613476,0,MAX_DAYS,10,13.440841674804688,13.16341495513916,12.54594527392654,PRICE,TEST,2024-07
CXSE3.SA,BEAR_CALM,0.016737214179694516,1,MAX_DAYS,10,13.096449851989746,13.331363677978516,12.32635239638358,PRICE,TEST,2024-07
EGIE3.SA,BEAR_CALM,-0.03546389848660627,0,MAX_DAYS,10,26.70702362060547,25.79193687438965,24.949713935198798,PRICE,TRAIN,2024-07
ELET3.SA,BEAR_CALM,-0.03579029920397316,0,MAX_DAYS,10,31.383691787719727,30.298120498657227,28.64529560642006,PRICE,TRAIN,2024-07
ELET6.SA,BEAR_CALM,-0.02378906592394505,0,MAX_DAYS,10,36.40746307373047,35.585052490234375,34.2254006822177,PRICE,TRAIN,2024-07
ELET6.SA,BEAR_CALM,0.12201865511779983,1,PROFIT_TARGET,2,37.814579010009766,42.47404057946895,35.484848225280174,PRICE,TEST,2024-07
ENEV3.SA,BEAR_CALM,-0.08713755950116212,0,MAX_DAYS,10,11.520000457763672,10.529999732971191,10.360000848770142,PRICE,TRAIN,2024-07
ENGI11.SA,BEAR_CALM,0.03417263102116861,1,SIGNAL,3,36.916664123535156,38.222503662109375,33.02172091269651,PRICE,TRAIN,2024-07
ENGI11.SA,BEAR_CALM,-0.04423307179089799,0,MAX_DAYS,10,36.07986831665039,34.52724075317383,33.539001094506204,PRICE,TRAIN,2024-07
FLRY3.SA,BEAR_CALM,0.036724266522535,1,MAX_DAYS,10,12.831084251403809,13.317693710327148,11.526349340404737,PRICE,TRAIN,2024-07
FLRY3.SA,BEAR_CALM,-0.050357210197139256,0,MAX_DAYS,10,12.420547485351562,11.809988021850586,11.408761686802535,PRICE,TRAIN,2024-07
GGBR4.SA,BEAR_CALM,0.06610016251595371,1,MAX_DAYS,10,14.378823280334473,15.34652042388916,12.950158905649172,PRICE,TRAIN,2024-07
GOAU4.SA,BEAR_CALM,0.05497984392418096,1,MAX_DAYS,10,7.961267471313477,8.408530235290527,7.22304065321752,PRICE,TRAIN,2024-07
HAPV3.SA,BEAR_CALM,0.044498911683262456,1,SIGNAL,1,55.79999923706055,58.349998474121094,49.76250457763672,PRICE,TRAIN,2024-07
HAPV3.SA,BEAR_CALM,-0.10119999999999987,0,HARD_STOP,6,52.79999923706055,47.5199993133545,45.82499980926514,PRICE,TRAIN,2024-07
HAPV3.SA,BEAR_CALM,0.14050944155321918,1,MAX_DAYS,10,31.1200008392334,35.529998779296875,26.79750156402588,PRICE,TEST,2024-07
HYPE3.SA,BEAR_CALM,0.009252823235691966,1,MAX_DAYS,10,26.883432388305664,27.164440155029297,24.080341320062562,PRICE,TRAIN,2024-07
HYPE3.SA,BEAR_CALM,-0.08920507683808312,0,STOP_LOSS,7,18.746807098388672,17.096992899226255,17.096992899226255,PRICE,TRAIN,2024-07
IGTI11.SA,BEAR_CALM,0.007961095310064038,1,SIGNAL,1,20.0345516204834,20.218090057373047,18.53002929433851,PRICE,TRAIN,2024-07
IRBR3.SA,BEAR_CALM,0.04200987310059099,1,MAX_DAYS,10,30.780000686645508,32.11000061035156,28.312504291534424,PRICE,TRAIN,2024-07
KLBN11.SA,BEAR_CALM,-0.027323198110602374,0,MAX_DAYS,10,18.400375366210938,17.91969871520996,17.12657722432214,PRICE,TRAIN,2024-07
KLBN11.SA,BEAR_CALM,0.09166908879017419,1,MAX_DAYS,10,17.39095115661621,19.006032943725586,15.891232629405753,PRICE,TRAIN,2024-07
KLBN11.SA,BEAR_CALM,0.0031691384349453525,1,MAX_DAYS,10,17.809505462646484,17.887317657470703,16.563221375830388,PRICE,TRAIN,2024-07
KLBN11.SA,BEAR_CALM,0.02435553994058113,1,END_CLOSED,9,17.507978439331055,17.95540428161621,16.04898030298009,PRICE,TRAIN,2024-07
LWSA3.SA,BEAR_CALM,0.07315895093760769,1,SIGNAL,2,3.784698247909546,4.066124439239502,3.462028361706226,PRICE,TRAIN,2024-07
LREN3.SA,BEAR_CALM,0.08679328997094901,1,SIGNAL,2,10.386619567871094,11.300572395324707,9.220688466894625,PRICE,TRAIN,2024-07
MGLU3.SA,BEAR_CALM,-0.05864678938814274,0,MAX_DAYS,10,9.12548828125,8.601258277893066,7.812485349438671,PRICE,TRAIN,2024-07
MGLU3.SA,BEAR_CALM,-0.10119999999999998,0,HARD_STOP,8,8.34000015258789,7.506000137329102,6.864999771118164,PRICE,TEST,2024-07
MGLU3.SA,BEAR_CALM,-0.03880445506709553,0,MAX_DAYS,10,7.179999828338623,6.909999847412109,5.964999794960022,PRICE,TEST,2024-07
MGLU3.SA,BEAR_CALM,0.30044673004270483,1,PROFIT_TARGET,8,6.679999828338623,8.694999933242798,5.672499775886536,PRICE,TEST,2024-07
MULT3.SA,BEAR_CALM,0.025372168433899313,1,SIGNAL,1,21.311033248901367,21.8773136138916,19.609833424470125,PRICE,TRAIN,2024-07
MRVE3.SA,BEAR_CALM,0.028030778033916716,1,SIGNAL,1,6.5,6.690000057220459,5.887500166893005,PRICE,TRAIN,2024-07
PETR3.SA,BEAR_CALM,0.05767818342613649,1,MAX_DAYS,10,30.735403060913086,32.545047760009766,27.712297529531916,PRICE,TRAIN,2024-07
PETR3.SA,BEAR_CALM,-0.04147356829368156,0,MAX_DAYS,10,31.840238571166992,30.557918548583984,29.30911743941017,PRICE,TRAIN,2024-07
PETR3.SA,BEAR_CALM,0.15259502688624846,1,PROFIT_TARGET,10,30.920303344726562,35.67569222895974,28.542608902609974,PRICE,TRAIN,2024-07
PRIO3.SA,BEAR_CALM,0.10931587352800229,1,MAX_DAYS,10,35.470001220703125,39.38999938964844,29.865002632141113,PRICE,TRAIN,2024-07
RADL3.SA,BEAR_CALM,0.01123855773877689,1,MAX_DAYS,10,24.504911422729492,24.809717178344727,22.929802493691817,PRICE,TRAIN,2024-07
RADL3.SA,BEAR_CALM,0.011630869246555077,1,MAX_DAYS,10,24.301067352294922,24.612871170043945,22.168550585132824,PRICE,TRAIN,2024-07
RADL3.SA,BEAR_CALM,-0.06537114621473009,0,MAX_DAYS,10,14.715316772460938,13.771018028259277,12.69638607173571,PRICE,TRAIN,2024-07
RADL3.SA,BEAR_CALM,0.04566419946776654,1,END_CLOSED,6,14.272677421569824,14.94155502319336,12.091447387380283,PRICE,TRAIN,2024-07
RADL3.SA,BEAR_CALM,-0.012467564683406505,0,MAX_DAYS,10,14.038716316223145,13.880534172058105,11.979067569563762,PRICE,TEST,2024-07
PETR4.SA,BEAR_CALM,0.06380836249961272,1,MAX_DAYS,10,28.618783950805664,30.479244232177734,25.807466182644042,PRICE,TRAIN,2024-07
PETR4.SA,BEAR_CALM,0.08327436100943628,1,MAX_DAYS,10,29.3306941986084,31.808385848999023,27.709913029189877,PRICE,TRAIN,2024-07
RAIL3.SA,BEAR_CALM,0.03544910719039671,1,MAX_DAYS,10,18.30537223815918,18.976247787475586,16.994765523998474,PRICE,TRAIN,2024-07
RAIL3.SA,BEAR_CALM,-0.026229120927677506,0,MAX_DAYS,10,17.18000030517578,16.75,15.015000343322754,PRICE,TEST,2024-07
RAIZ4.SA,BEAR_CALM,-0.05418016120569693,0,MAX_DAYS,10,1.5099999904632568,1.4299999475479126,1.3318181904879483,PRICE,TEST,2024-07
RAIZ4.SA,BEAR_CALM,-0.10119999999999998,0,HARD_STOP,4,1.3899999856948853,1.2509999871253967,1.1899999976158142,PRICE,TEST,2024-07
RECV3.SA,BEAR_CALM,-0.04534269548059302,0,MAX_DAYS,10,15.434775352478027,14.753442764282227,13.921433438372334,PRICE,TRAIN,2024-07
RECV3.SA,BEAR_CALM,0.09434895950165453,1,MAX_DAYS,10,14.718503952026367,16.124841690063477,13.48904884475235,PRICE,TRAIN,2024-07
RECV3.SA,BEAR_CALM,0.1285996231522318,1,MAX_DAYS,10,12.665963172912598,14.3100004196167,11.015721133297077,PRICE,TRAIN,2024-07
RECV3.SA,BEAR_CALM,-0.001951896897625781,0,MAX_DAYS,10,13.300000190734863,13.289999961853027,11.960000038146973,PRICE,TEST,2024-07
RENT3.SA,BEAR_CALM,0.009591402592496447,1,SIGNAL,1,39.22087860107422,39.644126892089844,35.23765818131752,PRICE,TRAIN,2024-07
SANB11.SA,BEAR_CALM,0.09534316074619639,1,MAX_DAYS,10,24.08894157409668,26.41456413269043,22.40525796128158,PRICE,TRAIN,2024-07
SMFT3.SA,BEAR_CALM,0.09589671864677637,1,SIGNAL,3,19.650028228759766,21.557981491088867,16.76939835212114,PRICE,TRAIN,2024-07
SUZB3.SA,BEAR_CALM,0.020336010440646347,1,MAX_DAYS,10,50.812713623046875,51.90701675415039,46.61221665299269,PRICE,TRAIN,2024-07
SUZB3.SA,BEAR_CALM,-0.05175234545315723,0,MAX_DAYS,10,53.40999984741211,50.709999084472656,49.48250102996826,PRICE,TRAIN,2024-07
SUZB3.SA,BEAR_CALM,0.08862878041097319,1,MAX_DAYS,10,49.650001525878906,54.11000061035156,45.595004081726074,PRICE,TRAIN,2024-07
SUZB3.SA,BEAR_CALM,-0.001396007093946182,0,MAX_DAYS,10,51.0099983215332,51.0,48.008748054504395,PRICE,TEST,2024-07
TIMS3.SA,BEAR_CALM,0.07226432017443937,1,SIGNAL,8,14.149677276611328,15.189173698425293,12.64420331324567,PRICE,TRAIN,2024-07
UGPA3.SA,BEAR_CALM,0.02622902118133017,1,SIGNAL,3,19.406278610229492,19.938573837280273,18.111622084475112,PRICE,TRAIN,2024-07
UGPA3.SA,BEAR_CALM,0.014424936048624472,1,MAX_DAYS,10,15.6115140914917,15.855443000793457,14.064540369727252,PRICE,TEST,2024-07
USIM5.SA,BEAR_CALM,-0.10119999999999998,0,HARD_STOP,4,5.070000171661377,4.563000154495239,4.512499928474426,PRICE,TRAIN,2024-07
USIM5.SA,BEAR_CALM,0.03121886039493047,1,MAX_DAYS,10,4.010000228881836,4.139999866485596,3.491363828832453,PRICE,TEST,2024-07
VALE3.SA,BEAR_CALM,0.06771029342391385,1,END_CLOSED,7,48.22767639160156,51.55105972290039,44.290821063141586,PRICE,TRAIN,2024-07
WEGE3.SA,BEAR_CALM,0.05643959185236023,1,MAX_DAYS,10,42.84748077392578,45.31719207763672,39.77649183184614,PRICE,TRAIN,2024-07
WEGE3.SA,BEAR_CALM,-0.054267591842810735,0,MAX_DAYS,10,43.76871871948242,41.44601821899414,40.47332359078837,PRICE,TRAIN,2024-07
WEGE3.SA,BEAR_CALM,0.0031983127014002313,1,MAX_DAYS,10,41.41661834716797,41.59878158569336,38.00607012989571,PRICE,TRAIN,2024-07
WEGE3.SA,BEAR_CALM,-0.0012,0,END_CLOSED,0,41.746124267578125,41.746124267578125,38.08420087493705,PRICE,TRAIN,2024-07
WEGE3.SA,BEAR_CALM,0.016283400566882912,1,MAX_DAYS,10,39.889652252197266,40.587059020996094,36.0941937243169,PRICE,TEST,2024-07
VIVT3.SA,BEAR_CALM,0.021667164146538333,1,SIGNAL,4,20.979766845703125,21.459514617919922,19.502463196692165,PRICE,TRAIN,2024-07
YDUQ3.SA,BEAR_CALM,0.07091534286501452,1,SIGNAL,1,9.993504524230957,10.714189529418945,8.56414448569337,PRICE,TRAIN,2024-07
