ticker,regime,return,win,reason,days_held,entry_price,exit_price,stop_loss,sinal_tipo,phase,window
ABEV3.SA,SIDEWAYS_CALM,-0.05018758731299435,0,STOP_LOSS,3,12.598280906677246,11.981121520767765,11.981121520767765,PRICE,TRAIN,2022-01
ABEV3.SA,SIDEWAYS_CALM,0.00444563830077347,1,SIGNAL,1,12.274571418762207,12.34386920928955,11.659543487763257,PRICE,TEST,2022-01
ABEV3.SA,BEAR_CALM,0.02379992702102749,1,MAX_DAYS,10,11.434321403503418,11.720178604125977,10.706683010156727,PRICE,TEST,2022-01
ALOS3.SA,BEAR_CALM,-0.07040829563995324,0,STOP_LOSS,8,16.048656463623047,14.937956302464576,14.937956302464576,PRICE,TRAIN,2022-01
ALOS3.SA,BEAR_CALM,0.05240449596277217,1,MAX_DAYS,10,13.958717346191406,14.7069673538208,12.855389219814345,PRICE,TRAIN,2022-01
ALOS3.SA,BEAR_CALM,0.13230462870440127,1,SIGNAL,5,13.399681091308594,15.188600540161133,12.118197878747573,PRICE,TEST,2022-01
AURE3.SA,SIDEWAYS_CALM,-0.02746634990747556,0,MAX_DAYS,10,12.438302040100098,12.111593246459961,10.863094879168774,PRICE,TRAIN,2022-01
ASAI3.SA,BULL_CALM,0.060594678331145825,1,SIGNAL,6,18.20366096496582,19.328550338745117,16.922264649484895,PRICE,TEST,2022-01
AZUL4.SA,BEAR_CALM,-0.0055440651381916325,0,MAX_DAYS,10,11.510000228881836,11.460000038146973,9.928571564810616,PRICE,TRAIN,2022-01
AZUL4.SA,BEAR_CALM,0.24915488648013948,1,PROFIT_TARGET,9,11.069999694824219,13.841428211757115,9.68428543635777,PRICE,TRAIN,2022-01
AZUL4.SA,BEAR_CALM,-0.10119999999999998,0,HARD_STOP,6,10.680000305175781,9.612000274658204,9.352857181004115,PRICE,TRAIN,2022-01
AZUL4.SA,BEAR_CALM,0.03817013565078695,1,SIGNAL,1,10.15999984741211,10.5600004196167,8.959999084472656,PRICE,TEST,2022-01
BBAS3.SA,BEAR_CALM,0.05792989032273441,1,SIGNAL,2,13.20551872253418,13.986359596252441,12.274981549390004,PRICE,TEST,2022-01
BBDC3.SA,BEAR_CALM,-0.05540006432465796,0,STOP_LOSS,3,10.04146671295166,9.497218571195768,9.497218571195768,PRICE,TRAIN,2022-01
BBDC3.SA,BEAR_CALM,0.07502981741824163,1,MAX_DAYS,10,9.323123931884766,10.03382396697998,8.761199916347515,PRICE,TRAIN,2022-01
BBDC3.SA,BEAR_CALM,0.06981261078605247,1,MAX_DAYS,10,9.603151321411133,10.285096168518066,8.80773256120863,PRICE,TEST,2022-01
BBDC4.SA,BEAR_CALM,-0.05675120501650235,0,STOP_LOSS,3,11.517613410949707,10.877796107057224,10.877796107057224,PRICE,TRAIN,2022-01
BBDC4.SA,BEAR_CALM,-0.0005396738841020531,0,END_CLOSED,4,11.640634536743164,11.648321151733398,10.923391647360884,PRICE,TRAIN,2022-01
BBDC4.SA,BEAR_CALM,0.12083806932843397,1,SIGNAL,5,10.777987480163574,12.09331226348877,9.885281065380637,PRICE,TEST,2022-01
BPAC11.SA,BEAR_CALM,0.10603485385126907,1,MAX_DAYS,10,20.046388626098633,22.196060180664062,18.047797790970293,PRICE,TRAIN,2022-01
BBSE3.SA,SIDEWAYS_CALM,-0.04548232648638386,0,STOP_LOSS,4,14.208817481994629,13.579617987271504,13.579617987271504,PRICE,TRAIN,2022-01
BBSE3.SA,BULL_CALM,0.06155132294409724,1,MAX_DAYS,10,24.081113815307617,25.592235565185547,22.361564766625804,PRICE,TEST,2022-01
BEEF3.SA,SIDEWAYS_CALM,-0.06283020657055818,0,STOP_LOSS,3,9.210708618164062,8.643050743365391,8.643050743365391,PRICE,TRAIN,2022-01
BEEF3.SA,SIDEWAYS_CALM,-0.02262856763261791,0,MAX_DAYS,10,8.97265911102295,8.780387878417969,8.372956061165013,PRICE,TRAIN,2022-01
BEEF3.SA,BEAR_CALM,-0.07157813997804433,0,STOP_LOSS,5,8.716297149658203,8.10286036876933,8.10286036876933,PRICE,TRAIN,2022-01
BEEF3.SA,BEAR_CALM,0.1403928717521473,1,PROFIT_TARGET,5,8.276819229125977,9.448757832751317,7.690849927313306,PRICE,TRAIN,2022-01
BEEF3.SA,BEAR_CALM,0.07416467572826288,1,SIGNAL,3,11.716761589050293,12.599791526794434,10.529894475496349,PRICE,TEST,2022-01
BEEF3.SA,BEAR_CALM,0.027219142229780148,1,MAX_DAYS,10,10.691307067871094,10.995144844055176,9.610239995215922,PRICE,TEST,2022-01
BRAP4.SA,BEAR_CALM,0.11283521936738947,1,MAX_DAYS,10,17.53839111328125,19.53838539123535,16.2863159771654,PRICE,TRAIN,2022-01
BRAP4.SA,BEAR_CALM,0.044173568709582424,1,MAX_DAYS,10,15.036728858947754,15.718998908996582,14.189145484883513,PRICE,TRAIN,2022-01
BRAP4.SA,BULL_CALM,0.033306078863375534,1,SIGNAL,2,21.12422752380371,21.85314178466797,20.009417519370924,PRICE,TEST,2022-01
BRAP4.SA,SIDEWAYS_CALM,0.041568325361175475,1,END_CLOSED,6,18.380077362060547,19.166162490844727,17.315291815416636,PRICE,TEST,2022-01
CMIG4.SA,SIDEWAYS_CALM,0.09551350417008195,1,SIGNAL,6,5.73130989074707,6.285604953765869,5.284644087197952,PRICE,TEST,2022-01
CMIN3.SA,BEAR_CALM,0.12451431089716722,1,MAX_DAYS,10,2.2180967330932617,2.496943235397339,2.0406489187199357,PRICE,TRAIN,2022-01
CMIN3.SA,BULL_CALM,0.07649436118541372,1,SIGNAL,3,2.8498151302337646,3.0712296962738037,2.66411289621242,PRICE,TEST,2022-01
BRKM5.SA,SIDEWAYS_CALM,-0.0851236105954,0,STOP_LOSS,8,54.29256057739258,49.73613286526832,49.73613286526832,PRICE,TRAIN,2022-01
BRKM5.SA,BEAR_CALM,-0.0936611502783237,0,STOP_LOSS,5,27.780000686645508,25.211429868425643,25.211429868425643,PRICE,TRAIN,2022-01
BRKM5.SA,BEAR_CALM,0.02106179966078745,1,MAX_DAYS,10,22.459999084472656,22.959999084472656,20.139999389648438,PRICE,TEST,2022-01
COGN3.SA,BEAR_CALM,0.07880006121908631,1,MAX_DAYS,10,1.9472569227218628,2.1030375957489014,1.749749426255591,PRICE,TRAIN,2022-01
COGN3.SA,BEAR_CALM,0.02792613973001066,1,END_CLOSED,2,2.0056746006011963,2.0640921592712402,1.774785475734821,PRICE,TRAIN,2022-01
COGN3.SA,BEAR_CALM,0.1321332831022893,1,SIGNAL,5,1.8985755443572998,2.151718854904175,1.6746412118529619,PRICE,TEST,2022-01
CPFE3.SA,BEAR_CALM,0.027425304255814,1,MAX_DAYS,10,29.111194610595703,29.94451141357422,27.6277060189694,PRICE,TEST,2022-01
CPLE6.SA,BULL_CALM,0.025466524112271217,1,MAX_DAYS,10,6.912894248962402,7.0972371101379395,6.378298251723101,PRICE,TEST,2022-01
CSAN3.SA,BEAR_CALM,0.060319041088085924,1,MAX_DAYS,10,14.981322288513184,15.902958869934082,13.706344074313767,PRICE,TRAIN,2022-01
CSAN3.SA,BEAR_CALM,0.11490001215706944,1,SIGNAL,6,14.66157054901123,16.363779067993164,13.044001342098834,PRICE,TEST,2022-01
CSNA3.SA,SIDEWAYS_CALM,0.09615503899048403,1,SIGNAL,6,16.221067428588867,17.800270080566406,14.776357940039933,PRICE,TRAIN,2022-01
CSNA3.SA,BEAR_CALM,0.06680829415331399,1,MAX_DAYS,10,10.086638450622559,10.772613525390625,9.106673530173836,PRICE,TRAIN,2022-01
CSNA3.SA,SIDEWAYS_CALM,0.07302662264615875,1,SIGNAL,2,11.463602066040039,12.314506530761719,10.470878455067291,PRICE,TEST,2022-01
CVCB3.SA,BEAR_CALM,0.24781871521764884,1,PROFIT_TARGET,10,10.55118465423584,13.17862710085782,9.23746343092485,PRICE,TRAIN,2022-01
CVCB3.SA,BEAR_CALM,-0.10536111906365789,0,STOP_LOSS,5,9.822259902954102,8.799162319728307,8.799162319728307,PRICE,TRAIN,2022-01
CVCB3.SA,BEAR_CALM,0.03696789126127884,1,MAX_DAYS,10,6.032267093658447,6.262506008148193,5.231035028185163,PRICE,TRAIN,2022-01
CVCB3.SA,BEAR_CALM,0.159603924329876,1,SIGNAL,3,3.66540789604187,4.254819869995117,3.0575766563415527,PRICE,TEST,2022-01
CXSE3.SA,BEAR_CALM,0.02548378323832754,1,MAX_DAYS,10,5.663389682769775,5.814510345458984,5.367318238409574,PRICE,TRAIN,2022-01
CXSE3.SA,BULL_CALM,0.03217445799877781,1,SIGNAL,8,6.279808044433594,6.48939323425293,6.008122594235771,PRICE,TEST,2022-01
CYRE3.SA,BEAR_CALM,0.11524950041158441,1,SIGNAL,3,10.883325576782227,12.150683403015137,9.65141792605475,PRICE,TEST,2022-01
DIRR3.SA,BEAR_CALM,-0.10358891391611194,0,STOP_LOSS,4,2.9302051067352295,2.6301845883051644,2.6301845883051644,PRICE,TRAIN,2022-01
DIRR3.SA,BULL_CALM,0.004905763790940522,1,MAX_DAYS,10,4.037262916564941,4.06191349029541,3.6154589651160496,PRICE,TEST,2022-01
ECOR3.SA,BEAR_CALM,0.08451424546071626,1,SIGNAL,9,6.430596351623535,6.981790065765381,5.798560663103137,PRICE,TRAIN,2022-01
ECOR3.SA,BEAR_CALM,0.14192265416370828,1,MAX_DAYS,10,4.942372798919678,5.649738311767578,4.548662537472025,PRICE,TRAIN,2022-01
ECOR3.SA,BEAR_CALM,0.15784572393963167,1,PROFIT_TARGET,5,4.620842933654785,5.355768243249242,4.2533802788575565,PRICE,TRAIN,2022-01
ECOR3.SA,BEAR_CALM,-0.10119999999999998,0,HARD_STOP,1,4.620842933654785,4.158758640289307,4.059150116607998,PRICE,TRAIN,2022-01
ECOR3.SA,BEAR_CALM,-0.10119999999999998,0,HARD_STOP,7,4.381992340087891,3.943793106079102,3.775679129262145,PRICE,TRAIN,2022-01
ECOR3.SA,BEAR_CALM,0.00114732805744442,1,MAX_DAYS,10,3.9209144115448,3.9301180839538574,3.5126909269727236,PRICE,TRAIN,2022-01
ECOR3.SA,BEAR_CALM,0.03851956182745995,1,END_CLOSED,6,3.9393222332000732,4.095790386199951,3.547618349721364,PRICE,TRAIN,2022-01
ECOR3.SA,BEAR_CALM,0.1667012194070515,1,SIGNAL,5,3.7276296615600586,4.353503227233887,3.3226521321568394,PRICE,TEST,2022-01
EGIE3.SA,BEAR_CALM,0.012829365688296603,1,MAX_DAYS,10,22.229297637939453,22.541160583496094,21.12362571334708,PRICE,TRAIN,2022-01
EGIE3.SA,BEAR_CALM,0.04934046780673094,1,SIGNAL,5,22.2050838470459,23.32733917236328,21.29287656581916,PRICE,TEST,2022-01
ELET6.SA,BEAR_CALM,0.046361482394051114,1,MAX_DAYS,10,33.68907928466797,35.2913818359375,31.745166007767793,PRICE,TEST,2022-01
ELET6.SA,BEAR_CALM,0.051049550510576226,1,MAX_DAYS,10,28.0200138092041,29.484046936035156,26.379364188507427,PRICE,TEST,2022-01
ELET3.SA,BEAR_CALM,0.07211162365193755,1,SIGNAL,6,34.83473587036133,37.388526916503906,32.49084695643511,PRICE,TEST,2022-01
ELET3.SA,BEAR_CALM,-0.07619451403948788,0,STOP_LOSS,4,28.20537567138672,26.090127229609877,26.090127229609877,PRICE,TEST,2022-01
ELET3.SA,BEAR_CALM,0.07269478962929385,1,END_CLOSED,5,27.1033992767334,29.106199264526367,24.90818929095896,PRICE,TEST,2022-01
EMBR3.SA,SIDEWAYS_CALM,-0.09131250577763064,0,STOP_LOSS,4,23.08624839782715,21.005888705694133,21.005888705694133,PRICE,TRAIN,2022-01
EMBR3.SA,BEAR_CALM,-0.029868611788910336,0,MAX_DAYS,10,20.558847427368164,19.969453811645508,18.605471859178778,PRICE,TRAIN,2022-01
EMBR3.SA,BEAR_CALM,0.010306194675419135,1,MAX_DAYS,10,19.10034942626953,19.32012176513672,17.160915656707246,PRICE,TRAIN,2022-01
EMBR3.SA,BEAR_CALM,-0.09544395834633582,0,STOP_LOSS,3,19.14030647277832,17.336448226821698,17.336448226821698,PRICE,TRAIN,2022-01
EMBR3.SA,BEAR_CALM,-0.11597690108456762,0,STOP_LOSS,5,17.432065963745117,15.431267452924686,15.431267452924686,PRICE,TRAIN,2022-01
ENEV3.SA,BEAR_CALM,-0.019497497837731158,0,MAX_DAYS,10,12.569999694824219,12.34000015258789,11.275713920593262,PRICE,TRAIN,2022-01
ENEV3.SA,BEAR_CALM,-0.08457275585691473,0,STOP_LOSS,7,12.079999923706055,11.07285703931536,11.07285703931536,PRICE,TRAIN,2022-01
ENEV3.SA,BEAR_CALM,0.05361873232150547,1,MAX_DAYS,10,11.3100004196167,11.930000305175781,10.432857649666923,PRICE,TRAIN,2022-01
ENEV3.SA,BEAR_CALM,0.03687797701376803,1,SIGNAL,1,11.029999732971191,11.449999809265137,9.869999885559082,PRICE,TEST,2022-01
ENGI11.SA,BEAR_CALM,-0.005002310641209061,0,MAX_DAYS,10,32.703189849853516,32.57884216308594,30.612611017256484,PRICE,TEST,2022-01
EQTL3.SA,SIDEWAYS_CALM,0.06964141038617097,1,SIGNAL,6,23.348751068115234,25.002809524536133,21.676414432127338,PRICE,TEST,2022-01
EZTC3.SA,BEAR_CALM,-0.10119999999999998,0,HARD_STOP,6,12.128777503967285,10.915899753570557,10.856939779186304,PRICE,TRAIN,2022-01
EZTC3.SA,BEAR_CALM,-0.020908153408266815,0,END_CLOSED,6,11.539185523986816,11.311769485473633,10.257722077143738,PRICE,TRAIN,2022-01
EZTC3.SA,BEAR_CALM,0.07266820047031439,1,SIGNAL,3,10.604259490966797,11.387577056884766,9.627219098257502,PRICE,TEST,2022-01
FLRY3.SA,BEAR_CALM,0.05515757230307559,1,MAX_DAYS,10,11.414125442504883,12.057397842407227,10.488444302164087,PRICE,TEST,2022-01
GOAU4.SA,BULL_CALM,0.02434173109940372,1,SIGNAL,2,10.3804931640625,10.645628929138184,9.793979589000664,PRICE,TEST,2022-01
GGBR4.SA,BULL_CALM,0.023306383563570378,1,SIGNAL,1,20.23379898071289,20.729656219482422,19.003332099513027,PRICE,TEST,2022-01
HAPV3.SA,BEAR_CALM,-0.07940302753665521,0,MAX_DAYS,10,90.1500015258789,83.0999984741211,78.77142878941127,PRICE,TRAIN,2022-01
HAPV3.SA,BEAR_CALM,0.2664518984213361,1,PROFIT_TARGET,6,78.29999542236328,99.25713784354073,67.82142421177456,PRICE,TRAIN,2022-01
HAPV3.SA,BEAR_CALM,-0.08102263716303373,0,MAX_DAYS,10,67.6500015258789,62.25,57.599998474121094,PRICE,TEST,2022-01
HYPE3.SA,SIDEWAYS_CALM,0.03345574075904909,1,MAX_DAYS,10,37.38895797729492,38.68470001220703,33.725127375563076,PRICE,TEST,2022-01
IGTI11.SA,BEAR_CALM,0.009528468525486035,1,MAX_DAYS,10,16.261890411376953,16.436355590820312,14.92389469939108,PRICE,TRAIN,2022-01
IGTI11.SA,BEAR_CALM,0.0969447999884144,1,MAX_DAYS,10,15.343659400939941,16.849559783935547,13.5898343430826,PRICE,TEST,2022-01
IRBR3.SA,BEAR_CALM,-0.08656866075649475,0,STOP_LOSS,10,83.88501739501953,76.72386580247145,76.72386580247145,PRICE,TRAIN,2022-01
IRBR3.SA,BEAR_CALM,0.1140542894139994,1,MAX_DAYS,10,73.43050384521484,81.89368438720703,65.89187404087612,PRICE,TRAIN,2022-01
IRBR3.SA,BEAR_CALM,-0.10119999999999998,0,HARD_STOP,4,32.70000076293945,29.43000068664551,29.099999836512975,PRICE,TRAIN,2022-01
IRBR3.SA,BEAR_CALM,0.009911082854094345,1,MAX_DAYS,10,27.0,27.299999237060547,23.657141276768275,PRICE,TRAIN,2022-01
IRBR3.SA,BEAR_CALM,0.32124901592228683,1,PROFIT_TARGET,6,21.0,27.771429334368023,17.61428533281599,PRICE,TRAIN,2022-01
IRBR3.SA,BEAR_CALM,-0.06064907771076502,0,MAX_DAYS,10,20.690000534057617,19.459999084472656,18.72428594316755,PRICE,TEST,2022-01
ITUB4.SA,BEAR_CALM,0.050926670266313014,1,SIGNAL,3,18.07567024230957,19.017894744873047,17.08821758786641,PRICE,TEST,2022-01
ITSA4.SA,BEAR_CALM,0.03159307477516813,1,MAX_DAYS,10,5.817100524902344,6.007861137390137,5.553870914571123,PRICE,TRAIN,2022-01
ITSA4.SA,SIDEWAYS_CALM,0.06873879727745677,1,SIGNAL,5,5.879795074462891,6.29102087020874,5.53349977886174,PRICE,TEST,2022-01
LREN3.SA,BEAR_CALM,-0.0005134566798382855,0,END_CLOSED,5,16.382993698120117,16.394241333007812,14.51631835414638,PRICE,TRAIN,2022-01
LREN3.SA,BEAR_CALM,0.10213883108713348,1,SIGNAL,6,15.10543441772461,16.666412353515625,13.32031912811032,PRICE,TEST,2022-01
LWSA3.SA,BEAR_CALM,-0.10119999999999998,0,HARD_STOP,6,8.869503021240234,7.982552719116211,7.260238880461911,PRICE,TRAIN,2022-01
LWSA3.SA,BEAR_CALM,0.03726157034219533,1,MAX_DAYS,10,5.7526702880859375,5.973927021026611,4.742585358202222,PRICE,TEST,2022-01
MGLU3.SA,BEAR_CALM,0.1081247217047124,1,MAX_DAYS,10,56.478145599365234,62.65260314941406,47.36173765136101,PRICE,TRAIN,2022-01
MGLU3.SA,BEAR_CALM,-0.10119999999999998,0,HARD_STOP,5,34.86753463745117,31.380781173706055,30.18480260303538,PRICE,TRAIN,2022-01
MGLU3.SA,BEAR_CALM,-0.10119999999999998,0,HARD_STOP,3,29.87348747253418,26.886138725280762,25.839333544429657,PRICE,TRAIN,2022-01
MGLU3.SA,BEAR_CALM,0.046044120535483436,1,SIGNAL,2,23.06342124938965,24.153032302856445,19.703788035017286,PRICE,TEST,2022-01
MRVE3.SA,BEAR_CALM,-0.054391554534792184,0,MAX_DAYS,10,9.028839111328125,8.54858112335205,8.106745046697634,PRICE,TRAIN,2022-01
MRVE3.SA,BEAR_CALM,-0.024606999609787204,0,MAX_DAYS,10,7.690000057220459,7.510000228881836,6.938571521214077,PRICE,TRAIN,2022-01
MRVE3.SA,BEAR_CALM,0.0707322624920573,1,END_CLOSED,2,7.090000152587891,7.599999904632568,6.197143009730747,PRICE,TRAIN,2022-01
MRVE3.SA,BEAR_CALM,0.09085018694410571,1,SIGNAL,5,7.170000076293945,7.829999923706055,6.269999980926514,PRICE,TEST,2022-01
MULT3.SA,BEAR_CALM,-0.08349161983652967,0,STOP_LOSS,4,18.834869384765625,17.2849174736838,17.2849174736838,PRICE,TRAIN,2022-01
MULT3.SA,BEAR_CALM,0.13196707220326162,1,SIGNAL,6,17.911624908447266,20.296863555908203,15.955191071807462,PRICE,TEST,2022-01
PCAR3.SA,BEAR_CALM,0.07398246330738009,1,END_CLOSED,5,13.699999809265137,14.729999542236328,12.624285697937012,PRICE,TEST,2022-01
PRIO3.SA,BULL_CALM,0.12824619209724272,1,MAX_DAYS,10,34.2449951171875,38.677879333496094,30.48104028604787,PRICE,TEST,2022-01
PETR4.SA,SIDEWAYS_CALM,0.11802566347401452,1,PROFIT_TARGET,7,10.230852127075195,11.450632259830268,9.620962060697659,PRICE,TRAIN,2022-01
RADL3.SA,BULL_CALM,0.04963283556835272,1,MAX_DAYS,10,20.921768188476562,21.985280990600586,19.894932524667094,PRICE,TEST,2022-01
RAIL3.SA,BEAR_CALM,0.07238045308943483,1,SIGNAL,6,16.40981101989746,17.617252349853516,14.955178380152077,PRICE,TEST,2022-01
RAIZ4.SA,BEAR_CALM,0.2130858062006634,1,PROFIT_TARGET,9,3.7409520149230957,4.542584933398888,3.3401355556851997,PRICE,TRAIN,2022-01
RAIZ4.SA,BEAR_CALM,0.029858755188044796,1,MAX_DAYS,10,3.230893135070801,3.331240653991699,2.8975469361708885,PRICE,TRAIN,2022-01
RAIZ4.SA,BEAR_CALM,0.0047880490347485885,1,MAX_DAYS,10,3.073575735092163,3.091980457305908,2.6686734924546838,PRICE,TEST,2022-01
RDOR3.SA,BEAR_CALM,-0.048070683140331937,0,MAX_DAYS,10,32.76498031616211,31.229263305664062,29.896888601744458,PRICE,TRAIN,2022-01
RECV3.SA,BULL_CALM,0.06203117217008112,1,MAX_DAYS,10,24.404922485351562,25.948074340820312,21.52848955351648,PRICE,TEST,2022-01
RENT3.SA,BEAR_CALM,0.07061457965097948,1,SIGNAL,5,44.938209533691406,48.165428161621094,42.07957080592277,PRICE,TEST,2022-01
SANB11.SA,BEAR_CALM,0.007818684100259078,1,MAX_DAYS,10,22.363859176635742,22.5655517578125,21.30352249836295,PRICE,TRAIN,2022-01
SANB11.SA,BEAR_CALM,0.0914723729552219,1,PROFIT_TARGET,10,22.46067237854004,24.542156186029153,21.419930474795482,PRICE,TRAIN,2022-01
SANB11.SA,BEAR_CALM,0.03832287122130693,1,MAX_DAYS,10,22.286849975585938,23.16769027709961,21.168589612661815,PRICE,TRAIN,2022-01
SANB11.SA,BEAR_CALM,0.019156196731290855,1,SIGNAL,1,22.860227584838867,23.32557487487793,21.921222221377775,PRICE,TEST,2022-01
SBSP3.SA,BEAR_CALM,-0.013068665757326701,0,MAX_DAYS,10,32.80783462524414,32.41844940185547,31.01097836156935,PRICE,TRAIN,2022-01
SBSP3.SA,BULL_CALM,0.03166750148149786,1,SIGNAL,2,48.935829162597656,50.544227600097656,43.03838580153862,PRICE,TEST,2022-01
SLCE3.SA,SIDEWAYS_CALM,0.055904931791985614,1,MAX_DAYS,10,17.89970588684082,18.92186737060547,16.853772837702877,PRICE,TEST,2022-01
SMFT3.SA,BEAR_CALM,-0.10119999999999998,0,HARD_STOP,6,14.243216514587402,12.818894863128662,12.604985373210631,PRICE,TRAIN,2022-01
SMFT3.SA,BEAR_CALM,-0.1004957285676499,0,STOP_LOSS,6,12.964980125427246,11.677612978007847,11.677612978007847,PRICE,TRAIN,2022-01
SMFT3.SA,BEAR_CALM,0.048653394591390155,1,MAX_DAYS,10,9.340264320373535,9.805908203125,8.155938540827588,PRICE,TRAIN,2022-01
SMFT3.SA,BEAR_CALM,0.21581502295300345,1,PROFIT_TARGET,7,9.79677677154541,11.922824507487789,8.73375290357422,PRICE,TRAIN,2022-01
SMFT3.SA,BEAR_CALM,0.20108385172522966,1,SIGNAL,5,11.193706512451172,13.458012580871582,9.641560563378905,PRICE,TEST,2022-01
TAEE11.SA,SIDEWAYS_CALM,0.03884400748969772,1,MAX_DAYS,10,24.72369956970215,25.713735580444336,23.948738013011358,PRICE,TRAIN,2022-01
TAEE11.SA,BEAR_CALM,-0.002066277558985606,0,END_CLOSED,3,26.504972457885742,26.482011795043945,25.274904046326498,PRICE,TRAIN,2022-01
TAEE11.SA,BEAR_CALM,0.040319496666307277,1,SIGNAL,3,25.99216651916504,27.071348190307617,24.782868108008934,PRICE,TEST,2022-01
TIMS3.SA,BEAR_CALM,0.006498902700628896,1,MAX_DAYS,10,8.842068672180176,8.91014289855957,8.115944624618999,PRICE,TEST,2022-01
TOTS3.SA,BEAR_CALM,0.18953230217324032,1,PROFIT_TARGET,9,22.920242309570312,27.291872891643166,20.734427018533886,PRICE,TRAIN,2022-01
TOTS3.SA,BEAR_CALM,0.09239998542589131,1,SIGNAL,3,23.9758243560791,26.219961166381836,21.309711936904872,PRICE,TEST,2022-01
UGPA3.SA,BEAR_CALM,0.1576664014642671,1,PROFIT_TARGET,7,10.704400062561035,12.404969580333983,9.854115303674561,PRICE,TRAIN,2022-01
UGPA3.SA,BEAR_CALM,0.04811969623645904,1,SIGNAL,3,10.247421264648438,10.75282096862793,9.219194154247907,PRICE,TEST,2022-01
USIM5.SA,SIDEWAYS_CALM,0.09711641916920163,1,SIGNAL,5,12.99059009552002,14.267778396606445,11.87961087823252,PRICE,TRAIN,2022-01
USIM5.SA,BEAR_CALM,0.13050726231107443,1,MAX_DAYS,10,7.560598373413086,8.556384086608887,6.912546993065061,PRICE,TRAIN,2022-01
USIM5.SA,BEAR_CALM,0.1308673461123567,1,PROFIT_TARGET,4,6.103800296783447,6.909913003179453,5.700743943585445,PRICE,TEST,2022-01
VALE3.SA,SIDEWAYS_CALM,0.02863917841358097,1,SIGNAL,2,55.149845123291016,56.79547119140625,52.18772357529046,PRICE,TRAIN,2022-01
VALE3.SA,BEAR_CALM,0.06169113485329434,1,MAX_DAYS,10,50.16706466674805,53.32212829589844,47.022066155269776,PRICE,TRAIN,2022-01
VALE3.SA,BULL_CALM,0.01740159493639424,1,SIGNAL,2,69.97892761230469,71.28064727783203,67.96362257533575,PRICE,TEST,2022-01
VALE3.SA,BULL_CALM,0.02108196786886927,1,END_CLOSED,4,62.94088363647461,64.34333038330078,59.80425443690549,PRICE,TEST,2022-01
VBBR3.SA,BEAR_CALM,0.04711493521926089,1,MAX_DAYS,10,11.335978507995605,11.883675575256348,10.314825895557796,PRICE,TRAIN,2022-01
VBBR3.SA,BEAR_CALM,0.06822506120219071,1,MAX_DAYS,10,11.01828384399414,11.783228874206543,9.951997636794127,PRICE,TEST,2022-01
VIVT3.SA,SIDEWAYS_CALM,-0.005383370612869219,0,MAX_DAYS,10,19.114654541015625,19.034690856933594,18.247077944504195,PRICE,TRAIN,2022-01
VIVT3.SA,BEAR_CALM,0.03587460806114571,1,MAX_DAYS,10,16.38629150390625,16.993806838989258,15.661672998719368,PRICE,TRAIN,2022-01
VIVT3.SA,BEAR_CALM,-0.046342592836528994,0,STOP_LOSS,4,16.80239486694336,16.04389119678635,16.04389119678635,PRICE,TRAIN,2022-01
VIVT3.SA,BEAR_CALM,0.018691371998093988,1,MAX_DAYS,10,16.107498168945312,16.427898406982422,15.206922223637141,PRICE,TRAIN,2022-01
VIVT3.SA,BEAR_CALM,0.00013328469694560258,1,MAX_DAYS,10,15.60816478729248,15.628974914550781,14.86809047945352,PRICE,TRAIN,2022-01
VIVT3.SA,BEAR_CALM,0.023927252106818432,1,END_CLOSED,2,15.56655502319336,15.9576997756958,14.77000676460846,PRICE,TRAIN,2022-01
VIVT3.SA,BEAR_CALM,0.04815507122876848,1,SIGNAL,2,15.248274803161621,16.0008544921875,14.384520816279489,PRICE,TEST,2022-01
WEGE3.SA,BEAR_CALM,-0.06468585355293502,0,STOP_LOSS,9,23.77484130859375,22.265475215032097,22.265475215032097,PRICE,TRAIN,2022-01
WEGE3.SA,BULL_CALM,0.03002471941659155,1,MAX_DAYS,10,34.91789627075195,36.00819778442383,32.81248543363348,PRICE,TEST,2022-01
YDUQ3.SA,BEAR_CALM,0.15641177820281257,1,MAX_DAYS,10,17.204124450683594,19.91569709777832,15.431372300399829,PRICE,TRAIN,2022-01
YDUQ3.SA,BEAR_CALM,-0.10119999999999998,0,HARD_STOP,4,9.977341651916504,8.979607486724854,8.697204345080163,PRICE,TRAIN,2022-01
YDUQ3.SA,BEAR_CALM,0.02258488808620194,1,MAX_DAYS,10,9.016905784606934,9.231371879577637,7.849995898522841,PRICE,TRAIN,2022-01
YDUQ3.SA,BEAR_CALM,-0.026128204108900842,0,END_CLOSED,1,9.725577354431152,9.483136177062988,8.52669750529214,PRICE,TRAIN,2022-01
YDUQ3.SA,BEAR_CALM,-0.0012,0,MAX_DAYS,10,8.550674438476562,8.550674438476562,7.543615814537006,PRICE,TEST,2022-01
ABEV3.SA,SIDEWAYS_CALM,-0.02210358105623713,0,MAX_DAYS,10,12.20329761505127,11.94820499420166,11.480992630097823,PRICE,TRAIN,2022-04
ABEV3.SA,BEAR_CALM,0.028661786331955465,1,MAX_DAYS,10,11.298129081726074,11.63551139831543,10.602208360554275,PRICE,TRAIN,2022-04
ABEV3.SA,BEAR_CALM,0.021176689838791375,1,MAX_DAYS,10,11.226424217224121,11.47763442993164,10.660895595103877,PRICE,TRAIN,2022-04
AURE3.SA,SIDEWAYS_CALM,-0.02687319750852748,0,MAX_DAYS,10,12.422744750976562,12.103813171386719,11.388163632205831,PRICE,TRAIN,2022-04
ALOS3.SA,SIDEWAYS_CALM,-0.05320975075349401,0,MAX_DAYS,10,18.190200805664062,17.24413299560547,16.984399800495353,PRICE,TRAIN,2022-04
ALOS3.SA,BEAR_CALM,-0.07685523077373438,0,STOP_LOSS,2,17.295738220214844,15.987225153762392,15.987225153762392,PRICE,TRAIN,2022-04
ALOS3.SA,BEAR_CALM,-0.03391260020393474,0,MAX_DAYS,10,17.089324951171875,16.530288696289062,15.730435928978176,PRICE,TRAIN,2022-04
ALOS3.SA,BEAR_CALM,-0.07040829563995324,0,STOP_LOSS,8,16.048656463623047,14.937956302464576,14.937956302464576,PRICE,TRAIN,2022-04
AZUL4.SA,BEAR_CALM,-0.0055440651381916325,0,MAX_DAYS,10,11.510000228881836,11.460000038146973,9.928571564810616,PRICE,TRAIN,2022-04
AZUL4.SA,BEAR_CALM,0.24915488648013948,1,PROFIT_TARGET,9,11.069999694824219,13.841428211757115,9.68428543635777,PRICE,TRAIN,2022-04
AZUL4.SA,BEAR_CALM,-0.1012000000000001,0,HARD_STOP,1,9.520000457763672,8.568000411987304,8.047143254961286,PRICE,TRAIN,2022-04
AZUL4.SA,BEAR_CALM,-0.04669511392920025,0,MAX_DAYS,10,11.210000038146973,10.699999809265137,10.010000228881836,PRICE,TEST,2022-04
BBDC3.SA,BULL_CALM,-0.04338839264721341,0,STOP_LOSS,2,12.299541473388672,11.780643588328665,11.780643588328665,PRICE,TRAIN,2022-04
BBDC3.SA,SIDEWAYS_CALM,-0.011137171324505667,0,MAX_DAYS,10,11.91837215423584,11.79993724822998,11.392263725365606,PRICE,TRAIN,2022-04
BBDC3.SA,BEAR_CALM,-0.045275264934362645,0,STOP_LOSS,7,11.350701332092285,10.850416163689495,10.850416163689495,PRICE,TRAIN,2022-04
BBDC3.SA,BEAR_CALM,-0.05430754301197007,0,STOP_LOSS,10,9.815057754516602,9.29380415265364,9.29380415265364,PRICE,TRAIN,2022-04
BBDC3.SA,BEAR_CALM,-0.027185147078790182,0,MAX_DAYS,10,9.517531394958496,9.270216941833496,8.91148431070382,PRICE,TRAIN,2022-04
BBDC3.SA,BEAR_CALM,0.05309089944073762,1,MAX_DAYS,10,9.124205589294434,9.619566917419434,8.52810506816006,PRICE,TRAIN,2022-04
BBDC3.SA,BEAR_CALM,0.03013200388777646,1,END_CLOSED,7,9.180133819580078,9.467765808105469,8.67678392928455,PRICE,TRAIN,2022-04
B3SA3.SA,BULL_CALM,-0.07324968140784052,0,STOP_LOSS,7,13.02800178527832,12.08933840726824,12.08933840726824,PRICE,TRAIN,2022-04
B3SA3.SA,BEAR_CALM,0.013675945541972025,1,MAX_DAYS,10,10.879145622253418,11.040983200073242,10.085365967847768,PRICE,TRAIN,2022-04
BBAS3.SA,BULL_CALM,0.06108189123677841,1,SIGNAL,9,12.777454376220703,13.573258399963379,12.208490082298852,PRICE,TRAIN,2022-04
BBDC4.SA,BULL_CALM,-0.04553051905427965,0,STOP_LOSS,2,15.003622055053711,14.338503701658942,14.338503701658942,PRICE,TRAIN,2022-04
BBDC4.SA,SIDEWAYS_CALM,-0.012028808022177005,0,MAX_DAYS,10,14.571422576904297,14.413631439208984,13.869056079731378,PRICE,TRAIN,2022-04
BBDC4.SA,BEAR_CALM,0.014642878378466097,1,MAX_DAYS,10,13.794824600219727,14.013374328613281,13.074583280576846,PRICE,TRAIN,2022-04
BBDC4.SA,BEAR_CALM,-0.05675120501650235,0,STOP_LOSS,3,11.517613410949707,10.877796107057224,10.877796107057224,PRICE,TRAIN,2022-04
BBDC4.SA,BEAR_CALM,0.13904947364612105,1,PROFIT_TARGET,6,10.777987480163574,12.289594551220997,10.022183944634863,PRICE,TRAIN,2022-04
BBDC4.SA,BEAR_CALM,-0.03331598830170359,0,MAX_DAYS,10,11.252387046813965,10.891005516052246,10.457283091816398,PRICE,TRAIN,2022-04
BBDC4.SA,BEAR_CALM,-0.0637844897586726,0,STOP_LOSS,1,11.067439079284668,10.374789051572444,10.374789051572444,PRICE,TRAIN,2022-04
BBDC4.SA,BEAR_CALM,0.02059402355743343,1,MAX_DAYS,10,10.666446685791016,10.898911476135254,9.840398207022359,PRICE,TRAIN,2022-04
BBDC4.SA,BEAR_CALM,0.04653306888747775,1,END_CLOSED,6,10.09575080871582,10.577651977539062,9.356841226841036,PRICE,TRAIN,2022-04
BEEF3.SA,BEAR_CALM,-0.015944155302024553,0,MAX_DAYS,10,10.947669982910156,10.786255836486816,9.781148294573695,PRICE,TRAIN,2022-04
BEEF3.SA,BEAR_CALM,-0.07419902430750794,0,END_CLOSED,2,10.795750617980957,10.007671356201172,9.796068824650737,PRICE,TRAIN,2022-04
BEEF3.SA,BEAR_CALM,-0.08535844626533998,0,STOP_LOSS,9,9.58989429473877,8.782823691044706,8.782823691044706,PRICE,TEST,2022-04
BBSE3.SA,BEAR_CALM,0.01666308713435103,1,END_CLOSED,8,23.72156524658203,24.145305633544922,22.893142880769574,PRICE,TEST,2022-04
BPAC11.SA,BULL_CALM,-0.046688969721782846,0,STOP_LOSS,1,23.970436096191406,22.880045654393825,22.880045654393825,PRICE,TRAIN,2022-04
BPAC11.SA,BULL_CALM,0.010349115444173808,1,MAX_DAYS,10,22.816444396972656,23.079954147338867,21.15814083534388,PRICE,TRAIN,2022-04
BPAC11.SA,SIDEWAYS_CALM,0.04903808504334659,1,MAX_DAYS,10,20.9809513092041,22.03499412536621,19.280459377465878,PRICE,TRAIN,2022-04
BPAC11.SA,BEAR_CALM,-0.040855934687254146,0,MAX_DAYS,10,19.577434539794922,18.80107307434082,17.69454220736502,PRICE,TRAIN,2022-04
BPAC11.SA,BEAR_CALM,0.027073822317700592,1,MAX_DAYS,10,18.857194900512695,19.39035987854004,17.23899344153089,PRICE,TRAIN,2022-04
BPAC11.SA,BEAR_CALM,-0.012037188833999977,0,MAX_DAYS,10,18.98814582824707,18.782367706298828,17.316493741788786,PRICE,TRAIN,2022-04
BPAC11.SA,BEAR_CALM,-0.08246692039328832,0,STOP_LOSS,8,18.267908096313477,16.783331463298463,16.783331463298463,PRICE,TRAIN,2022-04
BPAC11.SA,BEAR_CALM,0.05638888679879348,1,END_CLOSED,5,17.37929916381836,18.38015365600586,15.755752527082906,PRICE,TRAIN,2022-04
BRAP4.SA,BULL_CALM,-0.04213395365136432,0,STOP_LOSS,6,21.233383178710938,20.364216855811925,20.364216855811925,PRICE,TRAIN,2022-04
BRAP4.SA,BULL_CALM,-0.04739164612711957,0,STOP_LOSS,2,20.60682487487793,19.654961712454043,19.654961712454043,PRICE,TRAIN,2022-04
BRAP4.SA,BULL_CALM,-0.05615943777258783,0,STOP_LOSS,2,19.328392028808594,18.266114469857104,18.266114469857104,PRICE,TRAIN,2022-04
BRAP4.SA,BEAR_CALM,0.05639743579187715,1,MAX_DAYS,10,17.6521053314209,18.668821334838867,16.298483745140175,PRICE,TRAIN,2022-04
BRAP4.SA,BEAR_CALM,0.044173568709582424,1,MAX_DAYS,10,15.036728858947754,15.718998908996582,14.189145484883513,PRICE,TRAIN,2022-04
BRAP4.SA,SIDEWAYS_CALM,0.041568325361175475,1,END_CLOSED,6,18.380077362060547,19.166162490844727,17.315291815416636,PRICE,TRAIN,2022-04
BRAP4.SA,BULL_CALM,-0.01861103372626951,0,MAX_DAYS,10,18.88031578063965,18.551589965820312,18.079938499477514,PRICE,TEST,2022-04
BRAP4.SA,BEAR_CALM,-0.0032749709915797162,0,MAX_DAYS,10,17.093759536743164,17.058290481567383,16.022847900029735,PRICE,TEST,2022-04
BRKM5.SA,BEAR_CALM,-0.0014880238999025674,0,MAX_DAYS,10,41.40192413330078,41.38999938964844,39.31276136472399,PRICE,TRAIN,2022-04
BRKM5.SA,BEAR_CALM,0.02106179966078745,1,MAX_DAYS,10,22.459999084472656,22.959999084472656,20.44857052394322,PRICE,TRAIN,2022-04
BRKM5.SA,BEAR_CALM,0.05283008491924988,1,MAX_DAYS,10,22.579999923706055,23.799999237060547,20.68857192993164,PRICE,TRAIN,2022-04
BRKM5.SA,BEAR_CALM,-0.08233268516737727,0,STOP_LOSS,9,22.450000762939453,20.628571919032506,20.628571919032506,PRICE,TRAIN,2022-04
BRKM5.SA,BEAR_CALM,0.01751926514270439,1,MAX_DAYS,10,20.299999237060547,20.68000030517578,18.75856944492885,PRICE,TRAIN,2022-04
BRKM5.SA,BEAR_CALM,-0.08427531424962012,0,STOP_LOSS,8,19.3799991607666,17.769999640328543,17.769999640328543,PRICE,TRAIN,2022-04
BRKM5.SA,BEAR_CALM,0.07511152955303654,1,SIGNAL,3,18.8700008392334,20.309999465942383,17.670001983642578,PRICE,TEST,2022-04
CMIN3.SA,BEAR_CALM,-0.06607703388060951,0,STOP_LOSS,10,3.4433817863464355,3.2199853895297643,3.2199853895297643,PRICE,TRAIN,2022-04
CMIN3.SA,BEAR_CALM,-0.03428843758253366,0,MAX_DAYS,10,3.119842529296875,3.0166118144989014,2.922582465753573,PRICE,TRAIN,2022-04
CMIN3.SA,BEAR_CALM,0.12451431089716722,1,MAX_DAYS,10,2.2180967330932617,2.496943235397339,2.0406489187199357,PRICE,TRAIN,2022-04
CMIN3.SA,BULL_CALM,-0.0012,0,MAX_DAYS,10,3.292642831802368,3.292642831802368,2.992661051016861,PRICE,TEST,2022-04
COGN3.SA,BULL_CALM,-0.04881902448258215,0,MAX_DAYS,10,2.4535436630249023,2.3367083072662354,2.1086010617693463,PRICE,TRAIN,2022-04
COGN3.SA,BEAR_CALM,0.08617865693406021,1,MAX_DAYS,10,2.0056746006011963,2.1809277534484863,1.774785475734821,PRICE,TRAIN,2022-04
COGN3.SA,BEAR_CALM,0.15186120409193346,1,MAX_DAYS,10,1.9083118438720703,2.2004003524780273,1.7149770012624224,PRICE,TRAIN,2022-04
CPFE3.SA,BEAR_CALM,0.050708895343484085,1,MAX_DAYS,10,27.343826293945312,28.763214111328125,25.747831816122808,PRICE,TRAIN,2022-04
CPFE3.SA,BEAR_CALM,0.07716452363658552,1,MAX_DAYS,10,26.876802444458008,28.982990264892578,25.117284459400395,PRICE,TRAIN,2022-04
CSAN3.SA,SIDEWAYS_CALM,-0.05396312266494931,0,STOP_LOSS,5,20.852508544921875,19.752265078694258,19.752265078694258,PRICE,TRAIN,2022-04
CSAN3.SA,BEAR_CALM,-0.06389659669266115,0,STOP_LOSS,3,19.629676818847656,18.398962888129084,18.398962888129084,PRICE,TRAIN,2022-04
CSAN3.SA,BEAR_CALM,-0.040352731248278005,0,MAX_DAYS,10,14.652165412902832,14.078493118286133,13.534376149157488,PRICE,TRAIN,2022-04
CSAN3.SA,BEAR_CALM,-0.028569867151413984,0,MAX_DAYS,10,14.087897300720215,13.702313423156738,13.131328089023578,PRICE,TRAIN,2022-04
CSAN3.SA,BEAR_CALM,0.050403806434403765,1,MAX_DAYS,10,13.486011505126953,14.181941032409668,12.52944271673046,PRICE,TRAIN,2022-04
CSAN3.SA,BEAR_CALM,0.06017426285805825,1,SIGNAL,5,14.097301483154297,14.962512969970703,13.542437578548856,PRICE,TEST,2022-04
CSNA3.SA,SIDEWAYS_CALM,-0.06954954804578642,0,STOP_LOSS,10,17.4412841796875,16.249180288667734,16.249180288667734,PRICE,TRAIN,2022-04
CSNA3.SA,BEAR_CALM,0.06680829415331399,1,MAX_DAYS,10,10.086638450622559,10.772613525390625,9.106673530173836,PRICE,TRAIN,2022-04
CSNA3.SA,BULL_CALM,0.0862243701008659,1,SIGNAL,4,11.715721130371094,12.739960670471191,10.786027578085806,PRICE,TEST,2022-04
CPLE6.SA,BULL_CALM,-0.027690031093105437,0,MAX_DAYS,10,6.2020978927612305,6.037804126739502,5.955656892813672,PRICE,TRAIN,2022-04
CVCB3.SA,BULL_CALM,-0.10119999999999998,0,HARD_STOP,7,13.621780395507812,12.259602355957032,11.872361421585083,PRICE,TRAIN,2022-04
CVCB3.SA,BEAR_CALM,-0.1336973008160192,0,STOP_LOSS,9,11.936141967773438,10.35463537488665,10.35463537488665,PRICE,TRAIN,2022-04
CVCB3.SA,BEAR_CALM,-0.0508215723063711,0,MAX_DAYS,10,10.833642959594727,10.296060562133789,9.431764193943568,PRICE,TRAIN,2022-04
CVCB3.SA,BEAR_CALM,-0.07051616545924624,0,MAX_DAYS,10,9.8587064743042,9.175338745117188,8.588295119149345,PRICE,TRAIN,2022-04
CVCB3.SA,BEAR_CALM,0.03696789126127884,1,MAX_DAYS,10,6.032267093658447,6.262506008148193,5.231035028185163,PRICE,TRAIN,2022-04
CVCB3.SA,BEAR_CALM,-0.10119999999999998,0,HARD_STOP,7,3.0115280151367188,2.710375213623047,2.3379145690373013,PRICE,TRAIN,2022-04
CVCB3.SA,BEAR_CALM,-0.00758974015580529,0,END_CLOSED,5,2.882594108581543,2.8641750812530518,2.237924712044852,PRICE,TRAIN,2022-04
CVCB3.SA,BEAR_CALM,0.2042955736222015,1,PROFIT_TARGET,4,2.5694689750671387,3.0974834760030108,2.3054617245992026,PRICE,TEST,2022-04
CXSE3.SA,SIDEWAYS_CALM,0.018721052402644524,1,MAX_DAYS,10,5.864882946014404,5.981717586517334,5.535657927049093,PRICE,TRAIN,2022-04
DIRR3.SA,SIDEWAYS_CALM,-0.0842646650246395,0,STOP_LOSS,2,3.100217819213867,2.842699264557449,2.842699264557449,PRICE,TRAIN,2022-04
DIRR3.SA,SIDEWAYS_CALM,-0.02059280767633178,0,MAX_DAYS,10,2.965207576751709,2.9077038764953613,2.675187667652169,PRICE,TRAIN,2022-04
CYRE3.SA,SIDEWAYS_CALM,-0.018276438318084585,0,MAX_DAYS,10,12.974909782409668,12.753344535827637,12.062466603247866,PRICE,TRAIN,2022-04
ECOR3.SA,BULL_CALM,-0.007778938831263037,0,MAX_DAYS,10,6.981790065765381,6.93585729598999,6.592279673760763,PRICE,TRAIN,2022-04
ECOR3.SA,BEAR_CALM,-0.08141503603811398,0,STOP_LOSS,3,6.347917556762695,5.83871912118,5.83871912118,PRICE,TRAIN,2022-04
ECOR3.SA,BEAR_CALM,0.14192265416370828,1,MAX_DAYS,10,4.942372798919678,5.649738311767578,4.548662537472025,PRICE,TRAIN,2022-04
ECOR3.SA,BEAR_CALM,0.04414008144081647,1,MAX_DAYS,10,3.6539974212646484,3.8196699619293213,3.3160781224285296,PRICE,TRAIN,2022-04
ELET3.SA,BEAR_CALM,-0.05576696936504701,0,STOP_LOSS,4,34.82598876953125,32.92564010723677,32.92564010723677,PRICE,TRAIN,2022-04
ELET3.SA,BEAR_CALM,-0.06718599281527796,0,STOP_LOSS,3,29.613460540771484,27.65938694629262,27.65938694629262,PRICE,TRAIN,2022-04
ELET3.SA,BEAR_CALM,0.07826807090605312,1,END_CLOSED,8,26.963464736938477,29.106199264526367,24.866957603432333,PRICE,TRAIN,2022-04
EGIE3.SA,BEAR_CALM,0.043500313820434046,1,MAX_DAYS,10,22.421131134033203,23.423362731933594,21.538928720969178,PRICE,TRAIN,2022-04
ELET6.SA,BEAR_CALM,0.019504247565189294,1,MAX_DAYS,10,34.17709732055664,34.884708404541016,31.72425637822874,PRICE,TRAIN,2022-04
ELET6.SA,BEAR_CALM,-0.06364419296413729,0,STOP_LOSS,7,32.5259895324707,30.494930365755593,30.494930365755593,PRICE,TRAIN,2022-04
ELET6.SA,BEAR_CALM,0.051049550510576226,1,MAX_DAYS,10,28.0200138092041,29.484046936035156,26.379364188507427,PRICE,TRAIN,2022-04
ELET6.SA,BEAR_CALM,0.007698776853476509,1,END_CLOSED,2,29.2481746673584,29.508447647094727,26.9301184322302,PRICE,TRAIN,2022-04
EMBR3.SA,BEAR_CALM,-0.035898183769531154,0,MAX_DAYS,10,14.39518928527832,13.895702362060547,13.169783938049227,PRICE,TRAIN,2022-04
EMBR3.SA,BULL_CALM,0.025676362998400794,1,MAX_DAYS,10,19.699729919433594,20.22918701171875,18.241230433353785,PRICE,TEST,2022-04
ENGI11.SA,BULL_CALM,-0.0030857129654529233,0,MAX_DAYS,10,36.15815353393555,36.089969635009766,34.723848266164204,PRICE,TRAIN,2022-04
ENGI11.SA,BULL_CALM,-0.04524254212802117,0,STOP_LOSS,6,35.60513687133789,34.03699613070803,34.03699613070803,PRICE,TRAIN,2022-04
ENGI11.SA,SIDEWAYS_CALM,-0.0034220120975841026,0,MAX_DAYS,10,34.090023040771484,34.01427459716797,32.30651914262634,PRICE,TRAIN,2022-04
ENGI11.SA,BEAR_CALM,-0.0029915835711768132,0,MAX_DAYS,10,30.363914489746094,30.30951499938965,28.255571789379246,PRICE,TRAIN,2022-04
ENGI11.SA,BEAR_CALM,-0.05892864319014748,0,STOP_LOSS,9,29.944246292114258,28.215605582318897,28.215605582318897,PRICE,TRAIN,2022-04
ENGI11.SA,BEAR_CALM,0.10041477042426025,1,END_CLOSED,9,28.972787857055664,31.916851043701172,26.869997143014643,PRICE,TRAIN,2022-04
ENEV3.SA,BEAR_CALM,-0.007962461895349902,0,MAX_DAYS,10,11.829999923706055,11.75,10.965714045933314,PRICE,TRAIN,2022-04
ENEV3.SA,BEAR_CALM,-0.0392623285541547,0,MAX_DAYS,10,11.5600004196167,11.119999885559082,10.795714378356934,PRICE,TRAIN,2022-04
ENEV3.SA,BEAR_CALM,0.031115946641153115,1,MAX_DAYS,10,11.140000343322754,11.5,10.309999738420759,PRICE,TRAIN,2022-04
ENEV3.SA,BEAR_CALM,-0.08255284323413073,0,STOP_LOSS,3,10.9399995803833,10.049999509538923,10.049999509538923,PRICE,TRAIN,2022-04
EQTL3.SA,BULL_CALM,-0.04506933724000175,0,STOP_LOSS,3,24.10667610168457,23.04913219804428,23.04913219804428,PRICE,TRAIN,2022-04
EQTL3.SA,BULL_CALM,0.03291758277793031,1,MAX_DAYS,10,22.725332260131836,23.50066566467285,21.610072589427528,PRICE,TRAIN,2022-04
FLRY3.SA,BEAR_CALM,-0.05927767750573389,0,STOP_LOSS,4,12.424869537353516,11.703261971312282,11.703261971312282,PRICE,TRAIN,2022-04
FLRY3.SA,BEAR_CALM,0.011449799101715598,1,MAX_DAYS,10,11.449173927307129,11.594003677368164,10.705968781049805,PRICE,TRAIN,2022-04
FLRY3.SA,BEAR_CALM,0.009895759019691176,1,MAX_DAYS,10,10.991816520690918,11.113779067993164,10.232822122498128,PRICE,TRAIN,2022-04
FLRY3.SA,BEAR_CALM,0.041934287881964495,1,MAX_DAYS,10,10.912062644958496,11.382746696472168,10.202672167799438,PRICE,TRAIN,2022-04
FLRY3.SA,BEAR_CALM,0.0016289139004784581,1,SIGNAL,1,11.092490196228027,11.123869895935059,10.355083636323412,PRICE,TEST,2022-04
FLRY3.SA,BEAR_CALM,0.041872538588343035,1,SIGNAL,1,10.927750587463379,11.398436546325684,10.215446477767669,PRICE,TEST,2022-04
EZTC3.SA,BEAR_CALM,-0.07676081746419852,0,MAX_DAYS,10,14.006315231323242,12.947986602783203,12.82304424614512,PRICE,TRAIN,2022-04
EZTC3.SA,BEAR_CALM,0.08431823625801624,1,MAX_DAYS,10,13.245640754699707,14.378384590148926,12.254639059911227,PRICE,TRAIN,2022-04
EZTC3.SA,BEAR_CALM,-0.10119999999999998,0,HARD_STOP,6,12.128777503967285,10.915899753570557,10.856939779186304,PRICE,TRAIN,2022-04
EZTC3.SA,BEAR_CALM,0.04685490805043422,1,MAX_DAYS,10,11.042242050170898,11.5728759765625,9.854631507267733,PRICE,TRAIN,2022-04
EZTC3.SA,BEAR_CALM,0.11712046520427885,1,MAX_DAYS,10,11.033820152282715,12.339346885681152,9.93404771078641,PRICE,TRAIN,2022-04
EZTC3.SA,BEAR_CALM,0.17236031024426465,1,MAX_DAYS,10,10.38526725769043,12.187737464904785,9.396194057058974,PRICE,TRAIN,2022-04
GGBR4.SA,BULL_CALM,0.002447269332971881,1,MAX_DAYS,10,18.376028060913086,18.443050384521484,17.358522115649578,PRICE,TRAIN,2022-04
GGBR4.SA,SIDEWAYS_CALM,-0.003676139981139602,0,MAX_DAYS,10,17.22447967529297,17.18182945251465,16.10426697659885,PRICE,TRAIN,2022-04
GGBR4.SA,SIDEWAYS_CALM,0.03068071865402886,1,MAX_DAYS,10,18.052576065063477,18.62810516357422,16.901523109012796,PRICE,TEST,2022-04
GOAU4.SA,BULL_CALM,-0.044857306097298676,0,STOP_LOSS,3,8.840896606445312,8.45492687712316,8.45492687712316,PRICE,TRAIN,2022-04
GOAU4.SA,SIDEWAYS_CALM,-0.05855375534482923,0,STOP_LOSS,9,8.54959774017334,8.059246203086733,8.059246203086733,PRICE,TRAIN,2022-04
GOAU4.SA,BEAR_CALM,-0.005816983813621966,0,MAX_DAYS,10,7.886895656585693,7.850481986999512,7.330307629248029,PRICE,TRAIN,2022-04
GOAU4.SA,SIDEWAYS_CALM,0.017652011968308214,1,MAX_DAYS,10,9.454583168029785,9.632821083068848,8.871266768280403,PRICE,TEST,2022-04
HYPE3.SA,BULL_CALM,-0.009119571605737863,0,MAX_DAYS,10,33.11885452270508,32.8565673828125,31.30174750954023,PRICE,TRAIN,2022-04
HYPE3.SA,BEAR_CALM,-0.0012,0,END_CLOSED,0,33.946510314941406,33.946510314941406,32.163574077012385,PRICE,TRAIN,2022-04
IGTI11.SA,BULL_CALM,0.014328902317343718,1,MAX_DAYS,10,18.35507583618164,18.64011001586914,16.891727829958356,PRICE,TRAIN,2022-04
HAPV3.SA,BULL_CALM,-0.08879122582075907,0,STOP_LOSS,3,184.9499969482422,168.75,168.75,PRICE,TRAIN,2022-04
HAPV3.SA,BEAR_CALM,-0.10837531146625137,0,STOP_LOSS,10,165.14999389648438,147.44999186197916,147.44999186197916,PRICE,TRAIN,2022-04
HAPV3.SA,BEAR_CALM,-0.07940302753665521,0,MAX_DAYS,10,90.1500015258789,83.0999984741211,78.77142878941127,PRICE,TRAIN,2022-04
HAPV3.SA,BEAR_CALM,0.2664518984213361,1,PROFIT_TARGET,6,78.29999542236328,99.25713784354073,67.82142421177456,PRICE,TRAIN,2022-04
HAPV3.SA,BEAR_CALM,-0.10119999999999998,0,HARD_STOP,5,69.5999984741211,62.63999862670899,60.32142802647182,PRICE,TRAIN,2022-04
HAPV3.SA,BEAR_CALM,0.11694348391211759,1,SIGNAL,2,35.54999923706055,39.75,28.27499771118164,PRICE,TEST,2022-04
IRBR3.SA,BEAR_CALM,-0.08994688099678574,0,STOP_LOSS,7,77.9110107421875,70.99665154351129,70.99665154351129,PRICE,TRAIN,2022-04
IRBR3.SA,BEAR_CALM,-0.0815234295276537,0,STOP_LOSS,5,65.96299743652344,60.66462326049805,60.66462326049805,PRICE,TRAIN,2022-04
IRBR3.SA,BEAR_CALM,0.20680950838968845,1,PROFIT_TARGET,4,59.49115753173828,71.86588396344867,53.30379431588309,PRICE,TRAIN,2022-04
IRBR3.SA,BEAR_CALM,-0.10901677415653246,0,STOP_LOSS,2,31.799999237060547,28.371425901140487,28.371425901140487,PRICE,TRAIN,2022-04
IRBR3.SA,BEAR_CALM,-0.06064907771076502,0,MAX_DAYS,10,20.690000534057617,19.459999084472656,18.72428594316755,PRICE,TRAIN,2022-04
ITSA4.SA,BULL_CALM,-0.04137851882499035,0,STOP_LOSS,8,6.339067459106445,6.0843731178678535,6.0843731178678535,PRICE,TRAIN,2022-04
ITSA4.SA,BEAR_CALM,0.03159307477516813,1,MAX_DAYS,10,5.817100524902344,6.007861137390137,5.553870914571123,PRICE,TRAIN,2022-04
ITUB4.SA,BULL_CALM,-0.04216533083544218,0,STOP_LOSS,10,19.41431999206543,18.61900595064533,18.61900595064533,PRICE,TRAIN,2022-04
ITUB4.SA,BULL_CALM,-0.04360463497359659,0,STOP_LOSS,2,18.571792602539062,17.784262516423052,17.784262516423052,PRICE,TRAIN,2022-04
KLBN11.SA,BEAR_CALM,0.05311133541350719,1,SIGNAL,4,13.929817199707031,14.68636417388916,13.186270088167477,PRICE,TEST,2022-04
LREN3.SA,BULL_CALM,-0.09860444429295814,0,STOP_LOSS,9,20.87493133544922,18.84162024906613,18.84162024906613,PRICE,TRAIN,2022-04
LREN3.SA,BEAR_CALM,0.07122100899786118,1,MAX_DAYS,10,18.58941078186035,19.9356746673584,16.991559257811275,PRICE,TRAIN,2022-04
LREN3.SA,BEAR_CALM,0.08355389433077884,1,MAX_DAYS,10,15.961974143981934,17.3148136138916,14.20201769163751,PRICE,TRAIN,2022-04
LREN3.SA,BEAR_CALM,-0.031042890827573853,0,MAX_DAYS,10,15.825881004333496,15.353590965270996,14.433011266920026,PRICE,TRAIN,2022-04
LREN3.SA,BEAR_CALM,-0.00015819068436320077,0,MAX_DAYS,10,15.369599342346191,15.385611534118652,13.967580421011172,PRICE,TRAIN,2022-04
LREN3.SA,BEAR_CALM,-0.0985007124155968,0,STOP_LOSS,7,14.785235404968262,13.346621466832545,13.346621466832545,PRICE,TRAIN,2022-04
LREN3.SA,BEAR_CALM,-0.025920416181688298,0,END_CLOSED,5,13.742863655090332,13.4031343460083,12.286415238217524,PRICE,TRAIN,2022-04
LWSA3.SA,BEAR_CALM,-0.10119999999999998,0,HARD_STOP,1,9.465933799743652,8.519340419769287,8.38851029216387,PRICE,TRAIN,2022-04
LWSA3.SA,BEAR_CALM,-0.10119999999999998,0,HARD_STOP,5,8.600147247314453,7.740132522583008,7.422676719640828,PRICE,TRAIN,2022-04
LWSA3.SA,BEAR_CALM,-0.12781067260094894,0,STOP_LOSS,3,4.906124114990234,4.284956440927585,4.284956440927585,PRICE,TRAIN,2022-04
LWSA3.SA,BEAR_CALM,0.22819282714983666,1,PROFIT_TARGET,3,4.6848673820495605,5.759542355639963,4.147529895254359,PRICE,TRAIN,2022-04
MRVE3.SA,BEAR_CALM,-0.0828951974202389,0,STOP_LOSS,10,10.652109146118164,9.781882986484108,9.781882986484108,PRICE,TRAIN,2022-04
MRVE3.SA,BEAR_CALM,-0.07874708478418738,0,STOP_LOSS,3,9.97974967956543,9.205849185039202,9.205849185039202,PRICE,TRAIN,2022-04
MRVE3.SA,BEAR_CALM,0.017787437888805303,1,MAX_DAYS,10,9.105679512023926,9.278573036193848,8.178096863381073,PRICE,TRAIN,2022-04
MRVE3.SA,BEAR_CALM,-0.054391554534792184,0,MAX_DAYS,10,9.028839111328125,8.54858112335205,8.106745046697634,PRICE,TRAIN,2022-04
MRVE3.SA,BEAR_CALM,0.005973628728830872,1,MAX_DAYS,10,6.96999979019165,7.019999980926514,6.172856875828335,PRICE,TRAIN,2022-04
MRVE3.SA,BEAR_CALM,-0.09871551751990029,0,STOP_LOSS,5,6.900000095367432,6.2271430151803155,6.2271430151803155,PRICE,TRAIN,2022-04
MRVE3.SA,BEAR_CALM,0.015301634583630187,1,MAX_DAYS,10,6.059999942779541,6.159999847412109,5.3714286259242465,PRICE,TRAIN,2022-04
MRVE3.SA,BEAR_CALM,0.18959903116389407,1,PROFIT_TARGET,10,5.900000095367432,7.02571439743042,5.3371429443359375,PRICE,TRAIN,2022-04
MGLU3.SA,BEAR_CALM,-0.10119999999999998,0,HARD_STOP,5,34.86753463745117,31.380781173706055,30.18480260303538,PRICE,TRAIN,2022-04
MGLU3.SA,BEAR_CALM,-0.10119999999999998,0,HARD_STOP,3,29.87348747253418,26.886138725280762,25.839333544429657,PRICE,TRAIN,2022-04
MGLU3.SA,BEAR_CALM,0.17271309453215364,1,SIGNAL,4,29.23788070678711,34.322731018066406,25.424243868613257,PRICE,TEST,2022-04
MULT3.SA,BULL_CALM,0.002959613192277645,1,MAX_DAYS,10,20.804872512817383,20.89141273498535,19.558656260880387,PRICE,TRAIN,2022-04
PCAR3.SA,BULL_CALM,-0.08094125601560667,0,STOP_LOSS,6,23.694578170776367,21.805142746678683,21.805142746678683,PRICE,TRAIN,2022-04
PCAR3.SA,BEAR_CALM,0.07398246330738009,1,END_CLOSED,5,13.699999809265137,14.729999542236328,12.624285697937012,PRICE,TRAIN,2022-04
PCAR3.SA,BEAR_CALM,0.041891663431762406,1,SIGNAL,4,14.619999885559082,15.25,13.789999961853027,PRICE,TEST,2022-04
PETR3.SA,SIDEWAYS_CALM,0.05099381000524015,1,SIGNAL,3,13.014630317687988,13.693913459777832,12.413724107450633,PRICE,TRAIN,2022-04
PETR3.SA,BEAR_CALM,0.05947242011674612,1,SIGNAL,4,16.65680503845215,17.66741371154785,15.682722651880837,PRICE,TEST,2022-04
PRIO3.SA,BULL_CALM,-0.061134358523766495,0,STOP_LOSS,4,24.32093620300293,22.8632764929785,22.8632764929785,PRICE,TRAIN,2022-04
PRIO3.SA,SIDEWAYS_CALM,0.09473149286319912,1,MAX_DAYS,10,23.31255531311035,25.54896354675293,21.538262511313523,PRICE,TRAIN,2022-04
PETR4.SA,BULL_CALM,0.039778762898658206,1,SIGNAL,3,11.918379783630371,12.406780242919922,11.320638896199691,PRICE,TRAIN,2022-04
PETR4.SA,BEAR_CALM,0.056072424388257415,1,SIGNAL,4,14.168882369995117,14.980368614196777,13.374910870428861,PRICE,TEST,2022-04
RADL3.SA,BULL_CALM,-0.0419483937280495,0,STOP_LOSS,4,21.804624557495117,20.91612113093401,20.91612113093401,PRICE,TRAIN,2022-04
RADL3.SA,SIDEWAYS_CALM,-0.024998916511075685,0,MAX_DAYS,10,20.605913162231445,20.115514755249023,19.711161651366524,PRICE,TRAIN,2022-04
RADL3.SA,BEAR_CALM,-0.05160871988664297,0,STOP_LOSS,1,19.997453689575195,18.989407648091284,18.989407648091284,PRICE,TRAIN,2022-04
RAIL3.SA,BULL_CALM,-0.056903840502040136,0,STOP_LOSS,8,17.14214515686035,16.187261837179783,16.187261837179783,PRICE,TRAIN,2022-04
RAIL3.SA,SIDEWAYS_CALM,0.06214483111768163,1,MAX_DAYS,10,17.674299240112305,18.793874740600586,16.647497345746707,PRICE,TEST,2022-04
RDOR3.SA,BULL_CALM,-0.050107546079207664,0,STOP_LOSS,2,46.71747970581055,44.43264241439417,44.43264241439417,PRICE,TRAIN,2022-04
RDOR3.SA,SIDEWAYS_CALM,-0.05992263335797978,0,STOP_LOSS,3,43.6928825378418,41.127121416218834,41.127121416218834,PRICE,TRAIN,2022-04
RDOR3.SA,BEAR_CALM,-0.048070683140331937,0,MAX_DAYS,10,32.76498031616211,31.229263305664062,29.896888601744458,PRICE,TRAIN,2022-04
RDOR3.SA,BEAR_CALM,0.009266395594550537,1,END_CLOSED,4,19.884624481201172,20.092744827270508,17.452089310221872,PRICE,TRAIN,2022-04
RAIZ4.SA,BEAR_CALM,0.2130858062006634,1,PROFIT_TARGET,9,3.7409520149230957,4.542584933398888,3.3401355556851997,PRICE,TRAIN,2022-04
RAIZ4.SA,BEAR_CALM,0.008636064459724847,1,MAX_DAYS,10,2.806708335876465,2.834315299987793,2.5411556016868833,PRICE,TRAIN,2022-04
RAIZ4.SA,BEAR_CALM,-0.04080387150295852,0,MAX_DAYS,10,2.7883036136627197,2.6778759956359863,2.4819977772614243,PRICE,TRAIN,2022-04
RAIZ4.SA,BEAR_CALM,-0.0998394587938273,0,STOP_LOSS,3,2.7054827213287354,2.438615369920818,2.438615369920818,PRICE,TRAIN,2022-04
RAIZ4.SA,BEAR_CALM,-0.10610250700779914,0,STOP_LOSS,6,2.4938294887542725,2.232220523333971,2.232220523333971,PRICE,TRAIN,2022-04
RAIZ4.SA,BEAR_CALM,0.035163694361267296,1,END_CLOSED,2,2.6159846782684326,2.711111545562744,2.3590403967611846,PRICE,TRAIN,2022-04
RENT3.SA,BULL_CALM,-0.05653440181594973,0,STOP_LOSS,10,50.766845703125,47.95769266405996,47.95769266405996,PRICE,TRAIN,2022-04
RENT3.SA,BEAR_CALM,0.008299432284553855,1,MAX_DAYS,10,47.190223693847656,47.63850402832031,44.302818330628554,PRICE,TRAIN,2022-04
SANB11.SA,BULL_CALM,-0.05133664376455529,0,STOP_LOSS,8,28.315475463867188,26.895832557511273,26.895832557511273,PRICE,TRAIN,2022-04
SANB11.SA,BEAR_CALM,0.007818684100259078,1,MAX_DAYS,10,22.363859176635742,22.5655517578125,21.30352249836295,PRICE,TRAIN,2022-04
SANB11.SA,BEAR_CALM,0.0914723729552219,1,PROFIT_TARGET,10,22.46067237854004,24.542156186029153,21.419930474795482,PRICE,TRAIN,2022-04
SANB11.SA,BEAR_CALM,0.02838110809711867,1,END_CLOSED,4,21.976823806762695,22.626922607421875,20.747781135794114,PRICE,TRAIN,2022-04
SBSP3.SA,BULL_CALM,0.016487103145588967,1,MAX_DAYS,10,41.79082489013672,42.52998352050781,39.33033576835774,PRICE,TRAIN,2022-04
SBSP3.SA,BEAR_CALM,-0.05814816125529778,0,STOP_LOSS,9,46.09803009033203,43.472832039196234,43.472832039196234,PRICE,TEST,2022-04
SLCE3.SA,BULL_CALM,0.002611682585306953,1,MAX_DAYS,10,18.702280044555664,18.77356719970703,17.407937882522724,PRICE,TRAIN,2022-04
SMFT3.SA,BULL_CALM,-0.06638354584690723,0,MAX_DAYS,10,17.6488037109375,16.49839210510254,15.475800357093455,PRICE,TRAIN,2022-04
SMFT3.SA,SIDEWAYS_CALM,-0.08911831185977251,0,STOP_LOSS,4,16.096660614013672,14.681469386249901,14.681469386249901,PRICE,TRAIN,2022-04
SMFT3.SA,BEAR_CALM,-0.04998052974721736,0,MAX_DAYS,10,14.973638534545898,14.243216514587402,13.465839890844348,PRICE,TRAIN,2022-04
SMFT3.SA,BEAR_CALM,-0.11507433760478439,0,STOP_LOSS,8,13.95104694366455,12.362380714061498,12.362380714061498,PRICE,TRAIN,2022-04
SMFT3.SA,BEAR_CALM,0.048653394591390155,1,MAX_DAYS,10,9.340264320373535,9.805908203125,8.155938540827588,PRICE,TRAIN,2022-04
SMFT3.SA,BEAR_CALM,0.21581502295300345,1,PROFIT_TARGET,7,9.79677677154541,11.922824507487789,8.73375290357422,PRICE,TRAIN,2022-04
SUZB3.SA,BEAR_CALM,-0.022579388049810432,0,MAX_DAYS,10,45.77410888671875,44.79548645019531,43.377708117861204,PRICE,TRAIN,2022-04
SUZB3.SA,BEAR_CALM,-0.028590799186175707,0,MAX_DAYS,10,40.075157165527344,38.97746658325195,37.747294009675244,PRICE,TEST,2022-04
SUZB3.SA,BEAR_CALM,0.07328457059905111,1,MAX_DAYS,10,36.71584701538086,39.45061111450195,34.44341074123696,PRICE,TEST,2022-04
TIMS3.SA,BULL_CALM,-0.00047442099519847563,0,MAX_DAYS,10,10.004932403564453,10.012191772460938,9.40957329834531,PRICE,TRAIN,2022-04
TIMS3.SA,SIDEWAYS_CALM,-0.007876710965650034,0,MAX_DAYS,10,9.787118911743164,9.721773147583008,9.29859262639219,PRICE,TRAIN,2022-04
TIMS3.SA,BEAR_CALM,-0.0448301904520382,0,MAX_DAYS,10,8.668103218078613,8.289912223815918,8.221839527250198,PRICE,TRAIN,2022-04
TIMS3.SA,BEAR_CALM,0.0986964621304148,1,PROFIT_TARGET,5,8.350424766540527,9.18460265800412,7.933335820808731,PRICE,TRAIN,2022-04
TOTS3.SA,BULL_CALM,-0.03144368472408745,0,MAX_DAYS,10,33.863548278808594,32.83938980102539,31.61798938682567,PRICE,TRAIN,2022-04
UGPA3.SA,SIDEWAYS_CALM,-0.018718107367998303,0,MAX_DAYS,10,11.578214645385742,11.375386238098145,10.877968422400912,PRICE,TRAIN,2022-04
VALE3.SA,BULL_CALM,-0.045008969453285384,0,STOP_LOSS,8,70.66632080078125,67.57050211144376,67.57050211144376,PRICE,TRAIN,2022-04
VALE3.SA,SIDEWAYS_CALM,-0.05406270744681476,0,STOP_LOSS,2,65.1458740234375,61.702086743569474,61.702086743569474,PRICE,TRAIN,2022-04
VALE3.SA,BEAR_CALM,0.06169113485329434,1,MAX_DAYS,10,50.16706466674805,53.32212829589844,47.022066155269776,PRICE,TRAIN,2022-04
VALE3.SA,BULL_CALM,0.02108196786886927,1,END_CLOSED,4,62.94088363647461,64.34333038330078,59.80425443690549,PRICE,TRAIN,2022-04
VALE3.SA,SIDEWAYS_CALM,-0.024136847804851057,0,MAX_DAYS,10,62.54019546508789,61.10572052001953,59.703280630378636,PRICE,TEST,2022-04
USIM5.SA,BEAR_CALM,-0.07067629302012249,0,STOP_LOSS,7,11.415972709655762,10.622833244569996,10.622833244569996,PRICE,TRAIN,2022-04
USIM5.SA,BEAR_CALM,-0.10119999999999998,0,HARD_STOP,1,9.930200576782227,8.937180519104004,8.900948822980855,PRICE,TRAIN,2022-04
USIM5.SA,BEAR_CALM,0.13050726231107443,1,MAX_DAYS,10,7.560598373413086,8.556384086608887,6.912546993065061,PRICE,TRAIN,2022-04
USIM5.SA,BEAR_CALM,0.09669163230398867,1,END_CLOSED,6,6.1222405433654785,6.721556663513184,5.694157769153095,PRICE,TRAIN,2022-04
USIM5.SA,BEAR_CALM,0.08818552777948105,1,PROFIT_TARGET,4,6.601693153381348,7.191788980134525,6.306645240004759,PRICE,TEST,2022-04
VBBR3.SA,SIDEWAYS_CALM,-0.02656226096320404,0,MAX_DAYS,10,16.238693237304688,15.82684326171875,15.22377427886823,PRICE,TRAIN,2022-04
VBBR3.SA,BEAR_CALM,-0.05669657047313561,0,STOP_LOSS,5,15.82684326171875,14.948507739277504,14.948507739277504,PRICE,TRAIN,2022-04
VBBR3.SA,BEAR_CALM,-0.0441142484119307,0,MAX_DAYS,10,14.818089485168457,14.182182312011719,13.749978635034168,PRICE,TRAIN,2022-04
VBBR3.SA,BEAR_CALM,0.03782454632231778,1,MAX_DAYS,10,11.087823867797852,11.52052116394043,10.184902901460116,PRICE,TRAIN,2022-04
VBBR3.SA,BEAR_CALM,-0.07684193337140247,0,STOP_LOSS,3,11.134184837341309,10.291973569730258,10.291973569730258,PRICE,TRAIN,2022-04
VBBR3.SA,BEAR_CALM,0.05554866557773117,1,MAX_DAYS,10,10.0756254196167,10.647403717041016,9.29136472819398,PRICE,TEST,2022-04
WEGE3.SA,BULL_CALM,-0.053045406926649406,0,STOP_LOSS,2,31.780452728271484,30.132782224261103,30.132782224261103,PRICE,TRAIN,2022-04
WEGE3.SA,SIDEWAYS_CALM,-0.05934906380957441,0,STOP_LOSS,5,30.309659957885742,28.547181606948143,28.547181606948143,PRICE,TRAIN,2022-04
WEGE3.SA,BEAR_CALM,-0.06211315310640788,0,STOP_LOSS,8,24.407840728759766,22.921082189452004,22.921082189452004,PRICE,TRAIN,2022-04
WEGE3.SA,BEAR_CALM,0.08098736012114824,1,MAX_DAYS,10,22.341272354125977,24.17744255065918,20.72817936430007,PRICE,TRAIN,2022-04
WEGE3.SA,BULL_CALM,0.03750943721411191,1,MAX_DAYS,10,36.67996597290039,38.09982681274414,34.376621060750445,PRICE,TEST,2022-04
YDUQ3.SA,BEAR_CALM,0.2267667358745454,1,PROFIT_TARGET,5,13.6885404586792,16.80907234593095,12.128274515053324,PRICE,TRAIN,2022-04
YDUQ3.SA,BEAR_CALM,-0.12447081523779993,0,STOP_LOSS,3,9.725577354431152,8.52669750529214,8.52669750529214,PRICE,TRAIN,2022-04
YDUQ3.SA,BEAR_CALM,-0.0055056740108261545,0,MAX_DAYS,10,8.662569999694824,8.625271797180176,7.576917704633921,PRICE,TRAIN,2022-04
YDUQ3.SA,BEAR_CALM,0.08970897296764332,1,MAX_DAYS,10,8.821088790893555,9.623004913330078,7.939246083271358,PRICE,TRAIN,2022-04
YDUQ3.SA,BEAR_CALM,-0.1053269354798603,0,STOP_LOSS,7,8.392156600952148,7.518307052027921,7.518307052027921,PRICE,TRAIN,2022-04
YDUQ3.SA,BEAR_CALM,-0.10119999999999998,0,HARD_STOP,6,7.795380115509033,7.01584210395813,6.7456946305765815,PRICE,TRAIN,2022-04
YDUQ3.SA,BEAR_CALM,-0.11065460797189922,0,STOP_LOSS,10,7.0587358474731445,6.2861246825107795,6.2861246825107795,PRICE,TRAIN,2022-04
YDUQ3.SA,BEAR_CALM,-0.10119999999999987,0,HARD_STOP,3,6.74169921875,6.0675292968750005,5.664039855004667,PRICE,TRAIN,2022-04
YDUQ3.SA,BEAR_CALM,-0.034121783275711935,0,END_CLOSED,1,6.797646522521973,6.573855876922607,5.777266917842982,PRICE,TRAIN,2022-04
ABEV3.SA,BEAR_CALM,0.02877066963226347,1,SIGNAL,1,11.256987571716309,11.594367027282715,10.680971512353794,PRICE,TRAIN,2022-07
ABEV3.SA,BULL_CALM,-0.03356454161094604,0,STOP_LOSS,5,13.11482048034668,12.690365327190412,12.690365327190412,PRICE,TEST,2022-07
ABEV3.SA,SIDEWAYS_CALM,0.018541299351936803,1,MAX_DAYS,10,12.725013732910156,12.976222038269043,12.0710046903875,PRICE,TEST,2022-07
ALOS3.SA,BULL_CALM,0.015226346314389662,1,SIGNAL,1,22.08186149597168,22.4445858001709,21.188321850045558,PRICE,TEST,2022-07
AURE3.SA,BEAR_CALM,0.035564677576874405,1,SIGNAL,3,10.65268611907959,11.044328689575195,10.096552462334941,PRICE,TRAIN,2022-07
AURE3.SA,BULL_CALM,0.00651388520967542,1,SIGNAL,1,12.345407485961914,12.440638542175293,11.903882293046884,PRICE,TEST,2022-07
ASAI3.SA,BEAR_CALM,0.10510944369234818,1,MAX_DAYS,10,11.363585472106934,12.57164192199707,10.126063989509031,PRICE,TRAIN,2022-07
ASAI3.SA,BEAR_CALM,0.006882394232803214,1,SIGNAL,1,13.36719036102295,13.475229263305664,12.620748919618354,PRICE,TEST,2022-07
ASAI3.SA,BEAR_CALM,0.04891930058525582,1,MAX_DAYS,10,12.345745086669922,12.964505195617676,11.36162119385922,PRICE,TEST,2022-07
AZUL4.SA,BULL_CALM,-0.08496718069398426,0,STOP_LOSS,2,21.1299991607666,19.35999870300293,19.35999870300293,PRICE,TEST,2022-07
AZUL4.SA,BULL_CALM,-0.09416065925551789,0,STOP_LOSS,5,19.31999969482422,17.523999786376955,17.523999786376955,PRICE,TEST,2022-07
AZUL4.SA,BULL_CALM,0.02015030818593764,1,MAX_DAYS,10,17.329999923706055,17.700000762939453,15.350000381469727,PRICE,TEST,2022-07
AZUL4.SA,BULL_CALM,-0.10119999999999998,0,HARD_STOP,9,17.170000076293945,15.45300006866455,15.345714841570173,PRICE,TEST,2022-07
BBDC3.SA,BULL_CALM,-0.0298147298105327,0,STOP_LOSS,5,11.929635047912598,11.588271764278318,11.588271764278318,PRICE,TEST,2022-07
BBDC3.SA,BULL_CALM,0.04008779215079259,1,MAX_DAYS,10,11.620619773864746,12.100409507751465,11.183569135948275,PRICE,TEST,2022-07
BBDC3.SA,SIDEWAYS_CALM,0.011599810728114647,1,END_CLOSED,6,10.190160751342773,10.320592880249023,9.816358919104132,PRICE,TEST,2022-07
BBAS3.SA,SIDEWAYS_CALM,-0.03055839205709645,0,STOP_LOSS,8,12.598259925842285,12.228395271702201,12.228395271702201,PRICE,TRAIN,2022-07
BBAS3.SA,BULL_CALM,-0.033155234053182124,0,STOP_LOSS,5,21.370750427246094,20.687843095451303,20.687843095451303,PRICE,TEST,2022-07
BBAS3.SA,BULL_CALM,0.002164354752538601,1,MAX_DAYS,10,20.299442291259766,20.36773681640625,19.37324711294218,PRICE,TEST,2022-07
B3SA3.SA,BEAR_CALM,-0.08333002319825336,0,STOP_LOSS,8,10.079018592834473,9.25122856198935,9.25122856198935,PRICE,TRAIN,2022-07
B3SA3.SA,BEAR_CALM,0.1044830849554331,1,MAX_DAYS,10,9.123873710632324,10.088112831115723,8.316758092408124,PRICE,TRAIN,2022-07
B3SA3.SA,BULL_CALM,-0.04394084640188769,0,STOP_LOSS,2,13.821044921875,13.230321763755551,13.230321763755551,PRICE,TEST,2022-07
B3SA3.SA,BULL_CALM,0.05520656829238799,1,MAX_DAYS,10,13.464735984802246,14.224235534667969,12.64710049386253,PRICE,TEST,2022-07
BBDC4.SA,BEAR_CALM,-0.05675120501650235,0,STOP_LOSS,3,11.517613410949707,10.877796107057224,10.877796107057224,PRICE,TRAIN,2022-07
BBDC4.SA,BEAR_CALM,0.13904947364612105,1,PROFIT_TARGET,6,10.777987480163574,12.289594551220997,10.022183944634863,PRICE,TRAIN,2022-07
BBDC4.SA,BULL_CALM,-0.025367252062598288,0,STOP_LOSS,2,13.514913558959961,13.188295236376348,13.188295236376348,PRICE,TEST,2022-07
BBDC4.SA,BULL_CALM,0.04671167200661106,1,MAX_DAYS,10,13.30246639251709,13.939809799194336,12.841709792086537,PRICE,TEST,2022-07
BBSE3.SA,BULL_CALM,0.05667404963539755,1,MAX_DAYS,10,18.259368896484375,19.316112518310547,17.130740265038657,PRICE,TRAIN,2022-07
BBSE3.SA,BEAR_CALM,0.01666308713435103,1,END_CLOSED,8,23.72156524658203,24.145305633544922,22.893142880769574,PRICE,TRAIN,2022-07
BBSE3.SA,SIDEWAYS_CALM,-0.03718845324817179,0,STOP_LOSS,8,24.529808044433594,23.647018194439866,23.647018194439866,PRICE,TEST,2022-07
BBSE3.SA,BEAR_CALM,0.03524803526185858,1,MAX_DAYS,10,23.682331085205078,24.54550552368164,22.804671161406958,PRICE,TEST,2022-07
BEEF3.SA,BEAR_CALM,0.027219142229780148,1,MAX_DAYS,10,10.691307067871094,10.995144844055176,9.610239995215922,PRICE,TRAIN,2022-07
BEEF3.SA,BEAR_CALM,0.16945837713095221,1,PROFIT_TARGET,9,8.852279663085938,10.362995344297516,8.096921822480148,PRICE,TRAIN,2022-07
BEEF3.SA,BEAR_CALM,-0.058761016677395216,0,MAX_DAYS,10,10.08176326751709,9.501446723937988,9.363744524230695,PRICE,TEST,2022-07
BPAC11.SA,BEAR_CALM,-0.02998987259729515,0,MAX_DAYS,10,20.199501037597656,19.61795997619629,18.536655810263355,PRICE,TRAIN,2022-07
BPAC11.SA,BULL_CALM,-0.04607775488622403,0,STOP_LOSS,2,30.222023010253906,28.86572646943391,28.86572646943391,PRICE,TEST,2022-07
BRAP4.SA,BEAR_CALM,-0.06466504974234713,0,STOP_LOSS,2,15.739069938659668,14.740189082104353,14.740189082104353,PRICE,TRAIN,2022-07
BRAP4.SA,BEAR_CALM,-0.034783720332000966,0,MAX_DAYS,10,15.137064933776855,14.628705978393555,14.096935371611995,PRICE,TRAIN,2022-07
BRAP4.SA,SIDEWAYS_CALM,0.0124082214474329,1,MAX_DAYS,10,18.380077362060547,18.630197525024414,17.315291815416636,PRICE,TRAIN,2022-07
BRAP4.SA,BEAR_CALM,0.027294016588988647,1,MAX_DAYS,10,16.636911392211914,17.110963821411133,16.260679487097637,PRICE,TEST,2022-07
BRKM5.SA,BEAR_CALM,0.02106179966078745,1,MAX_DAYS,10,22.459999084472656,22.959999084472656,20.44857052394322,PRICE,TRAIN,2022-07
BRKM5.SA,SIDEWAYS_CALM,-0.007267945901974125,0,MAX_DAYS,10,24.719999313354492,24.56999969482422,22.929229589609,PRICE,TEST,2022-07
CMIN3.SA,BULL_CALM,-0.02732829575660691,0,STOP_LOSS,4,3.3147852420806885,3.2281755529059684,3.2281755529059684,PRICE,TEST,2022-07
CMIG4.SA,BULL_CALM,-0.0012,0,MAX_DAYS,10,5.264237880706787,5.264237880706787,4.948891938466785,PRICE,TRAIN,2022-07
CMIG4.SA,BULL_CALM,-0.02242645699507375,0,MAX_DAYS,10,7.13944149017334,6.98789644241333,6.886866920809217,PRICE,TEST,2022-07
CMIG4.SA,BULL_CALM,0.017348383726389784,1,MAX_DAYS,10,6.959832668304443,7.088926315307617,6.70423629607075,PRICE,TEST,2022-07
COGN3.SA,BEAR_CALM,0.08617865693406021,1,MAX_DAYS,10,2.0056746006011963,2.1809277534484863,1.774785475734821,PRICE,TRAIN,2022-07
COGN3.SA,BULL_CALM,0.04582193900153251,1,MAX_DAYS,10,3.10587477684021,3.2519190311431885,2.8235225124069525,PRICE,TEST,2022-07
CPFE3.SA,BULL_CALM,0.054028801768663294,1,MAX_DAYS,10,28.021469116210938,29.569061279296875,26.13963485057733,PRICE,TRAIN,2022-07
CSAN3.SA,BEAR_CALM,0.009210557253548891,1,MAX_DAYS,10,16.260330200195312,16.429609298706055,15.407658542933786,PRICE,TRAIN,2022-07
CSAN3.SA,BEAR_CALM,0.1304979801418172,1,PROFIT_TARGET,5,13.363753318786621,15.123732637984325,12.483763659187769,PRICE,TRAIN,2022-07
CSAN3.SA,BULL_CALM,0.014092201721189614,1,SIGNAL,1,17.687519073486328,17.95800018310547,16.895396717851863,PRICE,TEST,2022-07
CPLE6.SA,SIDEWAYS_CALM,-0.008477996235662831,0,MAX_DAYS,10,6.066082000732422,6.021933078765869,5.712889147864055,PRICE,TRAIN,2022-07
CPLE6.SA,BULL_CALM,-0.024455927342680005,0,MAX_DAYS,10,7.5304460525512695,7.355318546295166,7.244712451973361,PRICE,TEST,2022-07
CSNA3.SA,BEAR_CALM,0.04485262738739735,1,SIGNAL,1,10.478035926818848,10.960577011108398,9.986877864251666,PRICE,TEST,2022-07
CXSE3.SA,BEAR_CALM,-0.014396528771573068,0,MAX_DAYS,10,5.086697578430176,5.019570827484131,4.907693745032436,PRICE,TRAIN,2022-07
CXSE3.SA,BULL_CALM,-0.005125312588024421,0,MAX_DAYS,10,8.338944435119629,8.306211471557617,8.109807813037808,PRICE,TEST,2022-07
CYRE3.SA,BEAR_CALM,0.02223093220186354,1,SIGNAL,1,10.590858459472656,10.839012145996094,9.881847703981244,PRICE,TRAIN,2022-07
CYRE3.SA,BULL_CALM,0.02414207211944084,1,SIGNAL,1,18.09424591064453,18.552791595458984,17.213835692307324,PRICE,TEST,2022-07
CVCB3.SA,BEAR_CALM,-0.10119999999999987,0,HARD_STOP,5,2.670773983001709,2.4036965847015384,2.2958129474094937,PRICE,TRAIN,2022-07
CVCB3.SA,BEAR_CALM,0.15688804633977801,1,MAX_DAYS,10,2.505002021789551,2.901012897491455,2.148460320064,PRICE,TRAIN,2022-07
CVCB3.SA,BEAR_CALM,-0.05818000279445592,0,STOP_LOSS,2,3.509999990463257,3.31000018119812,3.31000018119812,PRICE,TEST,2022-07
CVCB3.SA,BEAR_CALM,-0.04300060463260349,0,MAX_DAYS,10,3.109999895095825,2.9800000190734863,2.775454499504783,PRICE,TEST,2022-07
CVCB3.SA,BEAR_CALM,-0.0929658646388978,0,STOP_LOSS,1,2.880000114440918,2.6157144137791226,2.6157144137791226,PRICE,TEST,2022-07
CVCB3.SA,BEAR_CALM,-0.09785426949169343,0,MAX_DAYS,10,2.690000057220459,2.430000066757202,2.4071429116385326,PRICE,TEST,2022-07
CVCB3.SA,BEAR_CALM,0.22661626134757648,1,PROFIT_TARGET,3,2.2699999809265137,2.787142889840262,2.0114285264696394,PRICE,TEST,2022-07
DIRR3.SA,BEAR_CALM,0.019151534443399322,1,SIGNAL,1,2.7026896476745605,2.7576935291290283,2.4226704922186104,PRICE,TRAIN,2022-07
ECOR3.SA,BEAR_CALM,-0.07402417419388133,0,STOP_LOSS,7,5.172037124633789,4.795387792132237,4.795387792132237,PRICE,TRAIN,2022-07
ECOR3.SA,BEAR_CALM,0.0698172593655065,1,MAX_DAYS,10,4.786201000213623,5.12610387802124,4.3764798018765605,PRICE,TRAIN,2022-07
ECOR3.SA,BULL_CALM,-0.038237077270105745,0,STOP_LOSS,2,5.964207172393799,5.743310370494931,5.743310370494931,PRICE,TEST,2022-07
ECOR3.SA,BULL_CALM,0.1237426230031787,1,PROFIT_TARGET,5,5.724902629852295,6.440186980863837,5.367260454346524,PRICE,TEST,2022-07
EGIE3.SA,SIDEWAYS_CALM,0.02326176323394078,1,MAX_DAYS,10,23.629379272460938,24.207395553588867,22.81437370858879,PRICE,TRAIN,2022-07
EGIE3.SA,BULL_CALM,-0.02268390139633982,0,STOP_LOSS,5,28.25627326965332,27.649218280900055,27.649218280900055,PRICE,TEST,2022-07
EGIE3.SA,BULL_CALM,0.002170830379798795,1,MAX_DAYS,10,27.849483489990234,27.943359375,27.070324146987875,PRICE,TEST,2022-07
ELET3.SA,BULL_CALM,-0.03966157164437847,0,STOP_LOSS,2,39.566246032714844,38.04446602622848,38.04446602622848,PRICE,TRAIN,2022-07
ELET3.SA,BULL_CALM,-0.05228484722889617,0,STOP_LOSS,2,39.10271072387695,37.10515472031198,37.10515472031198,PRICE,TRAIN,2022-07
ELET3.SA,BULL_CALM,0.039835056987626107,1,MAX_DAYS,10,37.51096725463867,39.05023193359375,35.031515231116245,PRICE,TRAIN,2022-07
ELET3.SA,BEAR_CALM,-0.07619451403948788,0,STOP_LOSS,4,28.20537567138672,26.090127229609877,26.090127229609877,PRICE,TRAIN,2022-07
ELET3.SA,BEAR_CALM,0.07334011041670893,1,MAX_DAYS,10,27.1033992767334,29.123689651489258,24.90818929095896,PRICE,TRAIN,2022-07
ELET3.SA,BEAR_CALM,-0.006015722765065144,0,MAX_DAYS,10,29.525999069213867,29.38381004333496,27.729350214449585,PRICE,TRAIN,2022-07
ELET3.SA,SIDEWAYS_CALM,-0.04207333562708417,0,STOP_LOSS,10,34.67430114746094,33.25704679902618,33.25704679902618,PRICE,TEST,2022-07
ELET6.SA,BULL_CALM,0.04496430122737225,1,MAX_DAYS,10,35.942073822021484,37.601314544677734,33.76025448897702,PRICE,TRAIN,2022-07
ELET6.SA,BEAR_CALM,0.019504247565189294,1,MAX_DAYS,10,34.17709732055664,34.884708404541016,31.72425637822874,PRICE,TRAIN,2022-07
ELET6.SA,BEAR_CALM,0.051049550510576226,1,MAX_DAYS,10,28.0200138092041,29.484046936035156,26.379364188507427,PRICE,TRAIN,2022-07
ELET6.SA,BULL_CALM,-0.03170990610355142,0,MAX_DAYS,10,37.17134475708008,36.03725051879883,35.55483470503037,PRICE,TEST,2022-07
ENEV3.SA,BULL_CALM,0.009706601675528372,1,MAX_DAYS,10,14.670000076293945,14.829999923706055,13.260000228881836,PRICE,TRAIN,2022-07
ENEV3.SA,SIDEWAYS_CALM,0.012734432700961175,1,MAX_DAYS,10,12.199999809265137,12.369999885559082,11.5600004196167,PRICE,TEST,2022-07
EMBR3.SA,BEAR_CALM,-0.03290527895041886,0,MAX_DAYS,10,11.658005714416504,11.288385391235352,10.708982354759526,PRICE,TRAIN,2022-07
EMBR3.SA,BULL_CALM,0.05152203726646629,1,MAX_DAYS,10,17.432065963745117,18.351119995117188,16.499026420036706,PRICE,TEST,2022-07
EZTC3.SA,BEAR_CALM,-0.10119999999999998,0,HARD_STOP,6,12.128777503967285,10.915899753570557,10.856939779186304,PRICE,TRAIN,2022-07
EZTC3.SA,BEAR_CALM,0.04685490805043422,1,MAX_DAYS,10,11.042242050170898,11.5728759765625,9.854631507267733,PRICE,TRAIN,2022-07
EZTC3.SA,BULL_CALM,0.04194168171565358,1,SIGNAL,2,15.314209938049316,15.97489070892334,14.407893491865496,PRICE,TEST,2022-07
GGBR4.SA,SIDEWAYS_CALM,0.03699442040654142,1,SIGNAL,6,19.28586196899414,20.02247428894043,18.281388348970385,PRICE,TEST,2022-07
GOAU4.SA,BULL_CALM,0.03398810092941571,1,SIGNAL,6,10.169687271118164,10.527539253234863,9.495592208625357,PRICE,TEST,2022-07
GOAU4.SA,BEAR_CALM,-0.003883457866101468,0,END_CLOSED,3,9.510238647460938,9.484718322753906,9.103142471957046,PRICE,TEST,2022-07
FLRY3.SA,BULL_CALM,0.0142321717782413,1,SIGNAL,1,13.343937873840332,13.549863815307617,12.569659590179429,PRICE,TEST,2022-07
FLRY3.SA,BULL_CALM,-0.004354676674676948,0,MAX_DAYS,10,13.055643081665039,13.014456748962402,12.286070568235603,PRICE,TEST,2022-07
HAPV3.SA,BEAR_CALM,-0.10119999999999998,0,HARD_STOP,5,69.5999984741211,62.63999862670899,60.32142802647182,PRICE,TRAIN,2022-07
HAPV3.SA,BEAR_CALM,0.18213329094780825,1,MAX_DAYS,10,36.0,42.599998474121094,29.378570556640625,PRICE,TRAIN,2022-07
HAPV3.SA,BEAR_CALM,-0.033607327280444486,0,MAX_DAYS,10,64.79999542236328,62.70000076293945,57.29999923706055,PRICE,TEST,2022-07
HYPE3.SA,BULL_CALM,0.07502072453809525,1,SIGNAL,2,32.83731460571289,35.3401985168457,31.154027795079642,PRICE,TRAIN,2022-07
HYPE3.SA,BEAR_CALM,-0.023303653119033395,0,MAX_DAYS,10,33.81144332885742,33.0640869140625,31.491541369827363,PRICE,TRAIN,2022-07
HYPE3.SA,BEAR_CALM,0.05223297177725681,1,MAX_DAYS,10,33.703399658203125,35.5042724609375,31.791898873714853,PRICE,TRAIN,2022-07
HYPE3.SA,BULL_CALM,0.0046528796523686924,1,SIGNAL,1,41.81393051147461,42.05866241455078,40.91061307066194,PRICE,TEST,2022-07
HYPE3.SA,BULL_CALM,-0.03308942179588228,0,STOP_LOSS,2,41.46041488647461,40.138266228327545,40.138266228327545,PRICE,TEST,2022-07
HYPE3.SA,BULL_CALM,-0.0374497554174549,0,STOP_LOSS,6,40.86216354370117,39.380920109413964,39.380920109413964,PRICE,TEST,2022-07
IGTI11.SA,BEAR_CALM,0.03996360865386137,1,SIGNAL,2,16.730188369750977,17.41886329650879,15.573217455412369,PRICE,TRAIN,2022-07
IGTI11.SA,BULL_CALM,-0.045475565199102695,0,STOP_LOSS,8,20.93207359313965,20.005294204014177,20.005294204014177,PRICE,TEST,2022-07
IGTI11.SA,BULL_CALM,0.022186316256130968,1,MAX_DAYS,10,20.01465606689453,20.482725143432617,18.94064736402677,PRICE,TEST,2022-07
IRBR3.SA,BEAR_CALM,-0.10901677415653246,0,STOP_LOSS,2,31.799999237060547,28.371425901140487,28.371425901140487,PRICE,TRAIN,2022-07
IRBR3.SA,BEAR_CALM,-0.06064907771076502,0,MAX_DAYS,10,20.690000534057617,19.459999084472656,18.72428594316755,PRICE,TRAIN,2022-07
IRBR3.SA,BULL_CALM,0.06483548152778482,1,SIGNAL,1,43.310001373291016,46.16999816894531,40.04999923706055,PRICE,TEST,2022-07
ITSA4.SA,BEAR_CALM,-0.03590530288508755,0,STOP_LOSS,7,5.20723295211792,5.026514355321459,5.026514355321459,PRICE,TRAIN,2022-07
ITSA4.SA,BULL_CALM,0.008116712699456886,1,MAX_DAYS,10,7.161273956298828,7.227993488311768,6.894394288051085,PRICE,TEST,2022-07
ITUB4.SA,BEAR_CALM,0.008520770992196704,1,MAX_DAYS,10,16.4725341796875,16.632659912109375,15.693687397520964,PRICE,TRAIN,2022-07
ITUB4.SA,BULL_CALM,-0.018920917234106514,0,MAX_DAYS,10,22.235713958740234,21.841676712036133,21.50946042650727,PRICE,TEST,2022-07
KLBN11.SA,BEAR_CALM,-0.043813313780515915,0,STOP_LOSS,4,14.652318000793457,14.027934176213744,14.027934176213744,PRICE,TRAIN,2022-07
KLBN11.SA,BEAR_CALM,-0.04782062945291834,0,STOP_LOSS,5,13.835028648376465,13.190030904289996,13.190030904289996,PRICE,TRAIN,2022-07
KLBN11.SA,BULL_CALM,-0.0375089781731003,0,STOP_LOSS,9,17.166507720947266,16.543209366799033,16.543209366799033,PRICE,TEST,2022-07
KLBN11.SA,BULL_CALM,0.07033056395064849,1,PROFIT_TARGET,5,16.682161331176758,17.875445739111534,16.08551912720937,PRICE,TEST,2022-07
LREN3.SA,BEAR_CALM,0.034839995651047985,1,SIGNAL,2,18.157072067260742,18.811452865600586,16.58813819991377,PRICE,TRAIN,2022-07
LREN3.SA,BEAR_CALM,-0.10119999999999998,0,HARD_STOP,9,12.982518196105957,11.684266376495362,11.430624995650911,PRICE,TRAIN,2022-07
LREN3.SA,BEAR_CALM,0.19063147769086317,1,PROFIT_TARGET,9,12.505278587341309,14.904184657686901,11.305825552168512,PRICE,TRAIN,2022-07
LREN3.SA,BEAR_CALM,0.007182778627643806,1,SIGNAL,1,16.545429229736328,16.684125900268555,15.411397262067098,PRICE,TEST,2022-07
LREN3.SA,BEAR_CALM,-0.08200811198479488,0,STOP_LOSS,6,16.15382194519043,14.848462092461045,14.848462092461045,PRICE,TEST,2022-07
LWSA3.SA,BULL_CALM,-0.10393164597858853,0,STOP_LOSS,7,8.171066284179688,7.331639195405759,7.331639195405759,PRICE,TEST,2022-07
LWSA3.SA,BULL_CALM,-0.027481264170704976,0,MAX_DAYS,10,7.385014057159424,7.190926551818848,6.602196309570474,PRICE,TEST,2022-07
LWSA3.SA,SIDEWAYS_CALM,-0.07232373296380137,0,MAX_DAYS,10,6.8221611976623535,6.336943626403809,6.162265114238629,PRICE,TEST,2022-07
MRVE3.SA,BEAR_CALM,0.04264902906109045,1,SIGNAL,2,8.08272647857666,8.437146186828613,7.03915933868464,PRICE,TRAIN,2022-07
MRVE3.SA,BULL_CALM,0.026738338984175193,1,END_CLOSED,4,10.380000114440918,10.670000076293945,9.478571346827916,PRICE,TEST,2022-07
MGLU3.SA,BEAR_CALM,-0.06351454500333001,0,STOP_LOSS,2,30.59989356994629,28.693075124984762,28.693075124984762,PRICE,TEST,2022-07
MGLU3.SA,BEAR_CALM,-0.05151453271124342,0,MAX_DAYS,10,28.874679565429688,27.421863555908203,25.969051403744707,PRICE,TEST,2022-07
MGLU3.SA,BEAR_CALM,-0.0012,0,MAX_DAYS,10,27.331064224243164,27.331064224243164,24.78863922396411,PRICE,TEST,2022-07
MULT3.SA,BULL_CALM,-0.041927339214133406,0,STOP_LOSS,9,24.91634750366211,23.901570966903236,23.901570966903236,PRICE,TEST,2022-07
MULT3.SA,BULL_CALM,0.012488130267520915,1,MAX_DAYS,10,23.829090118408203,24.15526580810547,22.62555505605308,PRICE,TEST,2022-07
PCAR3.SA,BEAR_CALM,0.056464231595007776,1,MAX_DAYS,10,13.699999809265137,14.489999771118164,12.624285697937012,PRICE,TRAIN,2022-07
PCAR3.SA,BEAR_CALM,0.1800836326592384,1,PROFIT_TARGET,7,14.09000015258789,16.64428656441825,12.812856946672712,PRICE,TRAIN,2022-07
PETR3.SA,BULL_CALM,-0.0400771979666831,0,STOP_LOSS,7,23.89081573486328,22.962007761953455,22.962007761953455,PRICE,TEST,2022-07
PETR3.SA,BULL_CALM,0.05456209556601297,1,MAX_DAYS,10,23.152070999145508,24.443078994750977,22.122850636995818,PRICE,TEST,2022-07
PETR4.SA,BULL_CALM,-0.04740569912851136,0,STOP_LOSS,7,20.775678634643555,19.815723878460574,19.815723878460574,PRICE,TEST,2022-07
PETR4.SA,BULL_CALM,0.06019418789073714,1,MAX_DAYS,10,20.201107025146484,21.44133758544922,19.20845339477109,PRICE,TEST,2022-07
RADL3.SA,BEAR_CALM,0.0423618002386422,1,SIGNAL,2,17.009641647338867,17.750612258911133,16.292203798483783,PRICE,TRAIN,2022-07
RADL3.SA,BULL_CALM,-0.008630286107670936,0,MAX_DAYS,10,27.221155166625977,27.01889419555664,25.220725224145426,PRICE,TEST,2022-07
RAIL3.SA,BEAR_CALM,0.010085230577273264,1,SIGNAL,1,15.164337158203125,15.335470199584961,14.365713604079742,PRICE,TRAIN,2022-07
RAIL3.SA,BEAR_CALM,0.050458191416338095,1,MAX_DAYS,10,14.907636642456055,15.677738189697266,14.151796278091574,PRICE,TRAIN,2022-07
RAIZ4.SA,BULL_CALM,-0.05562182680043395,0,STOP_LOSS,2,4.1950883865356445,3.9667840129510896,3.9667840129510896,PRICE,TEST,2022-07
RAIZ4.SA,BULL_CALM,0.0154666497589123,1,MAX_DAYS,10,3.9953224658966064,4.061911106109619,3.728967611755214,PRICE,TEST,2022-07
RAIZ4.SA,BULL_CALM,0.04046673300321033,1,MAX_DAYS,10,3.4443228244781494,3.587836503982544,3.1805314873953696,PRICE,TEST,2022-07
RDOR3.SA,BEAR_CALM,0.20352036149533678,1,PROFIT_TARGET,5,24.437480926513672,29.440330855824946,21.936055961858035,PRICE,TRAIN,2022-07
RDOR3.SA,BEAR_CALM,0.00011725076058919487,1,MAX_DAYS,10,21.540103912353516,21.568477630615234,19.187301478912104,PRICE,TRAIN,2022-07
RDOR3.SA,BULL_CALM,0.02112559756318886,1,MAX_DAYS,10,30.508047103881836,31.189157485961914,28.266061434394313,PRICE,TEST,2022-07
RDOR3.SA,SIDEWAYS_CALM,-0.06548571830359487,0,STOP_LOSS,5,26.29840850830078,24.607796427103295,24.607796427103295,PRICE,TEST,2022-07
RDOR3.SA,BEAR_CALM,0.01846293271195152,1,END_CLOSED,2,23.573970794677734,24.037504196166992,21.7238927584864,PRICE,TEST,2022-07
RECV3.SA,BULL_CALM,-0.10119999999999998,0,HARD_STOP,6,18.220293045043945,16.39826374053955,15.2970291734371,PRICE,TRAIN,2022-07
RECV3.SA,BEAR_CALM,-0.08107858746069288,0,STOP_LOSS,6,15.97932243347168,14.702916728907,14.702916728907,PRICE,TRAIN,2022-07
RECV3.SA,BEAR_CALM,-0.07472567281937961,0,STOP_LOSS,2,15.544746398925781,14.401808461138135,14.401808461138135,PRICE,TRAIN,2022-07
RECV3.SA,BEAR_CALM,-0.04135181064718487,0,MAX_DAYS,10,14.557401657104492,13.972895622253418,13.372473511594949,PRICE,TRAIN,2022-07
RECV3.SA,BEAR_CALM,0.015324297511655073,1,MAX_DAYS,10,13.862310409545898,14.091375350952148,12.554503219682623,PRICE,TRAIN,2022-07
RECV3.SA,BEAR_CALM,0.07503833535939583,1,MAX_DAYS,10,14.194058418273926,15.276189804077148,13.260877429694668,PRICE,TRAIN,2022-07
RENT3.SA,BEAR_CALM,0.06101553746229103,1,SIGNAL,3,46.72529983520508,49.63233947753906,44.83749693356273,PRICE,TRAIN,2022-07
RENT3.SA,BULL_CALM,0.012288122012415671,1,SIGNAL,1,62.79628372192383,63.643287658691406,60.11868073742262,PRICE,TEST,2022-07
SANB11.SA,BEAR_CALM,-0.04691299162515663,0,STOP_LOSS,6,23.178701400756836,22.119133617742033,22.119133617742033,PRICE,TRAIN,2022-07
SANB11.SA,BULL_CALM,-0.03337417663318611,0,MAX_DAYS,10,26.37697982788086,25.528322219848633,24.628229065790414,PRICE,TEST,2022-07
SANB11.SA,BULL_CALM,-0.021435472722060277,0,MAX_DAYS,10,25.288297653198242,24.77657699584961,24.143564646339858,PRICE,TEST,2022-07
SANB11.SA,SIDEWAYS_CALM,-0.046169439506911124,0,STOP_LOSS,9,23.890146255493164,22.815819768645504,22.815819768645504,PRICE,TEST,2022-07
SBSP3.SA,SIDEWAYS_CALM,0.00975222472223223,1,MAX_DAYS,10,38.82329177856445,39.24849319458008,35.80986840438557,PRICE,TRAIN,2022-07
SBSP3.SA,BULL_CALM,-0.0210055561415712,0,MAX_DAYS,10,52.79966735839844,51.75394058227539,50.09028366507311,PRICE,TEST,2022-07
SLCE3.SA,BEAR_CALM,-0.039976235696246774,0,MAX_DAYS,10,17.008285522460938,16.34876823425293,16.033099735788653,PRICE,TRAIN,2022-07
SLCE3.SA,BEAR_CALM,-0.008332518106810037,0,MAX_DAYS,10,16.25139808654785,16.13548469543457,15.111743712573537,PRICE,TRAIN,2022-07
SLCE3.SA,BEAR_CALM,0.011061305353786334,1,MAX_DAYS,10,16.260671615600586,16.46004867553711,15.473769161565663,PRICE,TRAIN,2022-07
SLCE3.SA,BEAR_CALM,0.09640474716776279,1,PROFIT_TARGET,7,16.232852935791016,17.817256442400375,15.440651182486336,PRICE,TRAIN,2022-07
SMFT3.SA,BULL_CALM,0.009355351722182138,1,SIGNAL,1,19.894853591918945,20.10485076904297,18.233143463090354,PRICE,TEST,2022-07
SUZB3.SA,BEAR_CALM,-0.055325308476848044,0,STOP_LOSS,5,45.05120086669922,42.61279072253668,42.61279072253668,PRICE,TRAIN,2022-07
SUZB3.SA,BEAR_CALM,0.04213334509082376,1,MAX_DAYS,10,41.096778869628906,42.87763977050781,38.504941499879216,PRICE,TRAIN,2022-07
SUZB3.SA,BEAR_CALM,-0.06431811264640999,0,STOP_LOSS,5,38.95854187011719,36.49955223581925,36.49955223581925,PRICE,TRAIN,2022-07
SUZB3.SA,BEAR_CALM,0.11519102252323518,1,PROFIT_TARGET,6,35.95882034301758,40.144104211470705,33.866178408791015,PRICE,TRAIN,2022-07
TAEE11.SA,SIDEWAYS_CALM,0.020015989486701448,1,MAX_DAYS,10,27.82585334777832,28.41620635986328,26.292368288370508,PRICE,TRAIN,2022-07
TAEE11.SA,BULL_CALM,-0.029542178324794464,0,STOP_LOSS,5,29.796842575073242,28.95233514929469,28.95233514929469,PRICE,TEST,2022-07
TAEE11.SA,SIDEWAYS_CALM,0.0015608798462051,1,MAX_DAYS,10,28.856725692749023,28.9363956451416,28.02815049813513,PRICE,TEST,2022-07
TAEE11.SA,SIDEWAYS_CALM,-0.010189854771923156,0,MAX_DAYS,10,28.761117935180664,28.502559661865234,28.012212772018902,PRICE,TEST,2022-07
TIMS3.SA,SIDEWAYS_CALM,0.03879996394929117,1,SIGNAL,3,9.52332878112793,9.904261589050293,8.885998718282272,PRICE,TRAIN,2022-07
TOTS3.SA,BEAR_CALM,0.10364822491703504,1,MAX_DAYS,10,24.33066749572754,26.881694793701172,22.474252547472513,PRICE,TRAIN,2022-07
TOTS3.SA,BULL_CALM,-0.03883618917325706,0,MAX_DAYS,10,29.049114227294922,27.9558162689209,27.35162524719168,PRICE,TEST,2022-07
UGPA3.SA,BEAR_CALM,0.011436981618625587,1,MAX_DAYS,10,10.34327220916748,10.473979949951172,9.776875153689414,PRICE,TRAIN,2022-07
UGPA3.SA,BULL_CALM,0.033522248822683044,1,MAX_DAYS,10,16.43207359313965,17.00263214111328,15.835181715532947,PRICE,TEST,2022-07
USIM5.SA,BEAR_CALM,0.1308673461123567,1,PROFIT_TARGET,4,6.103800296783447,6.909913003179453,5.700743943585445,PRICE,TRAIN,2022-07
VALE3.SA,BEAR_CALM,0.039123693307391606,1,MAX_DAYS,10,50.48656463623047,52.522369384765625,46.68837593594413,PRICE,TRAIN,2022-07
VALE3.SA,BULL_CALM,0.04743791946156182,1,MAX_DAYS,10,62.94088363647461,66.002197265625,59.80425443690549,PRICE,TRAIN,2022-07
VALE3.SA,BEAR_CALM,0.021865135289654038,1,MAX_DAYS,10,52.81137466430664,54.029476165771484,50.791883400639726,PRICE,TEST,2022-07
VBBR3.SA,BEAR_CALM,0.0030787225828555545,1,MAX_DAYS,10,12.097002983093262,12.148762702941895,11.298422909497297,PRICE,TRAIN,2022-07
VBBR3.SA,BEAR_CALM,-0.07465117080818409,0,STOP_LOSS,8,10.369239807128906,9.607607002904459,9.607607002904459,PRICE,TRAIN,2022-07
VBBR3.SA,BULL_CALM,-0.04221119360064742,0,STOP_LOSS,9,13.753539085388184,13.189490031263258,13.189490031263258,PRICE,TEST,2022-07
VIVT3.SA,BEAR_CALM,0.00740033406313554,1,MAX_DAYS,10,19.268573760986328,19.434289932250977,18.120989793195772,PRICE,TRAIN,2022-07
VIVT3.SA,BULL_CALM,-0.02757108478617267,0,STOP_LOSS,4,18.75377082824707,18.259213547674914,18.259213547674914,PRICE,TEST,2022-07
VIVT3.SA,BULL_CALM,-0.03200558766738495,0,STOP_LOSS,5,18.022876739501953,17.467671430084753,17.467671430084753,PRICE,TEST,2022-07
WEGE3.SA,BEAR_CALM,0.01880772064158074,1,SIGNAL,1,24.699594497680664,25.193777084350586,23.291652234665975,PRICE,TRAIN,2022-07
WEGE3.SA,SIDEWAYS_CALM,-0.03373571225523555,0,STOP_LOSS,5,35.25945281982422,34.11226140860136,34.11226140860136,PRICE,TEST,2022-07
WEGE3.SA,BEAR_CALM,0.07825090771505447,1,PROFIT_TARGET,7,34.18811798095703,36.90439498761344,32.829979477628825,PRICE,TEST,2022-07
YDUQ3.SA,BEAR_CALM,0.10991122090703173,1,SIGNAL,2,11.581174850463867,12.867973327636719,10.434246737414437,PRICE,TRAIN,2022-07
YDUQ3.SA,BEAR_CALM,-0.12447081523779993,0,STOP_LOSS,3,9.725577354431152,8.52669750529214,8.52669750529214,PRICE,TRAIN,2022-07
YDUQ3.SA,BEAR_CALM,-0.0055056740108261545,0,MAX_DAYS,10,8.662569999694824,8.625271797180176,7.576917704633921,PRICE,TRAIN,2022-07
ALOS3.SA,BULL_CALM,0.006426336064904926,1,SIGNAL,1,18.043983459472656,18.18159294128418,16.805501663719493,PRICE,TRAIN,2022-10
ALOS3.SA,BULL_CALM,0.010971227691939901,1,MAX_DAYS,10,17.665563583374023,17.88057518005371,16.795950191591714,PRICE,TRAIN,2022-10
ALOS3.SA,BULL_CALM,0.09363940818483737,1,SIGNAL,5,19.029682159423828,20.83444595336914,17.658411655231586,PRICE,TEST,2022-10
ASAI3.SA,BULL_CALM,0.05079131360210951,1,SIGNAL,5,17.651498794555664,18.569223403930664,16.04060454182124,PRICE,TRAIN,2022-10
ASAI3.SA,BEAR_CALM,-0.059511559837521454,0,MAX_DAYS,10,11.285013198852539,10.62696647644043,10.430533578098007,PRICE,TEST,2022-10
AURE3.SA,SIDEWAYS_CALM,-0.009656817437095809,0,MAX_DAYS,10,11.114825248718262,11.020829200744629,10.292375067901363,PRICE,TRAIN,2022-10
AURE3.SA,SIDEWAYS_CALM,0.03509625259594382,1,MAX_DAYS,10,11.687447547912598,12.111658096313477,11.30652320638661,PRICE,TRAIN,2022-10
AURE3.SA,SIDEWAYS_CALM,-0.013663386153216293,0,MAX_DAYS,10,11.8086519241333,11.661476135253906,11.531615551875019,PRICE,TEST,2022-10
ABEV3.SA,BULL_CALM,-0.07509161276385237,0,STOP_LOSS,5,13.363557815551758,12.376102976297654,12.376102976297654,PRICE,TRAIN,2022-10
ABEV3.SA,SIDEWAYS_CALM,0.03544213907376812,1,MAX_DAYS,10,12.351417541503906,12.803999900817871,11.547053010557962,PRICE,TRAIN,2022-10
ABEV3.SA,BEAR_CALM,-0.01101865506211621,0,END_CLOSED,6,11.46897029876709,11.35636043548584,11.060601351718446,PRICE,TRAIN,2022-10
B3SA3.SA,BEAR_CALM,-0.03253148612075787,0,MAX_DAYS,10,10.864888191223145,10.52447509765625,9.834188044440975,PRICE,TEST,2022-10
BBDC3.SA,BULL_CALM,0.014415811013172332,1,SIGNAL,1,13.182251930236816,13.388103485107422,12.123176042126595,PRICE,TRAIN,2022-10
BBDC3.SA,BULL_CALM,-0.022476509233967844,0,MAX_DAYS,10,12.900157928466797,12.625687599182129,11.994677773862856,PRICE,TRAIN,2022-10
BBDC3.SA,SIDEWAYS_CALM,0.011599810728114647,1,END_CLOSED,6,10.190160751342773,10.320592880249023,9.816358919104132,PRICE,TRAIN,2022-10
BBDC3.SA,BEAR_CALM,0.03795152402193378,1,SIGNAL,5,10.008367538452148,10.4002103805542,9.59013878062031,PRICE,TEST,2022-10
AZUL4.SA,BEAR_CALM,0.00424744690631771,1,MAX_DAYS,10,12.850000381469727,12.920000076293945,10.750000953674316,PRICE,TEST,2022-10
BBAS3.SA,BULL_CALM,0.06048716696961063,1,MAX_DAYS,10,15.350285530090332,16.29720115661621,13.288189970380033,PRICE,TRAIN,2022-10
BBAS3.SA,BULL_CALM,0.05262114403137961,1,PROFIT_TARGET,3,20.314495086669922,21.407844452654338,19.767820403677714,PRICE,TEST,2022-10
BEEF3.SA,BEAR_CALM,0.027219142229780148,1,MAX_DAYS,10,10.691307067871094,10.995144844055176,9.610239995215922,PRICE,TRAIN,2022-10
BEEF3.SA,BEAR_CALM,-0.007342529315232625,0,END_CLOSED,3,8.140000343322754,8.09000015258789,7.64000061580113,PRICE,TRAIN,2022-10
BEEF3.SA,BEAR_CALM,-0.05901061013688926,0,STOP_LOSS,10,8.130000114440918,7.659999847412109,7.659999847412109,PRICE,TEST,2022-10
BEEF3.SA,BEAR_CALM,0.04303591447970354,1,MAX_DAYS,10,7.460000038146973,7.789999961853027,7.004615416893592,PRICE,TEST,2022-10
BEEF3.SA,BEAR_CALM,0.029591793674664447,1,MAX_DAYS,10,6.820000171661377,7.03000020980835,6.248571463993618,PRICE,TEST,2022-10
BBDC4.SA,BULL_CALM,0.00965960177664802,1,SIGNAL,1,16.24906349182129,16.425521850585938,14.91495085314051,PRICE,TRAIN,2022-10
BBDC4.SA,BULL_CALM,-0.031487528419361,0,MAX_DAYS,10,15.704352378845215,15.228706359863281,14.477167071101944,PRICE,TRAIN,2022-10
BBDC4.SA,SIDEWAYS_CALM,-0.0596450771715489,0,STOP_LOSS,9,14.476856231689453,13.630755252026944,13.630755252026944,PRICE,TRAIN,2022-10
BBDC4.SA,BEAR_CALM,-0.05675120501650235,0,STOP_LOSS,3,11.517613410949707,10.877796107057224,10.877796107057224,PRICE,TRAIN,2022-10
BBDC4.SA,BEAR_CALM,0.13904947364612105,1,PROFIT_TARGET,6,10.777987480163574,12.289594551220997,10.022183944634863,PRICE,TRAIN,2022-10
BBDC4.SA,BEAR_CALM,0.0325884186140367,1,SIGNAL,1,11.408697128295898,11.79417896270752,10.941581418144114,PRICE,TEST,2022-10
BBSE3.SA,BEAR_CALM,0.04511150190416733,1,MAX_DAYS,10,23.72156524658203,24.820146560668945,22.893142880769574,PRICE,TRAIN,2022-10
BPAC11.SA,BULL_CALM,0.058972792798306674,1,SIGNAL,6,28.483156204223633,30.197067260742188,26.92074939322119,PRICE,TEST,2022-10
CMIG4.SA,BULL_CALM,-0.03511241907204623,0,MAX_DAYS,10,6.886929988861084,6.653377532958984,6.567931927605755,PRICE,TEST,2022-10
BRAP4.SA,SIDEWAYS_CALM,0.0124082214474329,1,MAX_DAYS,10,18.380077362060547,18.630197525024414,17.315291815416636,PRICE,TRAIN,2022-10
BRAP4.SA,BEAR_CALM,-0.031789276796273434,0,STOP_LOSS,10,16.727209091186523,16.215535862267078,16.215535862267078,PRICE,TEST,2022-10
BRAP4.SA,BEAR_CALM,0.07850762643539641,1,PROFIT_TARGET,9,16.004844665527344,17.280552845283744,15.366990575649144,PRICE,TEST,2022-10
BRKM5.SA,BEAR_CALM,0.02106179966078745,1,MAX_DAYS,10,22.459999084472656,22.959999084472656,20.44857052394322,PRICE,TRAIN,2022-10
BRKM5.SA,BEAR_CALM,-0.06276958236215804,0,STOP_LOSS,6,18.8700008392334,17.708182768388227,17.708182768388227,PRICE,TEST,2022-10
BRKM5.SA,BEAR_CALM,-0.06217169991447471,0,STOP_LOSS,2,17.760000228881836,16.67714282444545,16.67714282444545,PRICE,TEST,2022-10
CMIN3.SA,BULL_CALM,0.005129127671127921,1,MAX_DAYS,10,3.7320852279663086,3.7557060718536377,3.566739138839996,PRICE,TEST,2022-10
COGN3.SA,BEAR_CALM,0.08617865693406021,1,MAX_DAYS,10,2.0056746006011963,2.1809277534484863,1.774785475734821,PRICE,TRAIN,2022-10
COGN3.SA,SIDEWAYS_CALM,-0.06025511279640885,0,MAX_DAYS,10,2.4730162620544434,2.326972007751465,2.258817744246724,PRICE,TEST,2022-10
CPFE3.SA,BULL_CALM,-0.02399852897321588,0,MAX_DAYS,10,32.13311767578125,31.400529861450195,29.4866425700892,PRICE,TRAIN,2022-10
CPFE3.SA,BULL_CALM,0.07167105769316348,1,MAX_DAYS,10,31.290637969970703,33.57081985473633,29.41972209756352,PRICE,TRAIN,2022-10
CPFE3.SA,BULL_CALM,-0.03840376868720854,0,MAX_DAYS,10,33.33000183105469,32.09000015258789,31.939998626708984,PRICE,TEST,2022-10
CSAN3.SA,BEAR_CALM,-0.10629041336097325,0,STOP_LOSS,4,17.181968688964844,15.376308497086228,15.376308497086228,PRICE,TRAIN,2022-10
CPLE6.SA,SIDEWAYS_CALM,-0.06547503442660743,0,STOP_LOSS,7,5.907144546508789,5.52746262741899,5.52746262741899,PRICE,TRAIN,2022-10
CPLE6.SA,BULL_CALM,-0.04842545426367397,0,STOP_LOSS,10,8.11192798614502,7.728838502045111,7.728838502045111,PRICE,TEST,2022-10
CSNA3.SA,BEAR_CALM,-0.04357280902381535,0,MAX_DAYS,10,10.167830467224121,9.736990928649902,9.642204805101303,PRICE,TEST,2022-10
CSNA3.SA,BEAR_CALM,0.09890252708259348,1,PROFIT_TARGET,10,9.693906784057617,10.66429135044488,9.208714500863985,PRICE,TEST,2022-10
CVCB3.SA,BEAR_CALM,-0.04648306402231386,0,MAX_DAYS,10,2.6500000953674316,2.5299999713897705,2.364285775593349,PRICE,TRAIN,2022-10
CVCB3.SA,BEAR_CALM,-0.1012000000000001,0,HARD_STOP,2,2.430000066757202,2.187000060081482,2.1757143565586636,PRICE,TRAIN,2022-10
CVCB3.SA,BEAR_CALM,0.041535105435526055,1,MAX_DAYS,10,2.3399999141693115,2.440000057220459,2.0999999727521623,PRICE,TRAIN,2022-10
CVCB3.SA,BEAR_CALM,0.11619129848876816,1,MAX_DAYS,10,2.299999952316284,2.569999933242798,1.961428540093558,PRICE,TRAIN,2022-10
CVCB3.SA,BEAR_CALM,0.07411373240079419,1,SIGNAL,1,2.390000104904175,2.569999933242798,2.0199999809265137,PRICE,TEST,2022-10
CXSE3.SA,BULL_CALM,0.02619721428545372,1,MAX_DAYS,10,6.533646583557129,6.712650299072266,6.0190096665418125,PRICE,TRAIN,2022-10
CYRE3.SA,BULL_CALM,-0.06678215929463807,0,MAX_DAYS,10,17.432819366455078,16.28953742980957,14.933555937456013,PRICE,TRAIN,2022-10
CYRE3.SA,BULL_CALM,-0.08669422970641019,0,STOP_LOSS,3,16.112285614013672,14.734778166633898,14.734778166633898,PRICE,TRAIN,2022-10
CYRE3.SA,SIDEWAYS_CALM,-0.1246022463032869,0,STOP_LOSS,4,13.47121810913086,11.808839534022594,11.808839534022594,PRICE,TRAIN,2022-10
CYRE3.SA,BULL_CALM,-0.059685603220515325,0,MAX_DAYS,10,17.56233024597168,16.535186767578125,16.296740772241908,PRICE,TEST,2022-10
DIRR3.SA,BULL_CALM,-0.05307308059200757,0,MAX_DAYS,10,4.520326137542725,4.2858428955078125,3.957564736806729,PRICE,TRAIN,2022-10
DIRR3.SA,BULL_CALM,0.08853562029104642,1,MAX_DAYS,10,4.238945960998535,4.619330406188965,3.8834125232331376,PRICE,TRAIN,2022-10
DIRR3.SA,BULL_CALM,-0.11678812349958637,0,STOP_LOSS,3,3.6579463481903076,3.2351311939408256,3.2351311939408256,PRICE,TRAIN,2022-10
ECOR3.SA,BEAR_CALM,-0.04492629202306755,0,MAX_DAYS,10,4.832134246826172,4.620842933654785,4.42267577753693,PRICE,TRAIN,2022-10
ECOR3.SA,BULL_CALM,-0.027406860280337696,0,MAX_DAYS,10,6.672917366027832,6.498041152954102,6.010227841481236,PRICE,TEST,2022-10
EGIE3.SA,SIDEWAYS_CALM,-0.03297382271395046,0,MAX_DAYS,10,23.489561080932617,22.743207931518555,21.82642549979527,PRICE,TRAIN,2022-10
EGIE3.SA,BEAR_CALM,0.05437009117341649,1,MAX_DAYS,10,22.737329483032227,24.000844955444336,21.84224707592145,PRICE,TRAIN,2022-10
EGIE3.SA,SIDEWAYS_CALM,-0.013503150255697392,0,MAX_DAYS,10,26.017635345458984,25.69753646850586,25.140564871334657,PRICE,TEST,2022-10
ELET3.SA,BULL_CALM,0.059494452476480976,1,MAX_DAYS,10,39.05023193359375,41.42036437988281,35.578130724092226,PRICE,TRAIN,2022-10
ELET3.SA,BEAR_CALM,-0.07619451403948788,0,STOP_LOSS,4,28.20537567138672,26.090127229609877,26.090127229609877,PRICE,TRAIN,2022-10
ELET3.SA,BEAR_CALM,0.07334011041670893,1,MAX_DAYS,10,27.1033992767334,29.123689651489258,24.90818929095896,PRICE,TRAIN,2022-10
ELET3.SA,BEAR_CALM,-0.04454280645973099,0,MAX_DAYS,10,31.073951721191406,29.72711944580078,29.427825491049266,PRICE,TEST,2022-10
EMBR3.SA,BEAR_CALM,-0.03606998513585371,0,STOP_LOSS,3,16.90260887145996,16.313215151355003,16.313215151355003,PRICE,TEST,2022-10
EMBR3.SA,BEAR_CALM,0.057728615061850876,1,MAX_DAYS,10,16.782732009887695,17.77171516418457,15.943595236144558,PRICE,TEST,2022-10
ELET6.SA,BULL_CALM,0.08448332851776938,1,MAX_DAYS,10,37.495574951171875,40.70832061767578,34.67324198423459,PRICE,TRAIN,2022-10
ELET6.SA,BEAR_CALM,0.019504247565189294,1,MAX_DAYS,10,34.17709732055664,34.884708404541016,31.72425637822874,PRICE,TRAIN,2022-10
ELET6.SA,BEAR_CALM,0.051049550510576226,1,MAX_DAYS,10,28.0200138092041,29.484046936035156,26.379364188507427,PRICE,TRAIN,2022-10
ELET6.SA,SIDEWAYS_CALM,-0.03699648089069576,0,MAX_DAYS,10,33.100440979003906,31.91556167602539,31.7293676083964,PRICE,TEST,2022-10
ENGI11.SA,SIDEWAYS_CALM,0.051096582456020424,1,SIGNAL,9,34.179805755615234,35.96729278564453,31.964877091183652,PRICE,TRAIN,2022-10
ENEV3.SA,BEAR_CALM,0.006799975031072415,1,MAX_DAYS,10,13.75,13.859999656677246,12.8757141658238,PRICE,TRAIN,2022-10
ENEV3.SA,BEAR_CALM,-0.043828817598017954,0,MAX_DAYS,10,11.260000228881836,10.779999732971191,10.420000076293945,PRICE,TEST,2022-10
EQTL3.SA,BULL_CALM,-0.03257875639266774,0,STOP_LOSS,3,29.23813819885254,28.32068178293559,28.32068178293559,PRICE,TEST,2022-10
EZTC3.SA,BULL_CALM,-0.03264657633484471,0,MAX_DAYS,10,18.6091365814209,18.023942947387695,16.201486284087107,PRICE,TRAIN,2022-10
EZTC3.SA,BULL_CALM,-0.009816464083522235,0,MAX_DAYS,10,17.463829040527344,17.313352584838867,15.961619345642788,PRICE,TRAIN,2022-10
EZTC3.SA,BEAR_CALM,-0.10119999999999998,0,HARD_STOP,6,12.128777503967285,10.915899753570557,10.856939779186304,PRICE,TRAIN,2022-10
EZTC3.SA,BEAR_CALM,0.04685490805043422,1,MAX_DAYS,10,11.042242050170898,11.5728759765625,9.854631507267733,PRICE,TRAIN,2022-10
GGBR4.SA,BEAR_CALM,-0.061741069462668906,0,STOP_LOSS,10,17.6262264251709,16.559115826799896,16.559115826799896,PRICE,TEST,2022-10
GGBR4.SA,BEAR_CALM,0.08473717989194526,1,PROFIT_TARGET,10,16.506139755249023,17.92463085671745,15.79689420451481,PRICE,TEST,2022-10
HAPV3.SA,BEAR_CALM,-0.06726212606988594,0,MAX_DAYS,10,115.79999542236328,108.1500015258789,103.13999481201172,PRICE,TRAIN,2022-10
HAPV3.SA,BEAR_CALM,-0.05601484495563271,0,MAX_DAYS,10,101.25,95.69999694824219,89.87142835344586,PRICE,TRAIN,2022-10
HAPV3.SA,BEAR_CALM,-0.10119999999999998,0,HARD_STOP,5,69.5999984741211,62.63999862670899,60.32142802647182,PRICE,TRAIN,2022-10
HAPV3.SA,BULL_CALM,-0.10119999999999998,0,HARD_STOP,3,64.79999542236328,58.31999588012695,56.399993896484375,PRICE,TEST,2022-10
HAPV3.SA,SIDEWAYS_CALM,-0.0012,0,MAX_DAYS,10,61.20000076293945,61.20000076293945,52.949999491373696,PRICE,TEST,2022-10
HAPV3.SA,BEAR_CALM,0.15120647565617892,1,MAX_DAYS,10,56.099998474121094,64.6500015258789,48.985712323869976,PRICE,TEST,2022-10
GOAU4.SA,BEAR_CALM,-0.003883457866101468,0,END_CLOSED,3,9.510238647460938,9.484718322753906,9.103142471957046,PRICE,TRAIN,2022-10
GOAU4.SA,BEAR_CALM,-0.05305177081982506,0,STOP_LOSS,10,9.186992645263672,8.710630808098042,8.710630808098042,PRICE,TEST,2022-10
GOAU4.SA,BEAR_CALM,0.08533718170644752,1,PROFIT_TARGET,7,8.566018104553223,9.307297169767665,8.195378571946002,PRICE,TEST,2022-10
IGTI11.SA,BEAR_CALM,0.04666400448052941,1,SIGNAL,4,18.18918800354004,19.059795379638672,17.121993321050788,PRICE,TEST,2022-10
HYPE3.SA,BULL_CALM,0.01817473820926705,1,SIGNAL,1,40.308555603027344,41.08952331542969,38.107651889971144,PRICE,TRAIN,2022-10
HYPE3.SA,BEAR_CALM,0.004311888685314048,1,END_CLOSED,6,33.764766693115234,33.95087432861328,31.941536118323487,PRICE,TRAIN,2022-10
HYPE3.SA,BEAR_CALM,-0.06406726761754203,0,STOP_LOSS,10,31.1170597076416,29.160815187530265,29.160815187530265,PRICE,TEST,2022-10
ITSA4.SA,BULL_CALM,0.005582862951384417,1,MAX_DAYS,10,6.563655853271484,6.608176231384277,5.984885023134791,PRICE,TRAIN,2022-10
ITSA4.SA,SIDEWAYS_CALM,-0.008010402331258291,0,MAX_DAYS,10,6.693880081176758,6.648292064666748,6.481134742207228,PRICE,TEST,2022-10
IRBR3.SA,BEAR_CALM,0.017847570607018783,1,MAX_DAYS,10,31.5,32.099998474121094,25.799999237060547,PRICE,TRAIN,2022-10
IRBR3.SA,BEAR_CALM,-0.06064907771076502,0,MAX_DAYS,10,20.690000534057617,19.459999084472656,18.72428594316755,PRICE,TRAIN,2022-10
IRBR3.SA,BULL_CALM,0.07723139271514365,1,SIGNAL,5,40.79999923706055,44.0,36.56999969482422,PRICE,TEST,2022-10
KLBN11.SA,BEAR_CALM,0.011641079590311555,1,SIGNAL,1,14.018502235412598,14.198514938354492,13.103436894713633,PRICE,TRAIN,2022-10
KLBN11.SA,BULL_CALM,-0.04157385556994688,0,MAX_DAYS,10,18.878822326660156,18.11661148071289,18.052420963472066,PRICE,TEST,2022-10
KLBN11.SA,BULL_CALM,0.010761452959521335,1,MAX_DAYS,10,17.99626350402832,18.211524963378906,17.205394468484833,PRICE,TEST,2022-10
ITUB4.SA,BULL_CALM,0.06031743495162232,1,MAX_DAYS,10,21.585098266601562,22.9129581451416,20.36420544436887,PRICE,TRAIN,2022-10
ITUB4.SA,SIDEWAYS_CALM,0.03789807705307933,1,SIGNAL,2,20.79424476623535,21.60725975036621,20.153206434749595,PRICE,TEST,2022-10
LREN3.SA,BULL_CALM,0.01881308715790562,1,SIGNAL,1,23.78509521484375,24.2611083984375,21.19079096962301,PRICE,TRAIN,2022-10
LREN3.SA,BEAR_CALM,-0.07671152412035223,0,STOP_LOSS,9,12.702778816223145,11.743572627246412,11.743572627246412,PRICE,TRAIN,2022-10
LREN3.SA,BEAR_CALM,-0.027329064370294052,0,END_CLOSED,6,11.381103515625,11.083725929260254,10.270382870174616,PRICE,TRAIN,2022-10
LWSA3.SA,BEAR_CALM,0.09640274894659603,1,SIGNAL,3,5.6673431396484375,6.220491409301758,4.939516547956025,PRICE,TEST,2022-10
MRVE3.SA,BULL_CALM,-0.10119999999999998,0,HARD_STOP,6,12.170000076293945,10.95300006866455,10.489999771118164,PRICE,TRAIN,2022-10
MRVE3.SA,SIDEWAYS_CALM,-0.12890907673096622,0,STOP_LOSS,1,10.510000228881836,9.167777803209093,9.167777803209093,PRICE,TRAIN,2022-10
MRVE3.SA,BEAR_CALM,-0.10119999999999987,0,HARD_STOP,4,9.449999809265137,8.504999828338624,8.275713920593262,PRICE,TRAIN,2022-10
MRVE3.SA,BEAR_CALM,-0.029074538988168162,0,MAX_DAYS,10,8.609999656677246,8.369999885559082,7.357142312186105,PRICE,TRAIN,2022-10
MRVE3.SA,BULL_CALM,0.026738338984175193,1,END_CLOSED,4,10.380000114440918,10.670000076293945,9.478571346827916,PRICE,TRAIN,2022-10
MGLU3.SA,BEAR_CALM,0.16109121874679463,1,MAX_DAYS,10,38.04556655883789,44.220027923583984,32.052708152089345,PRICE,TRAIN,2022-10
MGLU3.SA,BEAR_CALM,-0.09386413650389039,0,MAX_DAYS,10,23.517427444458008,21.338205337524414,21.234434497446493,PRICE,TRAIN,2022-10
MGLU3.SA,BEAR_CALM,-0.10119999999999998,0,HARD_STOP,3,20.33939552307129,18.30545597076416,17.796970866037288,PRICE,TRAIN,2022-10
MULT3.SA,BULL_CALM,-0.01335691482929071,0,MAX_DAYS,10,22.47492790222168,22.201702117919922,20.897275384252232,PRICE,TRAIN,2022-10
MULT3.SA,BULL_CALM,0.10527964692181588,1,PROFIT_TARGET,5,21.355587005615234,23.629522369781263,20.21861932353222,PRICE,TRAIN,2022-10
MULT3.SA,BEAR_CALM,0.07267090419987551,1,SIGNAL,5,21.651046752929688,23.250429153442383,20.563467300972036,PRICE,TEST,2022-10
PCAR3.SA,SIDEWAYS_CALM,0.02244191350825995,1,MAX_DAYS,10,19.8799991607666,20.350000381469727,18.520000457763672,PRICE,TRAIN,2022-10
PCAR3.SA,BEAR_CALM,0.056464231595007776,1,MAX_DAYS,10,13.699999809265137,14.489999771118164,12.624285697937012,PRICE,TRAIN,2022-10
PETR3.SA,BULL_CALM,0.06480566600506718,1,SIGNAL,2,19.11386489868164,20.37548828125,17.67897260214337,PRICE,TRAIN,2022-10
PETR3.SA,BULL_CALM,0.07993280654744792,1,SIGNAL,8,27.261188507080078,29.472965240478516,25.932640653694886,PRICE,TEST,2022-10
PETR4.SA,BULL_CALM,0.07179958784426951,1,SIGNAL,2,17.11800193786621,18.36760902404785,15.540985171603882,PRICE,TRAIN,2022-10
PETR4.SA,BULL_CALM,-0.04359030106486319,0,STOP_LOSS,1,24.71001625061035,23.662551222429318,23.662551222429318,PRICE,TEST,2022-10
PETR4.SA,BULL_CALM,0.10726316754210882,1,SIGNAL,5,23.80803108215332,26.39032554626465,22.473240307311634,PRICE,TEST,2022-10
PRIO3.SA,BULL_CALM,0.0714146111979169,1,SIGNAL,4,45.097564697265625,48.37230682373047,41.932649912451495,PRICE,TEST,2022-10
RADL3.SA,BULL_CALM,-0.020253459044664822,0,MAX_DAYS,10,21.8013916015625,21.38599967956543,19.93530231833284,PRICE,TRAIN,2022-10
RADL3.SA,BULL_CALM,0.030646772731162432,1,SIGNAL,3,26.011804580688477,26.84019660949707,25.158172899432394,PRICE,TEST,2022-10
RDOR3.SA,SIDEWAYS_CALM,-0.06548571830359487,0,STOP_LOSS,5,26.29840850830078,24.607796427103295,24.607796427103295,PRICE,TRAIN,2022-10
RDOR3.SA,BEAR_CALM,0.01846293271195152,1,END_CLOSED,2,23.573970794677734,24.037504196166992,21.7238927584864,PRICE,TRAIN,2022-10
RAIZ4.SA,BEAR_CALM,0.010215575934529132,1,SIGNAL,1,3.930919885635376,3.9757936000823975,3.6257802648113286,PRICE,TRAIN,2022-10
RAIZ4.SA,BEAR_CALM,-0.015519757772251362,0,MAX_DAYS,10,3.7604007720947266,3.706552743911743,3.458850855655805,PRICE,TRAIN,2022-10
RAIZ4.SA,SIDEWAYS_CALM,0.050823277087118736,1,SIGNAL,6,3.3103768825531006,3.482593536376953,3.0137827018144434,PRICE,TEST,2022-10
RAIL3.SA,BULL_CALM,0.12770846513828857,1,MAX_DAYS,10,17.332029342651367,19.566274642944336,15.76964454736037,PRICE,TRAIN,2022-10
RECV3.SA,BEAR_CALM,-0.07670917204024133,0,STOP_LOSS,6,15.531808853149414,14.359014826360811,14.359014826360811,PRICE,TRAIN,2022-10
RECV3.SA,BEAR_CALM,-0.04135181064718487,0,MAX_DAYS,10,14.557401657104492,13.972895622253418,13.372473511594949,PRICE,TRAIN,2022-10
RECV3.SA,BEAR_CALM,0.0948764804123435,1,MAX_DAYS,10,15.70272159576416,17.211383819580078,14.533706408523395,PRICE,TEST,2022-10
RENT3.SA,BEAR_CALM,-0.06490226132481583,0,STOP_LOSS,10,50.60679244995117,47.383025332493666,47.383025332493666,PRICE,TEST,2022-10
SBSP3.SA,BULL_CALM,0.03840076947359492,1,SIGNAL,5,57.134674072265625,59.39725112915039,54.32072441214075,PRICE,TEST,2022-10
SANB11.SA,SIDEWAYS_CALM,-0.05118411942367742,0,STOP_LOSS,3,25.824859619140625,24.534026751837796,24.534026751837796,PRICE,TRAIN,2022-10
SANB11.SA,SIDEWAYS_CALM,-0.05304445131822779,0,STOP_LOSS,8,24.645418167114258,23.367689984731935,23.367689984731935,PRICE,TRAIN,2022-10
SANB11.SA,BEAR_CALM,0.036932282561085696,1,SIGNAL,2,22.334550857543945,23.18621826171875,21.743597505197084,PRICE,TEST,2022-10
SLCE3.SA,BEAR_CALM,0.06930542494118583,1,MAX_DAYS,10,16.73070526123047,17.910310745239258,14.980961435747133,PRICE,TRAIN,2022-10
SLCE3.SA,BEAR_CALM,-0.039976235696246774,0,MAX_DAYS,10,17.008285522460938,16.34876823425293,16.033099735788653,PRICE,TRAIN,2022-10
SLCE3.SA,SIDEWAYS_CALM,-0.036923460218112124,0,STOP_LOSS,2,17.911314010620117,17.271459897107615,17.271459897107615,PRICE,TEST,2022-10
SLCE3.SA,BEAR_CALM,-0.018696686380442328,0,MAX_DAYS,10,17.225093841552734,16.9237117767334,16.381227294344107,PRICE,TEST,2022-10
SMFT3.SA,SIDEWAYS_CALM,0.0044638730642450955,1,MAX_DAYS,10,14.507994651794434,14.590166091918945,12.782373829529059,PRICE,TRAIN,2022-10
SMFT3.SA,BULL_CALM,-0.0462026685953433,0,MAX_DAYS,10,18.808351516723633,17.961925506591797,17.3748978374927,PRICE,TEST,2022-10
TAEE11.SA,BEAR_CALM,-0.00799874657273527,0,MAX_DAYS,10,27.644540786743164,27.456592559814453,26.737495274398473,PRICE,TEST,2022-10
TIMS3.SA,BEAR_CALM,0.04220678346591398,1,MAX_DAYS,10,9.0954008102417,9.490202903747559,8.194054775283346,PRICE,TRAIN,2022-10
TIMS3.SA,BULL_CALM,0.026558827388105756,1,SIGNAL,2,12.504311561584473,12.85141658782959,12.030214902438065,PRICE,TEST,2022-10
TOTS3.SA,SIDEWAYS_CALM,0.06322966235517544,1,MAX_DAYS,10,28.361886978149414,30.189233779907227,26.215181826461727,PRICE,TRAIN,2022-10
UGPA3.SA,BEAR_CALM,0.04816300154598672,1,MAX_DAYS,10,10.944524765014648,11.484779357910156,9.820445435412225,PRICE,TRAIN,2022-10
UGPA3.SA,BULL_CALM,0.00865213293920273,1,SIGNAL,1,16.25580406188965,16.415958404541016,15.196996502141175,PRICE,TEST,2022-10
USIM5.SA,BEAR_CALM,-0.010789129311592503,0,MAX_DAYS,10,6.730777263641357,6.666234970092773,6.221819684252416,PRICE,TRAIN,2022-10
USIM5.SA,BEAR_CALM,0.1308673461123567,1,PROFIT_TARGET,4,6.103800296783447,6.909913003179453,5.700743943585445,PRICE,TRAIN,2022-10
USIM5.SA,BEAR_CALM,0.02033841857319394,1,END_CLOSED,4,6.283288955688477,6.418621063232422,6.031957445094261,PRICE,TRAIN,2022-10
USIM5.SA,BEAR_CALM,-0.041261670566975404,0,STOP_LOSS,4,6.273622035980225,6.022290256713068,6.022290256713068,PRICE,TEST,2022-10
USIM5.SA,BEAR_CALM,-0.041109263963990526,0,STOP_LOSS,7,6.089957237243652,5.846911526333081,5.846911526333081,PRICE,TEST,2022-10
USIM5.SA,BEAR_CALM,0.0807079081691183,1,PROFIT_TARGET,5,5.732292652130127,6.201812752279313,5.497532602055534,PRICE,TEST,2022-10
VALE3.SA,BULL_CALM,0.04743791946156182,1,MAX_DAYS,10,62.94088363647461,66.002197265625,59.80425443690549,PRICE,TRAIN,2022-10
VALE3.SA,BEAR_CALM,-0.01952381521337212,0,MAX_DAYS,10,54.96600341796875,53.95881652832031,53.29836409142138,PRICE,TEST,2022-10
VALE3.SA,BEAR_CALM,0.08394912248039041,1,PROFIT_TARGET,6,51.746307373046875,56.152460037462376,49.543231040839125,PRICE,TEST,2022-10
VBBR3.SA,BEAR_CALM,-0.08813293277796178,0,STOP_LOSS,7,13.94965648651123,12.736971936893692,12.736971936893692,PRICE,TRAIN,2022-10
VBBR3.SA,BEAR_CALM,0.06232006849485892,1,MAX_DAYS,10,12.925275802612305,13.74629020690918,12.006345811183504,PRICE,TRAIN,2022-10
VBBR3.SA,BULL_CALM,0.02191827730185745,1,SIGNAL,1,14.694361686706543,15.034070014953613,13.825341878960375,PRICE,TEST,2022-10
VIVT3.SA,BEAR_CALM,-0.01165192162847064,0,MAX_DAYS,10,17.118637084960938,16.939714431762695,15.828706344672312,PRICE,TRAIN,2022-10
WEGE3.SA,BULL_CALM,0.041218703700261906,1,MAX_DAYS,10,31.197479248046875,32.520835876464844,27.8937735963622,PRICE,TRAIN,2022-10
WEGE3.SA,BEAR_CALM,0.024667235770168362,1,MAX_DAYS,10,33.57395553588867,34.442420959472656,32.29195710300037,PRICE,TRAIN,2022-10
WEGE3.SA,BEAR_CALM,-0.026221472934658728,0,MAX_DAYS,10,33.52726364135742,32.68836212158203,31.94480174280924,PRICE,TEST,2022-10
WEGE3.SA,BEAR_CALM,-0.0419052365599172,0,STOP_LOSS,4,32.35470962524414,31.037703516121148,31.037703516121148,PRICE,TEST,2022-10
YDUQ3.SA,BEAR_CALM,-0.12447081523779993,0,STOP_LOSS,3,9.725577354431152,8.52669750529214,8.52669750529214,PRICE,TRAIN,2022-10
YDUQ3.SA,BEAR_CALM,-0.0055056740108261545,0,MAX_DAYS,10,8.662569999694824,8.625271797180176,7.576917704633921,PRICE,TRAIN,2022-10
YDUQ3.SA,BULL_CALM,0.07489256373344708,1,SIGNAL,1,18.36124038696289,19.758394241333008,17.303936063555945,PRICE,TEST,2022-10
ABEV3.SA,SIDEWAYS_CALM,0.00444563830077347,1,SIGNAL,1,12.274571418762207,12.34386920928955,11.659543487763257,PRICE,TRAIN,2023-01
ABEV3.SA,BEAR_CALM,0.02379992702102749,1,MAX_DAYS,10,11.434321403503418,11.720178604125977,10.706683010156727,PRICE,TRAIN,2023-01
ABEV3.SA,BEAR_CALM,0.03551190976263983,1,MAX_DAYS,10,10.85394287109375,11.252411842346191,10.407212336157153,PRICE,TRAIN,2023-01
ABEV3.SA,SIDEWAYS_CALM,-0.01370002404072692,0,MAX_DAYS,10,12.396597862243652,12.241640090942383,12.104913491258726,PRICE,TEST,2023-01
ABEV3.SA,BEAR_CALM,-0.015770588818643037,0,MAX_DAYS,10,11.886150360107422,11.71296215057373,11.522846433247846,PRICE,TEST,2023-01
ABEV3.SA,BEAR_CALM,0.0592567866732213,1,PROFIT_TARGET,8,11.630926132202148,12.334094552188688,11.279341922208879,PRICE,TEST,2023-01
ASAI3.SA,BULL_CALM,0.060594678331145825,1,SIGNAL,6,18.20366096496582,19.328550338745117,16.922264649484895,PRICE,TRAIN,2023-01
ASAI3.SA,SIDEWAYS_CALM,0.019665563906750318,1,SIGNAL,1,12.70914363861084,12.974327087402344,11.766270488895703,PRICE,TEST,2023-01
ALOS3.SA,BEAR_CALM,0.13230462870440127,1,SIGNAL,5,13.399681091308594,15.188600540161133,12.118197878747573,PRICE,TRAIN,2023-01
ALOS3.SA,BULL_CALM,-0.03420975360864433,0,MAX_DAYS,10,22.780765533447266,22.028778076171875,21.586433799065667,PRICE,TEST,2023-01
ALOS3.SA,BULL_CALM,0.011525599362843898,1,MAX_DAYS,10,21.551050186157227,21.825300216674805,20.51800471793277,PRICE,TEST,2023-01
AURE3.SA,SIDEWAYS_CALM,0.03509625259594382,1,MAX_DAYS,10,11.687447547912598,12.111658096313477,11.30652320638661,PRICE,TRAIN,2023-01
B3SA3.SA,BULL_CALM,-0.02950853374313147,0,MAX_DAYS,10,13.454208374023438,13.073339462280273,12.80673114434422,PRICE,TEST,2023-01
BBDC3.SA,BEAR_CALM,0.06981261078605247,1,MAX_DAYS,10,9.603151321411133,10.285096168518066,8.80773256120863,PRICE,TRAIN,2023-01
BBDC3.SA,SIDEWAYS_CALM,0.010600574217058824,1,MAX_DAYS,10,10.190160751342773,10.310410499572754,9.816358919104132,PRICE,TRAIN,2023-01
BBDC3.SA,BULL_CALM,-0.04251846833113517,0,STOP_LOSS,7,12.340154647827148,11.830278358809592,11.830278358809592,PRICE,TEST,2023-01
BBDC3.SA,BULL_CALM,0.06449776938407234,1,PROFIT_TARGET,2,11.663065910339355,12.429303324828066,11.279947203095,PRICE,TEST,2023-01
BBDC3.SA,BEAR_CALM,0.04641896488502426,1,MAX_DAYS,10,10.429182052612305,10.925808906555176,10.062579220785686,PRICE,TEST,2023-01
AZUL4.SA,BEAR_CALM,0.03817013565078695,1,SIGNAL,1,10.15999984741211,10.5600004196167,8.959999084472656,PRICE,TRAIN,2023-01
AZUL4.SA,BEAR_CALM,-0.10119999999999998,0,HARD_STOP,9,14.210000038146973,12.789000034332275,12.380000114440918,PRICE,TEST,2023-01
BBAS3.SA,BEAR_CALM,0.05792989032273441,1,SIGNAL,2,13.20551872253418,13.986359596252441,12.274981549390004,PRICE,TRAIN,2023-01
BBAS3.SA,BULL_CALM,0.019268346127265003,1,MAX_DAYS,10,23.867080688476562,24.355600357055664,23.22745633940642,PRICE,TEST,2023-01
BPAC11.SA,BULL_CALM,0.014414574785981273,1,MAX_DAYS,10,34.83012390136719,35.37398147583008,32.876050033667866,PRICE,TEST,2023-01
BBDC4.SA,BEAR_CALM,0.12083806932843397,1,SIGNAL,5,10.777987480163574,12.09331226348877,9.885281065380637,PRICE,TRAIN,2023-01
BBDC4.SA,BULL_CALM,-0.039521851627662995,0,STOP_LOSS,5,14.163824081420898,13.621040116492367,13.621040116492367,PRICE,TEST,2023-01
BBDC4.SA,BULL_CALM,-0.019542857934858347,0,MAX_DAYS,10,13.55509090423584,13.306451797485352,12.96071823154501,PRICE,TEST,2023-01
BBDC4.SA,BULL_CALM,0.07139197588143106,1,PROFIT_TARGET,4,13.160696983337402,14.116057981334652,12.683016484338777,PRICE,TEST,2023-01
BEEF3.SA,BEAR_CALM,0.07416467572826288,1,SIGNAL,3,11.716761589050293,12.599791526794434,10.529894475496349,PRICE,TRAIN,2023-01
BEEF3.SA,BEAR_CALM,0.027219142229780148,1,MAX_DAYS,10,10.691307067871094,10.995144844055176,9.610239995215922,PRICE,TRAIN,2023-01
BEEF3.SA,BEAR_CALM,-0.015467202719864258,0,MAX_DAYS,10,7.710000038146973,7.599999904632568,7.282857349940708,PRICE,TRAIN,2023-01
BEEF3.SA,BEAR_CALM,0.029591793674664447,1,MAX_DAYS,10,6.820000171661377,7.03000020980835,6.248571463993618,PRICE,TRAIN,2023-01
BEEF3.SA,BEAR_CALM,0.02582696653098391,1,MAX_DAYS,10,7.03000020980835,7.21999979019165,6.502857344491141,PRICE,TRAIN,2023-01
BEEF3.SA,BEAR_CALM,0.028978363262005626,1,MAX_DAYS,10,7.289999961853027,7.510000228881836,6.928571496691022,PRICE,TRAIN,2023-01
BEEF3.SA,BEAR_CALM,-0.0454599853361032,0,STOP_LOSS,9,7.230000019073486,6.910000324249268,6.910000324249268,PRICE,TEST,2023-01
BEEF3.SA,BEAR_CALM,0.013614800686306473,1,MAX_DAYS,10,6.75,6.849999904632568,6.40500013033549,PRICE,TEST,2023-01
BBSE3.SA,BULL_CALM,0.06155132294409724,1,MAX_DAYS,10,24.081113815307617,25.592235565185547,22.361564766625804,PRICE,TRAIN,2023-01
BBSE3.SA,BEAR_CALM,0.04511150190416733,1,MAX_DAYS,10,23.72156524658203,24.820146560668945,22.893142880769574,PRICE,TRAIN,2023-01
BBSE3.SA,BULL_CALM,0.010497589979608792,1,MAX_DAYS,10,27.521699905395508,27.843637466430664,26.732901708237385,PRICE,TEST,2023-01
BRAP4.SA,BULL_CALM,0.033306078863375534,1,SIGNAL,2,21.12422752380371,21.85314178466797,20.009417519370924,PRICE,TRAIN,2023-01
BRAP4.SA,SIDEWAYS_CALM,0.0124082214474329,1,MAX_DAYS,10,18.380077362060547,18.630197525024414,17.315291815416636,PRICE,TRAIN,2023-01
BRAP4.SA,BULL_CALM,-0.03532700522766077,0,STOP_LOSS,3,20.30801010131836,19.61495853442728,19.61495853442728,PRICE,TEST,2023-01
BRAP4.SA,BULL_CALM,-0.03921608380771515,0,STOP_LOSS,5,19.38125228881836,18.64445297750817,18.64445297750817,PRICE,TEST,2023-01
BRAP4.SA,BULL_CALM,-0.04388793076860922,0,STOP_LOSS,3,18.365856170654297,17.58185577393517,17.58185577393517,PRICE,TEST,2023-01
BRAP4.SA,SIDEWAYS_CALM,-0.044044410851403336,0,STOP_LOSS,9,18.003211975097656,17.23187496459167,17.23187496459167,PRICE,TEST,2023-01
BRAP4.SA,SIDEWAYS_CALM,-0.041472871071943106,0,STOP_LOSS,6,17.551923751831055,16.845057389508987,16.845057389508987,PRICE,TEST,2023-01
BRAP4.SA,BEAR_CALM,-0.04474142694797947,0,STOP_LOSS,9,16.65740394592285,15.932116808868466,15.932116808868466,PRICE,TEST,2023-01
CMIG4.SA,SIDEWAYS_CALM,0.09551350417008195,1,SIGNAL,6,5.73130989074707,6.285604953765869,5.284644087197952,PRICE,TRAIN,2023-01
BRKM5.SA,BEAR_CALM,0.02106179966078745,1,MAX_DAYS,10,22.459999084472656,22.959999084472656,20.139999389648438,PRICE,TRAIN,2023-01
BRKM5.SA,BEAR_CALM,-0.06510552980211429,0,STOP_LOSS,4,17.65999984741211,16.53142820085798,16.53142820085798,PRICE,TRAIN,2023-01
BRKM5.SA,BEAR_CALM,0.14845986541668518,1,PROFIT_TARGET,2,17.639999389648438,20.27999932425363,16.31999942234584,PRICE,TRAIN,2023-01
BRKM5.SA,BEAR_CALM,-0.0164369391014342,0,MAX_DAYS,10,17.719999313354492,17.450000762939453,16.474285125732422,PRICE,TEST,2023-01
CMIN3.SA,BULL_CALM,0.07649436118541372,1,SIGNAL,3,2.8498151302337646,3.0712296962738037,2.66411289621242,PRICE,TRAIN,2023-01
CMIN3.SA,BULL_CALM,-0.06486221818002039,0,STOP_LOSS,8,5.382201671600342,5.039558774494051,5.039558774494051,PRICE,TEST,2023-01
CMIN3.SA,BULL_CALM,-0.050563054244325965,0,MAX_DAYS,10,5.176145076751709,4.920634746551514,4.821727439976726,PRICE,TEST,2023-01
COGN3.SA,BEAR_CALM,0.1321332831022893,1,SIGNAL,5,1.8985755443572998,2.151718854904175,1.6746412118529619,PRICE,TRAIN,2023-01
COGN3.SA,BEAR_CALM,-0.0012,0,MAX_DAYS,10,2.424334764480591,2.424334764480591,2.211527266213257,PRICE,TRAIN,2023-01
COGN3.SA,BULL_CALM,-0.02273849399544383,0,MAX_DAYS,10,3.164292573928833,3.0961384773254395,2.9241309300483604,PRICE,TEST,2023-01
COGN3.SA,BULL_CALM,-0.08056509004799753,0,STOP_LOSS,9,2.9793031215667725,2.7428504610433455,2.7428504610433455,PRICE,TEST,2023-01
CPFE3.SA,BEAR_CALM,0.027425304255814,1,MAX_DAYS,10,29.111194610595703,29.94451141357422,27.6277060189694,PRICE,TRAIN,2023-01
CPFE3.SA,BULL_CALM,-0.03327810445998682,0,STOP_LOSS,10,38.2400016784668,37.01333491007487,37.01333491007487,PRICE,TEST,2023-01
CPFE3.SA,BULL_CALM,-0.016945847591466577,0,MAX_DAYS,10,36.20000076293945,35.630001068115234,34.91857256208147,PRICE,TEST,2023-01
CSAN3.SA,BEAR_CALM,0.11490001215706944,1,SIGNAL,6,14.66157054901123,16.363779067993164,13.044001342098834,PRICE,TRAIN,2023-01
CSAN3.SA,SIDEWAYS_CALM,0.04032634178106229,1,MAX_DAYS,10,17.21417808532715,17.929019927978516,16.282356661966787,PRICE,TEST,2023-01
CPLE6.SA,BULL_CALM,0.025466524112271217,1,MAX_DAYS,10,6.912894248962402,7.0972371101379395,6.378298251723101,PRICE,TRAIN,2023-01
CSNA3.SA,SIDEWAYS_CALM,0.07302662264615875,1,SIGNAL,2,11.463602066040039,12.314506530761719,10.470878455067291,PRICE,TRAIN,2023-01
CSNA3.SA,BEAR_CALM,0.10620544114793504,1,PROFIT_TARGET,9,9.37508487701416,10.3820200040292,8.87161731350664,PRICE,TRAIN,2023-01
CSNA3.SA,BULL_CALM,-0.0635527775540872,0,STOP_LOSS,5,16.604351043701172,15.569023636643298,15.569023636643298,PRICE,TEST,2023-01
CXSE3.SA,BULL_CALM,0.03217445799877781,1,SIGNAL,8,6.279808044433594,6.48939323425293,6.008122594235771,PRICE,TRAIN,2023-01
CVCB3.SA,BEAR_CALM,0.159603924329876,1,SIGNAL,3,3.66540789604187,4.254819869995117,3.0575766563415527,PRICE,TRAIN,2023-01
CVCB3.SA,BEAR_CALM,-0.04648306402231386,0,MAX_DAYS,10,2.6500000953674316,2.5299999713897705,2.364285775593349,PRICE,TRAIN,2023-01
CVCB3.SA,BEAR_CALM,-0.1012000000000001,0,HARD_STOP,2,2.430000066757202,2.187000060081482,2.1757143565586636,PRICE,TRAIN,2023-01
CVCB3.SA,BEAR_CALM,0.041535105435526055,1,MAX_DAYS,10,2.3399999141693115,2.440000057220459,2.0999999727521623,PRICE,TRAIN,2023-01
CVCB3.SA,BULL_CALM,-0.022672372223182323,0,MAX_DAYS,10,3.259999990463257,3.190000057220459,2.890000104904175,PRICE,TEST,2023-01
CYRE3.SA,BEAR_CALM,0.11524950041158441,1,SIGNAL,3,10.883325576782227,12.150683403015137,9.65141792605475,PRICE,TRAIN,2023-01
CYRE3.SA,BULL_CALM,-0.015272050904578414,0,MAX_DAYS,10,21.16794204711914,20.870065689086914,19.594774163016385,PRICE,TEST,2023-01
DIRR3.SA,BULL_CALM,0.004905763790940522,1,MAX_DAYS,10,4.037262916564941,4.06191349029541,3.6154589651160496,PRICE,TRAIN,2023-01
DIRR3.SA,BULL_CALM,0.004990507244022703,1,MAX_DAYS,10,5.915454387664795,5.95207405090332,5.506067107323983,PRICE,TEST,2023-01
ECOR3.SA,BEAR_CALM,0.1667012194070515,1,SIGNAL,5,3.7276296615600586,4.353503227233887,3.3226521321568394,PRICE,TRAIN,2023-01
ECOR3.SA,BULL_CALM,-0.05634310408218859,0,STOP_LOSS,9,8.76921272277832,8.285651112887303,8.285651112887303,PRICE,TEST,2023-01
ELET3.SA,BEAR_CALM,0.07211162365193755,1,SIGNAL,6,34.83473587036133,37.388526916503906,32.49084695643511,PRICE,TRAIN,2023-01
ELET3.SA,BEAR_CALM,-0.07619451403948788,0,STOP_LOSS,4,28.20537567138672,26.090127229609877,26.090127229609877,PRICE,TRAIN,2023-01
ELET3.SA,BEAR_CALM,0.07334011041670893,1,MAX_DAYS,10,27.1033992767334,29.123689651489258,24.90818929095896,PRICE,TRAIN,2023-01
ELET3.SA,BULL_CALM,0.024465538163134327,1,SIGNAL,5,36.698951721191406,37.64085006713867,35.41373755612238,PRICE,TEST,2023-01
EGIE3.SA,BEAR_CALM,0.04934046780673094,1,SIGNAL,5,22.2050838470459,23.32733917236328,21.29287656581916,PRICE,TRAIN,2023-01
EGIE3.SA,BULL_CALM,-0.02187414947227275,0,STOP_LOSS,6,28.602771759033203,28.01143378036565,28.01143378036565,PRICE,TEST,2023-01
EGIE3.SA,BULL_CALM,-0.02908732378775205,0,STOP_LOSS,3,27.709333419799805,26.936594266779068,26.936594266779068,PRICE,TEST,2023-01
ELET6.SA,BEAR_CALM,0.046361482394051114,1,MAX_DAYS,10,33.68907928466797,35.2913818359375,31.745166007767793,PRICE,TRAIN,2023-01
ELET6.SA,BEAR_CALM,0.051049550510576226,1,MAX_DAYS,10,28.0200138092041,29.484046936035156,26.379364188507427,PRICE,TRAIN,2023-01
ELET6.SA,BULL_CALM,0.026697930094144874,1,SIGNAL,5,39.13486099243164,40.22664260864258,37.42524962270254,PRICE,TEST,2023-01
EMBR3.SA,BULL_CALM,-0.013723167887158681,0,MAX_DAYS,10,21.537839889526367,21.268117904663086,20.189228963368787,PRICE,TEST,2023-01
ENEV3.SA,BEAR_CALM,0.03687797701376803,1,SIGNAL,1,11.029999732971191,11.449999809265137,9.869999885559082,PRICE,TRAIN,2023-01
ENEV3.SA,BULL_CALM,0.012154287698904344,1,MAX_DAYS,10,12.729999542236328,12.899999618530273,12.084999084472656,PRICE,TEST,2023-01
ENGI11.SA,BEAR_CALM,-0.005002310641209061,0,MAX_DAYS,10,32.703189849853516,32.57884216308594,30.612611017256484,PRICE,TRAIN,2023-01
ENGI11.SA,BULL_CALM,0.03056124406692349,1,SIGNAL,2,42.665645599365234,44.02075958251953,40.99570196680029,PRICE,TEST,2023-01
EQTL3.SA,SIDEWAYS_CALM,0.06964141038617097,1,SIGNAL,6,23.348751068115234,25.002809524536133,21.676414432127338,PRICE,TRAIN,2023-01
EQTL3.SA,BULL_CALM,-0.021661045086459406,0,MAX_DAYS,10,32.157318115234375,31.499345779418945,30.96369707966216,PRICE,TEST,2023-01
EZTC3.SA,BEAR_CALM,0.07266820047031439,1,SIGNAL,3,10.604259490966797,11.387577056884766,9.627219098257502,PRICE,TRAIN,2023-01
EZTC3.SA,BEAR_CALM,0.08490762866908738,1,MAX_DAYS,10,13.735968589782715,14.918740272521973,12.454900222059228,PRICE,TRAIN,2023-01
EZTC3.SA,BEAR_CALM,-0.05832655684204437,0,MAX_DAYS,10,14.765380859375,13.92188549041748,12.967633555743292,PRICE,TEST,2023-01
EZTC3.SA,BEAR_CALM,-0.034338544609895404,0,MAX_DAYS,10,13.112475395202637,12.677947044372559,12.036504690781083,PRICE,TEST,2023-01
FLRY3.SA,BEAR_CALM,0.05515757230307559,1,MAX_DAYS,10,11.414125442504883,12.057397842407227,10.488444302164087,PRICE,TRAIN,2023-01
FLRY3.SA,BULL_CALM,-0.038723843792829026,0,STOP_LOSS,7,14.793381690979004,14.23827714723901,14.23827714723901,PRICE,TEST,2023-01
FLRY3.SA,SIDEWAYS_CALM,-0.0018281413712090344,0,MAX_DAYS,10,13.457749366760254,13.449295997619629,12.872053169191206,PRICE,TEST,2023-01
FLRY3.SA,BEAR_CALM,0.027721058405437572,1,MAX_DAYS,10,12.56169319152832,12.9249906539917,11.884217081254665,PRICE,TEST,2023-01
GGBR4.SA,BULL_CALM,0.023306383563570378,1,SIGNAL,1,20.23379898071289,20.729656219482422,19.003332099513027,PRICE,TRAIN,2023-01
GGBR4.SA,BEAR_CALM,0.08473717989194526,1,PROFIT_TARGET,10,16.506139755249023,17.92463085671745,15.79689420451481,PRICE,TRAIN,2023-01
GGBR4.SA,BEAR_CALM,0.07294191888652377,1,MAX_DAYS,10,16.859712600708008,18.109724044799805,15.882798149096214,PRICE,TRAIN,2023-01
GGBR4.SA,SIDEWAYS_CALM,-0.034289799868621705,0,STOP_LOSS,4,17.95540428161621,17.361263547377337,17.361263547377337,PRICE,TEST,2023-01
GGBR4.SA,BEAR_CALM,0.009973275649470016,1,MAX_DAYS,10,16.574216842651367,16.7594051361084,15.637261341971708,PRICE,TEST,2023-01
GGBR4.SA,BEAR_CALM,0.01262909689515155,1,MAX_DAYS,10,16.180696487426758,16.404460906982422,15.464199380099977,PRICE,TEST,2023-01
GOAU4.SA,BULL_CALM,0.02434173109940372,1,SIGNAL,2,10.3804931640625,10.645628929138184,9.793979589000664,PRICE,TRAIN,2023-01
GOAU4.SA,BEAR_CALM,-0.0440060946307145,0,STOP_LOSS,5,9.510238647460938,9.103142471957046,9.103142471957046,PRICE,TRAIN,2023-01
GOAU4.SA,BEAR_CALM,0.08533718170644752,1,PROFIT_TARGET,7,8.566018104553223,9.307297169767665,8.195378571946002,PRICE,TRAIN,2023-01
GOAU4.SA,SIDEWAYS_CALM,-0.03484482961378268,0,STOP_LOSS,4,9.853683471679688,9.522157970206878,9.522157970206878,PRICE,TEST,2023-01
GOAU4.SA,BEAR_CALM,0.002800149538300413,1,MAX_DAYS,10,9.209050178527832,9.245887756347656,8.75122912469011,PRICE,TEST,2023-01
GOAU4.SA,BEAR_CALM,0.006872536416021681,1,MAX_DAYS,10,9.12617015838623,9.199841499328613,8.782804508905345,PRICE,TEST,2023-01
HAPV3.SA,BEAR_CALM,-0.08102263716303373,0,MAX_DAYS,10,67.6500015258789,62.25,57.599998474121094,PRICE,TRAIN,2023-01
HAPV3.SA,BULL_CALM,0.012950967727540431,1,MAX_DAYS,10,63.599998474121094,64.5,59.84999465942383,PRICE,TEST,2023-01
IGTI11.SA,BEAR_CALM,0.0969447999884144,1,MAX_DAYS,10,15.343659400939941,16.849559783935547,13.5898343430826,PRICE,TRAIN,2023-01
HYPE3.SA,SIDEWAYS_CALM,0.03345574075904909,1,MAX_DAYS,10,37.38895797729492,38.68470001220703,33.725127375563076,PRICE,TRAIN,2023-01
HYPE3.SA,BEAR_CALM,-0.06029875028971834,0,STOP_LOSS,7,30.979942321777344,29.149066446512748,29.149066446512748,PRICE,TRAIN,2023-01
HYPE3.SA,BEAR_CALM,0.038398286613625744,1,SIGNAL,3,32.13241195678711,33.40480041503906,30.638739582839207,PRICE,TEST,2023-01
IRBR3.SA,BEAR_CALM,-0.06064907771076502,0,MAX_DAYS,10,20.690000534057617,19.459999084472656,18.72428594316755,PRICE,TRAIN,2023-01
IRBR3.SA,BEAR_CALM,0.04607647068740226,1,MAX_DAYS,10,38.91999816894531,40.7599983215332,35.983331044514976,PRICE,TEST,2023-01
ITSA4.SA,SIDEWAYS_CALM,0.06873879727745677,1,SIGNAL,5,5.879795074462891,6.29102087020874,5.53349977886174,PRICE,TRAIN,2023-01
ITSA4.SA,BULL_CALM,-0.00809638947251181,0,MAX_DAYS,10,8.228848457336426,8.172099113464355,7.969417595993503,PRICE,TEST,2023-01
ITUB4.SA,BEAR_CALM,0.050926670266313014,1,SIGNAL,3,18.07567024230957,19.017894744873047,17.08821758786641,PRICE,TRAIN,2023-01
ITUB4.SA,BULL_CALM,-0.00572494526152436,0,MAX_DAYS,10,26.16492462158203,26.04652976989746,25.162526679776924,PRICE,TEST,2023-01
LREN3.SA,BEAR_CALM,0.10213883108713348,1,SIGNAL,6,15.10543441772461,16.666412353515625,13.32031912811032,PRICE,TRAIN,2023-01
LREN3.SA,BEAR_CALM,0.0012510099442052181,1,MAX_DAYS,10,10.124237060546875,10.149051666259766,9.176566484262345,PRICE,TRAIN,2023-01
LREN3.SA,BEAR_CALM,0.10529552273742979,1,MAX_DAYS,10,10.95138168334961,12.117654800415039,10.084061723535603,PRICE,TRAIN,2023-01
LREN3.SA,BULL_CALM,-0.04205263073336276,0,STOP_LOSS,1,14.111942291259766,13.535432323904406,13.535432323904406,PRICE,TEST,2023-01
LREN3.SA,SIDEWAYS_CALM,0.0036078614856279514,1,MAX_DAYS,10,13.903059959411621,13.969903945922852,12.979809039089346,PRICE,TEST,2023-01
LWSA3.SA,BEAR_CALM,0.03726157034219533,1,MAX_DAYS,10,5.7526702880859375,5.973927021026611,4.742585358202222,PRICE,TRAIN,2023-01
LWSA3.SA,BEAR_CALM,0.05143169628525155,1,SIGNAL,3,5.347099304199219,5.628526210784912,4.755133574381046,PRICE,TEST,2023-01
MRVE3.SA,BEAR_CALM,0.09085018694410571,1,SIGNAL,5,7.170000076293945,7.829999923706055,6.269999980926514,PRICE,TRAIN,2023-01
MRVE3.SA,BULL_CALM,-0.08804284756017602,0,STOP_LOSS,6,10.380000114440918,9.478571346827916,9.478571346827916,PRICE,TRAIN,2023-01
MRVE3.SA,SIDEWAYS_CALM,-0.10646319632029547,0,STOP_LOSS,6,10.449999809265137,9.34999942779541,9.34999942779541,PRICE,TEST,2023-01
MRVE3.SA,BEAR_CALM,-0.0942099015017083,0,STOP_LOSS,2,7.480000019073486,6.784285954066685,6.784285954066685,PRICE,TEST,2023-01
MRVE3.SA,BEAR_CALM,0.1328782204756543,1,MAX_DAYS,10,7.159999847412109,8.119999885559082,6.402857099260602,PRICE,TEST,2023-01
MGLU3.SA,BEAR_CALM,0.046044120535483436,1,SIGNAL,2,23.06342124938965,24.153032302856445,19.703788035017286,PRICE,TRAIN,2023-01
MGLU3.SA,BEAR_CALM,0.3446646678666335,1,PROFIT_TARGET,5,15.526949882507324,20.897173246602584,12.841838200459694,PRICE,TRAIN,2023-01
MGLU3.SA,BEAR_CALM,0.1287999936982481,1,SIGNAL,7,18.160175323486328,20.520998001098633,16.43495811152058,PRICE,TEST,2023-01
MULT3.SA,BEAR_CALM,0.13196707220326162,1,SIGNAL,6,17.911624908447266,20.296863555908203,15.955191071807462,PRICE,TRAIN,2023-01
PCAR3.SA,BEAR_CALM,0.056464231595007776,1,MAX_DAYS,10,13.699999809265137,14.489999771118164,12.624285697937012,PRICE,TRAIN,2023-01
PCAR3.SA,BEAR_CALM,-0.10119999999999998,0,HARD_STOP,3,3.690000057220459,3.3210000514984133,3.227142878941127,PRICE,TRAIN,2023-01
PCAR3.SA,BEAR_CALM,0.11407373304058929,1,MAX_DAYS,10,3.4700000286102295,3.869999885559082,3.010000058582851,PRICE,TRAIN,2023-01
PCAR3.SA,BEAR_CALM,-0.04795320332398858,0,MAX_DAYS,10,3.8499999046325684,3.6700000762939453,3.4157141276768277,PRICE,TRAIN,2023-01
PRIO3.SA,BULL_CALM,0.12824619209724272,1,MAX_DAYS,10,34.2449951171875,38.677879333496094,30.48104028604787,PRICE,TRAIN,2023-01
RADL3.SA,BULL_CALM,0.04963283556835272,1,MAX_DAYS,10,20.921768188476562,21.985280990600586,19.894932524667094,PRICE,TRAIN,2023-01
RADL3.SA,BULL_CALM,0.0011971523815762287,1,SIGNAL,1,28.15806007385254,28.22555923461914,27.232314750491316,PRICE,TEST,2023-01
RADL3.SA,BULL_CALM,-0.043922711880552766,0,STOP_LOSS,4,27.6662540435791,26.484276643261094,26.484276643261094,PRICE,TEST,2023-01
RADL3.SA,SIDEWAYS_CALM,-0.04192726733206311,0,STOP_LOSS,3,26.518718719482422,25.438683772890275,25.438683772890275,PRICE,TEST,2023-01
RADL3.SA,BEAR_CALM,0.03655107955889534,1,MAX_DAYS,10,24.011493682861328,24.917953491210938,22.88462004368458,PRICE,TEST,2023-01
RAIZ4.SA,BEAR_CALM,0.0047880490347485885,1,MAX_DAYS,10,3.073575735092163,3.091980457305908,2.6686734924546838,PRICE,TRAIN,2023-01
RAIZ4.SA,BULL_CALM,0.0014385446053391882,1,MAX_DAYS,10,3.7725250720977783,3.7824790477752686,3.5263925610647164,PRICE,TEST,2023-01
RAIL3.SA,BEAR_CALM,0.07238045308943483,1,SIGNAL,6,16.40981101989746,17.617252349853516,14.955178380152077,PRICE,TRAIN,2023-01
RDOR3.SA,SIDEWAYS_CALM,-0.06548571830359487,0,STOP_LOSS,5,26.29840850830078,24.607796427103295,24.607796427103295,PRICE,TRAIN,2023-01
RDOR3.SA,BEAR_CALM,-0.02567831838537806,0,MAX_DAYS,10,23.573970794677734,22.996919631958008,21.7238927584864,PRICE,TRAIN,2023-01
RDOR3.SA,BEAR_CALM,-0.059402007791743226,0,MAX_DAYS,10,22.041471481323242,20.75861358642578,20.037331990728646,PRICE,TRAIN,2023-01
RDOR3.SA,SIDEWAYS_CALM,0.049363940145677666,1,SIGNAL,3,26.383562088012695,27.717618942260742,25.020715190941218,PRICE,TEST,2023-01
RECV3.SA,BULL_CALM,0.06203117217008112,1,MAX_DAYS,10,24.404922485351562,25.948074340820312,21.52848955351648,PRICE,TRAIN,2023-01
RECV3.SA,BEAR_CALM,-0.07670917204024133,0,STOP_LOSS,6,15.531808853149414,14.359014826360811,14.359014826360811,PRICE,TRAIN,2023-01
RECV3.SA,BEAR_CALM,-0.04135181064718487,0,MAX_DAYS,10,14.557401657104492,13.972895622253418,13.372473511594949,PRICE,TRAIN,2023-01
RENT3.SA,BEAR_CALM,0.07061457965097948,1,SIGNAL,5,44.938209533691406,48.165428161621094,42.07957080592277,PRICE,TRAIN,2023-01
RENT3.SA,SIDEWAYS_CALM,-0.0005431570598223511,0,MAX_DAYS,10,56.32815170288086,56.365150451660156,52.74867900967785,PRICE,TEST,2023-01
SANB11.SA,BEAR_CALM,0.019156196731290855,1,SIGNAL,1,22.860227584838867,23.32557487487793,21.921222221377775,PRICE,TRAIN,2023-01
SANB11.SA,BULL_CALM,-0.029941022224975765,0,STOP_LOSS,4,28.24317169189453,27.431434066593983,27.431434066593983,PRICE,TEST,2023-01
SANB11.SA,BULL_CALM,-0.024437403009760626,0,MAX_DAYS,10,27.007923126220703,26.380329132080078,25.82560918650948,PRICE,TEST,2023-01
SANB11.SA,SIDEWAYS_CALM,0.012761644302286969,1,MAX_DAYS,10,25.620216369628906,25.977916717529297,24.52489089193061,PRICE,TEST,2023-01
SBSP3.SA,BULL_CALM,0.03166750148149786,1,SIGNAL,2,48.935829162597656,50.544227600097656,43.03838580153862,PRICE,TRAIN,2023-01
SLCE3.SA,SIDEWAYS_CALM,0.055904931791985614,1,MAX_DAYS,10,17.89970588684082,18.92186737060547,16.853772837702877,PRICE,TRAIN,2023-01
SLCE3.SA,BEAR_CALM,-0.039976235696246774,0,MAX_DAYS,10,17.008285522460938,16.34876823425293,16.033099735788653,PRICE,TRAIN,2023-01
SLCE3.SA,BEAR_CALM,0.10168947054084163,1,PROFIT_TARGET,3,16.3904972076416,18.07690678723699,15.547292417843908,PRICE,TRAIN,2023-01
SLCE3.SA,BEAR_CALM,0.07187474153116832,1,MAX_DAYS,10,16.544647216796875,17.753643035888672,15.670451314004756,PRICE,TEST,2023-01
SMFT3.SA,BEAR_CALM,0.20108385172522966,1,SIGNAL,5,11.193706512451172,13.458012580871582,9.641560563378905,PRICE,TRAIN,2023-01
SUZB3.SA,BULL_CALM,-0.04046781263761003,0,STOP_LOSS,6,52.071651458740234,50.02691160552749,50.02691160552749,PRICE,TEST,2023-01
SUZB3.SA,BULL_CALM,-0.01008027352979337,0,MAX_DAYS,10,50.16387176513672,49.71840286254883,48.11083134386184,PRICE,TEST,2023-01
TIMS3.SA,BEAR_CALM,0.006498902700628896,1,MAX_DAYS,10,8.842068672180176,8.91014289855957,8.115944624618999,PRICE,TRAIN,2023-01
TIMS3.SA,BULL_CALM,-0.03940446690795343,0,STOP_LOSS,6,14.998678207397461,14.425661702159902,14.425661702159902,PRICE,TEST,2023-01
TAEE11.SA,BEAR_CALM,0.040319496666307277,1,SIGNAL,3,25.99216651916504,27.071348190307617,24.782868108008934,PRICE,TRAIN,2023-01
TOTS3.SA,BEAR_CALM,0.09239998542589131,1,SIGNAL,3,23.9758243560791,26.219961166381836,21.309711936904872,PRICE,TRAIN,2023-01
TOTS3.SA,BEAR_CALM,0.006474617421911556,1,MAX_DAYS,10,25.190683364868164,25.38401222229004,23.808385899439077,PRICE,TRAIN,2023-01
TOTS3.SA,BULL_CALM,-0.022134459376484415,0,MAX_DAYS,10,32.057586669921875,31.386478424072266,30.822357567879322,PRICE,TEST,2023-01
TOTS3.SA,BULL_CALM,0.018220474966212576,1,MAX_DAYS,10,30.55002784729004,31.14332389831543,29.122520281748706,PRICE,TEST,2023-01
UGPA3.SA,BEAR_CALM,0.04811969623645904,1,SIGNAL,3,10.247421264648438,10.75282096862793,9.219194154247907,PRICE,TRAIN,2023-01
UGPA3.SA,BULL_CALM,0.02028497075810285,1,SIGNAL,2,23.60516929626465,24.11232566833496,22.626439800455458,PRICE,TEST,2023-01
USIM5.SA,BEAR_CALM,0.1308673461123567,1,PROFIT_TARGET,4,6.103800296783447,6.909913003179453,5.700743943585445,PRICE,TRAIN,2023-01
USIM5.SA,BEAR_CALM,-0.037723310040084244,0,STOP_LOSS,2,5.973957538604736,5.755768835255977,5.755768835255977,PRICE,TRAIN,2023-01
USIM5.SA,BEAR_CALM,0.0807079081691183,1,PROFIT_TARGET,5,5.732292652130127,6.201812752279313,5.497532602055534,PRICE,TRAIN,2023-01
USIM5.SA,BULL_CALM,-0.04745551537405392,0,STOP_LOSS,4,8.777271270751953,8.371274064545444,8.371274064545444,PRICE,TEST,2023-01
USIM5.SA,BULL_CALM,0.066657225490485,1,MAX_DAYS,10,8.119942665100098,8.670939445495605,7.666993695629941,PRICE,TEST,2023-01
VALE3.SA,BULL_CALM,0.01740159493639424,1,SIGNAL,2,69.97892761230469,71.28064727783203,67.96362257533575,PRICE,TRAIN,2023-01
VALE3.SA,BULL_CALM,0.04743791946156182,1,MAX_DAYS,10,62.94088363647461,66.002197265625,59.80425443690549,PRICE,TRAIN,2023-01
VALE3.SA,BULL_CALM,-0.03759921198683993,0,STOP_LOSS,3,65.23191833496094,62.857527911178465,62.857527911178465,PRICE,TEST,2023-01
VALE3.SA,BULL_CALM,-0.036837936886168786,0,STOP_LOSS,4,62.4064826965332,60.18244440490637,60.18244440490637,PRICE,TEST,2023-01
VALE3.SA,BULL_CALM,-0.03690970212316016,0,STOP_LOSS,3,60.10017013549805,57.95401096240816,57.95401096240816,PRICE,TEST,2023-01
VALE3.SA,SIDEWAYS_CALM,-0.000607085113589888,0,MAX_DAYS,10,57.40238571166992,57.43642044067383,54.71797479802236,PRICE,TEST,2023-01
VALE3.SA,SIDEWAYS_CALM,-0.003623872608942501,0,MAX_DAYS,10,56.17688751220703,56.04072189331055,53.883953087208766,PRICE,TEST,2023-01
VBBR3.SA,BEAR_CALM,0.06822506120219071,1,MAX_DAYS,10,11.01828384399414,11.783228874206543,9.951997636794127,PRICE,TRAIN,2023-01
VBBR3.SA,BULL_CALM,-0.011012643204818338,0,MAX_DAYS,10,18.035625457763672,17.8586483001709,16.957671834545383,PRICE,TEST,2023-01
WEGE3.SA,BULL_CALM,0.03002471941659155,1,MAX_DAYS,10,34.91789627075195,36.00819778442383,32.81248543363348,PRICE,TRAIN,2023-01
WEGE3.SA,BEAR_CALM,-0.039820087064102026,0,STOP_LOSS,5,32.68836212158203,31.425934730463638,31.425934730463638,PRICE,TRAIN,2023-01
WEGE3.SA,BEAR_CALM,0.02000659892064203,1,MAX_DAYS,10,31.916202545166016,32.59303665161133,30.22887983305869,PRICE,TRAIN,2023-01
WEGE3.SA,SIDEWAYS_CALM,-0.04651553329947957,0,STOP_LOSS,6,34.35850524902344,32.80153126029097,32.80153126029097,PRICE,TEST,2023-01
WEGE3.SA,BEAR_CALM,0.08341470876382182,1,PROFIT_TARGET,10,31.769906997680664,34.45810842574312,30.425806283649436,PRICE,TEST,2023-01
VIVT3.SA,BEAR_CALM,0.04815507122876848,1,SIGNAL,2,15.248274803161621,16.0008544921875,14.384520816279489,PRICE,TRAIN,2023-01
VIVT3.SA,BULL_CALM,-0.03990591333758111,0,STOP_LOSS,2,23.281282424926758,22.380159124999793,22.380159124999793,PRICE,TEST,2023-01
VIVT3.SA,BULL_CALM,0.01560015799260226,1,MAX_DAYS,10,22.416017532348633,22.79261016845703,21.494268378327938,PRICE,TEST,2023-01
YDUQ3.SA,BEAR_CALM,-0.0012,0,MAX_DAYS,10,8.550674438476562,8.550674438476562,7.543615814537006,PRICE,TRAIN,2023-01
YDUQ3.SA,BULL_CALM,-0.006460701562151193,0,MAX_DAYS,10,19.739513397216797,19.635669708251953,17.719305600060228,PRICE,TEST,2023-01
ASAI3.SA,BULL_CALM,0.04594282295978722,1,SIGNAL,4,13.75023365020752,14.398458480834961,12.925218570109735,PRICE,TEST,2023-04
ALOS3.SA,BEAR_CALM,-0.04984762793646127,0,STOP_LOSS,3,20.20631980895996,19.22333028092853,19.22333028092853,PRICE,TEST,2023-04
AURE3.SA,SIDEWAYS_CALM,0.03509625259594382,1,MAX_DAYS,10,11.687447547912598,12.111658096313477,11.30652320638661,PRICE,TRAIN,2023-04
AURE3.SA,BEAR_CALM,-0.002062146805964192,0,MAX_DAYS,10,11.522892951965332,11.512958526611328,11.141806812378485,PRICE,TEST,2023-04
B3SA3.SA,BEAR_CALM,0.021022184542095347,1,SIGNAL,1,11.248774528503418,11.498746871948242,10.768057713226312,PRICE,TEST,2023-04
AZUL4.SA,BEAR_CALM,-0.04669511392920025,0,MAX_DAYS,10,11.210000038146973,10.699999809265137,10.010000228881836,PRICE,TRAIN,2023-04
AZUL4.SA,BEAR_CALM,0.029490590315481714,1,MAX_DAYS,10,11.729999542236328,12.09000015258789,10.58999947139195,PRICE,TRAIN,2023-04
AZUL4.SA,BEAR_CALM,0.026688400197300323,1,SIGNAL,1,12.550000190734863,12.899999618530273,11.670000076293945,PRICE,TEST,2023-04
BBDC3.SA,SIDEWAYS_CALM,0.010600574217058824,1,MAX_DAYS,10,10.190160751342773,10.310410499572754,9.816358919104132,PRICE,TRAIN,2023-04
BBDC3.SA,BEAR_CALM,0.04641896488502426,1,MAX_DAYS,10,10.429182052612305,10.925808906555176,10.062579220785686,PRICE,TRAIN,2023-04
BBDC3.SA,BEAR_CALM,-0.005816524190214299,0,MAX_DAYS,10,9.831274032592773,9.785887718200684,9.572459623511348,PRICE,TEST,2023-04
BBDC4.SA,BEAR_CALM,0.0129375390363776,1,MAX_DAYS,10,10.920999526977539,11.075395584106445,10.57252211979012,PRICE,TEST,2023-04
BBSE3.SA,BEAR_CALM,0.04511150190416733,1,MAX_DAYS,10,23.72156524658203,24.820146560668945,22.893142880769574,PRICE,TRAIN,2023-04
BBSE3.SA,BULL_CALM,0.021611394196015966,1,SIGNAL,3,27.794918060302734,28.428958892822266,27.212286944281285,PRICE,TEST,2023-04
BEEF3.SA,BEAR_CALM,-0.08535844626533998,0,STOP_LOSS,9,9.58989429473877,8.782823691044706,8.782823691044706,PRICE,TRAIN,2023-04
BEEF3.SA,BEAR_CALM,0.04303591447970354,1,MAX_DAYS,10,7.460000038146973,7.789999961853027,7.00428581237793,PRICE,TRAIN,2023-04
BEEF3.SA,BEAR_CALM,0.026577785523670273,1,MAX_DAYS,10,6.840000152587891,7.03000020980835,6.245714391980853,PRICE,TRAIN,2023-04
BEEF3.SA,BEAR_CALM,-0.0071259202745225445,0,MAX_DAYS,10,6.75,6.710000038146973,6.418571472167969,PRICE,TRAIN,2023-04
BEEF3.SA,BEAR_CALM,0.07124095197724087,1,MAX_DAYS,10,6.349999904632568,6.809999942779541,5.977142606462751,PRICE,TRAIN,2023-04
BEEF3.SA,BEAR_CALM,-0.04557872493748218,0,STOP_LOSS,5,6.760000228881836,6.460000038146973,6.460000038146973,PRICE,TEST,2023-04
BEEF3.SA,BEAR_CALM,-0.04812306885352504,0,STOP_LOSS,2,6.5,6.195000052452087,6.195000052452087,PRICE,TEST,2023-04
BEEF3.SA,BEAR_CALM,0.002041487954490641,1,MAX_DAYS,10,6.170000076293945,6.190000057220459,5.845714296613421,PRICE,TEST,2023-04
BPAC11.SA,BULL_CALM,0.007821664197356172,1,SIGNAL,1,33.94792556762695,34.25419235229492,32.18688297802207,PRICE,TEST,2023-04
BPAC11.SA,SIDEWAYS_CALM,0.007717897476643067,1,MAX_DAYS,10,32.196449279785156,32.48357391357422,30.333955476883364,PRICE,TEST,2023-04
BRAP4.SA,BULL_CALM,-0.01861103372626951,0,MAX_DAYS,10,18.88031578063965,18.551589965820312,18.079938499477514,PRICE,TRAIN,2023-04
BRAP4.SA,BEAR_CALM,-0.0032749709915797162,0,MAX_DAYS,10,17.093759536743164,17.058290481567383,16.022847900029735,PRICE,TRAIN,2023-04
BRAP4.SA,SIDEWAYS_CALM,-0.041472871071943106,0,STOP_LOSS,6,17.551923751831055,16.845057389508987,16.845057389508987,PRICE,TRAIN,2023-04
BRAP4.SA,BEAR_CALM,-0.04474142694797947,0,STOP_LOSS,9,16.65740394592285,15.932116808868466,15.932116808868466,PRICE,TRAIN,2023-04
BRAP4.SA,BEAR_CALM,-0.010316985911465258,0,MAX_DAYS,10,16.794401168823242,16.641286849975586,16.214172780802183,PRICE,TEST,2023-04
BRKM5.SA,BEAR_CALM,0.07511152955303654,1,SIGNAL,3,18.8700008392334,20.309999465942383,17.670001983642578,PRICE,TRAIN,2023-04
BRKM5.SA,BEAR_CALM,0.14845986541668518,1,PROFIT_TARGET,2,17.639999389648438,20.27999932425363,16.31999942234584,PRICE,TRAIN,2023-04
BRKM5.SA,BULL_CALM,-0.06645496658221475,0,STOP_LOSS,4,23.770000457763672,22.218889872233074,22.218889872233074,PRICE,TEST,2023-04
BRKM5.SA,BULL_CALM,-0.06739741610444874,0,STOP_LOSS,6,22.530000686645508,21.03857285635812,21.03857285635812,PRICE,TEST,2023-04
BRKM5.SA,BULL_CALM,-0.0703620292949835,0,STOP_LOSS,2,22.059999465942383,20.534285136631556,20.534285136631556,PRICE,TEST,2023-04
BRKM5.SA,BEAR_CALM,0.001293822758694142,1,MAX_DAYS,10,20.049999237060547,20.100000381469727,18.03142820085798,PRICE,TEST,2023-04
BRKM5.SA,BEAR_CALM,-0.08916725628287106,0,STOP_LOSS,10,19.90999984741211,18.158571788242885,18.158571788242885,PRICE,TEST,2023-04
BRKM5.SA,BEAR_CALM,0.0169509709248866,1,MAX_DAYS,10,17.6299991607666,17.950000762939453,16.354285376412527,PRICE,TEST,2023-04
CMIN3.SA,BULL_CALM,-0.0012,0,MAX_DAYS,10,3.292642831802368,3.292642831802368,2.992661051016861,PRICE,TRAIN,2023-04
CMIN3.SA,BULL_CALM,-0.0649797592013264,0,STOP_LOSS,10,5.003057479858398,4.683963678522635,4.683963678522635,PRICE,TRAIN,2023-04
COGN3.SA,BEAR_CALM,-0.0012,0,MAX_DAYS,10,2.424334764480591,2.424334764480591,2.211527266213257,PRICE,TRAIN,2023-04
COGN3.SA,BEAR_CALM,-0.005419415822153238,0,END_CLOSED,6,2.307499408721924,2.2977631092071533,2.0237562853958653,PRICE,TRAIN,2023-04
CSAN3.SA,BEAR_CALM,0.06017426285805825,1,SIGNAL,5,14.097301483154297,14.962512969970703,13.542437578548856,PRICE,TRAIN,2023-04
CSAN3.SA,BEAR_CALM,-0.029595073540331772,0,END_CLOSED,4,15.649252891540527,15.204891204833984,14.985470383196455,PRICE,TRAIN,2023-04
CSAN3.SA,BEAR_CALM,0.043331701756364006,1,SIGNAL,2,14.750869750976562,15.407751083374023,14.016707523384541,PRICE,TEST,2023-04
CSNA3.SA,BULL_CALM,0.0862243701008659,1,SIGNAL,4,11.715721130371094,12.739960670471191,10.786027578085806,PRICE,TRAIN,2023-04
CSNA3.SA,BULL_CALM,-0.052211467470963745,0,STOP_LOSS,4,13.687982559204102,12.989738482142142,12.989738482142142,PRICE,TEST,2023-04
CSNA3.SA,SIDEWAYS_CALM,-0.017959738626498377,0,MAX_DAYS,10,12.929544448852539,12.712848663330078,12.116933267438313,PRICE,TEST,2023-04
CVCB3.SA,BEAR_CALM,0.2042955736222015,1,PROFIT_TARGET,4,2.5694689750671387,3.0974834760030108,2.3054617245992026,PRICE,TRAIN,2023-04
CVCB3.SA,BEAR_CALM,-0.04648306402231386,0,MAX_DAYS,10,2.6500000953674316,2.5299999713897705,2.364285775593349,PRICE,TRAIN,2023-04
CVCB3.SA,BEAR_CALM,-0.1012000000000001,0,HARD_STOP,2,2.430000066757202,2.187000060081482,2.1757143565586636,PRICE,TRAIN,2023-04
CVCB3.SA,BEAR_CALM,0.041535105435526055,1,MAX_DAYS,10,2.3399999141693115,2.440000057220459,2.0999999727521623,PRICE,TRAIN,2023-04
DIRR3.SA,BULL_CALM,-0.07595883156827068,0,STOP_LOSS,8,7.008404731750488,6.484464582847282,6.484464582847282,PRICE,TEST,2023-04
DIRR3.SA,BULL_CALM,0.03755274238390891,1,MAX_DAYS,10,6.323902130126953,6.568970680236816,5.817887450742809,PRICE,TEST,2023-04
CYRE3.SA,BULL_CALM,-0.06456551501598798,0,STOP_LOSS,8,22.18259048461914,20.776979214172496,20.776979214172496,PRICE,TEST,2023-04
CYRE3.SA,BEAR_CALM,-0.01701040104220055,0,MAX_DAYS,10,19.762332916259766,19.44988250732422,18.025841094867996,PRICE,TEST,2023-04
EGIE3.SA,BEAR_CALM,0.01679997344140958,1,MAX_DAYS,10,25.710355758666992,26.173141479492188,24.698469119277053,PRICE,TRAIN,2023-04
EGIE3.SA,BEAR_CALM,-0.0012,0,END_CLOSED,0,25.35683822631836,25.35683822631836,24.735199303716573,PRICE,TRAIN,2023-04
ELET6.SA,BULL_CALM,0.009952476813599544,1,SIGNAL,3,38.703224182128906,39.13486099243164,37.289834362796654,PRICE,TEST,2023-04
ELET6.SA,SIDEWAYS_CALM,-0.052070779726722714,0,STOP_LOSS,10,36.93436813354492,35.05548802787767,35.05548802787767,PRICE,TEST,2023-04
ELET3.SA,SIDEWAYS_CALM,-0.05713466246847023,0,STOP_LOSS,10,34.190147399902344,32.27773304534156,32.27773304534156,PRICE,TEST,2023-04
EMBR3.SA,BULL_CALM,0.025676362998400794,1,MAX_DAYS,10,19.699729919433594,20.22918701171875,18.241230433353785,PRICE,TRAIN,2023-04
EMBR3.SA,BULL_CALM,0.05863447695512667,1,MAX_DAYS,10,31.387706756591797,33.26577377319336,29.543604554386665,PRICE,TEST,2023-04
ENEV3.SA,SIDEWAYS_CALM,0.00750250424758523,1,SIGNAL,1,12.640000343322754,12.75,12.110000610351562,PRICE,TEST,2023-04
EQTL3.SA,BEAR_CALM,-0.02440470621643944,0,MAX_DAYS,10,29.55322265625,28.867448806762695,28.181670903914487,PRICE,TEST,2023-04
EQTL3.SA,BEAR_CALM,0.04191297175671536,1,MAX_DAYS,10,27.603904724121094,28.793991088867188,26.41071386892439,PRICE,TEST,2023-04
EZTC3.SA,BEAR_CALM,0.08490762866908738,1,MAX_DAYS,10,13.735968589782715,14.918740272521973,12.454900222059228,PRICE,TRAIN,2023-04
EZTC3.SA,BEAR_CALM,-0.0791221306299428,0,STOP_LOSS,8,13.190946578979492,12.163079916519655,12.163079916519655,PRICE,TEST,2023-04
FLRY3.SA,BEAR_CALM,0.0016289139004784581,1,SIGNAL,1,11.092490196228027,11.123869895935059,10.355083636323412,PRICE,TRAIN,2023-04
FLRY3.SA,BEAR_CALM,0.041872538588343035,1,SIGNAL,1,10.927750587463379,11.398436546325684,10.215446477767669,PRICE,TRAIN,2023-04
FLRY3.SA,SIDEWAYS_CALM,-0.015683642638396965,0,MAX_DAYS,10,13.423935890197754,13.229508399963379,12.886544174633105,PRICE,TRAIN,2023-04
FLRY3.SA,BEAR_CALM,0.027721058405437572,1,MAX_DAYS,10,12.56169319152832,12.9249906539917,11.884217081254665,PRICE,TRAIN,2023-04
FLRY3.SA,BEAR_CALM,-0.03293529026907318,0,STOP_LOSS,8,12.643271446228027,12.242033556931297,12.242033556931297,PRICE,TEST,2023-04
FLRY3.SA,BEAR_CALM,0.030138895328446137,1,MAX_DAYS,10,11.985923767089844,12.361549377441406,11.51716640231827,PRICE,TEST,2023-04
GGBR4.SA,SIDEWAYS_CALM,0.03068071865402886,1,MAX_DAYS,10,18.052576065063477,18.62810516357422,16.901523109012796,PRICE,TRAIN,2023-04
GGBR4.SA,BEAR_CALM,0.08473717989194526,1,PROFIT_TARGET,10,16.506139755249023,17.92463085671745,15.79689420451481,PRICE,TRAIN,2023-04
GGBR4.SA,BEAR_CALM,0.01262909689515155,1,MAX_DAYS,10,16.180696487426758,16.404460906982422,15.464199380099977,PRICE,TRAIN,2023-04
GOAU4.SA,SIDEWAYS_CALM,0.017652011968308214,1,MAX_DAYS,10,9.454583168029785,9.632821083068848,8.871266768280403,PRICE,TRAIN,2023-04
GOAU4.SA,BEAR_CALM,-0.0440060946307145,0,STOP_LOSS,5,9.510238647460938,9.103142471957046,9.103142471957046,PRICE,TRAIN,2023-04
HAPV3.SA,BEAR_CALM,0.11694348391211759,1,SIGNAL,2,35.54999923706055,39.75,28.27499771118164,PRICE,TRAIN,2023-04
HAPV3.SA,BEAR_CALM,0.0625681011992377,1,MAX_DAYS,10,51.75,55.04999923706055,46.500000544956755,PRICE,TRAIN,2023-04
HAPV3.SA,BEAR_CALM,0.07102217983669709,1,MAX_DAYS,10,54.0,57.89999771118164,49.499999455043245,PRICE,TRAIN,2023-04
HAPV3.SA,BEAR_CALM,0.04964747345624363,1,MAX_DAYS,10,53.099998474121094,55.79999923706055,48.074999491373696,PRICE,TEST,2023-04
HYPE3.SA,BEAR_CALM,0.10220330323990487,1,MAX_DAYS,10,28.531124114990234,31.48133659362793,26.713736738102785,PRICE,TRAIN,2023-04
HYPE3.SA,BEAR_CALM,-0.047763230167924185,0,STOP_LOSS,6,29.27880096435547,27.915485416011343,27.915485416011343,PRICE,TEST,2023-04
IGTI11.SA,SIDEWAYS_CALM,0.019852691350637698,1,SIGNAL,3,21.49764633178711,21.95022964477539,20.422762772632968,PRICE,TEST,2023-04
ITSA4.SA,BULL_CALM,-0.028704983674322858,0,STOP_LOSS,6,8.565216064453125,8.329629936433294,8.329629936433294,PRICE,TEST,2023-04
IRBR3.SA,BEAR_CALM,0.10871364006089954,1,PROFIT_TARGET,2,37.119998931884766,41.19999313354492,35.08000183105469,PRICE,TEST,2023-04
IRBR3.SA,BEAR_CALM,-0.007212675055821592,0,END_CLOSED,1,31.600000381469727,31.40999984741211,29.745714732578822,PRICE,TEST,2023-04
ITUB4.SA,BULL_CALM,-0.030992346459015184,0,STOP_LOSS,8,27.32137107849121,26.507403325585482,26.507403325585482,PRICE,TEST,2023-04
KLBN11.SA,BEAR_CALM,0.05311133541350719,1,SIGNAL,4,13.929817199707031,14.68636417388916,13.186270088167477,PRICE,TRAIN,2023-04
KLBN11.SA,BULL_CALM,0.0306273749014526,1,MAX_DAYS,10,19.19251823425293,19.80336570739746,18.35288198342965,PRICE,TEST,2023-04
LREN3.SA,BEAR_CALM,0.03071480227692356,1,MAX_DAYS,10,10.107695579528809,10.430280685424805,9.247465567483069,PRICE,TRAIN,2023-04
LREN3.SA,BULL_CALM,-0.08458231088797477,0,STOP_LOSS,9,14.367238998413086,13.16926540964557,13.16926540964557,PRICE,TEST,2023-04
LREN3.SA,SIDEWAYS_CALM,-0.003115657508041235,0,MAX_DAYS,10,13.211447715759277,13.186139106750488,12.0472202592981,PRICE,TEST,2023-04
LWSA3.SA,BEAR_CALM,0.057855197699100504,1,MAX_DAYS,10,4.929811954498291,5.220942974090576,4.375277385978371,PRICE,TRAIN,2023-04
LWSA3.SA,BEAR_CALM,-0.06571617301836244,0,STOP_LOSS,9,5.114194869995117,4.7842465889128905,4.7842465889128905,PRICE,TEST,2023-04
MGLU3.SA,BEAR_CALM,0.17271309453215364,1,SIGNAL,4,29.23788070678711,34.322731018066406,25.424243868613257,PRICE,TRAIN,2023-04
MGLU3.SA,BEAR_CALM,-0.09587446595087537,0,STOP_LOSS,8,16.406463623046875,14.853190441392448,14.853190441392448,PRICE,TEST,2023-04
MRVE3.SA,BULL_CALM,-0.08804284756017602,0,STOP_LOSS,6,10.380000114440918,9.478571346827916,9.478571346827916,PRICE,TRAIN,2023-04
MRVE3.SA,BEAR_CALM,-0.09482931296557498,0,STOP_LOSS,1,7.400000095367432,6.70714317049299,6.70714317049299,PRICE,TRAIN,2023-04
MRVE3.SA,BEAR_CALM,0.1328782204756543,1,MAX_DAYS,10,7.159999847412109,8.119999885559082,6.402857099260602,PRICE,TRAIN,2023-04
MRVE3.SA,BEAR_CALM,-0.06632890454910426,0,STOP_LOSS,7,7.369999885559082,6.889999866485596,6.889999866485596,PRICE,TEST,2023-04
MRVE3.SA,BEAR_CALM,0.072122976320906,1,MAX_DAYS,10,6.409999847412109,6.880000114440918,5.845999813079834,PRICE,TEST,2023-04
MULT3.SA,BEAR_CALM,0.033568061822285646,1,SIGNAL,4,23.247690200805664,24.055967330932617,22.374972965878662,PRICE,TEST,2023-04
PCAR3.SA,BEAR_CALM,0.041891663431762406,1,SIGNAL,4,14.619999885559082,15.25,13.789999961853027,PRICE,TRAIN,2023-04
PCAR3.SA,BEAR_CALM,-0.10119999999999998,0,HARD_STOP,3,3.690000057220459,3.3210000514984133,3.227142878941127,PRICE,TRAIN,2023-04
PCAR3.SA,BEAR_CALM,0.11407373304058929,1,MAX_DAYS,10,3.4700000286102295,3.869999885559082,3.010000058582851,PRICE,TRAIN,2023-04
PETR4.SA,BEAR_CALM,0.056072424388257415,1,SIGNAL,4,14.168882369995117,14.980368614196777,13.374910870428861,PRICE,TRAIN,2023-04
PETR4.SA,BULL_CALM,0.02925288862452522,1,SIGNAL,5,29.04224967956543,29.92667007446289,27.779873229383842,PRICE,TEST,2023-04
PETR3.SA,BEAR_CALM,0.05947242011674612,1,SIGNAL,4,16.65680503845215,17.66741371154785,15.682722651880837,PRICE,TRAIN,2023-04
PETR3.SA,BULL_CALM,0.042057096025443476,1,SIGNAL,5,30.231609344482422,31.53934097290039,28.85465033295949,PRICE,TEST,2023-04
RADL3.SA,BEAR_CALM,0.03655107955889534,1,MAX_DAYS,10,24.011493682861328,24.917953491210938,22.88462004368458,PRICE,TRAIN,2023-04
RADL3.SA,BEAR_CALM,0.09219795856415111,1,PROFIT_TARGET,10,24.455078125,26.73913249840183,23.313050938299085,PRICE,TRAIN,2023-04
RADL3.SA,BEAR_CALM,-0.0449736519952765,0,STOP_LOSS,9,25.554399490356445,24.435790100117313,24.435790100117313,PRICE,TEST,2023-04
RAIL3.SA,SIDEWAYS_CALM,0.06214483111768163,1,MAX_DAYS,10,17.674299240112305,18.793874740600586,16.647497345746707,PRICE,TRAIN,2023-04
RAIL3.SA,SIDEWAYS_CALM,0.04229780179061025,1,SIGNAL,4,21.274282455444336,22.19966697692871,20.37751847089234,PRICE,TEST,2023-04
RAIL3.SA,BEAR_CALM,-0.04894305476202478,0,STOP_LOSS,9,20.148557662963867,19.18660397108517,19.18660397108517,PRICE,TEST,2023-04
RAIZ4.SA,BEAR_CALM,0.11128593746914381,1,PROFIT_TARGET,2,3.25,3.615579296774717,3.0672103516126414,PRICE,TRAIN,2023-04
RAIZ4.SA,BEAR_CALM,-0.06989014208528047,0,STOP_LOSS,5,3.130000114440918,2.9149999618530273,2.9149999618530273,PRICE,TEST,2023-04
RDOR3.SA,SIDEWAYS_CALM,-0.06548571830359487,0,STOP_LOSS,5,26.29840850830078,24.607796427103295,24.607796427103295,PRICE,TRAIN,2023-04
RDOR3.SA,BEAR_CALM,-0.02567831838537806,0,MAX_DAYS,10,23.573970794677734,22.996919631958008,21.7238927584864,PRICE,TRAIN,2023-04
RDOR3.SA,BEAR_CALM,-0.059402007791743226,0,MAX_DAYS,10,22.041471481323242,20.75861358642578,20.037331990728646,PRICE,TRAIN,2023-04
RDOR3.SA,BEAR_CALM,0.13325040325899504,1,PROFIT_TARGET,7,22.497447967529297,25.52223891906187,20.98505249176301,PRICE,TEST,2023-04
RENT3.SA,BEAR_CALM,0.0028315205716179306,1,MAX_DAYS,10,48.179527282714844,48.37376403808594,45.412670271030755,PRICE,TRAIN,2023-04
RENT3.SA,BEAR_CALM,0.028886675887141645,1,SIGNAL,1,48.30873489379883,49.762184143066406,46.231040537226,PRICE,TEST,2023-04
SANB11.SA,SIDEWAYS_CALM,0.023425177038109625,1,SIGNAL,1,25.056842803955078,25.673871994018555,24.475582200619662,PRICE,TEST,2023-04
SANB11.SA,BEAR_CALM,0.0750112704293496,1,PROFIT_TARGET,10,23.894315719604492,25.71533187663553,22.983807641088973,PRICE,TEST,2023-04
SBSP3.SA,BEAR_CALM,-0.05814816125529778,0,STOP_LOSS,9,46.09803009033203,43.472832039196234,43.472832039196234,PRICE,TRAIN,2023-04
SLCE3.SA,SIDEWAYS_CALM,-0.04362415554698464,0,STOP_LOSS,6,18.4139404296875,17.63274455666553,17.63274455666553,PRICE,TEST,2023-04
SLCE3.SA,BEAR_CALM,0.011232339069920362,1,MAX_DAYS,10,17.204944610595703,17.418842315673828,16.324547417945467,PRICE,TEST,2023-04
SUZB3.SA,BEAR_CALM,-0.028590799186175707,0,MAX_DAYS,10,40.075157165527344,38.97746658325195,37.747294009675244,PRICE,TRAIN,2023-04
SUZB3.SA,BEAR_CALM,0.07328457059905111,1,MAX_DAYS,10,36.71584701538086,39.45061111450195,34.44341074123696,PRICE,TRAIN,2023-04
SUZB3.SA,BULL_CALM,-0.026673681675528436,0,MAX_DAYS,10,60.82611846923828,59.27665328979492,58.06129065381856,PRICE,TEST,2023-04
SUZB3.SA,BULL_CALM,-0.04350271596705959,0,STOP_LOSS,10,58.63750076293945,56.15697522314659,56.15697522314659,PRICE,TEST,2023-04
SUZB3.SA,BEAR_CALM,0.0029109310102509514,1,MAX_DAYS,10,47.11336898803711,47.30704879760742,44.253779637693555,PRICE,TEST,2023-04
SMFT3.SA,BULL_CALM,-0.0545588995375357,0,STOP_LOSS,8,24.269140243530273,22.974165627413377,22.974165627413377,PRICE,TEST,2023-04
SMFT3.SA,BULL_CALM,0.0033681861078850087,1,MAX_DAYS,10,22.433815002441406,22.536296844482422,20.877134448859024,PRICE,TEST,2023-04
UGPA3.SA,BULL_CALM,0.0018131888824549425,1,MAX_DAYS,10,23.953353881835938,24.025529861450195,22.550088795388568,PRICE,TEST,2023-04
UGPA3.SA,BEAR_CALM,0.009022896494216816,1,END_CLOSED,3,19.415300369262695,19.613780975341797,18.370039990975837,PRICE,TEST,2023-04
VALE3.SA,SIDEWAYS_CALM,-0.024136847804851057,0,MAX_DAYS,10,62.54019546508789,61.10572052001953,59.703280630378636,PRICE,TRAIN,2023-04
VALE3.SA,BEAR_CALM,0.016162831222792252,1,MAX_DAYS,10,54.27982711791992,55.2222785949707,52.003715291318755,PRICE,TEST,2023-04
USIM5.SA,BEAR_CALM,0.08818552777948105,1,PROFIT_TARGET,4,6.601693153381348,7.191788980134525,6.306645240004759,PRICE,TRAIN,2023-04
USIM5.SA,BULL_CALM,-0.025782096406472464,0,MAX_DAYS,10,9.830930709838867,9.589265823364258,9.289601707999458,PRICE,TEST,2023-04
USIM5.SA,BEAR_CALM,0.00565873676220905,1,MAX_DAYS,10,7.289999961853027,7.340000152587891,6.897142955235073,PRICE,TEST,2023-04
VBBR3.SA,BEAR_CALM,0.05554866557773117,1,MAX_DAYS,10,10.0756254196167,10.647403717041016,9.29136472819398,PRICE,TRAIN,2023-04
VBBR3.SA,BULL_CALM,-0.01457658507021211,0,MAX_DAYS,10,19.845624923706055,19.580158233642578,18.67918250692935,PRICE,TEST,2023-04
VBBR3.SA,BULL_CALM,0.04771057123811038,1,MAX_DAYS,10,18.55807876586914,19.46576499938965,17.592067540139844,PRICE,TEST,2023-04
WEGE3.SA,BULL_CALM,0.03750943721411191,1,MAX_DAYS,10,36.67996597290039,38.09982681274414,34.376621060750445,PRICE,TRAIN,2023-04
WEGE3.SA,BULL_CALM,0.022816806128011714,1,SIGNAL,4,36.54781723022461,37.42557907104492,35.303512174598076,PRICE,TEST,2023-04
YDUQ3.SA,BEAR_CALM,-0.0012,0,END_CLOSED,0,10.176077842712402,10.176077842712402,9.286545903170918,PRICE,TEST,2023-04
ABEV3.SA,BULL_CALM,-0.03356454161094604,0,STOP_LOSS,5,13.11482048034668,12.690365327190412,12.690365327190412,PRICE,TRAIN,2023-07
ABEV3.SA,SIDEWAYS_CALM,0.018541299351936803,1,MAX_DAYS,10,12.725013732910156,12.976222038269043,12.0710046903875,PRICE,TRAIN,2023-07
ABEV3.SA,BEAR_CALM,0.04064099465955948,1,MAX_DAYS,10,10.892598152160645,11.348355293273926,10.470696982276342,PRICE,TRAIN,2023-07
ABEV3.SA,BEAR_CALM,-0.04055492727978285,0,STOP_LOSS,3,10.81967830657959,10.393870653633506,10.393870653633506,PRICE,TRAIN,2023-07
ABEV3.SA,BEAR_CALM,0.013870950847747344,1,END_CLOSED,6,10.28188419342041,10.43684196472168,9.865191776250182,PRICE,TRAIN,2023-07
ABEV3.SA,BEAR_CALM,0.03746426843785509,1,MAX_DAYS,10,10.373035430908203,10.774101257324219,10.008429972360167,PRICE,TEST,2023-07
AURE3.SA,BULL_CALM,0.00651388520967542,1,SIGNAL,1,12.345407485961914,12.440638542175293,11.903882293046884,PRICE,TRAIN,2023-07
AURE3.SA,BEAR_CALM,0.019543350554044416,1,MAX_DAYS,10,11.493091583251953,11.731496810913086,11.05743551628171,PRICE,TRAIN,2023-07
AURE3.SA,BEAR_CALM,-0.026296519775829273,0,STOP_LOSS,3,11.026216506958008,10.74949684633856,10.74949684633856,PRICE,TEST,2023-07
ALOS3.SA,BULL_CALM,0.015226346314389662,1,SIGNAL,1,22.08186149597168,22.4445858001709,21.188321850045558,PRICE,TRAIN,2023-07
ALOS3.SA,BEAR_CALM,0.021626764250277965,1,MAX_DAYS,10,19.247650146484375,19.68701171875,18.04746318332353,PRICE,TRAIN,2023-07
ASAI3.SA,BEAR_CALM,0.006882394232803214,1,SIGNAL,1,13.36719036102295,13.475229263305664,12.620748919618354,PRICE,TRAIN,2023-07
ASAI3.SA,BEAR_CALM,0.04891930058525582,1,MAX_DAYS,10,12.345745086669922,12.964505195617676,11.36162119385922,PRICE,TRAIN,2023-07
BBAS3.SA,BULL_CALM,-0.033155234053182124,0,STOP_LOSS,5,21.370750427246094,20.687843095451303,20.687843095451303,PRICE,TRAIN,2023-07
BBAS3.SA,BULL_CALM,0.002164354752538601,1,MAX_DAYS,10,20.299442291259766,20.36773681640625,19.37324711294218,PRICE,TRAIN,2023-07
BBDC3.SA,BULL_CALM,-0.0298147298105327,0,STOP_LOSS,5,11.929635047912598,11.588271764278318,11.588271764278318,PRICE,TRAIN,2023-07
BBDC3.SA,BULL_CALM,0.04008779215079259,1,MAX_DAYS,10,11.620619773864746,12.100409507751465,11.183569135948275,PRICE,TRAIN,2023-07
BBDC3.SA,SIDEWAYS_CALM,0.010600574217058824,1,MAX_DAYS,10,10.190160751342773,10.310410499572754,9.816358919104132,PRICE,TRAIN,2023-07
BBDC3.SA,BEAR_CALM,0.04641896488502426,1,MAX_DAYS,10,10.429182052612305,10.925808906555176,10.062579220785686,PRICE,TRAIN,2023-07
BBDC3.SA,BEAR_CALM,-0.005816524190214299,0,MAX_DAYS,10,9.831274032592773,9.785887718200684,9.572459623511348,PRICE,TRAIN,2023-07
AZUL4.SA,BULL_CALM,-0.08496718069398426,0,STOP_LOSS,2,21.1299991607666,19.35999870300293,19.35999870300293,PRICE,TRAIN,2023-07
AZUL4.SA,BULL_CALM,-0.09416065925551789,0,STOP_LOSS,5,19.31999969482422,17.523999786376955,17.523999786376955,PRICE,TRAIN,2023-07
AZUL4.SA,BULL_CALM,0.02015030818593764,1,MAX_DAYS,10,17.329999923706055,17.700000762939453,15.350000381469727,PRICE,TRAIN,2023-07
AZUL4.SA,BULL_CALM,-0.10119999999999998,0,HARD_STOP,9,17.170000076293945,15.45300006866455,15.345714841570173,PRICE,TRAIN,2023-07
AZUL4.SA,BEAR_CALM,-0.10085156262759967,0,STOP_LOSS,10,10.25,9.228571483067103,9.228571483067103,PRICE,TRAIN,2023-07
AZUL4.SA,BEAR_CALM,-0.04477065399154769,0,MAX_DAYS,10,9.40999984741211,9.0,8.349999972752162,PRICE,TRAIN,2023-07
AZUL4.SA,BEAR_CALM,-0.09435299069450856,0,STOP_LOSS,3,8.449999809265137,7.6628570556640625,7.6628570556640625,PRICE,TRAIN,2023-07
B3SA3.SA,BULL_CALM,-0.04394084640188769,0,STOP_LOSS,2,13.821044921875,13.230321763755551,13.230321763755551,PRICE,TRAIN,2023-07
B3SA3.SA,BULL_CALM,0.05520656829238799,1,MAX_DAYS,10,13.464735984802246,14.224235534667969,12.64710049386253,PRICE,TRAIN,2023-07
B3SA3.SA,BEAR_CALM,0.028317090023016613,1,MAX_DAYS,10,10.74882698059082,11.06610107421875,10.115654094565972,PRICE,TRAIN,2023-07
B3SA3.SA,BEAR_CALM,0.0170816969321542,1,MAX_DAYS,10,10.518082618713379,10.710371017456055,9.864307927535002,PRICE,TRAIN,2023-07
B3SA3.SA,BEAR_CALM,-0.0566096689481548,0,STOP_LOSS,9,10.46039867401123,9.88079144641855,9.88079144641855,PRICE,TRAIN,2023-07
B3SA3.SA,BEAR_CALM,-0.0016122706938002317,0,MAX_DAYS,10,10.152738571166992,10.148552894592285,9.615708901964938,PRICE,TRAIN,2023-07
B3SA3.SA,BEAR_CALM,0.013181454361078739,1,SIGNAL,1,10.109782218933105,10.255175590515137,9.770527449770308,PRICE,TEST,2023-07
BBDC4.SA,BULL_CALM,-0.025367252062598288,0,STOP_LOSS,2,13.514913558959961,13.188295236376348,13.188295236376348,PRICE,TRAIN,2023-07
BBDC4.SA,BULL_CALM,0.04671167200661106,1,MAX_DAYS,10,13.30246639251709,13.939809799194336,12.841709792086537,PRICE,TRAIN,2023-07
BBDC4.SA,BEAR_CALM,0.005733073889249908,1,MAX_DAYS,10,11.102009773254395,11.178980827331543,10.72398003232496,PRICE,TRAIN,2023-07
BBDC4.SA,BEAR_CALM,0.004206963498295392,1,MAX_DAYS,10,10.954541206359863,11.013772010803223,10.565125821419533,PRICE,TRAIN,2023-07
BBSE3.SA,SIDEWAYS_CALM,-0.03718845324817179,0,STOP_LOSS,8,24.529808044433594,23.647018194439866,23.647018194439866,PRICE,TRAIN,2023-07
BBSE3.SA,BEAR_CALM,0.03524803526185858,1,MAX_DAYS,10,23.682331085205078,24.54550552368164,22.804671161406958,PRICE,TRAIN,2023-07
BPAC11.SA,BULL_CALM,-0.04607775488622403,0,STOP_LOSS,2,30.222023010253906,28.86572646943391,28.86572646943391,PRICE,TRAIN,2023-07
BEEF3.SA,BEAR_CALM,-0.058761016677395216,0,MAX_DAYS,10,10.08176326751709,9.501446723937988,9.363744524230695,PRICE,TRAIN,2023-07
BEEF3.SA,BEAR_CALM,0.04303591447970354,1,MAX_DAYS,10,7.460000038146973,7.789999961853027,7.00428581237793,PRICE,TRAIN,2023-07
BEEF3.SA,BEAR_CALM,0.026577785523670273,1,MAX_DAYS,10,6.840000152587891,7.03000020980835,6.245714391980853,PRICE,TRAIN,2023-07
BEEF3.SA,BEAR_CALM,0.028650789820280888,1,MAX_DAYS,10,6.699999809265137,6.900000095367432,6.079999923706055,PRICE,TEST,2023-07
BEEF3.SA,BEAR_CALM,0.10178472357802013,1,PROFIT_TARGET,10,6.269999980926514,6.915714195796422,5.9471428734915595,PRICE,TEST,2023-07
BRAP4.SA,BEAR_CALM,0.027294016588988647,1,MAX_DAYS,10,16.636911392211914,17.110963821411133,16.260679487097637,PRICE,TRAIN,2023-07
BRAP4.SA,SIDEWAYS_CALM,-0.041472871071943106,0,STOP_LOSS,6,17.551923751831055,16.845057389508987,16.845057389508987,PRICE,TRAIN,2023-07
BRAP4.SA,BEAR_CALM,-0.04474142694797947,0,STOP_LOSS,9,16.65740394592285,15.932116808868466,15.932116808868466,PRICE,TRAIN,2023-07
BRAP4.SA,BEAR_CALM,0.04955277132477907,1,END_CLOSED,4,15.291929244995117,16.068037033081055,14.791174308793693,PRICE,TRAIN,2023-07
BRKM5.SA,SIDEWAYS_CALM,-0.007267945901974125,0,MAX_DAYS,10,24.719999313354492,24.56999969482422,22.929229589609,PRICE,TRAIN,2023-07
BRKM5.SA,BEAR_CALM,0.14845986541668518,1,PROFIT_TARGET,2,17.639999389648438,20.27999932425363,16.31999942234584,PRICE,TRAIN,2023-07
BRKM5.SA,BEAR_CALM,-0.0676434094366353,0,STOP_LOSS,8,19.200000762939453,17.924287251063756,17.924287251063756,PRICE,TRAIN,2023-07
BRKM5.SA,BEAR_CALM,0.0169509709248866,1,MAX_DAYS,10,17.6299991607666,17.950000762939453,16.354285376412527,PRICE,TRAIN,2023-07
CMIN3.SA,BULL_CALM,-0.02732829575660691,0,STOP_LOSS,4,3.3147852420806885,3.2281755529059684,3.2281755529059684,PRICE,TRAIN,2023-07
CMIN3.SA,BULL_CALM,-0.0649797592013264,0,STOP_LOSS,10,5.003057479858398,4.683963678522635,4.683963678522635,PRICE,TRAIN,2023-07
CMIG4.SA,BULL_CALM,-0.02242645699507375,0,MAX_DAYS,10,7.13944149017334,6.98789644241333,6.886866920809217,PRICE,TRAIN,2023-07
CMIG4.SA,BULL_CALM,0.017348383726389784,1,MAX_DAYS,10,6.959832668304443,7.088926315307617,6.70423629607075,PRICE,TRAIN,2023-07
COGN3.SA,BULL_CALM,0.04582193900153251,1,MAX_DAYS,10,3.10587477684021,3.2519190311431885,2.8235225124069525,PRICE,TRAIN,2023-07
COGN3.SA,BEAR_CALM,-0.0012,0,MAX_DAYS,10,2.424334764480591,2.424334764480591,2.211527266213257,PRICE,TRAIN,2023-07
COGN3.SA,BEAR_CALM,-0.10126580110556396,0,STOP_LOSS,6,2.112773895263672,1.9013574828791897,1.9013574828791897,PRICE,TRAIN,2023-07
COGN3.SA,BEAR_CALM,-0.05434006004320704,0,MAX_DAYS,10,2.015410900115967,1.9083118438720703,1.7664403154077881,PRICE,TRAIN,2023-07
COGN3.SA,BEAR_CALM,-0.07488418461808702,0,STOP_LOSS,2,1.8498940467834473,1.7135861123163556,1.7135861123163556,PRICE,TRAIN,2023-07
COGN3.SA,BEAR_CALM,-0.08204770685324272,0,STOP_LOSS,2,1.7720038890838623,1.6287414381164043,1.6287414381164043,PRICE,TRAIN,2023-07
COGN3.SA,BEAR_CALM,0.010099383049963918,1,END_CLOSED,4,1.7233223915100098,1.7427948713302612,1.555023754239116,PRICE,TRAIN,2023-07
CPFE3.SA,BEAR_CALM,-0.00607061962995694,0,MAX_DAYS,10,32.849998474121094,32.689998626708984,31.45428466796875,PRICE,TRAIN,2023-07
CPFE3.SA,BEAR_CALM,0.00741004844266633,1,END_CLOSED,3,32.52000045776367,32.79999923706055,31.451429639543807,PRICE,TRAIN,2023-07
CPLE6.SA,BULL_CALM,-0.024455927342680005,0,MAX_DAYS,10,7.5304460525512695,7.355318546295166,7.244712451973361,PRICE,TRAIN,2023-07
CSAN3.SA,BULL_CALM,0.014092201721189614,1,SIGNAL,1,17.687519073486328,17.95800018310547,16.895396717851863,PRICE,TRAIN,2023-07
CSAN3.SA,BEAR_CALM,-0.028977816794602783,0,MAX_DAYS,10,14.258208274841309,13.862146377563477,13.470225859858354,PRICE,TRAIN,2023-07
CSAN3.SA,BEAR_CALM,-0.03798003109009209,0,MAX_DAYS,10,13.920106887817383,13.408124923706055,13.212164151782163,PRICE,TRAIN,2023-07
CSAN3.SA,BEAR_CALM,-0.047133118176150866,0,STOP_LOSS,4,13.369484901428223,12.755382771496656,12.755382771496656,PRICE,TRAIN,2023-07
CSAN3.SA,BEAR_CALM,-0.05315396742939429,0,STOP_LOSS,4,13.050000190734863,12.372000905871834,12.372000905871834,PRICE,TRAIN,2023-07
CSAN3.SA,BEAR_CALM,0.10393646995233227,1,MAX_DAYS,10,12.460000038146973,13.770000457763672,11.7650761635813,PRICE,TRAIN,2023-07
CSNA3.SA,BEAR_CALM,0.04485262738739735,1,SIGNAL,1,10.478035926818848,10.960577011108398,9.986877864251666,PRICE,TRAIN,2023-07
CSNA3.SA,SIDEWAYS_CALM,-0.013708694290115807,0,MAX_DAYS,10,12.992748260498047,12.830225944519043,12.211093511818138,PRICE,TRAIN,2023-07
CVCB3.SA,BEAR_CALM,-0.05818000279445592,0,STOP_LOSS,2,3.509999990463257,3.31000018119812,3.31000018119812,PRICE,TRAIN,2023-07
CVCB3.SA,BEAR_CALM,-0.04300060463260349,0,MAX_DAYS,10,3.109999895095825,2.9800000190734863,2.775454499504783,PRICE,TRAIN,2023-07
CVCB3.SA,BEAR_CALM,-0.0929658646388978,0,STOP_LOSS,1,2.880000114440918,2.6157144137791226,2.6157144137791226,PRICE,TRAIN,2023-07
CVCB3.SA,BEAR_CALM,-0.09785426949169343,0,MAX_DAYS,10,2.690000057220459,2.430000066757202,2.4071429116385326,PRICE,TRAIN,2023-07
CVCB3.SA,BEAR_CALM,0.22661626134757648,1,PROFIT_TARGET,3,2.2699999809265137,2.787142889840262,2.0114285264696394,PRICE,TRAIN,2023-07
CVCB3.SA,BEAR_CALM,-0.08026979942012172,0,MAX_DAYS,10,2.1500000953674316,1.9800000190734863,1.894285832132612,PRICE,TRAIN,2023-07
CVCB3.SA,BEAR_CALM,0.040250800564520885,1,MAX_DAYS,10,1.9299999475479126,2.009999990463257,1.737142903464181,PRICE,TRAIN,2023-07
CVCB3.SA,BEAR_CALM,0.019742451183951105,1,END_CLOSED,9,1.909999966621399,1.9500000476837158,1.7328570910862513,PRICE,TRAIN,2023-07
CXSE3.SA,BULL_CALM,-0.005125312588024421,0,MAX_DAYS,10,8.338944435119629,8.306211471557617,8.109807813037808,PRICE,TRAIN,2023-07
CYRE3.SA,BULL_CALM,0.02414207211944084,1,SIGNAL,1,18.09424591064453,18.552791595458984,17.213835692307324,PRICE,TRAIN,2023-07
ECOR3.SA,BULL_CALM,-0.038237077270105745,0,STOP_LOSS,2,5.964207172393799,5.743310370494931,5.743310370494931,PRICE,TRAIN,2023-07
ECOR3.SA,BULL_CALM,0.1237426230031787,1,PROFIT_TARGET,5,5.724902629852295,6.440186980863837,5.367260454346524,PRICE,TRAIN,2023-07
ECOR3.SA,BEAR_CALM,-0.029732630562064453,0,MAX_DAYS,10,6.844263553619385,6.6489787101745605,6.419153813178655,PRICE,TRAIN,2023-07
ECOR3.SA,BEAR_CALM,0.003307551485471995,1,MAX_DAYS,10,6.741971969604492,6.772361755371094,6.303577574293999,PRICE,TRAIN,2023-07
ECOR3.SA,BEAR_CALM,-0.05778765049826264,0,STOP_LOSS,5,6.390282154083252,6.028671100962704,6.028671100962704,PRICE,TRAIN,2023-07
EGIE3.SA,BULL_CALM,-0.02268390139633982,0,STOP_LOSS,5,28.25627326965332,27.649218280900055,27.649218280900055,PRICE,TRAIN,2023-07
EGIE3.SA,BULL_CALM,0.002170830379798795,1,MAX_DAYS,10,27.849483489990234,27.943359375,27.070324146987875,PRICE,TRAIN,2023-07
ELET3.SA,SIDEWAYS_CALM,-0.04207333562708417,0,STOP_LOSS,10,34.67430114746094,33.25704679902618,33.25704679902618,PRICE,TRAIN,2023-07
ELET6.SA,BULL_CALM,-0.03170990610355142,0,MAX_DAYS,10,37.17134475708008,36.03725051879883,35.55483470503037,PRICE,TRAIN,2023-07
EMBR3.SA,BULL_CALM,0.05152203726646629,1,MAX_DAYS,10,17.432065963745117,18.351119995117188,16.499026420036706,PRICE,TRAIN,2023-07
ENEV3.SA,SIDEWAYS_CALM,0.012734432700961175,1,MAX_DAYS,10,12.199999809265137,12.369999885559082,11.5600004196167,PRICE,TRAIN,2023-07
ENGI11.SA,BEAR_CALM,0.03328281675703391,1,END_CLOSED,7,36.2021484375,37.45050048828125,34.334316894199816,PRICE,TRAIN,2023-07
EQTL3.SA,BEAR_CALM,-0.043346332593991475,0,STOP_LOSS,4,28.867448806762695,27.650791708212854,27.650791708212854,PRICE,TRAIN,2023-07
EQTL3.SA,BEAR_CALM,0.027544865294108024,1,MAX_DAYS,10,27.943700790405273,28.746938705444336,26.743263989790233,PRICE,TRAIN,2023-07
EQTL3.SA,BEAR_CALM,-0.002535573953668456,0,MAX_DAYS,10,28.182353973388672,28.14471435546875,26.787015380235434,PRICE,TRAIN,2023-07
EQTL3.SA,BEAR_CALM,-0.00832344926156494,0,MAX_DAYS,10,27.74009132385254,27.5424861907959,26.563866411289116,PRICE,TRAIN,2023-07
EQTL3.SA,BEAR_CALM,0.0898646634185801,1,PROFIT_TARGET,4,27.486024856567383,29.98903045884542,26.234522055428364,PRICE,TRAIN,2023-07
EZTC3.SA,BULL_CALM,0.04194168171565358,1,SIGNAL,2,15.314209938049316,15.97489070892334,14.407893491865496,PRICE,TRAIN,2023-07
EZTC3.SA,BEAR_CALM,0.08490762866908738,1,MAX_DAYS,10,13.735968589782715,14.918740272521973,12.454900222059228,PRICE,TRAIN,2023-07
EZTC3.SA,BEAR_CALM,0.013690067337800517,1,MAX_DAYS,10,10.978093147277832,11.141557693481445,10.160758677430428,PRICE,TRAIN,2023-07
EZTC3.SA,BEAR_CALM,0.05033847951010415,1,SIGNAL,1,11.184576034545898,11.761012077331543,10.728588887693112,PRICE,TEST,2023-07
FLRY3.SA,BULL_CALM,0.0142321717782413,1,SIGNAL,1,13.343937873840332,13.549863815307617,12.569659590179429,PRICE,TRAIN,2023-07
FLRY3.SA,BULL_CALM,-0.004354676674676948,0,MAX_DAYS,10,13.055643081665039,13.014456748962402,12.286070568235603,PRICE,TRAIN,2023-07
FLRY3.SA,SIDEWAYS_CALM,-0.015683642638396965,0,MAX_DAYS,10,13.423935890197754,13.229508399963379,12.886544174633105,PRICE,TRAIN,2023-07
FLRY3.SA,BEAR_CALM,0.027721058405437572,1,MAX_DAYS,10,12.56169319152832,12.9249906539917,11.884217081254665,PRICE,TRAIN,2023-07
FLRY3.SA,BEAR_CALM,0.028074807205719844,1,SIGNAL,4,12.831084251403809,13.206711769104004,12.216422128244078,PRICE,TEST,2023-07
GGBR4.SA,SIDEWAYS_CALM,0.03699442040654142,1,SIGNAL,6,19.28586196899414,20.02247428894043,18.281388348970385,PRICE,TRAIN,2023-07
GGBR4.SA,BEAR_CALM,0.08473717989194526,1,PROFIT_TARGET,10,16.506139755249023,17.92463085671745,15.79689420451481,PRICE,TRAIN,2023-07
GGBR4.SA,SIDEWAYS_CALM,0.03587746257616229,1,MAX_DAYS,10,17.30173110961914,17.943235397338867,16.537587543465115,PRICE,TEST,2023-07
GOAU4.SA,BULL_CALM,0.03398810092941571,1,SIGNAL,6,10.169687271118164,10.527539253234863,9.495592208625357,PRICE,TRAIN,2023-07
GOAU4.SA,BEAR_CALM,-0.0440060946307145,0,STOP_LOSS,5,9.510238647460938,9.103142471957046,9.103142471957046,PRICE,TRAIN,2023-07
GOAU4.SA,BULL_CALM,0.04077753468441867,1,MAX_DAYS,10,10.08736801147461,10.510810852050781,9.673333770949617,PRICE,TEST,2023-07
HAPV3.SA,BEAR_CALM,-0.033607327280444486,0,MAX_DAYS,10,64.79999542236328,62.70000076293945,57.29999923706055,PRICE,TRAIN,2023-07
HAPV3.SA,BEAR_CALM,0.07657779190628608,1,MAX_DAYS,10,54.0,58.20000076293945,48.942858014787944,PRICE,TRAIN,2023-07
HYPE3.SA,BULL_CALM,0.0046528796523686924,1,SIGNAL,1,41.81393051147461,42.05866241455078,40.91061307066194,PRICE,TRAIN,2023-07
HYPE3.SA,BULL_CALM,-0.03308942179588228,0,STOP_LOSS,2,41.46041488647461,40.138266228327545,40.138266228327545,PRICE,TRAIN,2023-07
HYPE3.SA,BULL_CALM,-0.0374497554174549,0,STOP_LOSS,6,40.86216354370117,39.380920109413964,39.380920109413964,PRICE,TRAIN,2023-07
HYPE3.SA,BEAR_CALM,0.016949427328201018,1,MAX_DAYS,10,26.232913970947266,26.709026336669922,24.73572464301817,PRICE,TRAIN,2023-07
IGTI11.SA,BULL_CALM,-0.045475565199102695,0,STOP_LOSS,8,20.93207359313965,20.005294204014177,20.005294204014177,PRICE,TRAIN,2023-07
IGTI11.SA,BULL_CALM,0.022186316256130968,1,MAX_DAYS,10,20.01465606689453,20.482725143432617,18.94064736402677,PRICE,TRAIN,2023-07
IGTI11.SA,BEAR_CALM,0.07596200332425149,1,MAX_DAYS,10,18.6531925201416,20.092510223388672,17.66512694470571,PRICE,TRAIN,2023-07
IRBR3.SA,BULL_CALM,0.06483548152778482,1,SIGNAL,1,43.310001373291016,46.16999816894531,40.04999923706055,PRICE,TRAIN,2023-07
IRBR3.SA,BEAR_CALM,-0.0568574650582321,0,STOP_LOSS,5,32.70000076293945,30.880001613071986,30.880001613071986,PRICE,TRAIN,2023-07
IRBR3.SA,BEAR_CALM,0.012352761516486767,1,END_CLOSED,8,30.989999771118164,31.40999984741211,29.185714176722936,PRICE,TRAIN,2023-07
ITSA4.SA,BULL_CALM,0.008116712699456886,1,MAX_DAYS,10,7.161273956298828,7.227993488311768,6.894394288051085,PRICE,TRAIN,2023-07
ITUB4.SA,BULL_CALM,-0.018920917234106514,0,MAX_DAYS,10,22.235713958740234,21.841676712036133,21.50946042650727,PRICE,TRAIN,2023-07
KLBN11.SA,BULL_CALM,-0.0375089781731003,0,STOP_LOSS,9,17.166507720947266,16.543209366799033,16.543209366799033,PRICE,TRAIN,2023-07
KLBN11.SA,BULL_CALM,0.07033056395064849,1,PROFIT_TARGET,5,16.682161331176758,17.875445739111534,16.08551912720937,PRICE,TRAIN,2023-07
KLBN11.SA,BULL_CALM,0.0029937749965939023,1,MAX_DAYS,10,19.73897933959961,19.821760177612305,18.6444111267793,PRICE,TEST,2023-07
LREN3.SA,BEAR_CALM,0.007182778627643806,1,SIGNAL,1,16.545429229736328,16.684125900268555,15.411397262067098,PRICE,TRAIN,2023-07
LREN3.SA,BEAR_CALM,-0.08200811198479488,0,STOP_LOSS,6,16.15382194519043,14.848462092461045,14.848462092461045,PRICE,TRAIN,2023-07
LREN3.SA,BEAR_CALM,0.03071480227692356,1,MAX_DAYS,10,10.107695579528809,10.430280685424805,9.247465567483069,PRICE,TRAIN,2023-07
LREN3.SA,BEAR_CALM,0.014530278991759939,1,MAX_DAYS,10,10.478045463562012,10.642868041992188,9.694662177151958,PRICE,TRAIN,2023-07
LWSA3.SA,BULL_CALM,-0.10393164597858853,0,STOP_LOSS,7,8.171066284179688,7.331639195405759,7.331639195405759,PRICE,TRAIN,2023-07
LWSA3.SA,BULL_CALM,-0.027481264170704976,0,MAX_DAYS,10,7.385014057159424,7.190926551818848,6.602196309570474,PRICE,TRAIN,2023-07
LWSA3.SA,SIDEWAYS_CALM,-0.07232373296380137,0,MAX_DAYS,10,6.8221611976623535,6.336943626403809,6.162265114238629,PRICE,TRAIN,2023-07
LWSA3.SA,BEAR_CALM,0.013693770725505462,1,MAX_DAYS,10,4.561046123504639,4.628977298736572,4.164553903272884,PRICE,TRAIN,2023-07
LWSA3.SA,BEAR_CALM,-0.09232777237907122,0,STOP_LOSS,6,4.609568119049072,4.189508444730545,4.189508444730545,PRICE,TRAIN,2023-07
LWSA3.SA,BEAR_CALM,-0.055702350629970664,0,MAX_DAYS,10,4.095237731933594,3.872037649154663,3.593383961505019,PRICE,TRAIN,2023-07
LWSA3.SA,BEAR_CALM,-0.03039712785149564,0,END_CLOSED,5,3.988490104675293,3.872037649154663,3.5850661072086263,PRICE,TRAIN,2023-07
MGLU3.SA,BEAR_CALM,-0.06351454500333001,0,STOP_LOSS,2,30.59989356994629,28.693075124984762,28.693075124984762,PRICE,TRAIN,2023-07
MGLU3.SA,BEAR_CALM,-0.05151453271124342,0,MAX_DAYS,10,28.874679565429688,27.421863555908203,25.969051403744707,PRICE,TRAIN,2023-07
MGLU3.SA,BEAR_CALM,-0.0012,0,MAX_DAYS,10,27.331064224243164,27.331064224243164,24.78863922396411,PRICE,TRAIN,2023-07
MGLU3.SA,BEAR_CALM,-0.10119999999999987,0,HARD_STOP,4,12.814515113830566,11.53306360244751,10.95613322559649,PRICE,TRAIN,2023-07
MGLU3.SA,BEAR_CALM,0.1365694937288072,1,END_CLOSED,7,10.358400344848633,11.78547191619873,8.806512609907697,PRICE,TRAIN,2023-07
MRVE3.SA,BULL_CALM,-0.08804284756017602,0,STOP_LOSS,6,10.380000114440918,9.478571346827916,9.478571346827916,PRICE,TRAIN,2023-07
MRVE3.SA,BEAR_CALM,0.07812010585244664,1,MAX_DAYS,10,7.059999942779541,7.619999885559082,6.298571314130511,PRICE,TRAIN,2023-07
MULT3.SA,BULL_CALM,-0.041927339214133406,0,STOP_LOSS,9,24.91634750366211,23.901570966903236,23.901570966903236,PRICE,TRAIN,2023-07
MULT3.SA,BULL_CALM,0.012488130267520915,1,MAX_DAYS,10,23.829090118408203,24.15526580810547,22.62555505605308,PRICE,TRAIN,2023-07
MULT3.SA,BEAR_CALM,-0.026797112960339285,0,MAX_DAYS,10,21.897937774658203,21.337413787841797,20.511299886051038,PRICE,TRAIN,2023-07
MULT3.SA,BEAR_CALM,-0.011731012924661187,0,MAX_DAYS,10,21.290700912475586,21.06648826599121,20.343142195647964,PRICE,TRAIN,2023-07
MULT3.SA,BEAR_CALM,0.0036415849716225704,1,MAX_DAYS,10,21.22530746459961,21.32807159423828,20.158969917684374,PRICE,TRAIN,2023-07
PETR3.SA,BULL_CALM,-0.0400771979666831,0,STOP_LOSS,7,23.89081573486328,22.962007761953455,22.962007761953455,PRICE,TRAIN,2023-07
PETR3.SA,BULL_CALM,0.05456209556601297,1,MAX_DAYS,10,23.152070999145508,24.443078994750977,22.122850636995818,PRICE,TRAIN,2023-07
PETR3.SA,BULL_CALM,0.034185008199800616,1,MAX_DAYS,10,33.91441345214844,35.11447525024414,32.274894098371746,PRICE,TEST,2023-07
PCAR3.SA,BEAR_CALM,-0.10119999999999998,0,HARD_STOP,3,3.690000057220459,3.3210000514984133,3.227142878941127,PRICE,TRAIN,2023-07
PCAR3.SA,BEAR_CALM,0.11407373304058929,1,MAX_DAYS,10,3.4700000286102295,3.869999885559082,3.010000058582851,PRICE,TRAIN,2023-07
PCAR3.SA,BEAR_CALM,0.0026314141245932024,1,END_CLOSED,3,2.609999895095825,2.619999885559082,2.322857005255563,PRICE,TRAIN,2023-07
PETR4.SA,BULL_CALM,-0.04740569912851136,0,STOP_LOSS,7,20.775678634643555,19.815723878460574,19.815723878460574,PRICE,TRAIN,2023-07
PETR4.SA,BULL_CALM,0.06019418789073714,1,MAX_DAYS,10,20.201107025146484,21.44133758544922,19.20845339477109,PRICE,TRAIN,2023-07
PETR4.SA,BULL_CALM,0.018884498264519635,1,MAX_DAYS,10,31.571895599365234,32.20600128173828,30.16183793269123,PRICE,TEST,2023-07
PRIO3.SA,BEAR_CALM,-0.06159782544575234,0,STOP_LOSS,5,43.45000076293945,40.82571520124163,40.82571520124163,PRICE,TRAIN,2023-07
PRIO3.SA,BEAR_CALM,0.09213329634232945,1,END_CLOSED,9,41.25,45.099998474121094,38.767142159598215,PRICE,TRAIN,2023-07
RADL3.SA,BULL_CALM,-0.008630286107670936,0,MAX_DAYS,10,27.221155166625977,27.01889419555664,25.220725224145426,PRICE,TRAIN,2023-07
RADL3.SA,BEAR_CALM,0.03230838660450628,1,END_CLOSED,8,23.97261619567871,24.77589988708496,22.66330829493767,PRICE,TRAIN,2023-07
RAIZ4.SA,BULL_CALM,-0.05562182680043395,0,STOP_LOSS,2,4.1950883865356445,3.9667840129510896,3.9667840129510896,PRICE,TRAIN,2023-07
RAIZ4.SA,BULL_CALM,0.0154666497589123,1,MAX_DAYS,10,3.9953224658966064,4.061911106109619,3.728967611755214,PRICE,TRAIN,2023-07
RAIZ4.SA,BULL_CALM,0.04046673300321033,1,MAX_DAYS,10,3.4443228244781494,3.587836503982544,3.1805314873953696,PRICE,TRAIN,2023-07
RAIZ4.SA,BEAR_CALM,-0.06580416524185898,0,STOP_LOSS,8,3.140000104904175,2.937143019267491,2.937143019267491,PRICE,TRAIN,2023-07
RAIZ4.SA,BEAR_CALM,-0.05966295643514732,0,STOP_LOSS,5,3.0299999713897705,2.8528572150639127,2.8528572150639127,PRICE,TRAIN,2023-07
RAIZ4.SA,BEAR_CALM,-0.06328982014019638,0,STOP_LOSS,8,2.8299999237060547,2.654285737446376,2.654285737446376,PRICE,TRAIN,2023-07
RAIZ4.SA,BEAR_CALM,0.017115000720495745,1,MAX_DAYS,10,2.7300000190734863,2.7799999713897705,2.5471428462437222,PRICE,TRAIN,2023-07
RAIZ4.SA,BEAR_CALM,0.029941837682492346,1,END_CLOSED,6,2.890000104904175,2.9800000190734863,2.6757145609174455,PRICE,TRAIN,2023-07
RAIL3.SA,BEAR_CALM,-0.03265853311074309,0,MAX_DAYS,10,20.10715675354004,19.4746150970459,19.11627328785247,PRICE,TRAIN,2023-07
RAIL3.SA,BEAR_CALM,-0.016463370478150406,0,MAX_DAYS,10,19.465030670166016,19.16792869567871,18.52306328772588,PRICE,TRAIN,2023-07
RAIL3.SA,BEAR_CALM,0.04982043199362338,1,MAX_DAYS,10,18.784570693969727,19.74296760559082,17.787838503320714,PRICE,TRAIN,2023-07
RDOR3.SA,BULL_CALM,0.02112559756318886,1,MAX_DAYS,10,30.508047103881836,31.189157485961914,28.266061434394313,PRICE,TRAIN,2023-07
RDOR3.SA,SIDEWAYS_CALM,-0.06548571830359487,0,STOP_LOSS,5,26.29840850830078,24.607796427103295,24.607796427103295,PRICE,TRAIN,2023-07
RDOR3.SA,BEAR_CALM,-0.02567831838537806,0,MAX_DAYS,10,23.573970794677734,22.996919631958008,21.7238927584864,PRICE,TRAIN,2023-07
RDOR3.SA,BEAR_CALM,-0.059402007791743226,0,MAX_DAYS,10,22.041471481323242,20.75861358642578,20.037331990728646,PRICE,TRAIN,2023-07
RENT3.SA,BULL_CALM,0.012288122012415671,1,SIGNAL,1,62.79628372192383,63.643287658691406,60.11868073742262,PRICE,TRAIN,2023-07
RENT3.SA,BEAR_CALM,0.0006166641183836597,1,MAX_DAYS,10,46.15650177001953,46.240352630615234,43.360064544135106,PRICE,TRAIN,2023-07
RENT3.SA,BEAR_CALM,-0.03524246607801187,0,MAX_DAYS,10,43.78997802734375,42.299259185791016,40.38527253485467,PRICE,TRAIN,2023-07
RENT3.SA,BEAR_CALM,-0.004606721629668041,0,END_CLOSED,3,39.42101287841797,39.28671646118164,36.8669592827497,PRICE,TRAIN,2023-07
RECV3.SA,BEAR_CALM,0.09595907508359422,1,END_CLOSED,9,15.373629570007324,16.86731719970703,14.318426720879458,PRICE,TRAIN,2023-07
RECV3.SA,BULL_CALM,0.022878562018314376,1,SIGNAL,2,17.775760650634766,18.20377540588379,16.264602998889707,PRICE,TEST,2023-07
SANB11.SA,BULL_CALM,-0.03337417663318611,0,MAX_DAYS,10,26.37697982788086,25.528322219848633,24.628229065790414,PRICE,TRAIN,2023-07
SANB11.SA,BULL_CALM,-0.021435472722060277,0,MAX_DAYS,10,25.288297653198242,24.77657699584961,24.143564646339858,PRICE,TRAIN,2023-07
SANB11.SA,SIDEWAYS_CALM,-0.046169439506911124,0,STOP_LOSS,9,23.890146255493164,22.815819768645504,22.815819768645504,PRICE,TRAIN,2023-07
SANB11.SA,BEAR_CALM,0.06630276197964333,1,PROFIT_TARGET,8,24.606300354003906,26.267293589999845,23.775803736005937,PRICE,TEST,2023-07
SBSP3.SA,BULL_CALM,-0.0210055561415712,0,MAX_DAYS,10,52.79966735839844,51.75394058227539,50.09028366507311,PRICE,TRAIN,2023-07
SLCE3.SA,BEAR_CALM,0.01097389702311733,1,MAX_DAYS,10,16.771617889404297,16.975793838500977,15.956303010099283,PRICE,TRAIN,2023-07
SMFT3.SA,BULL_CALM,0.009355351722182138,1,SIGNAL,1,19.894853591918945,20.10485076904297,18.233143463090354,PRICE,TRAIN,2023-07
SUZB3.SA,BEAR_CALM,0.0029109310102509514,1,MAX_DAYS,10,47.11336898803711,47.30704879760742,44.253779637693555,PRICE,TRAIN,2023-07
SUZB3.SA,SIDEWAYS_CALM,-0.016851505514131192,0,MAX_DAYS,10,51.35502243041992,50.551239013671875,48.860663388027774,PRICE,TEST,2023-07
TAEE11.SA,BULL_CALM,-0.029542178324794464,0,STOP_LOSS,5,29.796842575073242,28.95233514929469,28.95233514929469,PRICE,TRAIN,2023-07
TAEE11.SA,SIDEWAYS_CALM,0.0015608798462051,1,MAX_DAYS,10,28.856725692749023,28.9363956451416,28.02815049813513,PRICE,TRAIN,2023-07
TAEE11.SA,SIDEWAYS_CALM,-0.010189854771923156,0,MAX_DAYS,10,28.761117935180664,28.502559661865234,28.012212772018902,PRICE,TRAIN,2023-07
TIMS3.SA,BEAR_CALM,0.06972650818631262,1,SIGNAL,6,14.02422046661377,15.018909454345703,13.334210465694282,PRICE,TEST,2023-07
TOTS3.SA,BULL_CALM,-0.03883618917325706,0,MAX_DAYS,10,29.049114227294922,27.9558162689209,27.35162524719168,PRICE,TRAIN,2023-07
UGPA3.SA,BULL_CALM,0.033522248822683044,1,MAX_DAYS,10,16.43207359313965,17.00263214111328,15.835181715532947,PRICE,TRAIN,2023-07
UGPA3.SA,BEAR_CALM,0.009022896494216816,1,END_CLOSED,3,19.415300369262695,19.613780975341797,18.370039990975837,PRICE,TRAIN,2023-07
USIM5.SA,BEAR_CALM,0.00565873676220905,1,MAX_DAYS,10,7.289999961853027,7.340000152587891,6.897142955235073,PRICE,TRAIN,2023-07
VALE3.SA,BEAR_CALM,0.021865135289654038,1,MAX_DAYS,10,52.81137466430664,54.029476165771484,50.791883400639726,PRICE,TRAIN,2023-07
VBBR3.SA,BULL_CALM,-0.04221119360064742,0,STOP_LOSS,9,13.753539085388184,13.189490031263258,13.189490031263258,PRICE,TRAIN,2023-07
VIVT3.SA,BULL_CALM,-0.02757108478617267,0,STOP_LOSS,4,18.75377082824707,18.259213547674914,18.259213547674914,PRICE,TRAIN,2023-07
VIVT3.SA,BULL_CALM,-0.03200558766738495,0,STOP_LOSS,5,18.022876739501953,17.467671430084753,17.467671430084753,PRICE,TRAIN,2023-07
VIVT3.SA,SIDEWAYS_CALM,-0.0367710912857341,0,STOP_LOSS,10,21.93944549560547,21.1590354771229,21.1590354771229,PRICE,TRAIN,2023-07
WEGE3.SA,SIDEWAYS_CALM,-0.03373571225523555,0,STOP_LOSS,5,35.25945281982422,34.11226140860136,34.11226140860136,PRICE,TRAIN,2023-07
WEGE3.SA,BEAR_CALM,0.07825090771505447,1,PROFIT_TARGET,7,34.18811798095703,36.90439498761344,32.829979477628825,PRICE,TRAIN,2023-07
YDUQ3.SA,BEAR_CALM,-0.01973574946812475,0,END_CLOSED,4,10.368261337280273,10.176077842712402,9.550111807946697,PRICE,TRAIN,2023-07
ABEV3.SA,BULL_CALM,-0.042991055592861226,0,STOP_LOSS,6,12.214295387268066,11.703847089711118,11.703847089711118,PRICE,TEST,2023-10
ABEV3.SA,BULL_CALM,-0.0035220002273898196,0,MAX_DAYS,10,11.77676773071289,11.749422073364258,11.367599421288894,PRICE,TEST,2023-10
ABEV3.SA,BULL_CALM,-0.027173998774688755,0,STOP_LOSS,2,11.83145809173584,11.524147813758312,11.524147813758312,PRICE,TEST,2023-10
ABEV3.SA,SIDEWAYS_CALM,-0.010769454637200714,0,MAX_DAYS,10,11.43039321899414,11.32101058959961,11.089226364475135,PRICE,TEST,2023-10
ALOS3.SA,BULL_CALM,0.09363940818483737,1,SIGNAL,5,19.029682159423828,20.83444595336914,17.658411655231586,PRICE,TRAIN,2023-10
ALOS3.SA,SIDEWAYS_CALM,0.013227561060892602,1,SIGNAL,1,20.733991622924805,21.033132553100586,20.05158103275361,PRICE,TEST,2023-10
ASAI3.SA,BEAR_CALM,-0.059511559837521454,0,MAX_DAYS,10,11.285013198852539,10.62696647644043,10.430533578098007,PRICE,TRAIN,2023-10
ASAI3.SA,BEAR_CALM,-0.05876100989792112,0,MAX_DAYS,10,10.067134857177734,9.48766040802002,9.301050285475764,PRICE,TRAIN,2023-10
ASAI3.SA,BEAR_CALM,-0.08167667823224026,0,STOP_LOSS,10,9.536768913269043,8.769281430060659,8.769281430060659,PRICE,TRAIN,2023-10
AURE3.SA,SIDEWAYS_CALM,-0.013663386153216293,0,MAX_DAYS,10,11.8086519241333,11.661476135253906,11.531615551875019,PRICE,TRAIN,2023-10
AURE3.SA,BEAR_CALM,-0.028488737466225843,0,STOP_LOSS,9,11.284486770629883,10.976547373705065,10.976547373705065,PRICE,TRAIN,2023-10
AURE3.SA,BEAR_CALM,-0.02729144771496763,0,STOP_LOSS,6,10.986481666564941,10.699828454590312,10.699828454590312,PRICE,TRAIN,2023-10
B3SA3.SA,BEAR_CALM,-0.03253148612075787,0,MAX_DAYS,10,10.864888191223145,10.52447509765625,9.834188044440975,PRICE,TRAIN,2023-10
AZUL4.SA,BEAR_CALM,0.00424744690631771,1,MAX_DAYS,10,12.850000381469727,12.920000076293945,10.750000953674316,PRICE,TRAIN,2023-10
AZUL4.SA,BEAR_CALM,-0.1042650681370744,0,STOP_LOSS,10,7.96999979019165,7.148571218763079,7.148571218763079,PRICE,TRAIN,2023-10
AZUL4.SA,BEAR_CALM,0.02215159265898734,1,MAX_DAYS,10,7.28000020980835,7.449999809265137,6.358571529388428,PRICE,TRAIN,2023-10
BBAS3.SA,BULL_CALM,0.05262114403137961,1,PROFIT_TARGET,3,20.314495086669922,21.407844452654338,19.767820403677714,PRICE,TRAIN,2023-10
BBAS3.SA,BEAR_CALM,-0.014208543260705218,0,MAX_DAYS,10,23.584272384643555,23.277475357055664,22.899015712522214,PRICE,TEST,2023-10
BBDC3.SA,BEAR_CALM,0.03795152402193378,1,SIGNAL,5,10.008367538452148,10.4002103805542,9.59013878062031,PRICE,TRAIN,2023-10
BBDC3.SA,BEAR_CALM,0.04641896488502426,1,MAX_DAYS,10,10.429182052612305,10.925808906555176,10.062579220785686,PRICE,TRAIN,2023-10
BBDC3.SA,BEAR_CALM,-0.005816524190214299,0,MAX_DAYS,10,9.831274032592773,9.785887718200684,9.572459623511348,PRICE,TRAIN,2023-10
BBDC3.SA,BULL_CALM,0.0025625745468057307,1,MAX_DAYS,10,12.031139373779297,12.076407432556152,11.506078950718626,PRICE,TEST,2023-10
BBDC3.SA,BEAR_CALM,0.0016274477752250339,1,END_CLOSED,3,9.633384704589844,9.660622596740723,9.05748263640911,PRICE,TEST,2023-10
BBSE3.SA,BULL_CALM,-0.0365075721087831,0,STOP_LOSS,4,31.257051467895508,30.153440869284843,30.153440869284843,PRICE,TEST,2023-10
BBDC4.SA,BEAR_CALM,0.0325884186140367,1,SIGNAL,1,11.408697128295898,11.79417896270752,10.941581418144114,PRICE,TRAIN,2023-10
BBDC4.SA,BEAR_CALM,0.0129375390363776,1,MAX_DAYS,10,10.920999526977539,11.075395584106445,10.57252211979012,PRICE,TRAIN,2023-10
BBDC4.SA,BULL_CALM,0.00943840193468435,1,MAX_DAYS,10,13.64918327331543,13.794388771057129,13.131893127064131,PRICE,TEST,2023-10
BBDC4.SA,BEAR_CALM,-0.041690449073955936,0,MAX_DAYS,10,11.4774808883667,11.012752532958984,10.89977692966517,PRICE,TEST,2023-10
BPAC11.SA,BULL_CALM,0.058972792798306674,1,SIGNAL,6,28.483156204223633,30.197067260742188,26.92074939322119,PRICE,TRAIN,2023-10
BEEF3.SA,BEAR_CALM,-0.05901061013688926,0,STOP_LOSS,10,8.130000114440918,7.659999847412109,7.659999847412109,PRICE,TRAIN,2023-10
BEEF3.SA,BEAR_CALM,0.04303591447970354,1,MAX_DAYS,10,7.460000038146973,7.789999961853027,7.004615416893592,PRICE,TRAIN,2023-10
BEEF3.SA,BEAR_CALM,0.029591793674664447,1,MAX_DAYS,10,6.820000171661377,7.03000020980835,6.248571463993618,PRICE,TRAIN,2023-10
BEEF3.SA,BEAR_CALM,-0.06692771284343382,0,STOP_LOSS,4,6.389999866485596,5.96999979019165,5.96999979019165,PRICE,TEST,2023-10
BRAP4.SA,BEAR_CALM,-0.031789276796273434,0,STOP_LOSS,10,16.727209091186523,16.215535862267078,16.215535862267078,PRICE,TRAIN,2023-10
BRAP4.SA,BEAR_CALM,0.07850762643539641,1,PROFIT_TARGET,9,16.004844665527344,17.280552845283744,15.366990575649144,PRICE,TRAIN,2023-10
BRAP4.SA,SIDEWAYS_CALM,-0.041472871071943106,0,STOP_LOSS,6,17.551923751831055,16.845057389508987,16.845057389508987,PRICE,TRAIN,2023-10
BRAP4.SA,BEAR_CALM,-0.04474142694797947,0,STOP_LOSS,9,16.65740394592285,15.932116808868466,15.932116808868466,PRICE,TRAIN,2023-10
BRAP4.SA,SIDEWAYS_CALM,0.04042295213317502,1,MAX_DAYS,10,16.18743896484375,16.861207962036133,15.534009873844205,PRICE,TEST,2023-10
CMIG4.SA,BULL_CALM,-0.03511241907204623,0,MAX_DAYS,10,6.886929988861084,6.653377532958984,6.567931927605755,PRICE,TRAIN,2023-10
CMIG4.SA,BULL_CALM,-0.013655503902743303,0,MAX_DAYS,10,9.807632446289062,9.685473442077637,9.467330761702712,PRICE,TEST,2023-10
CMIG4.SA,BULL_CALM,0.027785376681791575,1,MAX_DAYS,10,9.6331205368042,9.91234016418457,9.333763594870584,PRICE,TEST,2023-10
CMIN3.SA,BULL_CALM,0.005129127671127921,1,MAX_DAYS,10,3.7320852279663086,3.7557060718536377,3.566739138839996,PRICE,TRAIN,2023-10
CMIN3.SA,BULL_CALM,-0.0649797592013264,0,STOP_LOSS,10,5.003057479858398,4.683963678522635,4.683963678522635,PRICE,TRAIN,2023-10
CMIN3.SA,BULL_CALM,0.04425465591359399,1,MAX_DAYS,10,5.494195938110352,5.743932723999023,5.153012398237811,PRICE,TEST,2023-10
CMIN3.SA,BULL_CALM,-0.06683703867015103,0,STOP_LOSS,5,5.1334662437438965,4.796520721391364,4.796520721391364,PRICE,TEST,2023-10
BRKM5.SA,BEAR_CALM,-0.06276958236215804,0,STOP_LOSS,6,18.8700008392334,17.708182768388227,17.708182768388227,PRICE,TRAIN,2023-10
BRKM5.SA,BEAR_CALM,-0.06217169991447471,0,STOP_LOSS,2,17.760000228881836,16.67714282444545,16.67714282444545,PRICE,TRAIN,2023-10
BRKM5.SA,BEAR_CALM,-0.0676434094366353,0,STOP_LOSS,8,19.200000762939453,17.924287251063756,17.924287251063756,PRICE,TRAIN,2023-10
BRKM5.SA,BEAR_CALM,0.0169509709248866,1,MAX_DAYS,10,17.6299991607666,17.950000762939453,16.354285376412527,PRICE,TRAIN,2023-10
BRKM5.SA,SIDEWAYS_CALM,-0.07385391302875036,0,STOP_LOSS,10,19.81999969482422,18.3799991607666,18.3799991607666,PRICE,TEST,2023-10
BRKM5.SA,BEAR_CALM,-0.06387491848272156,0,STOP_LOSS,10,18.139999389648438,17.003076406625603,17.003076406625603,PRICE,TEST,2023-10
BRKM5.SA,BEAR_CALM,-0.06082149685792972,0,STOP_LOSS,4,17.059999465942383,16.042856761387416,16.042856761387416,PRICE,TEST,2023-10
BRKM5.SA,BEAR_CALM,-0.08364897232574678,0,STOP_LOSS,6,15.75,14.45142868586949,14.45142868586949,PRICE,TEST,2023-10
BRKM5.SA,BEAR_CALM,-0.08077188482625122,0,STOP_LOSS,8,15.350000381469727,14.128571919032506,14.128571919032506,PRICE,TEST,2023-10
BRKM5.SA,BEAR_CALM,-0.08215241483196636,0,END_CLOSED,8,12.600000381469727,11.579999923706055,11.190000261579241,PRICE,TEST,2023-10
CPFE3.SA,BULL_CALM,-0.03840376868720854,0,MAX_DAYS,10,33.33000183105469,32.09000015258789,31.939998626708984,PRICE,TRAIN,2023-10
CPFE3.SA,SIDEWAYS_CALM,-0.03107288066271254,0,STOP_LOSS,5,33.810001373291016,32.79999923706055,32.79999923706055,PRICE,TEST,2023-10
CPFE3.SA,BEAR_CALM,0.004642516114221708,1,MAX_DAYS,10,32.52000045776367,32.709999084472656,31.472501754760742,PRICE,TEST,2023-10
COGN3.SA,SIDEWAYS_CALM,-0.06025511279640885,0,MAX_DAYS,10,2.4730162620544434,2.326972007751465,2.258817744246724,PRICE,TRAIN,2023-10
COGN3.SA,BEAR_CALM,-0.09080269621584738,0,STOP_LOSS,6,1.6454321146011353,1.4979969606927304,1.4979969606927304,PRICE,TRAIN,2023-10
COGN3.SA,BEAR_CALM,0.005994167292290388,1,MAX_DAYS,10,1.3533436059951782,1.3630797863006592,1.1975630698331086,PRICE,TRAIN,2023-10
COGN3.SA,BEAR_CALM,0.07179272225723085,1,MAX_DAYS,10,1.3338710069656372,1.4312338829040527,1.1878267302617884,PRICE,TRAIN,2023-10
COGN3.SA,BEAR_CALM,0.1532714767347075,1,SIGNAL,3,1.1975630521774292,1.3825523853302002,1.0709913553661048,PRICE,TEST,2023-10
CPLE6.SA,BULL_CALM,-0.04842545426367397,0,STOP_LOSS,10,8.11192798614502,7.728838502045111,7.728838502045111,PRICE,TRAIN,2023-10
CSAN3.SA,BEAR_CALM,-0.08141391737931172,0,STOP_LOSS,6,13.09000015258789,12.039999961853027,12.039999961853027,PRICE,TEST,2023-10
CSAN3.SA,BEAR_CALM,-0.015088895381769739,0,MAX_DAYS,10,12.239999771118164,12.069999694824219,11.42666647169325,PRICE,TEST,2023-10
CSAN3.SA,BEAR_CALM,-0.040330418196968386,0,MAX_DAYS,10,11.5,11.050000190734863,10.912857191903251,PRICE,TEST,2023-10
CSAN3.SA,BEAR_CALM,-0.07171948448280244,0,STOP_LOSS,6,11.0,10.224285670689174,10.224285670689174,PRICE,TEST,2023-10
CSNA3.SA,BEAR_CALM,-0.04357280902381535,0,MAX_DAYS,10,10.167830467224121,9.736990928649902,9.642204805101303,PRICE,TRAIN,2023-10
CSNA3.SA,BEAR_CALM,0.09890252708259348,1,PROFIT_TARGET,10,9.693906784057617,10.66429135044488,9.208714500863985,PRICE,TRAIN,2023-10
CSNA3.SA,SIDEWAYS_CALM,-0.013708694290115807,0,MAX_DAYS,10,12.992748260498047,12.830225944519043,12.211093511818138,PRICE,TRAIN,2023-10
CSNA3.SA,BEAR_CALM,0.05970028148440907,1,MAX_DAYS,10,10.78575611114502,11.442611694335938,10.05818380861799,PRICE,TRAIN,2023-10
CSNA3.SA,BEAR_CALM,-0.05586472435363212,0,STOP_LOSS,10,11.195100784301758,10.583123685816771,10.583123685816771,PRICE,TEST,2023-10
CVCB3.SA,BEAR_CALM,0.07411373240079419,1,SIGNAL,1,2.390000104904175,2.569999933242798,2.0199999809265137,PRICE,TRAIN,2023-10
CVCB3.SA,BEAR_CALM,-0.031050717942397797,0,MAX_DAYS,10,2.009999990463257,1.9500000476837158,1.7300000190734863,PRICE,TRAIN,2023-10
CVCB3.SA,BEAR_CALM,0.04324446946367875,1,MAX_DAYS,10,1.7999999523162842,1.8799999952316284,1.6071427719933646,PRICE,TRAIN,2023-10
CVCB3.SA,BEAR_CALM,-0.011952677834782509,0,MAX_DAYS,10,1.8600000143051147,1.840000033378601,1.7600001096725464,PRICE,TEST,2023-10
CXSE3.SA,BULL_CALM,0.0072034721969386,1,MAX_DAYS,10,12.651618003845215,12.757935523986816,12.1529450313572,PRICE,TRAIN,2023-10
CXSE3.SA,SIDEWAYS_CALM,-0.0012,0,MAX_DAYS,10,13.006872177124023,13.006872177124023,12.636537761485696,PRICE,TEST,2023-10
CYRE3.SA,BULL_CALM,-0.059685603220515325,0,MAX_DAYS,10,17.56233024597168,16.535186767578125,16.296740772241908,PRICE,TRAIN,2023-10
CYRE3.SA,SIDEWAYS_CALM,0.03230630039261904,1,MAX_DAYS,10,20.3026123046875,20.982877731323242,18.692965498661813,PRICE,TEST,2023-10
ECOR3.SA,BULL_CALM,-0.027406860280337696,0,MAX_DAYS,10,6.672917366027832,6.498041152954102,6.010227841481236,PRICE,TRAIN,2023-10
ECOR3.SA,BEAR_CALM,-0.029732630562064453,0,MAX_DAYS,10,6.844263553619385,6.6489787101745605,6.419153813178655,PRICE,TRAIN,2023-10
ECOR3.SA,BEAR_CALM,0.003307551485471995,1,MAX_DAYS,10,6.741971969604492,6.772361755371094,6.303577574293999,PRICE,TRAIN,2023-10
DIRR3.SA,BULL_CALM,0.0014578835302049076,1,MAX_DAYS,10,9.103360176086426,9.127555847167969,8.546874568185281,PRICE,TEST,2023-10
EGIE3.SA,SIDEWAYS_CALM,-0.013503150255697392,0,MAX_DAYS,10,26.017635345458984,25.69753646850586,25.140564871334657,PRICE,TRAIN,2023-10
EGIE3.SA,SIDEWAYS_CALM,-0.033881224101794304,0,STOP_LOSS,7,28.415189743041992,27.48654655915463,27.48654655915463,PRICE,TEST,2023-10
EGIE3.SA,SIDEWAYS_CALM,-0.009997679770892741,0,MAX_DAYS,10,27.73734474182129,27.49332046508789,27.049817910784395,PRICE,TEST,2023-10
ELET3.SA,BEAR_CALM,-0.04454280645973099,0,MAX_DAYS,10,31.073951721191406,29.72711944580078,29.427825491049266,PRICE,TRAIN,2023-10
EMBR3.SA,BEAR_CALM,-0.03606998513585371,0,STOP_LOSS,3,16.90260887145996,16.313215151355003,16.313215151355003,PRICE,TRAIN,2023-10
EMBR3.SA,BEAR_CALM,0.057728615061850876,1,MAX_DAYS,10,16.782732009887695,17.77171516418457,15.943595236144558,PRICE,TRAIN,2023-10
EMBR3.SA,BULL_CALM,0.06343030489896759,1,MAX_DAYS,10,45.13356399536133,48.050559997558594,41.97681584872781,PRICE,TEST,2023-10
ENEV3.SA,BEAR_CALM,-0.043828817598017954,0,MAX_DAYS,10,11.260000228881836,10.779999732971191,10.420000076293945,PRICE,TRAIN,2023-10
ENEV3.SA,BULL_CALM,0.00021746692064637091,1,MAX_DAYS,10,14.109999656677246,14.130000114440918,13.429999351501465,PRICE,TEST,2023-10
ENEV3.SA,BEAR_CALM,-0.058739660858099584,0,STOP_LOSS,4,11.520000457763672,10.857143538338798,10.857143538338798,PRICE,TEST,2023-10
ELET6.SA,SIDEWAYS_CALM,-0.03699648089069576,0,MAX_DAYS,10,33.100440979003906,31.91556167602539,31.7293676083964,PRICE,TRAIN,2023-10
ELET6.SA,SIDEWAYS_CALM,0.0002186571779433167,1,MAX_DAYS,10,37.39790725708008,37.45096206665039,36.10840884039898,PRICE,TEST,2023-10
EQTL3.SA,BULL_CALM,-0.03257875639266774,0,STOP_LOSS,3,29.23813819885254,28.32068178293559,28.32068178293559,PRICE,TRAIN,2023-10
EQTL3.SA,BEAR_CALM,0.04191297175671536,1,MAX_DAYS,10,27.603904724121094,28.793991088867188,26.41071386892439,PRICE,TRAIN,2023-10
EQTL3.SA,SIDEWAYS_CALM,0.010597583569232329,1,MAX_DAYS,10,30.3089656829834,30.66653823852539,29.019822476265723,PRICE,TEST,2023-10
EZTC3.SA,BEAR_CALM,0.011038961376505708,1,MAX_DAYS,10,12.035160064697266,12.18245792388916,10.882766733475906,PRICE,TEST,2023-10
FLRY3.SA,SIDEWAYS_CALM,-0.015683642638396965,0,MAX_DAYS,10,13.423935890197754,13.229508399963379,12.886544174633105,PRICE,TRAIN,2023-10
FLRY3.SA,BEAR_CALM,0.027721058405437572,1,MAX_DAYS,10,12.56169319152832,12.9249906539917,11.884217081254665,PRICE,TRAIN,2023-10
GGBR4.SA,BEAR_CALM,-0.061741069462668906,0,STOP_LOSS,10,17.6262264251709,16.559115826799896,16.559115826799896,PRICE,TRAIN,2023-10
GGBR4.SA,BEAR_CALM,0.08473717989194526,1,PROFIT_TARGET,10,16.506139755249023,17.92463085671745,15.79689420451481,PRICE,TRAIN,2023-10
GGBR4.SA,BULL_CALM,-0.03621334781756982,0,MAX_DAYS,10,17.90557289123535,17.27863883972168,16.9176795801785,PRICE,TEST,2023-10
GGBR4.SA,SIDEWAYS_CALM,0.0010014533725303044,1,MAX_DAYS,10,17.259639739990234,17.297636032104492,16.456298439873503,PRICE,TEST,2023-10
GOAU4.SA,BEAR_CALM,-0.05305177081982506,0,STOP_LOSS,10,9.186992645263672,8.710630808098042,8.710630808098042,PRICE,TRAIN,2023-10
GOAU4.SA,BEAR_CALM,0.08533718170644752,1,PROFIT_TARGET,7,8.566018104553223,9.307297169767665,8.195378571946002,PRICE,TRAIN,2023-10
GOAU4.SA,BULL_CALM,-0.04306049034944195,0,MAX_DAYS,10,10.195720672607422,9.768922805786133,9.560265534123852,PRICE,TEST,2023-10
GOAU4.SA,SIDEWAYS_CALM,-0.01573482820615648,0,MAX_DAYS,10,9.787891387939453,9.645626068115234,9.315131120299235,PRICE,TEST,2023-10
HAPV3.SA,BULL_CALM,-0.10119999999999998,0,HARD_STOP,3,64.79999542236328,58.31999588012695,56.399993896484375,PRICE,TRAIN,2023-10
HAPV3.SA,SIDEWAYS_CALM,-0.0012,0,MAX_DAYS,10,61.20000076293945,61.20000076293945,52.949999491373696,PRICE,TRAIN,2023-10
HAPV3.SA,BEAR_CALM,0.15120647565617892,1,MAX_DAYS,10,56.099998474121094,64.6500015258789,48.985712323869976,PRICE,TRAIN,2023-10
HAPV3.SA,BEAR_CALM,-0.06212086846037481,0,STOP_LOSS,4,57.75,54.23181984641335,54.23181984641335,PRICE,TEST,2023-10
HAPV3.SA,BEAR_CALM,-0.0730210301291824,0,STOP_LOSS,5,54.599998474121094,50.67857033865793,50.67857033865793,PRICE,TEST,2023-10
HAPV3.SA,BEAR_CALM,-0.0862536720998858,0,STOP_LOSS,4,51.89999771118164,47.485712323869976,47.485712323869976,PRICE,TEST,2023-10
HYPE3.SA,BEAR_CALM,-0.06406726761754203,0,STOP_LOSS,10,31.1170597076416,29.160815187530265,29.160815187530265,PRICE,TRAIN,2023-10
HYPE3.SA,BEAR_CALM,0.06322725735239784,1,MAX_DAYS,10,26.227737426757812,27.917518615722656,24.850781762028262,PRICE,TRAIN,2023-10
HYPE3.SA,BEAR_CALM,-0.019757282408207198,0,END_CLOSED,7,25.670957565307617,25.1945743560791,24.185783282565644,PRICE,TRAIN,2023-10
HYPE3.SA,BEAR_CALM,-0.05148861533604745,0,STOP_LOSS,4,18.746807098388672,17.80405612743872,17.80405612743872,PRICE,TEST,2023-10
HYPE3.SA,BEAR_CALM,-0.05598612684640305,0,STOP_LOSS,4,17.67691421508789,16.7084645506471,16.7084645506471,PRICE,TEST,2023-10
IGTI11.SA,BEAR_CALM,0.04666400448052941,1,SIGNAL,4,18.18918800354004,19.059795379638672,17.121993321050788,PRICE,TRAIN,2023-10
IRBR3.SA,BULL_CALM,0.07723139271514365,1,SIGNAL,5,40.79999923706055,44.0,36.56999969482422,PRICE,TRAIN,2023-10
IRBR3.SA,BEAR_CALM,-0.0053139578020849,0,MAX_DAYS,10,31.600000381469727,31.469999313354492,29.745714732578822,PRICE,TRAIN,2023-10
IRBR3.SA,BEAR_CALM,-0.059580671862426014,0,STOP_LOSS,2,30.93000030517578,29.124286106654576,29.124286106654576,PRICE,TRAIN,2023-10
IRBR3.SA,BEAR_CALM,0.018842182985954282,1,MAX_DAYS,10,28.440000534057617,29.010000228881836,26.514285768781388,PRICE,TRAIN,2023-10
IRBR3.SA,BEAR_CALM,0.12166492163336015,1,PROFIT_TARGET,4,29.440000534057617,33.05714389256069,27.63142885480608,PRICE,TRAIN,2023-10
IRBR3.SA,BULL_CALM,-0.03940631900993465,0,MAX_DAYS,10,43.709999084472656,42.040000915527344,40.929996490478516,PRICE,TEST,2023-10
IRBR3.SA,BULL_CALM,0.11338128504869668,1,PROFIT_TARGET,3,41.650001525878906,46.42231222299429,39.26384617732121,PRICE,TEST,2023-10
ITSA4.SA,SIDEWAYS_CALM,-0.008010402331258291,0,MAX_DAYS,10,6.693880081176758,6.648292064666748,6.481134742207228,PRICE,TRAIN,2023-10
ITSA4.SA,BULL_CALM,-0.003086773043928036,0,MAX_DAYS,10,9.08551025390625,9.068367958068848,8.631234089087204,PRICE,TEST,2023-10
KLBN11.SA,BULL_CALM,-0.04157385556994688,0,MAX_DAYS,10,18.878822326660156,18.11661148071289,18.052420963472066,PRICE,TRAIN,2023-10
KLBN11.SA,BULL_CALM,0.010761452959521335,1,MAX_DAYS,10,17.99626350402832,18.211524963378906,17.205394468484833,PRICE,TRAIN,2023-10
KLBN11.SA,SIDEWAYS_CALM,-0.04278799812397007,0,STOP_LOSS,6,19.77417755126953,18.951809092364282,18.951809092364282,PRICE,TEST,2023-10
KLBN11.SA,SIDEWAYS_CALM,0.025076743106598666,1,MAX_DAYS,10,18.849016189575195,19.34430694580078,18.086873288217628,PRICE,TEST,2023-10
ITUB4.SA,SIDEWAYS_CALM,0.03789807705307933,1,SIGNAL,2,20.79424476623535,21.60725975036621,20.153206434749595,PRICE,TRAIN,2023-10
ITUB4.SA,BULL_CALM,0.006549672113167794,1,MAX_DAYS,10,29.181453704833984,29.40760040283203,27.665419400700458,PRICE,TEST,2023-10
LREN3.SA,BULL_CALM,0.04055962168360514,1,MAX_DAYS,10,15.480768203735352,16.127239227294922,14.515373504671595,PRICE,TEST,2023-10
LWSA3.SA,BEAR_CALM,0.09640274894659603,1,SIGNAL,3,5.6673431396484375,6.220491409301758,4.939516547956025,PRICE,TRAIN,2023-10
LWSA3.SA,BEAR_CALM,0.06759598351503646,1,MAX_DAYS,10,3.9496724605560303,4.221394062042236,3.5712024731733165,PRICE,TEST,2023-10
MRVE3.SA,BEAR_CALM,0.07812010585244664,1,MAX_DAYS,10,7.059999942779541,7.619999885559082,6.298571314130511,PRICE,TRAIN,2023-10
MRVE3.SA,SIDEWAYS_CALM,-0.04535580313932255,0,MAX_DAYS,10,7.699999809265137,7.360000133514404,7.0799994468688965,PRICE,TEST,2023-10
MRVE3.SA,SIDEWAYS_CALM,-0.06629692574093196,0,MAX_DAYS,10,7.21999979019165,6.75,6.610768868372991,PRICE,TEST,2023-10
MGLU3.SA,BEAR_CALM,0.04335868770499549,1,MAX_DAYS,10,11.32919692993164,11.83401107788086,10.081029966123923,PRICE,TRAIN,2023-10
MGLU3.SA,BEAR_CALM,-0.062069556963977666,0,END_CLOSED,7,10.047745704650879,9.43614387512207,8.96600094355997,PRICE,TRAIN,2023-10
MGLU3.SA,BEAR_CALM,-0.01764402305048731,0,MAX_DAYS,10,9.44585132598877,9.290523529052734,8.610966520720215,PRICE,TEST,2023-10
MULT3.SA,BEAR_CALM,0.07267090419987551,1,SIGNAL,5,21.651046752929688,23.250429153442383,20.563467300972036,PRICE,TRAIN,2023-10
PCAR3.SA,BEAR_CALM,0.10795499667851013,1,SIGNAL,5,2.8399999141693115,3.1500000953674316,2.5299997329711914,PRICE,TEST,2023-10
PETR3.SA,BULL_CALM,0.07993280654744792,1,SIGNAL,8,27.261188507080078,29.472965240478516,25.932640653694886,PRICE,TRAIN,2023-10
PETR4.SA,BULL_CALM,-0.04359030106486319,0,STOP_LOSS,1,24.71001625061035,23.662551222429318,23.662551222429318,PRICE,TRAIN,2023-10
PETR4.SA,BULL_CALM,0.10726316754210882,1,SIGNAL,5,23.80803108215332,26.39032554626465,22.473240307311634,PRICE,TRAIN,2023-10
PRIO3.SA,BULL_CALM,0.0714146111979169,1,SIGNAL,4,45.097564697265625,48.37230682373047,41.932649912451495,PRICE,TRAIN,2023-10
RADL3.SA,BULL_CALM,0.030646772731162432,1,SIGNAL,3,26.011804580688477,26.84019660949707,25.158172899432394,PRICE,TRAIN,2023-10
RADL3.SA,BEAR_CALM,-0.05186250668641836,0,STOP_LOSS,6,24.877580642700195,23.617220047047486,23.617220047047486,PRICE,TEST,2023-10
RAIL3.SA,BEAR_CALM,0.03544910719039671,1,MAX_DAYS,10,18.30537223815918,18.976247787475586,17.59828835517675,PRICE,TEST,2023-10
RAIZ4.SA,SIDEWAYS_CALM,0.050823277087118736,1,SIGNAL,6,3.3103768825531006,3.482593536376953,3.0137827018144434,PRICE,TRAIN,2023-10
RAIZ4.SA,BEAR_CALM,-0.0338797080073582,0,MAX_DAYS,10,3.059999942779541,2.9600000381469727,2.7899999618530273,PRICE,TEST,2023-10
RAIZ4.SA,BEAR_CALM,-0.02181861836027834,0,MAX_DAYS,10,2.9100000858306885,2.8499999046325684,2.7546155819526086,PRICE,TEST,2023-10
RAIZ4.SA,BEAR_CALM,-0.0670524256639882,0,STOP_LOSS,3,2.690000057220459,2.512857028416225,2.512857028416225,PRICE,TEST,2023-10
RECV3.SA,BEAR_CALM,0.0948764804123435,1,MAX_DAYS,10,15.70272159576416,17.211383819580078,14.533706408523395,PRICE,TRAIN,2023-10
RECV3.SA,BEAR_CALM,-0.02490457003251991,0,END_CLOSED,4,15.845321655273438,15.469715118408203,14.954350155991305,PRICE,TRAIN,2023-10
RENT3.SA,BEAR_CALM,-0.06490226132481583,0,STOP_LOSS,10,50.60679244995117,47.383025332493666,47.383025332493666,PRICE,TRAIN,2023-10
RENT3.SA,BEAR_CALM,0.05188651955375132,1,MAX_DAYS,10,38.459110260009766,40.500770568847656,36.037611544102276,PRICE,TEST,2023-10
SANB11.SA,BEAR_CALM,0.036932282561085696,1,SIGNAL,2,22.334550857543945,23.18621826171875,21.743597505197084,PRICE,TRAIN,2023-10
SBSP3.SA,BULL_CALM,0.03840076947359492,1,SIGNAL,5,57.134674072265625,59.39725112915039,54.32072441214075,PRICE,TRAIN,2023-10
SBSP3.SA,BULL_CALM,0.04242032465270671,1,MAX_DAYS,10,85.84001922607422,89.58438873291016,82.51168312407117,PRICE,TEST,2023-10
SLCE3.SA,SIDEWAYS_CALM,-0.036923460218112124,0,STOP_LOSS,2,17.911314010620117,17.271459897107615,17.271459897107615,PRICE,TRAIN,2023-10
SLCE3.SA,BEAR_CALM,-0.018696686380442328,0,MAX_DAYS,10,17.225093841552734,16.9237117767334,16.381227294344107,PRICE,TRAIN,2023-10
SLCE3.SA,BEAR_CALM,-0.005872912724588807,0,MAX_DAYS,10,16.64522361755371,16.567441940307617,16.102142546831896,PRICE,TRAIN,2023-10
SLCE3.SA,BEAR_CALM,0.006349443970714887,1,MAX_DAYS,10,16.742448806762695,16.868844985961914,16.17992216089506,PRICE,TEST,2023-10
SMFT3.SA,BULL_CALM,-0.0462026685953433,0,MAX_DAYS,10,18.808351516723633,17.961925506591797,17.3748978374927,PRICE,TRAIN,2023-10
SMFT3.SA,BEAR_CALM,0.06936083797302559,1,MAX_DAYS,10,20.014785766601562,21.427045822143555,18.623904442415515,PRICE,TRAIN,2023-10
SMFT3.SA,BEAR_CALM,0.00020444369421977033,1,END_CLOSED,6,19.977375030517578,20.00543212890625,18.59851983270676,PRICE,TRAIN,2023-10
SMFT3.SA,BEAR_CALM,0.018217530650674087,1,SIGNAL,1,20.229896545410156,20.622711181640625,19.163688961361796,PRICE,TEST,2023-10
SUZB3.SA,BEAR_CALM,0.0029109310102509514,1,MAX_DAYS,10,47.11336898803711,47.30704879760742,44.253779637693555,PRICE,TRAIN,2023-10
SUZB3.SA,SIDEWAYS_CALM,0.01520841217131639,1,SIGNAL,1,53.11753463745117,53.98910903930664,51.25818059585895,PRICE,TEST,2023-10
TAEE11.SA,BEAR_CALM,-0.00799874657273527,0,MAX_DAYS,10,27.644540786743164,27.456592559814453,26.737495274398473,PRICE,TRAIN,2023-10
TAEE11.SA,SIDEWAYS_CALM,0.01342837941591344,1,MAX_DAYS,10,30.742616653442383,31.192331314086914,30.131002034914353,PRICE,TEST,2023-10
TOTS3.SA,BEAR_CALM,0.007690500843971472,1,MAX_DAYS,10,27.58291244506836,27.82813835144043,25.650535281383874,PRICE,TEST,2023-10
TIMS3.SA,BULL_CALM,0.026558827388105756,1,SIGNAL,2,12.504311561584473,12.85141658782959,12.030214902438065,PRICE,TRAIN,2023-10
TIMS3.SA,BULL_CALM,-0.05266665393594563,0,STOP_LOSS,6,16.300689697265625,15.46174774169922,15.46174774169922,PRICE,TEST,2023-10
TIMS3.SA,SIDEWAYS_CALM,-0.04827499902888479,0,STOP_LOSS,5,15.001686096191406,14.29548173778156,14.29548173778156,PRICE,TEST,2023-10
UGPA3.SA,BULL_CALM,0.00865213293920273,1,SIGNAL,1,16.25580406188965,16.415958404541016,15.196996502141175,PRICE,TRAIN,2023-10
UGPA3.SA,BEAR_CALM,0.06757312372700083,1,MAX_DAYS,10,19.415300369262695,20.750551223754883,18.370039990975837,PRICE,TRAIN,2023-10
UGPA3.SA,BEAR_CALM,-0.03670851614772188,0,MAX_DAYS,10,19.001821517944336,18.32709503173828,18.190321861971565,PRICE,TEST,2023-10
USIM5.SA,BEAR_CALM,-0.041261670566975404,0,STOP_LOSS,4,6.273622035980225,6.022290256713068,6.022290256713068,PRICE,TRAIN,2023-10
USIM5.SA,BEAR_CALM,-0.041109263963990526,0,STOP_LOSS,7,6.089957237243652,5.846911526333081,5.846911526333081,PRICE,TRAIN,2023-10
USIM5.SA,BEAR_CALM,0.0807079081691183,1,PROFIT_TARGET,5,5.732292652130127,6.201812752279313,5.497532602055534,PRICE,TRAIN,2023-10
USIM5.SA,BEAR_CALM,0.00565873676220905,1,MAX_DAYS,10,7.289999961853027,7.340000152587891,6.897142955235073,PRICE,TRAIN,2023-10
USIM5.SA,BEAR_CALM,-0.07041715212562552,0,STOP_LOSS,5,6.460000038146973,6.012857232775007,6.012857232775007,PRICE,TRAIN,2023-10
USIM5.SA,BEAR_CALM,0.028405313722777638,1,MAX_DAYS,10,6.079999923706055,6.260000228881836,5.648571491241455,PRICE,TRAIN,2023-10
USIM5.SA,BEAR_CALM,-0.07092786384904573,0,STOP_LOSS,1,5.880000114440918,5.470000267028809,5.470000267028809,PRICE,TRAIN,2023-10
USIM5.SA,BEAR_CALM,0.033625796683759736,1,END_CLOSED,5,6.03000020980835,6.239999771118164,5.5471431868416925,PRICE,TRAIN,2023-10
USIM5.SA,BEAR_CALM,-0.0077466384580944445,0,MAX_DAYS,10,6.110000133514404,6.070000171661377,5.8000006675720215,PRICE,TEST,2023-10
VBBR3.SA,BULL_CALM,0.02191827730185745,1,SIGNAL,1,14.694361686706543,15.034070014953613,13.825341878960375,PRICE,TRAIN,2023-10
VBBR3.SA,SIDEWAYS_CALM,-0.046568388663028835,0,STOP_LOSS,10,19.47842025756836,18.594715716781185,18.594715716781185,PRICE,TEST,2023-10
VBBR3.SA,BEAR_CALM,0.023446276741594697,1,MAX_DAYS,10,18.6771183013916,19.137439727783203,17.924528617777103,PRICE,TEST,2023-10
VALE3.SA,BEAR_CALM,-0.01952381521337212,0,MAX_DAYS,10,54.96600341796875,53.95881652832031,53.29836409142138,PRICE,TRAIN,2023-10
VALE3.SA,BEAR_CALM,0.08394912248039041,1,PROFIT_TARGET,6,51.746307373046875,56.152460037462376,49.543231040839125,PRICE,TRAIN,2023-10
VALE3.SA,BEAR_CALM,0.05683249747208605,1,MAX_DAYS,10,52.08793258666992,55.11072540283203,50.23129362238681,PRICE,TRAIN,2023-10
VALE3.SA,SIDEWAYS_CALM,0.033677800833464035,1,MAX_DAYS,10,54.696014404296875,56.60369110107422,52.47762918801151,PRICE,TEST,2023-10
VIVT3.SA,SIDEWAYS_CALM,-0.0367710912857341,0,STOP_LOSS,10,21.93944549560547,21.1590354771229,21.1590354771229,PRICE,TRAIN,2023-10
VIVT3.SA,BULL_CALM,-0.004673962522883678,0,MAX_DAYS,10,25.554025650024414,25.465251922607422,24.362530916509446,PRICE,TEST,2023-10
VIVT3.SA,BULL_CALM,0.005349686080599804,1,MAX_DAYS,10,24.25506591796875,24.413928985595703,23.249805606747678,PRICE,TEST,2023-10
WEGE3.SA,BEAR_CALM,-0.026221472934658728,0,MAX_DAYS,10,33.52726364135742,32.68836212158203,31.94480174280924,PRICE,TRAIN,2023-10
WEGE3.SA,BEAR_CALM,-0.0419052365599172,0,STOP_LOSS,4,32.35470962524414,31.037703516121148,31.037703516121148,PRICE,TRAIN,2023-10
WEGE3.SA,BULL_CALM,0.028470472012573113,1,MAX_DAYS,10,53.00994873046875,54.58277893066406,50.456547255990145,PRICE,TEST,2023-10
YDUQ3.SA,BULL_CALM,0.07489256373344708,1,SIGNAL,1,18.36124038696289,19.758394241333008,17.303936063555945,PRICE,TRAIN,2023-10
YDUQ3.SA,BEAR_CALM,0.17362805326190042,1,PROFIT_TARGET,7,10.176077842712402,11.955141721795371,9.286545903170918,PRICE,TRAIN,2023-10
YDUQ3.SA,BEAR_CALM,-0.08853798141858962,0,STOP_LOSS,9,10.483570098876953,9.567956248380757,9.567956248380757,PRICE,TRAIN,2023-10
YDUQ3.SA,BEAR_CALM,-0.031474344078100035,0,MAX_DAYS,10,10.156859397888184,9.849367141723633,9.197318157732619,PRICE,TRAIN,2023-10
ABEV3.SA,SIDEWAYS_CALM,-0.01370002404072692,0,MAX_DAYS,10,12.396597862243652,12.241640090942383,12.104913491258726,PRICE,TRAIN,2024-01
ABEV3.SA,BEAR_CALM,-0.015770588818643037,0,MAX_DAYS,10,11.886150360107422,11.71296215057373,11.522846433247846,PRICE,TRAIN,2024-01
ABEV3.SA,BEAR_CALM,0.0592567866732213,1,PROFIT_TARGET,8,11.630926132202148,12.334094552188688,11.279341922208879,PRICE,TRAIN,2024-01
ALOS3.SA,BULL_CALM,-0.03420975360864433,0,MAX_DAYS,10,22.780765533447266,22.028778076171875,21.586433799065667,PRICE,TRAIN,2024-01
ALOS3.SA,BULL_CALM,0.011525599362843898,1,MAX_DAYS,10,21.551050186157227,21.825300216674805,20.51800471793277,PRICE,TRAIN,2024-01
ASAI3.SA,SIDEWAYS_CALM,0.019665563906750318,1,SIGNAL,1,12.70914363861084,12.974327087402344,11.766270488895703,PRICE,TRAIN,2024-01
ASAI3.SA,BEAR_CALM,-0.036963422302246716,0,MAX_DAYS,10,7.1402997970581055,6.8849382400512695,6.5566164246865135,PRICE,TRAIN,2024-01
ASAI3.SA,BEAR_CALM,0.045410138982234206,1,MAX_DAYS,10,6.953689098358154,7.277801513671875,6.212860201604889,PRICE,TRAIN,2024-01
AURE3.SA,BEAR_CALM,-0.026296519775829273,0,STOP_LOSS,3,11.026216506958008,10.74949684633856,10.74949684633856,PRICE,TRAIN,2024-01
AURE3.SA,BEAR_CALM,-0.007982907875920618,0,MAX_DAYS,10,10.251399993896484,10.181865692138672,9.940622355393716,PRICE,TRAIN,2024-01
AURE3.SA,BEAR_CALM,-0.04229584665857291,0,MAX_DAYS,10,10.15206527709961,9.734857559204102,9.717828117715852,PRICE,TRAIN,2024-01
AZUL4.SA,BEAR_CALM,-0.10119999999999998,0,HARD_STOP,9,14.210000038146973,12.789000034332275,12.380000114440918,PRICE,TRAIN,2024-01
BBAS3.SA,BULL_CALM,0.019268346127265003,1,MAX_DAYS,10,23.867080688476562,24.355600357055664,23.22745633940642,PRICE,TRAIN,2024-01
BBAS3.SA,SIDEWAYS_CALM,-0.02604941792003059,0,STOP_LOSS,10,24.47669792175293,23.868466225792947,23.868466225792947,PRICE,TRAIN,2024-01
BBAS3.SA,BEAR_CALM,0.026804190609370206,1,MAX_DAYS,10,23.482009887695312,24.139604568481445,22.738319565928975,PRICE,TRAIN,2024-01
BBAS3.SA,BEAR_CALM,-0.02065996991918064,0,MAX_DAYS,10,23.429059982299805,22.97313117980957,22.443485866897458,PRICE,TRAIN,2024-01
BBDC3.SA,BULL_CALM,-0.04251846833113517,0,STOP_LOSS,7,12.340154647827148,11.830278358809592,11.830278358809592,PRICE,TRAIN,2024-01
BBDC3.SA,BULL_CALM,0.06449776938407234,1,PROFIT_TARGET,2,11.663065910339355,12.429303324828066,11.279947203095,PRICE,TRAIN,2024-01
BBDC3.SA,BEAR_CALM,0.04641896488502426,1,MAX_DAYS,10,10.429182052612305,10.925808906555176,10.062579220785686,PRICE,TRAIN,2024-01
BBDC3.SA,BEAR_CALM,-0.005816524190214299,0,MAX_DAYS,10,9.831274032592773,9.785887718200684,9.572459623511348,PRICE,TRAIN,2024-01
BBDC3.SA,BEAR_CALM,0.0016274477752250339,1,END_CLOSED,3,9.633384704589844,9.660622596740723,9.05748263640911,PRICE,TRAIN,2024-01
BBDC3.SA,BEAR_CALM,0.030776826543204773,1,MAX_DAYS,10,9.627340316772461,9.935192108154297,9.142640556165121,PRICE,TEST,2024-01
B3SA3.SA,BULL_CALM,-0.02950853374313147,0,MAX_DAYS,10,13.454208374023438,13.073339462280273,12.80673114434422,PRICE,TRAIN,2024-01
B3SA3.SA,BEAR_CALM,-0.040570001625538386,0,MAX_DAYS,10,9.932528495788574,9.541484832763672,9.347358745410764,PRICE,TRAIN,2024-01
B3SA3.SA,BEAR_CALM,0.026522873585593222,1,SIGNAL,1,9.93552017211914,10.21096134185791,9.522359857559099,PRICE,TEST,2024-01
B3SA3.SA,BEAR_CALM,0.05696317213520761,1,MAX_DAYS,10,9.640406608581543,10.201123237609863,9.092336558185991,PRICE,TEST,2024-01
BBDC4.SA,BULL_CALM,-0.039521851627662995,0,STOP_LOSS,5,14.163824081420898,13.621040116492367,13.621040116492367,PRICE,TRAIN,2024-01
BBDC4.SA,BULL_CALM,-0.019542857934858347,0,MAX_DAYS,10,13.55509090423584,13.306451797485352,12.96071823154501,PRICE,TRAIN,2024-01
BBDC4.SA,BULL_CALM,0.07139197588143106,1,PROFIT_TARGET,4,13.160696983337402,14.116057981334652,12.683016484338777,PRICE,TRAIN,2024-01
BBDC4.SA,BEAR_CALM,0.0129375390363776,1,MAX_DAYS,10,10.920999526977539,11.075395584106445,10.57252211979012,PRICE,TRAIN,2024-01
BBDC4.SA,BEAR_CALM,-0.041690449073955936,0,MAX_DAYS,10,11.4774808883667,11.012752532958984,10.89977692966517,PRICE,TRAIN,2024-01
BBSE3.SA,BULL_CALM,0.010497589979608792,1,MAX_DAYS,10,27.521699905395508,27.843637466430664,26.732901708237385,PRICE,TRAIN,2024-01
BBSE3.SA,BULL_CALM,0.04992537734487366,1,MAX_DAYS,10,32.03135681152344,33.66897201538086,30.990046717606727,PRICE,TEST,2024-01
BEEF3.SA,BEAR_CALM,-0.0454599853361032,0,STOP_LOSS,9,7.230000019073486,6.910000324249268,6.910000324249268,PRICE,TRAIN,2024-01
BEEF3.SA,BEAR_CALM,0.013614800686306473,1,MAX_DAYS,10,6.75,6.849999904632568,6.40500013033549,PRICE,TRAIN,2024-01
BEEF3.SA,BEAR_CALM,-0.05489457528691213,0,STOP_LOSS,6,5.800000190734863,5.488571643829346,5.488571643829346,PRICE,TRAIN,2024-01
BEEF3.SA,BEAR_CALM,0.04123542727600014,1,MAX_DAYS,10,5.420000076293945,5.650000095367432,5.055714402879987,PRICE,TRAIN,2024-01
BEEF3.SA,BEAR_CALM,0.13587976237131025,1,PROFIT_TARGET,3,5.440000057220459,6.185713972364153,5.067143099648612,PRICE,TRAIN,2024-01
BPAC11.SA,BULL_CALM,0.014414574785981273,1,MAX_DAYS,10,34.83012390136719,35.37398147583008,32.876050033667866,PRICE,TRAIN,2024-01
BPAC11.SA,BEAR_CALM,-0.006054395826756841,0,MAX_DAYS,10,29.951261520385742,29.805866241455078,27.961432707056133,PRICE,TRAIN,2024-01
BRAP4.SA,BULL_CALM,-0.03532700522766077,0,STOP_LOSS,3,20.30801010131836,19.61495853442728,19.61495853442728,PRICE,TRAIN,2024-01
BRAP4.SA,BULL_CALM,-0.03921608380771515,0,STOP_LOSS,5,19.38125228881836,18.64445297750817,18.64445297750817,PRICE,TRAIN,2024-01
BRAP4.SA,BULL_CALM,-0.04388793076860922,0,STOP_LOSS,3,18.365856170654297,17.58185577393517,17.58185577393517,PRICE,TRAIN,2024-01
BRAP4.SA,SIDEWAYS_CALM,-0.044044410851403336,0,STOP_LOSS,9,18.003211975097656,17.23187496459167,17.23187496459167,PRICE,TRAIN,2024-01
BRAP4.SA,SIDEWAYS_CALM,-0.041472871071943106,0,STOP_LOSS,6,17.551923751831055,16.845057389508987,16.845057389508987,PRICE,TRAIN,2024-01
BRAP4.SA,BEAR_CALM,-0.04474142694797947,0,STOP_LOSS,9,16.65740394592285,15.932116808868466,15.932116808868466,PRICE,TRAIN,2024-01
BRAP4.SA,BEAR_CALM,-0.02522716698735674,0,END_CLOSED,6,15.41578197479248,15.045384407043457,14.657797987010476,PRICE,TRAIN,2024-01
BRKM5.SA,BEAR_CALM,-0.0164369391014342,0,MAX_DAYS,10,17.719999313354492,17.450000762939453,16.474285125732422,PRICE,TRAIN,2024-01
BRKM5.SA,BEAR_CALM,-0.0676434094366353,0,STOP_LOSS,8,19.200000762939453,17.924287251063756,17.924287251063756,PRICE,TRAIN,2024-01
BRKM5.SA,BEAR_CALM,0.0169509709248866,1,MAX_DAYS,10,17.6299991607666,17.950000762939453,16.354285376412527,PRICE,TRAIN,2024-01
BRKM5.SA,BEAR_CALM,-0.0839210787472541,0,STOP_LOSS,7,15.75,14.447143009730748,14.447143009730748,PRICE,TRAIN,2024-01
BRKM5.SA,BEAR_CALM,-0.08077188482625122,0,STOP_LOSS,8,15.350000381469727,14.128571919032506,14.128571919032506,PRICE,TRAIN,2024-01
BRKM5.SA,BEAR_CALM,-0.08215241483196636,0,END_CLOSED,8,12.600000381469727,11.579999923706055,11.190000261579241,PRICE,TRAIN,2024-01
CMIN3.SA,BULL_CALM,-0.06486221818002039,0,STOP_LOSS,8,5.382201671600342,5.039558774494051,5.039558774494051,PRICE,TRAIN,2024-01
CMIN3.SA,BULL_CALM,-0.050563054244325965,0,MAX_DAYS,10,5.176145076751709,4.920634746551514,4.821727439976726,PRICE,TRAIN,2024-01
CMIG4.SA,BULL_CALM,-0.03625537942712522,0,MAX_DAYS,10,9.628456115722656,9.290926933288574,9.03334032403965,PRICE,TEST,2024-01
COGN3.SA,BULL_CALM,-0.02273849399544383,0,MAX_DAYS,10,3.164292573928833,3.0961384773254395,2.9241309300483604,PRICE,TRAIN,2024-01
COGN3.SA,BULL_CALM,-0.08056509004799753,0,STOP_LOSS,9,2.9793031215667725,2.7428504610433455,2.7428504610433455,PRICE,TRAIN,2024-01
CSAN3.SA,SIDEWAYS_CALM,0.04032634178106229,1,MAX_DAYS,10,17.21417808532715,17.929019927978516,16.282356661966787,PRICE,TRAIN,2024-01
CSAN3.SA,BEAR_CALM,-0.040330418196968386,0,MAX_DAYS,10,11.5,11.050000190734863,10.912857191903251,PRICE,TRAIN,2024-01
CSAN3.SA,BEAR_CALM,-0.07171948448280244,0,STOP_LOSS,6,11.0,10.224285670689174,10.224285670689174,PRICE,TRAIN,2024-01
CPFE3.SA,BULL_CALM,-0.03327810445998682,0,STOP_LOSS,10,38.2400016784668,37.01333491007487,37.01333491007487,PRICE,TRAIN,2024-01
CPFE3.SA,BULL_CALM,-0.016945847591466577,0,MAX_DAYS,10,36.20000076293945,35.630001068115234,34.91857256208147,PRICE,TRAIN,2024-01
CPFE3.SA,BEAR_CALM,-0.013664930402875551,0,MAX_DAYS,10,32.09000015258789,31.690000534057617,30.904285975864955,PRICE,TRAIN,2024-01
CPFE3.SA,BEAR_CALM,0.008065205194764592,1,END_CLOSED,3,31.299999237060547,31.59000015258789,29.95571299961635,PRICE,TRAIN,2024-01
CPFE3.SA,BEAR_CALM,0.0539612607894405,1,SIGNAL,8,31.0,32.709999084472656,29.81999969482422,PRICE,TEST,2024-01
CPLE6.SA,BEAR_CALM,0.016597536316534135,1,MAX_DAYS,10,8.989999771118164,9.149999618530273,8.570000648498535,PRICE,TEST,2024-01
CSNA3.SA,BULL_CALM,-0.0635527775540872,0,STOP_LOSS,5,16.604351043701172,15.569023636643298,15.569023636643298,PRICE,TRAIN,2024-01
CSNA3.SA,SIDEWAYS_CALM,-0.013708694290115807,0,MAX_DAYS,10,12.992748260498047,12.830225944519043,12.211093511818138,PRICE,TRAIN,2024-01
CSNA3.SA,BEAR_CALM,0.10059775352836606,1,MAX_DAYS,10,10.128900527954102,11.15999984741211,9.307491400113935,PRICE,TRAIN,2024-01
CVCB3.SA,BULL_CALM,-0.022672372223182323,0,MAX_DAYS,10,3.259999990463257,3.190000057220459,2.890000104904175,PRICE,TRAIN,2024-01
CVCB3.SA,BEAR_CALM,-0.031050717942397797,0,MAX_DAYS,10,2.009999990463257,1.9500000476837158,1.7300000190734863,PRICE,TRAIN,2024-01
CYRE3.SA,BULL_CALM,-0.015272050904578414,0,MAX_DAYS,10,21.16794204711914,20.870065689086914,19.594774163016385,PRICE,TRAIN,2024-01
CYRE3.SA,BEAR_CALM,-0.011129970319508596,0,END_CLOSED,1,16.40305519104004,16.24017333984375,15.039784387417125,PRICE,TRAIN,2024-01
CXSE3.SA,BULL_CALM,0.0072034721969386,1,MAX_DAYS,10,12.651618003845215,12.757935523986816,12.1529450313572,PRICE,TRAIN,2024-01
CXSE3.SA,SIDEWAYS_CALM,-0.011393471651535168,0,MAX_DAYS,10,13.079132080078125,12.945810317993164,12.639117374274846,PRICE,TRAIN,2024-01
DIRR3.SA,BULL_CALM,0.004990507244022703,1,MAX_DAYS,10,5.915454387664795,5.95207405090332,5.506067107323983,PRICE,TRAIN,2024-01
ECOR3.SA,BULL_CALM,-0.05634310408218859,0,STOP_LOSS,9,8.76921272277832,8.285651112887303,8.285651112887303,PRICE,TRAIN,2024-01
ECOR3.SA,BEAR_CALM,-0.029732630562064453,0,MAX_DAYS,10,6.844263553619385,6.6489787101745605,6.419153813178655,PRICE,TRAIN,2024-01
ECOR3.SA,BEAR_CALM,0.003307551485471995,1,MAX_DAYS,10,6.741971969604492,6.772361755371094,6.303577574293999,PRICE,TRAIN,2024-01
ELET3.SA,BULL_CALM,0.024465538163134327,1,SIGNAL,5,36.698951721191406,37.64085006713867,35.41373755612238,PRICE,TRAIN,2024-01
ELET3.SA,BEAR_CALM,-0.03579029920397316,0,MAX_DAYS,10,31.383691787719727,30.298120498657227,29.818893969834203,PRICE,TRAIN,2024-01
ELET3.SA,BEAR_CALM,0.013284354520099219,1,MAX_DAYS,10,30.716331481933594,31.161237716674805,29.26085260670591,PRICE,TRAIN,2024-01
ELET3.SA,BEAR_CALM,0.013966646052121813,1,END_CLOSED,6,30.671842575073242,31.13703155517578,28.78416903150344,PRICE,TRAIN,2024-01
ELET3.SA,BEAR_CALM,0.037548139802014636,1,MAX_DAYS,10,30.607892990112305,31.79389190673828,29.36715518309738,PRICE,TEST,2024-01
EGIE3.SA,BULL_CALM,-0.02187414947227275,0,STOP_LOSS,6,28.602771759033203,28.01143378036565,28.01143378036565,PRICE,TRAIN,2024-01
EGIE3.SA,BULL_CALM,-0.02908732378775205,0,STOP_LOSS,3,27.709333419799805,26.936594266779068,26.936594266779068,PRICE,TRAIN,2024-01
EGIE3.SA,BEAR_CALM,-0.03546389848660627,0,MAX_DAYS,10,26.70702362060547,25.79193687438965,25.70284665751594,PRICE,TRAIN,2024-01
EGIE3.SA,BEAR_CALM,-0.04277241892676111,0,STOP_LOSS,9,25.249658584594727,24.199969200158264,24.199969200158264,PRICE,TRAIN,2024-01
EGIE3.SA,BEAR_CALM,0.06273132423741332,1,PROFIT_TARGET,10,23.712675094604492,25.22865781461409,22.954683734599694,PRICE,TEST,2024-01
ELET6.SA,BULL_CALM,0.026697930094144874,1,SIGNAL,5,39.13486099243164,40.22664260864258,37.42524962270254,PRICE,TRAIN,2024-01
ELET6.SA,SIDEWAYS_CALM,-0.034055502451956786,0,STOP_LOSS,5,37.45096206665039,36.22049189064142,36.22049189064142,PRICE,TRAIN,2024-01
ELET6.SA,BEAR_CALM,0.01921834996247527,1,MAX_DAYS,10,35.51430130004883,36.239444732666016,33.93894503332407,PRICE,TRAIN,2024-01
ELET6.SA,BEAR_CALM,0.021726310090736646,1,MAX_DAYS,10,34.329315185546875,35.11635971069336,32.530355590547984,PRICE,TRAIN,2024-01
ELET6.SA,BEAR_CALM,0.022115156264989812,1,END_CLOSED,6,34.27625274658203,35.075408935546875,32.18546711033989,PRICE,TRAIN,2024-01
ELET6.SA,BEAR_CALM,0.038199414715802106,1,MAX_DAYS,10,34.58413314819336,35.94672775268555,32.860024233872046,PRICE,TEST,2024-01
EMBR3.SA,BULL_CALM,-0.013723167887158681,0,MAX_DAYS,10,21.537839889526367,21.268117904663086,20.189228963368787,PRICE,TRAIN,2024-01
EMBR3.SA,BULL_CALM,0.048773732325229614,1,MAX_DAYS,10,56.97138214111328,59.81845474243164,54.41401194236753,PRICE,TEST,2024-01
ENEV3.SA,BULL_CALM,0.012154287698904344,1,MAX_DAYS,10,12.729999542236328,12.899999618530273,12.084999084472656,PRICE,TRAIN,2024-01
ENEV3.SA,BEAR_CALM,-0.058739660858099584,0,STOP_LOSS,4,11.520000457763672,10.857143538338798,10.857143538338798,PRICE,TRAIN,2024-01
ENGI11.SA,BULL_CALM,0.03056124406692349,1,SIGNAL,2,42.665645599365234,44.02075958251953,40.99570196680029,PRICE,TRAIN,2024-01
ENGI11.SA,BEAR_CALM,-0.009834797588286003,0,MAX_DAYS,10,35.962371826171875,35.6518440246582,34.608761689073404,PRICE,TRAIN,2024-01
ENGI11.SA,BEAR_CALM,-0.008093146558639706,0,MAX_DAYS,10,35.3077507019043,35.064369201660156,33.65080685353708,PRICE,TRAIN,2024-01
ENGI11.SA,BEAR_CALM,-0.057048448736287026,0,STOP_LOSS,2,35.014007568359375,33.05852956162589,33.05852956162589,PRICE,TRAIN,2024-01
ENGI11.SA,BEAR_CALM,-0.0503886917005413,0,MAX_DAYS,10,33.100494384765625,31.47232437133789,31.14141831497212,PRICE,TRAIN,2024-01
EQTL3.SA,BULL_CALM,-0.021661045086459406,0,MAX_DAYS,10,32.157318115234375,31.499345779418945,30.96369707966216,PRICE,TRAIN,2024-01
EQTL3.SA,BEAR_CALM,0.04191297175671536,1,MAX_DAYS,10,27.603904724121094,28.793991088867188,26.41071386892439,PRICE,TRAIN,2024-01
EZTC3.SA,BEAR_CALM,-0.05832655684204437,0,MAX_DAYS,10,14.765380859375,13.92188549041748,12.967633555743292,PRICE,TRAIN,2024-01
EZTC3.SA,BEAR_CALM,-0.034338544609895404,0,MAX_DAYS,10,13.112475395202637,12.677947044372559,12.036504690781083,PRICE,TRAIN,2024-01
FLRY3.SA,BULL_CALM,-0.038723843792829026,0,STOP_LOSS,7,14.793381690979004,14.23827714723901,14.23827714723901,PRICE,TRAIN,2024-01
FLRY3.SA,SIDEWAYS_CALM,-0.0018281413712090344,0,MAX_DAYS,10,13.457749366760254,13.449295997619629,12.872053169191206,PRICE,TRAIN,2024-01
FLRY3.SA,BEAR_CALM,0.027721058405437572,1,MAX_DAYS,10,12.56169319152832,12.9249906539917,11.884217081254665,PRICE,TRAIN,2024-01
FLRY3.SA,SIDEWAYS_CALM,-0.04178223212710599,0,STOP_LOSS,1,12.92643928527832,12.401855525626214,12.401855525626214,PRICE,TRAIN,2024-01
FLRY3.SA,BEAR_CALM,-0.045780916699883066,0,STOP_LOSS,2,12.577549934387207,12.016831228473672,12.016831228473672,PRICE,TRAIN,2024-01
FLRY3.SA,BEAR_CALM,-0.018031884130603658,0,MAX_DAYS,10,11.417484283447266,11.225306510925293,10.737144849463807,PRICE,TRAIN,2024-01
GGBR4.SA,SIDEWAYS_CALM,-0.034289799868621705,0,STOP_LOSS,4,17.95540428161621,17.361263547377337,17.361263547377337,PRICE,TRAIN,2024-01
GGBR4.SA,BEAR_CALM,0.009973275649470016,1,MAX_DAYS,10,16.574216842651367,16.7594051361084,15.637261341971708,PRICE,TRAIN,2024-01
GGBR4.SA,BEAR_CALM,0.01262909689515155,1,MAX_DAYS,10,16.180696487426758,16.404460906982422,15.464199380099977,PRICE,TRAIN,2024-01
GOAU4.SA,SIDEWAYS_CALM,-0.03484482961378268,0,STOP_LOSS,4,9.853683471679688,9.522157970206878,9.522157970206878,PRICE,TRAIN,2024-01
GOAU4.SA,BEAR_CALM,0.002800149538300413,1,MAX_DAYS,10,9.209050178527832,9.245887756347656,8.75122912469011,PRICE,TRAIN,2024-01
GOAU4.SA,BEAR_CALM,0.006872536416021681,1,MAX_DAYS,10,9.12617015838623,9.199841499328613,8.782804508905345,PRICE,TRAIN,2024-01
HYPE3.SA,BEAR_CALM,0.038398286613625744,1,SIGNAL,3,32.13241195678711,33.40480041503906,30.638739582839207,PRICE,TRAIN,2024-01
HYPE3.SA,BEAR_CALM,-0.05219679254447753,0,STOP_LOSS,2,24.560211181640625,23.30771918716194,23.30771918716194,PRICE,TRAIN,2024-01
HYPE3.SA,BEAR_CALM,-0.11559470448074319,0,STOP_LOSS,4,24.806385040283203,21.96866595436448,21.96866595436448,PRICE,TRAIN,2024-01
HYPE3.SA,BEAR_CALM,-0.05148861533604745,0,STOP_LOSS,4,18.746807098388672,17.80405612743872,17.80405612743872,PRICE,TRAIN,2024-01
HYPE3.SA,BEAR_CALM,-0.05598612684640305,0,STOP_LOSS,4,17.67691421508789,16.7084645506471,16.7084645506471,PRICE,TRAIN,2024-01
IGTI11.SA,BEAR_CALM,0.04805368955705678,1,MAX_DAYS,10,19.416322708129883,20.372648239135742,18.37167787108245,PRICE,TRAIN,2024-01
HAPV3.SA,BULL_CALM,0.012950967727540431,1,MAX_DAYS,10,63.599998474121094,64.5,59.84999465942383,PRICE,TRAIN,2024-01
HAPV3.SA,BEAR_CALM,-0.07668700788508057,0,STOP_LOSS,6,52.79999923706055,48.81428527832031,48.81428527832031,PRICE,TRAIN,2024-01
IRBR3.SA,BEAR_CALM,0.04607647068740226,1,MAX_DAYS,10,38.91999816894531,40.7599983215332,35.983331044514976,PRICE,TRAIN,2024-01
IRBR3.SA,BEAR_CALM,-0.0053139578020849,0,MAX_DAYS,10,31.600000381469727,31.469999313354492,29.745714732578822,PRICE,TRAIN,2024-01
ITUB4.SA,BULL_CALM,-0.00572494526152436,0,MAX_DAYS,10,26.16492462158203,26.04652976989746,25.162526679776924,PRICE,TRAIN,2024-01
ITSA4.SA,BULL_CALM,-0.00809638947251181,0,MAX_DAYS,10,8.228848457336426,8.172099113464355,7.969417595993503,PRICE,TRAIN,2024-01
KLBN11.SA,BULL_CALM,-0.043987795152951835,0,STOP_LOSS,7,21.74500846862793,20.814587500673074,20.814587500673074,PRICE,TEST,2024-01
KLBN11.SA,BEAR_CALM,-0.022621057694460565,0,END_CLOSED,4,18.400375366210938,18.0062198638916,17.672490713703052,PRICE,TEST,2024-01
LREN3.SA,BULL_CALM,-0.04205263073336276,0,STOP_LOSS,1,14.111942291259766,13.535432323904406,13.535432323904406,PRICE,TRAIN,2024-01
LREN3.SA,SIDEWAYS_CALM,0.0036078614856279514,1,MAX_DAYS,10,13.903059959411621,13.969903945922852,12.979809039089346,PRICE,TRAIN,2024-01
LWSA3.SA,BEAR_CALM,0.05143169628525155,1,SIGNAL,3,5.347099304199219,5.628526210784912,4.755133574381046,PRICE,TRAIN,2024-01
LWSA3.SA,BEAR_CALM,0.029855895497084985,1,END_CLOSED,1,3.179032564163208,3.2777602672576904,2.84194788072858,PRICE,TRAIN,2024-01
LWSA3.SA,BEAR_CALM,0.026663726397711508,1,SIGNAL,1,3.1889054775238037,3.2777602672576904,2.942086413621384,PRICE,TEST,2024-01
MGLU3.SA,BEAR_CALM,0.1287999936982481,1,SIGNAL,7,18.160175323486328,20.520998001098633,16.43495811152058,PRICE,TRAIN,2024-01
MGLU3.SA,BEAR_CALM,-0.05864678938814274,0,MAX_DAYS,10,9.12548828125,8.601258277893066,8.375200891643527,PRICE,TRAIN,2024-01
MRVE3.SA,SIDEWAYS_CALM,-0.10646319632029547,0,STOP_LOSS,6,10.449999809265137,9.34999942779541,9.34999942779541,PRICE,TRAIN,2024-01
MRVE3.SA,BEAR_CALM,-0.0942099015017083,0,STOP_LOSS,2,7.480000019073486,6.784285954066685,6.784285954066685,PRICE,TRAIN,2024-01
MRVE3.SA,BEAR_CALM,0.1328782204756543,1,MAX_DAYS,10,7.159999847412109,8.119999885559082,6.402857099260602,PRICE,TRAIN,2024-01
MRVE3.SA,BEAR_CALM,-0.10789917804719598,0,STOP_LOSS,8,6.440000057220459,5.752857344491141,5.752857344491141,PRICE,TRAIN,2024-01
MRVE3.SA,BEAR_CALM,-0.006818016657510938,0,END_CLOSED,2,5.340000152587891,5.309999942779541,4.6714286123003275,PRICE,TRAIN,2024-01
MRVE3.SA,BEAR_CALM,0.0925500058207663,1,SIGNAL,2,5.119999885559082,5.599999904632568,4.739999771118164,PRICE,TEST,2024-01
PCAR3.SA,BEAR_CALM,-0.08923987816202975,0,STOP_LOSS,4,2.5799999237060547,2.3528570447649275,2.3528570447649275,PRICE,TRAIN,2024-01
PCAR3.SA,BEAR_CALM,0.056651182674339086,1,MAX_DAYS,10,2.4200000762939453,2.559999942779541,2.1542857715061734,PRICE,TRAIN,2024-01
PETR3.SA,BULL_CALM,0.029012990644218563,1,MAX_DAYS,10,37.58967208862305,38.72536849975586,35.61616512202552,PRICE,TEST,2024-01
PETR4.SA,BULL_CALM,0.021339863909785796,1,MAX_DAYS,10,33.69900894165039,34.458580017089844,32.1983909456383,PRICE,TEST,2024-01
PRIO3.SA,BEAR_CALM,-0.031961806309092976,0,MAX_DAYS,10,41.61000061035156,40.33000183105469,39.59428678240095,PRICE,TRAIN,2024-01
PRIO3.SA,BEAR_CALM,-0.013183317952642847,0,MAX_DAYS,10,40.88999938964844,40.400001525878906,38.45571299961635,PRICE,TRAIN,2024-01
PRIO3.SA,BEAR_CALM,5.478177346183283e-05,1,MAX_DAYS,10,39.849998474121094,39.900001525878906,37.64142663138254,PRICE,TRAIN,2024-01
PRIO3.SA,BEAR_CALM,0.010644788737106482,1,END_CLOSED,5,39.68000030517578,40.150001525878906,37.40142931256975,PRICE,TRAIN,2024-01
PRIO3.SA,BEAR_CALM,0.00766264450561014,1,SIGNAL,1,40.619998931884766,40.97999954223633,38.56999969482422,PRICE,TEST,2024-01
RADL3.SA,BULL_CALM,0.0011971523815762287,1,SIGNAL,1,28.15806007385254,28.22555923461914,27.232314750491316,PRICE,TRAIN,2024-01
RADL3.SA,BULL_CALM,-0.043922711880552766,0,STOP_LOSS,4,27.6662540435791,26.484276643261094,26.484276643261094,PRICE,TRAIN,2024-01
RADL3.SA,SIDEWAYS_CALM,-0.04192726733206311,0,STOP_LOSS,3,26.518718719482422,25.438683772890275,25.438683772890275,PRICE,TRAIN,2024-01
RADL3.SA,BEAR_CALM,0.03655107955889534,1,MAX_DAYS,10,24.011493682861328,24.917953491210938,22.88462004368458,PRICE,TRAIN,2024-01
RADL3.SA,BEAR_CALM,0.011630869246555077,1,MAX_DAYS,10,24.301067352294922,24.612871170043945,23.082486342488007,PRICE,TRAIN,2024-01
RADL3.SA,BEAR_CALM,0.0505096879391461,1,MAX_DAYS,10,23.365659713745117,24.573890686035156,22.14072342173464,PRICE,TRAIN,2024-01
RADL3.SA,BEAR_CALM,-0.01660576377079761,0,MAX_DAYS,10,23.42412567138672,23.06325912475586,21.947240650501367,PRICE,TRAIN,2024-01
RAIL3.SA,BEAR_CALM,0.03544910719039671,1,MAX_DAYS,10,18.30537223815918,18.976247787475586,17.556454115781634,PRICE,TRAIN,2024-01
RAIZ4.SA,BULL_CALM,0.0014385446053391882,1,MAX_DAYS,10,3.7725250720977783,3.7824790477752686,3.5263925610647164,PRICE,TRAIN,2024-01
RAIZ4.SA,BEAR_CALM,-0.0670524256639882,0,STOP_LOSS,3,2.690000057220459,2.512857028416225,2.512857028416225,PRICE,TRAIN,2024-01
RAIZ4.SA,BEAR_CALM,-0.08166646350809095,0,STOP_LOSS,7,2.450000047683716,2.252857208251953,2.252857208251953,PRICE,TRAIN,2024-01
RDOR3.SA,SIDEWAYS_CALM,0.049363940145677666,1,SIGNAL,3,26.383562088012695,27.717618942260742,25.020715190941218,PRICE,TRAIN,2024-01
RDOR3.SA,BEAR_CALM,0.0333925321352909,1,SIGNAL,1,24.715476989746094,25.57044792175293,23.359320386866305,PRICE,TEST,2024-01
RECV3.SA,BEAR_CALM,-0.04534269548059302,0,MAX_DAYS,10,15.434775352478027,14.753442764282227,14.57000854441763,PRICE,TRAIN,2024-01
RECV3.SA,BEAR_CALM,0.0052440776883827325,1,MAX_DAYS,10,14.910675048828125,15.006760597229004,14.170693620237742,PRICE,TRAIN,2024-01
RECV3.SA,BEAR_CALM,-0.0018297321722247283,0,MAX_DAYS,10,14.932107925415039,14.922704696655273,14.036127074735337,PRICE,TRAIN,2024-01
RECV3.SA,BEAR_CALM,0.0603585189664265,1,END_CLOSED,3,14.358519554138184,15.242408752441406,13.314776111488271,PRICE,TRAIN,2024-01
RECV3.SA,BEAR_CALM,0.01462475819676632,1,MAX_DAYS,10,15.449277877807617,15.693758964538574,14.76285419032566,PRICE,TEST,2024-01
RENT3.SA,SIDEWAYS_CALM,-0.0005431570598223511,0,MAX_DAYS,10,56.32815170288086,56.365150451660156,52.74867900967785,PRICE,TRAIN,2024-01
RENT3.SA,BEAR_CALM,-0.07966463740648858,0,STOP_LOSS,3,29.57479476928711,27.254219221343682,27.254219221343682,PRICE,TEST,2024-01
SANB11.SA,BULL_CALM,-0.029941022224975765,0,STOP_LOSS,4,28.24317169189453,27.431434066593983,27.431434066593983,PRICE,TRAIN,2024-01
SANB11.SA,BULL_CALM,-0.024437403009760626,0,MAX_DAYS,10,27.007923126220703,26.380329132080078,25.82560918650948,PRICE,TRAIN,2024-01
SANB11.SA,SIDEWAYS_CALM,0.012761644302286969,1,MAX_DAYS,10,25.620216369628906,25.977916717529297,24.52489089193061,PRICE,TRAIN,2024-01
SANB11.SA,BEAR_CALM,-0.05257200848038104,0,STOP_LOSS,5,23.567623138427734,22.356907002698,22.356907002698,PRICE,TRAIN,2024-01
SANB11.SA,BEAR_CALM,-0.033300875559950115,0,END_CLOSED,7,22.97026824951172,22.23290252685547,21.724883924856144,PRICE,TRAIN,2024-01
SLCE3.SA,BEAR_CALM,0.07187474153116832,1,MAX_DAYS,10,16.544647216796875,17.753643035888672,15.670451314004756,PRICE,TRAIN,2024-01
SLCE3.SA,BEAR_CALM,0.01217986000230762,1,MAX_DAYS,10,16.713281631469727,16.93690299987793,16.172978382374644,PRICE,TRAIN,2024-01
SLCE3.SA,BEAR_CALM,0.057103793437856966,1,MAX_DAYS,10,16.509105682373047,17.471649169921875,15.625730849449026,PRICE,TRAIN,2024-01
SBSP3.SA,SIDEWAYS_CALM,0.06887250434688572,1,MAX_DAYS,10,84.08877563476562,89.98108673095703,80.15089411974463,PRICE,TEST,2024-01
SMFT3.SA,BEAR_CALM,-0.033411714095729315,0,MAX_DAYS,10,19.453624725341797,18.826990127563477,18.02265976845337,PRICE,TRAIN,2024-01
SMFT3.SA,BEAR_CALM,-0.007061656093769651,0,END_CLOSED,2,16.344223022460938,16.2484188079834,14.809335688369355,PRICE,TRAIN,2024-01
SUZB3.SA,BULL_CALM,-0.04046781263761003,0,STOP_LOSS,6,52.071651458740234,50.02691160552749,50.02691160552749,PRICE,TRAIN,2024-01
SUZB3.SA,BULL_CALM,-0.01008027352979337,0,MAX_DAYS,10,50.16387176513672,49.71840286254883,48.11083134386184,PRICE,TRAIN,2024-01
SUZB3.SA,BEAR_CALM,0.0029109310102509514,1,MAX_DAYS,10,47.11336898803711,47.30704879760742,44.253779637693555,PRICE,TRAIN,2024-01
SUZB3.SA,BULL_CALM,0.00492707296534154,1,MAX_DAYS,10,62.02000045776367,62.400001525878906,59.61000061035156,PRICE,TEST,2024-01
SUZB3.SA,SIDEWAYS_CALM,-0.014686043373945655,0,END_CLOSED,6,54.130001068115234,53.400001525878906,51.86714499337332,PRICE,TEST,2024-01
TIMS3.SA,BULL_CALM,-0.03940446690795343,0,STOP_LOSS,6,14.998678207397461,14.425661702159902,14.425661702159902,PRICE,TRAIN,2024-01
TIMS3.SA,BEAR_CALM,-0.015991044265714315,0,MAX_DAYS,10,14.027436256408691,13.819955825805664,13.309633197483842,PRICE,TRAIN,2024-01
TIMS3.SA,BEAR_CALM,-0.035532157757072545,0,END_CLOSED,9,13.774852752685547,13.301932334899902,12.973284752659017,PRICE,TRAIN,2024-01
TOTS3.SA,BULL_CALM,-0.022134459376484415,0,MAX_DAYS,10,32.057586669921875,31.386478424072266,30.822357567879322,PRICE,TRAIN,2024-01
TOTS3.SA,BULL_CALM,0.018220474966212576,1,MAX_DAYS,10,30.55002784729004,31.14332389831543,29.122520281748706,PRICE,TRAIN,2024-01
UGPA3.SA,BULL_CALM,0.02028497075810285,1,SIGNAL,2,23.60516929626465,24.11232566833496,22.626439800455458,PRICE,TRAIN,2024-01
UGPA3.SA,BEAR_CALM,0.06757312372700083,1,MAX_DAYS,10,19.415300369262695,20.750551223754883,18.370039990975837,PRICE,TRAIN,2024-01
UGPA3.SA,BEAR_CALM,0.04112289067820205,1,MAX_DAYS,10,18.52768898010254,19.31183433532715,17.628918081758023,PRICE,TRAIN,2024-01
UGPA3.SA,BEAR_CALM,-0.07784961838729623,0,STOP_LOSS,8,17.588539123535156,16.240384311726157,16.240384311726157,PRICE,TRAIN,2024-01
USIM5.SA,BULL_CALM,-0.04745551537405392,0,STOP_LOSS,4,8.777271270751953,8.371274064545444,8.371274064545444,PRICE,TRAIN,2024-01
USIM5.SA,BULL_CALM,0.066657225490485,1,MAX_DAYS,10,8.119942665100098,8.670939445495605,7.666993695629941,PRICE,TRAIN,2024-01
USIM5.SA,BEAR_CALM,0.00565873676220905,1,MAX_DAYS,10,7.289999961853027,7.340000152587891,6.897142955235073,PRICE,TRAIN,2024-01
VALE3.SA,BULL_CALM,-0.03759921198683993,0,STOP_LOSS,3,65.23191833496094,62.857527911178465,62.857527911178465,PRICE,TRAIN,2024-01
VALE3.SA,BULL_CALM,-0.036837936886168786,0,STOP_LOSS,4,62.4064826965332,60.18244440490637,60.18244440490637,PRICE,TRAIN,2024-01
VALE3.SA,BULL_CALM,-0.03690970212316016,0,STOP_LOSS,3,60.10017013549805,57.95401096240816,57.95401096240816,PRICE,TRAIN,2024-01
VALE3.SA,SIDEWAYS_CALM,-0.000607085113589888,0,MAX_DAYS,10,57.40238571166992,57.43642044067383,54.71797479802236,PRICE,TRAIN,2024-01
VALE3.SA,SIDEWAYS_CALM,-0.003623872608942501,0,MAX_DAYS,10,56.17688751220703,56.04072189331055,53.883953087208766,PRICE,TRAIN,2024-01
VALE3.SA,BEAR_CALM,-0.02465151029988457,0,END_CLOSED,9,51.93916702270508,50.72111511230469,49.483382489564775,PRICE,TRAIN,2024-01
VBBR3.SA,BULL_CALM,-0.011012643204818338,0,MAX_DAYS,10,18.035625457763672,17.8586483001709,16.957671834545383,PRICE,TRAIN,2024-01
VBBR3.SA,SIDEWAYS_CALM,-0.005682416489243079,0,MAX_DAYS,10,19.018098831176758,18.932851791381836,18.18878848093283,PRICE,TRAIN,2024-01
VBBR3.SA,BEAR_CALM,-0.001691018687942657,0,MAX_DAYS,10,17.355823516845703,17.347301483154297,16.298787850244757,PRICE,TRAIN,2024-01
VIVT3.SA,BULL_CALM,-0.03990591333758111,0,STOP_LOSS,2,23.281282424926758,22.380159124999793,22.380159124999793,PRICE,TRAIN,2024-01
VIVT3.SA,BULL_CALM,0.01560015799260226,1,MAX_DAYS,10,22.416017532348633,22.79261016845703,21.494268378327938,PRICE,TRAIN,2024-01
VIVT3.SA,SIDEWAYS_CALM,-0.0367710912857341,0,STOP_LOSS,10,21.93944549560547,21.1590354771229,21.1590354771229,PRICE,TRAIN,2024-01
WEGE3.SA,SIDEWAYS_CALM,-0.04651553329947957,0,STOP_LOSS,6,34.35850524902344,32.80153126029097,32.80153126029097,PRICE,TRAIN,2024-01
WEGE3.SA,BEAR_CALM,0.08341470876382182,1,PROFIT_TARGET,10,31.769906997680664,34.45810842574312,30.425806283649436,PRICE,TRAIN,2024-01
WEGE3.SA,BULL_CALM,0.019005908520602112,1,SIGNAL,2,51.005523681640625,52.036136627197266,49.39154439060566,PRICE,TEST,2024-01
YDUQ3.SA,BULL_CALM,-0.006460701562151193,0,MAX_DAYS,10,19.739513397216797,19.635669708251953,17.719305600060228,PRICE,TRAIN,2024-01
YDUQ3.SA,BEAR_CALM,0.17362805326190042,1,PROFIT_TARGET,7,10.176077842712402,11.955141721795371,9.286545903170918,PRICE,TRAIN,2024-01
YDUQ3.SA,BEAR_CALM,0.13188456260549972,1,SIGNAL,2,7.725747585296631,8.753925323486328,6.832097381872696,PRICE,TEST,2024-01
ALOS3.SA,BEAR_CALM,-0.04892332705018267,0,STOP_LOSS,3,20.20631980895996,19.24200700023638,19.24200700023638,PRICE,TRAIN,2024-04
ALOS3.SA,BEAR_CALM,0.07885276513594483,1,MAX_DAYS,10,17.108076095581055,18.477624893188477,16.242120796321657,PRICE,TRAIN,2024-04
ALOS3.SA,BEAR_CALM,0.08116615266033941,1,MAX_DAYS,10,17.411083221435547,18.84516716003418,16.547107057568663,PRICE,TRAIN,2024-04
ABEV3.SA,BEAR_CALM,0.013469788426794561,1,SIGNAL,1,11.184284210205078,11.348355293273926,10.801448911361051,PRICE,TRAIN,2024-04
ABEV3.SA,BEAR_CALM,0.012663317397495578,1,MAX_DAYS,10,10.406183242797852,10.550447463989258,9.934923723673249,PRICE,TRAIN,2024-04
ABEV3.SA,BULL_CALM,0.06480914677638058,1,MAX_DAYS,10,12.795625686645508,13.640254020690918,11.90731057353949,PRICE,TEST,2024-04
ASAI3.SA,BULL_CALM,-0.07680630765569466,0,STOP_LOSS,10,13.769876480102539,12.728786962566993,12.728786962566993,PRICE,TRAIN,2024-04
AURE3.SA,BEAR_CALM,-0.026296519775829273,0,STOP_LOSS,3,11.026216506958008,10.74949684633856,10.74949684633856,PRICE,TRAIN,2024-04
AURE3.SA,BEAR_CALM,-0.007982907875920618,0,MAX_DAYS,10,10.251399993896484,10.181865692138672,9.940622355393716,PRICE,TRAIN,2024-04
AURE3.SA,BEAR_CALM,0.10576691428857918,1,PROFIT_TARGET,9,8.066024780273438,8.928822561594503,7.634625889612905,PRICE,TRAIN,2024-04
AURE3.SA,BEAR_CALM,-0.0038882213001325758,0,END_CLOSED,1,7.390544891357422,7.370677471160889,6.997460897050676,PRICE,TRAIN,2024-04
B3SA3.SA,BEAR_CALM,0.0184080719560785,1,SIGNAL,2,11.27761459350586,11.498746871948242,10.69113951732552,PRICE,TRAIN,2024-04
BBAS3.SA,SIDEWAYS_CALM,-0.02604941792003059,0,STOP_LOSS,10,24.47669792175293,23.868466225792947,23.868466225792947,PRICE,TRAIN,2024-04
BBAS3.SA,BULL_CALM,-0.008347855458387364,0,MAX_DAYS,10,27.325162887573242,27.129846572875977,26.263928485865385,PRICE,TEST,2024-04
BBAS3.SA,BEAR_CALM,-0.009348501394800278,0,END_CLOSED,1,21.973888397216797,21.79483413696289,21.0771973895464,PRICE,TEST,2024-04
AZUL4.SA,BEAR_CALM,0.08689520818028504,1,SIGNAL,5,12.600000381469727,13.710000038146973,11.380000114440918,PRICE,TRAIN,2024-04
AZUL4.SA,BEAR_CALM,-0.0635053100644726,0,MAX_DAYS,10,3.2100000381469727,3.009999990463257,2.8700000445048013,PRICE,TEST,2024-04
AZUL4.SA,BEAR_CALM,-0.031503061318608826,0,MAX_DAYS,10,0.9900000095367432,0.9599999785423279,0.8057142581258501,PRICE,TEST,2024-04
AZUL4.SA,BEAR_CALM,-0.02203331393077925,0,END_CLOSED,3,0.9599999785423279,0.9399999976158142,0.8557142615318298,PRICE,TEST,2024-04
BBDC3.SA,BEAR_CALM,-0.005816524190214299,0,MAX_DAYS,10,9.831274032592773,9.785887718200684,9.572459623511348,PRICE,TRAIN,2024-04
BBDC3.SA,BEAR_CALM,-0.002795828512188868,0,MAX_DAYS,10,9.633384704589844,9.618011474609375,9.05748263640911,PRICE,TRAIN,2024-04
BBDC3.SA,BEAR_CALM,0.1067069556542187,1,MAX_DAYS,10,10.263737678527832,11.37126636505127,9.52283966755037,PRICE,TEST,2024-04
BBSE3.SA,BULL_CALM,0.01441073656939116,1,SIGNAL,4,27.99198341369629,28.428958892822266,27.39221895779872,PRICE,TRAIN,2024-04
BBSE3.SA,SIDEWAYS_CALM,0.034037402169309595,1,END_CLOSED,3,33.25505065917969,34.42687225341797,32.03733191563771,PRICE,TEST,2024-04
BBDC4.SA,BEAR_CALM,0.0129375390363776,1,MAX_DAYS,10,10.920999526977539,11.075395584106445,10.57252211979012,PRICE,TRAIN,2024-04
BBDC4.SA,BEAR_CALM,-0.041690449073955936,0,MAX_DAYS,10,11.4774808883667,11.012752532958984,10.89977692966517,PRICE,TRAIN,2024-04
BBDC4.SA,BEAR_CALM,0.029463000450035894,1,MAX_DAYS,10,10.646392822265625,10.972843170166016,9.988532483151209,PRICE,TRAIN,2024-04
BEEF3.SA,BEAR_CALM,-0.04952349421743265,0,STOP_LOSS,5,6.760000228881836,6.433333396911621,6.433333396911621,PRICE,TRAIN,2024-04
BEEF3.SA,BEAR_CALM,-0.049405122988448257,0,STOP_LOSS,2,6.5,6.186666700575087,6.186666700575087,PRICE,TRAIN,2024-04
BEEF3.SA,BEAR_CALM,0.002041487954490641,1,MAX_DAYS,10,6.170000076293945,6.190000057220459,5.845714296613421,PRICE,TRAIN,2024-04
BEEF3.SA,BEAR_CALM,-0.09145582061053673,0,STOP_LOSS,2,4.96999979019165,4.521428380693708,4.521428380693708,PRICE,TRAIN,2024-04
BEEF3.SA,BEAR_CALM,-0.0012,0,MAX_DAYS,10,4.440000057220459,4.440000057220459,3.9800000190734863,PRICE,TRAIN,2024-04
BEEF3.SA,BEAR_CALM,-0.025753601126357516,0,MAX_DAYS,10,4.480000019073486,4.369999885559082,4.082857200077602,PRICE,TRAIN,2024-04
BEEF3.SA,BEAR_CALM,0.17745348919451728,1,PROFIT_TARGET,10,4.349999904632568,5.127142565590995,3.9614285741533553,PRICE,TRAIN,2024-04
BEEF3.SA,BEAR_CALM,0.017092713656964832,1,END_CLOSED,8,4.920000076293945,5.010000228881836,4.542857238224575,PRICE,TEST,2024-04
BPAC11.SA,BULL_CALM,0.007537493473194969,1,SIGNAL,2,33.957489013671875,34.25419235229492,31.98588582355459,PRICE,TRAIN,2024-04
BPAC11.SA,SIDEWAYS_CALM,0.007717897476643067,1,MAX_DAYS,10,32.196449279785156,32.48357391357422,30.306634755510434,PRICE,TRAIN,2024-04
BPAC11.SA,SIDEWAYS_CALM,0.057249469231242724,1,MAX_DAYS,10,32.53068923950195,34.432090759277344,29.857560240371892,PRICE,TEST,2024-04
BRAP4.SA,BEAR_CALM,0.036508070877709554,1,MAX_DAYS,10,16.455934524536133,17.07645606994629,15.827352631222649,PRICE,TRAIN,2024-04
BRAP4.SA,BEAR_CALM,0.012893138872702138,1,MAX_DAYS,10,14.809449195861816,15.018160820007324,14.113311662998326,PRICE,TRAIN,2024-04
CMIN3.SA,BEAR_CALM,0.004897467889512709,1,END_CLOSED,6,4.778954029083252,4.808093547821045,4.563873409218775,PRICE,TEST,2024-04
BRKM5.SA,BULL_CALM,-0.06430473662781735,0,STOP_LOSS,4,23.770000457763672,22.270000839233397,22.270000839233397,PRICE,TRAIN,2024-04
BRKM5.SA,BULL_CALM,-0.06739741610444874,0,STOP_LOSS,6,22.530000686645508,21.03857285635812,21.03857285635812,PRICE,TRAIN,2024-04
BRKM5.SA,BULL_CALM,-0.0703620292949835,0,STOP_LOSS,2,22.059999465942383,20.534285136631556,20.534285136631556,PRICE,TRAIN,2024-04
BRKM5.SA,BEAR_CALM,0.001293822758694142,1,MAX_DAYS,10,20.049999237060547,20.100000381469727,18.03142820085798,PRICE,TRAIN,2024-04
BRKM5.SA,BEAR_CALM,-0.08916725628287106,0,STOP_LOSS,10,19.90999984741211,18.158571788242885,18.158571788242885,PRICE,TRAIN,2024-04
BRKM5.SA,BEAR_CALM,0.0169509709248866,1,MAX_DAYS,10,17.6299991607666,17.950000762939453,16.354285376412527,PRICE,TRAIN,2024-04
BRKM5.SA,BEAR_CALM,-0.08077188482625122,0,STOP_LOSS,8,15.350000381469727,14.128571919032506,14.128571919032506,PRICE,TRAIN,2024-04
BRKM5.SA,BEAR_CALM,-0.0900889528035678,0,MAX_DAYS,10,12.600000381469727,11.479999542236328,11.190000261579241,PRICE,TRAIN,2024-04
BRKM5.SA,BEAR_CALM,0.15857144513811403,1,PROFIT_TARGET,4,12.5,14.497143064226425,11.501428467886788,PRICE,TRAIN,2024-04
BRKM5.SA,BEAR_CALM,-0.03172209801305594,0,MAX_DAYS,10,12.449999809265137,12.069999694824219,11.092857360839844,PRICE,TRAIN,2024-04
BRKM5.SA,BEAR_CALM,-0.09857508161805686,0,STOP_LOSS,2,11.8100004196167,10.660000664847237,10.660000664847237,PRICE,TRAIN,2024-04
BRKM5.SA,BEAR_CALM,-0.003079742210367796,0,END_CLOSED,6,10.640000343322754,10.619999885559082,9.710000446864537,PRICE,TRAIN,2024-04
BRKM5.SA,BEAR_CALM,-0.07399686836727018,0,STOP_LOSS,1,10.4399995803833,9.680000305175781,9.680000305175781,PRICE,TEST,2024-04
BRKM5.SA,BEAR_CALM,0.25330674307387724,1,PROFIT_TARGET,10,9.430000305175781,11.829998970031738,8.230000972747803,PRICE,TEST,2024-04
CPFE3.SA,BULL_CALM,0.002473560414753974,1,MAX_DAYS,10,38.11000061035156,38.25,36.6400032043457,PRICE,TEST,2024-04
CSAN3.SA,BEAR_CALM,-0.07433910505389932,0,STOP_LOSS,9,14.924750328063965,13.833167445916477,13.833167445916477,PRICE,TRAIN,2024-04
CSAN3.SA,BEAR_CALM,-0.06596856312147428,0,STOP_LOSS,3,8.579999923706055,8.024285657065255,8.024285657065255,PRICE,TRAIN,2024-04
CSAN3.SA,BEAR_CALM,-0.01023228021437119,0,MAX_DAYS,10,7.75,7.679999828338623,7.03142854145595,PRICE,TRAIN,2024-04
CSAN3.SA,BEAR_CALM,0.0015700805412327335,1,MAX_DAYS,10,7.21999979019165,7.239999771118164,6.591428075517927,PRICE,TRAIN,2024-04
CSAN3.SA,BEAR_CALM,0.08342621886031484,1,MAX_DAYS,10,7.090000152587891,7.690000057220459,6.400000095367432,PRICE,TRAIN,2024-04
CSNA3.SA,BULL_CALM,-0.06708398035454657,0,STOP_LOSS,7,13.841474533081055,12.929543096865586,12.929543096865586,PRICE,TRAIN,2024-04
CSNA3.SA,SIDEWAYS_CALM,-0.01722787984761389,0,MAX_DAYS,10,12.956632614135742,12.7489652633667,12.104293338584554,PRICE,TRAIN,2024-04
CSNA3.SA,BEAR_CALM,-0.010484458057444267,0,MAX_DAYS,10,12.568384170532227,12.451693534851074,11.784150227390265,PRICE,TRAIN,2024-04
CSNA3.SA,BEAR_CALM,-0.0341920322083701,0,MAX_DAYS,10,8.789999961853027,8.5,8.021428516932897,PRICE,TRAIN,2024-04
CSNA3.SA,BEAR_CALM,0.15587520405168895,1,PROFIT_TARGET,3,8.4399995803833,9.765714236668178,7.777142252240862,PRICE,TRAIN,2024-04
CVCB3.SA,BULL_CALM,0.08790894478060415,1,MAX_DAYS,10,2.0199999809265137,2.200000047683716,1.7333331108093262,PRICE,TEST,2024-04
CXSE3.SA,BULL_CALM,0.0072034721969386,1,MAX_DAYS,10,12.651618003845215,12.757935523986816,12.1529450313572,PRICE,TRAIN,2024-04
CXSE3.SA,SIDEWAYS_CALM,-0.011393471651535168,0,MAX_DAYS,10,13.079132080078125,12.945810317993164,12.639117374274846,PRICE,TRAIN,2024-04
CXSE3.SA,BULL_CALM,0.04101632981626722,1,MAX_DAYS,10,14.218889236450195,14.819158554077148,13.356001406882273,PRICE,TEST,2024-04
CYRE3.SA,BULL_CALM,-0.06990554606251334,0,STOP_LOSS,9,22.219825744628906,20.693200483430285,20.693200483430285,PRICE,TRAIN,2024-04
CYRE3.SA,BEAR_CALM,-0.01701040104220055,0,MAX_DAYS,10,19.762332916259766,19.44988250732422,18.032469733508268,PRICE,TRAIN,2024-04
CYRE3.SA,BEAR_CALM,0.11759268769643114,1,PROFIT_TARGET,10,17.006671905517578,19.026940169945398,15.996537773303668,PRICE,TRAIN,2024-04
DIRR3.SA,BULL_CALM,-0.06369997256111717,0,STOP_LOSS,8,7.166150093078613,6.718265908892353,6.718265908892353,PRICE,TRAIN,2024-04
DIRR3.SA,BULL_CALM,0.07064036222404821,1,MAX_DAYS,10,6.3520708084106445,6.808405876159668,5.855787205372893,PRICE,TRAIN,2024-04
ELET3.SA,BULL_CALM,0.01548310687382113,1,SIGNAL,4,35.880287170410156,36.4788818359375,34.07570995669161,PRICE,TRAIN,2024-04
ELET3.SA,SIDEWAYS_CALM,-0.058700892779161705,0,STOP_LOSS,10,34.190147399902344,32.224183400156825,32.224183400156825,PRICE,TRAIN,2024-04
ELET3.SA,BEAR_CALM,-0.03579029920397316,0,MAX_DAYS,10,31.383691787719727,30.298120498657227,29.818893969834203,PRICE,TRAIN,2024-04
EGIE3.SA,BEAR_CALM,-0.03546389848660627,0,MAX_DAYS,10,26.70702362060547,25.79193687438965,25.70284665751594,PRICE,TRAIN,2024-04
EGIE3.SA,BEAR_CALM,0.03462509448121396,1,MAX_DAYS,10,24.232181549072266,25.10030174255371,23.338671711978318,PRICE,TRAIN,2024-04
EGIE3.SA,BEAR_CALM,0.011265381883333793,1,MAX_DAYS,10,24.676494598388672,24.98409652709961,23.6677565581742,PRICE,TRAIN,2024-04
ELET6.SA,BULL_CALM,-0.04504820793956756,0,STOP_LOSS,7,38.79632568359375,37.095176327728346,37.095176327728346,PRICE,TRAIN,2024-04
ELET6.SA,SIDEWAYS_CALM,-0.051314227075551576,0,STOP_LOSS,9,37.052852630615234,35.195977560087634,35.195977560087634,PRICE,TRAIN,2024-04
ELET6.SA,SIDEWAYS_CALM,-0.034055502451956786,0,STOP_LOSS,5,37.45096206665039,36.22049189064142,36.22049189064142,PRICE,TRAIN,2024-04
ELET6.SA,BEAR_CALM,0.01921834996247527,1,MAX_DAYS,10,35.51430130004883,36.239444732666016,33.93894503332407,PRICE,TRAIN,2024-04
ECOR3.SA,BEAR_CALM,-0.07930686747766105,0,STOP_LOSS,3,4.69957971572876,4.33251026567163,4.33251026567163,PRICE,TRAIN,2024-04
ECOR3.SA,BEAR_CALM,0.06712295568834312,1,MAX_DAYS,10,4.613611698150635,4.928827285766602,4.186501281862098,PRICE,TRAIN,2024-04
ECOR3.SA,BEAR_CALM,0.08575651724546005,1,MAX_DAYS,10,4.613611698150635,5.014795303344727,4.174220013440125,PRICE,TRAIN,2024-04
ENEV3.SA,SIDEWAYS_CALM,0.00906046674491754,1,SIGNAL,3,12.670000076293945,12.800000190734863,12.260000228881836,PRICE,TRAIN,2024-04
ENEV3.SA,BEAR_CALM,-0.058739660858099584,0,STOP_LOSS,4,11.520000457763672,10.857143538338798,10.857143538338798,PRICE,TRAIN,2024-04
ENGI11.SA,BEAR_CALM,-0.041441946400604966,0,STOP_LOSS,7,36.07986831665039,34.62794418971086,34.62794418971086,PRICE,TRAIN,2024-04
ENGI11.SA,BEAR_CALM,0.010929951462771516,1,MAX_DAYS,10,34.59437942504883,35.014007568359375,32.81274667520349,PRICE,TRAIN,2024-04
ENGI11.SA,BEAR_CALM,0.03007525443232626,1,MAX_DAYS,10,31.128225326538086,32.101768493652344,29.58038583102144,PRICE,TRAIN,2024-04
EQTL3.SA,BEAR_CALM,0.04191297175671536,1,MAX_DAYS,10,27.603904724121094,28.793991088867188,26.41071386892439,PRICE,TRAIN,2024-04
EQTL3.SA,BEAR_CALM,0.07139777071327633,1,MAX_DAYS,10,26.528671264648438,28.454593658447266,25.187583697206477,PRICE,TRAIN,2024-04
FLRY3.SA,BEAR_CALM,-0.026099068986506956,0,STOP_LOSS,9,12.685956001281738,12.370087507646032,12.370087507646032,PRICE,TRAIN,2024-04
FLRY3.SA,BEAR_CALM,0.030138895328446137,1,MAX_DAYS,10,11.985923767089844,12.361549377441406,11.532041348976493,PRICE,TRAIN,2024-04
FLRY3.SA,SIDEWAYS_CALM,-0.04178223212710599,0,STOP_LOSS,1,12.92643928527832,12.401855525626214,12.401855525626214,PRICE,TRAIN,2024-04
FLRY3.SA,BEAR_CALM,-0.045780916699883066,0,STOP_LOSS,2,12.577549934387207,12.016831228473672,12.016831228473672,PRICE,TRAIN,2024-04
FLRY3.SA,BEAR_CALM,0.0022964236143462116,1,MAX_DAYS,10,10.143563270568848,10.17902946472168,9.61915814792247,PRICE,TRAIN,2024-04
FLRY3.SA,BEAR_CALM,0.0030772234813386326,1,MAX_DAYS,10,10.36523151397705,10.409565925598145,9.785092567121266,PRICE,TRAIN,2024-04
FLRY3.SA,BEAR_CALM,-0.04496599300368822,0,MAX_DAYS,10,10.356365203857422,9.903108596801758,9.67869186185646,PRICE,TRAIN,2024-04
FLRY3.SA,BEAR_CALM,0.09358248434633984,1,MAX_DAYS,10,10.623671531677246,11.630609512329102,10.004727397466567,PRICE,TEST,2024-04
EZTC3.SA,BEAR_CALM,-0.04802681423819912,0,STOP_LOSS,1,13.901887893676758,13.250906771719286,13.250906771719286,PRICE,TRAIN,2024-04
EZTC3.SA,BEAR_CALM,-0.08249540052831819,0,STOP_LOSS,7,12.959678649902344,11.906116383340239,11.906116383340239,PRICE,TRAIN,2024-04
EZTC3.SA,BEAR_CALM,0.055138079822059406,1,MAX_DAYS,10,10.401735305786133,10.987749099731445,9.726773671193545,PRICE,TRAIN,2024-04
GOAU4.SA,BEAR_CALM,0.010234544720225537,1,MAX_DAYS,10,9.232702255249023,9.338274002075195,8.721297040959477,PRICE,TRAIN,2024-04
GOAU4.SA,BEAR_CALM,-0.05917972131990248,0,STOP_LOSS,2,9.175119400024414,8.643148534134168,8.643148534134168,PRICE,TRAIN,2024-04
GOAU4.SA,BEAR_CALM,0.06502506876378775,1,MAX_DAYS,10,8.742919921875,9.321920394897461,8.273213754565251,PRICE,TRAIN,2024-04
GOAU4.SA,BEAR_CALM,0.031202273376493707,1,END_CLOSED,1,8.63676929473877,8.916620254516602,8.241118468006706,PRICE,TRAIN,2024-04
GOAU4.SA,BEAR_CALM,-0.06362912418246827,0,STOP_LOSS,2,8.501669883728027,7.9709180787984195,7.9709180787984195,PRICE,TEST,2024-04
GGBR4.SA,BEAR_CALM,0.031168458954544988,1,MAX_DAYS,10,15.84521198272705,16.358097076416016,14.828451517823078,PRICE,TRAIN,2024-04
GGBR4.SA,BEAR_CALM,0.025376068137222242,1,END_CLOSED,1,15.69833755493164,16.115537643432617,14.936013898485797,PRICE,TRAIN,2024-04
GGBR4.SA,BEAR_CALM,-0.0677828728804705,0,STOP_LOSS,2,15.446078300476074,14.417634032493682,14.417634032493682,PRICE,TEST,2024-04
HAPV3.SA,BEAR_CALM,0.02964831678031441,1,SIGNAL,2,58.349998474121094,60.14999771118164,51.44999694824219,PRICE,TRAIN,2024-04
HAPV3.SA,BEAR_CALM,0.023799971742983185,1,MAX_DAYS,10,54.0,55.349998474121094,48.550000508626304,PRICE,TRAIN,2024-04
HAPV3.SA,BEAR_CALM,-0.07668700788508057,0,STOP_LOSS,6,52.79999923706055,48.81428527832031,48.81428527832031,PRICE,TRAIN,2024-04
HAPV3.SA,BEAR_CALM,-0.09820176163807451,0,STOP_LOSS,3,36.45000076293945,32.91428647722517,32.91428647722517,PRICE,TRAIN,2024-04
HAPV3.SA,BEAR_CALM,0.04704554603430431,1,MAX_DAYS,10,34.20000076293945,35.849998474121094,30.535713740757533,PRICE,TRAIN,2024-04
HAPV3.SA,BEAR_CALM,0.046213837990022856,1,MAX_DAYS,10,34.79999923706055,36.45000076293945,31.114283970424108,PRICE,TRAIN,2024-04
HAPV3.SA,BEAR_CALM,-0.10119999999999998,0,HARD_STOP,5,33.45000076293945,30.105000686645507,29.678571973528182,PRICE,TRAIN,2024-04
HAPV3.SA,BEAR_CALM,0.0861786048195182,1,MAX_DAYS,10,30.899999618530273,33.599998474121094,26.84999942779541,PRICE,TEST,2024-04
HYPE3.SA,BEAR_CALM,-0.04588756862560497,0,STOP_LOSS,7,29.67759132385254,28.35137192492522,28.35137192492522,PRICE,TRAIN,2024-04
HYPE3.SA,BEAR_CALM,-0.05148861533604745,0,STOP_LOSS,4,18.746807098388672,17.80405612743872,17.80405612743872,PRICE,TRAIN,2024-04
HYPE3.SA,BEAR_CALM,-0.05598612684640305,0,STOP_LOSS,4,17.67691421508789,16.7084645506471,16.7084645506471,PRICE,TRAIN,2024-04
HYPE3.SA,BEAR_CALM,-0.017504299821338963,0,MAX_DAYS,10,17.70687484741211,17.418176651000977,16.61117023645785,PRICE,TRAIN,2024-04
HYPE3.SA,BEAR_CALM,0.05043051615651071,1,MAX_DAYS,10,17.70687484741211,18.621089935302734,16.769290755117854,PRICE,TRAIN,2024-04
HYPE3.SA,BEAR_CALM,0.16648186718848854,1,PROFIT_TARGET,10,18.920841217041016,22.093523201091365,17.33450022501584,PRICE,TEST,2024-04
IGTI11.SA,BEAR_CALM,-6.750818482217252e-05,0,MAX_DAYS,10,17.059314727783203,17.07863426208496,16.256165873232955,PRICE,TRAIN,2024-04
IRBR3.SA,BEAR_CALM,0.10889165872229753,1,SIGNAL,3,38.150001525878906,42.349998474121094,35.4900016784668,PRICE,TRAIN,2024-04
IRBR3.SA,BEAR_CALM,-0.0053139578020849,0,MAX_DAYS,10,31.600000381469727,31.469999313354492,29.745714732578822,PRICE,TRAIN,2024-04
IRBR3.SA,BULL_CALM,-0.06428885775523588,0,MAX_DAYS,10,48.81999969482422,45.7400016784668,44.09333038330078,PRICE,TEST,2024-04
ITSA4.SA,BULL_CALM,-0.050316011936189974,0,STOP_LOSS,9,8.565216064453125,8.1445268099954,8.1445268099954,PRICE,TRAIN,2024-04
ITUB4.SA,BULL_CALM,-0.048346121769625626,0,STOP_LOSS,9,27.32137107849121,26.033274390711536,26.033274390711536,PRICE,TRAIN,2024-04
KLBN11.SA,BULL_CALM,0.0306273749014526,1,MAX_DAYS,10,19.19251823425293,19.80336570739746,18.35288198342965,PRICE,TRAIN,2024-04
KLBN11.SA,BEAR_CALM,-0.021085014260312306,0,END_CLOSED,5,18.371538162231445,18.0062198638916,17.62579984703791,PRICE,TRAIN,2024-04
KLBN11.SA,BEAR_CALM,-0.03895630525147844,0,STOP_LOSS,9,17.823562622070312,17.150610751042585,17.150610751042585,PRICE,TEST,2024-04
LREN3.SA,BEAR_CALM,0.06398149373087056,1,MAX_DAYS,10,11.824997901916504,12.595768928527832,10.532248599458233,PRICE,TEST,2024-04
LWSA3.SA,BEAR_CALM,-0.0867018733087386,0,STOP_LOSS,10,5.220942974090576,4.774542569367735,4.774542569367735,PRICE,TRAIN,2024-04
LWSA3.SA,BEAR_CALM,-0.0835027985631567,0,STOP_LOSS,2,3.3073785305023193,3.0351720215342777,3.0351720215342777,PRICE,TRAIN,2024-04
LWSA3.SA,BEAR_CALM,0.06310875133218027,1,MAX_DAYS,10,3.07043194770813,3.267887592315674,2.791173462592551,PRICE,TRAIN,2024-04
LWSA3.SA,BEAR_CALM,0.026837332554944783,1,MAX_DAYS,10,3.1691598892211914,3.258014678955078,2.8546415487181074,PRICE,TRAIN,2024-04
LWSA3.SA,BEAR_CALM,-0.10351027803034044,0,STOP_LOSS,8,2.9914498329162598,2.6853937687967817,2.6853937687967817,PRICE,TRAIN,2024-04
LWSA3.SA,BEAR_CALM,0.02144155998459194,1,END_CLOSED,8,2.6162846088409424,2.6755213737487793,2.331384471708552,PRICE,TRAIN,2024-04
LWSA3.SA,BEAR_CALM,0.1499628026699172,1,SIGNAL,4,2.547175168991089,2.932213306427002,2.2904832619060103,PRICE,TEST,2024-04
MRVE3.SA,BEAR_CALM,-0.06542433732897426,0,STOP_LOSS,7,7.369999885559082,6.896666526794434,6.896666526794434,PRICE,TRAIN,2024-04
MRVE3.SA,BEAR_CALM,0.072122976320906,1,MAX_DAYS,10,6.409999847412109,6.880000114440918,5.855454358187589,PRICE,TRAIN,2024-04
MRVE3.SA,BEAR_CALM,-0.013881190562183197,0,MAX_DAYS,10,5.519999980926514,5.449999809265137,5.014285632542202,PRICE,TRAIN,2024-04
MRVE3.SA,BEAR_CALM,-0.10456134807343434,0,STOP_LOSS,3,5.099999904632568,4.57285703931536,4.57285703931536,PRICE,TRAIN,2024-04
MRVE3.SA,BEAR_CALM,0.20721693114088877,1,MAX_DAYS,10,4.989999771118164,6.03000020980835,4.389999707539876,PRICE,TEST,2024-04
MGLU3.SA,BEAR_CALM,-0.07591253704476922,0,STOP_LOSS,9,16.891860961914062,15.629827174041967,15.629827174041967,PRICE,TRAIN,2024-04
MGLU3.SA,BEAR_CALM,-0.05864678938814274,0,MAX_DAYS,10,9.12548828125,8.601258277893066,8.375200891643527,PRICE,TRAIN,2024-04
MGLU3.SA,BEAR_CALM,0.23548079136008546,1,PROFIT_TARGET,10,5.88302755355835,7.275427170527728,5.186827745073661,PRICE,TRAIN,2024-04
MULT3.SA,BEAR_CALM,0.024962213829428627,1,SIGNAL,5,23.442655563354492,24.055967330932617,22.532800272325886,PRICE,TRAIN,2024-04
MULT3.SA,BEAR_CALM,0.02940734076912297,1,MAX_DAYS,10,20.33930015563965,20.96183204650879,19.35405972537864,PRICE,TRAIN,2024-04
PETR3.SA,BEAR_CALM,0.05767818342613649,1,MAX_DAYS,10,30.735403060913086,32.545047760009766,29.007914185838132,PRICE,TEST,2024-04
PETR4.SA,BEAR_CALM,0.06380836249961272,1,MAX_DAYS,10,28.618783950805664,30.479244232177734,27.01231665471331,PRICE,TEST,2024-04
PCAR3.SA,SIDEWAYS_CALM,0.05565621262599416,1,END_CLOSED,3,2.990000009536743,3.1600000858306885,2.791428600038801,PRICE,TEST,2024-04
PRIO3.SA,BEAR_CALM,-0.051451613360675184,0,STOP_LOSS,7,38.88999938964844,36.93571417672293,36.93571417672293,PRICE,TRAIN,2024-04
PRIO3.SA,BEAR_CALM,0.05129137449452457,1,MAX_DAYS,10,37.529998779296875,39.5,35.024284907749724,PRICE,TRAIN,2024-04
RADL3.SA,SIDEWAYS_CALM,-0.051168132985722,0,MAX_DAYS,10,25.641189575195312,24.359947204589844,24.136856148750073,PRICE,TRAIN,2024-04
RADL3.SA,BEAR_CALM,0.011630869246555077,1,MAX_DAYS,10,24.301067352294922,24.612871170043945,23.082486342488007,PRICE,TRAIN,2024-04
RADL3.SA,BEAR_CALM,-0.04409036984384098,0,MAX_DAYS,10,20.962154388427734,20.063079833984375,19.452990841964098,PRICE,TRAIN,2024-04
RADL3.SA,BEAR_CALM,-0.04404993411061189,0,MAX_DAYS,10,19.61353874206543,18.773099899291992,18.238399765494943,PRICE,TRAIN,2024-04
RADL3.SA,BEAR_CALM,0.06156142791609152,1,MAX_DAYS,10,14.10545825958252,14.990736961364746,12.974267287860746,PRICE,TEST,2024-04
RDOR3.SA,BEAR_CALM,0.01832964445565142,1,SIGNAL,1,24.20501708984375,24.677732467651367,23.365703229108803,PRICE,TRAIN,2024-04
RDOR3.SA,BEAR_CALM,0.12994980290586242,1,PROFIT_TARGET,9,22.68074607849121,25.655321456443247,21.193458389515193,PRICE,TRAIN,2024-04
RAIZ4.SA,BEAR_CALM,-0.07605030132468651,0,STOP_LOSS,8,3.3399999141693115,3.0899999141693115,3.0899999141693115,PRICE,TRAIN,2024-04
RAIZ4.SA,BEAR_CALM,-0.08992178375461493,0,STOP_LOSS,2,1.899999976158142,1.731428589139666,1.731428589139666,PRICE,TRAIN,2024-04
RAIZ4.SA,BEAR_CALM,-0.10119999999999998,0,HARD_STOP,6,1.850000023841858,1.6650000214576721,1.6499999931880407,PRICE,TRAIN,2024-04
RAIZ4.SA,BEAR_CALM,0.021788483697581552,1,MAX_DAYS,10,1.7400000095367432,1.7799999713897705,1.574285728590829,PRICE,TRAIN,2024-04
RAIZ4.SA,BEAR_CALM,0.009728951069668847,1,MAX_DAYS,10,1.8300000429153442,1.850000023841858,1.6771429095949446,PRICE,TRAIN,2024-04
RAIZ4.SA,BEAR_CALM,-0.07728688257930541,0,STOP_LOSS,2,1.840000033378601,1.7000001668930054,1.7000001668930054,PRICE,TEST,2024-04
RAIZ4.SA,BEAR_CALM,0.09347453325685126,1,MAX_DAYS,10,1.690000057220459,1.850000023841858,1.5140000820159911,PRICE,TEST,2024-04
RAIL3.SA,BEAR_CALM,0.03544910719039671,1,MAX_DAYS,10,18.30537223815918,18.976247787475586,17.556454115781634,PRICE,TRAIN,2024-04
RAIL3.SA,BEAR_CALM,0.11781921177388663,1,PROFIT_TARGET,8,16.081892013549805,17.995946124835264,15.124864957907075,PRICE,TRAIN,2024-04
RAIL3.SA,BEAR_CALM,0.033282821724797663,1,MAX_DAYS,10,16.676097869873047,17.251136779785156,15.565727190320734,PRICE,TRAIN,2024-04
RAIL3.SA,BEAR_CALM,-0.061838993662532225,0,STOP_LOSS,5,16.36941146850586,15.37678683020775,15.37678683020775,PRICE,TRAIN,2024-04
RECV3.SA,SIDEWAYS_CALM,-0.018286050182308465,0,MAX_DAYS,10,17.094196319580078,16.8021240234375,14.798205558722536,PRICE,TRAIN,2024-04
RECV3.SA,BEAR_CALM,-0.04534269548059302,0,MAX_DAYS,10,15.434775352478027,14.753442764282227,14.57000854441763,PRICE,TRAIN,2024-04
RECV3.SA,BEAR_CALM,0.09426429146264267,1,PROFIT_TARGET,10,14.718503952026367,16.123595503196672,14.015958176441215,PRICE,TRAIN,2024-04
RECV3.SA,BEAR_CALM,0.10840428113764519,1,PROFIT_TARGET,10,14.461953163146973,16.04704514343999,13.669407173000463,PRICE,TRAIN,2024-04
RECV3.SA,BEAR_CALM,-0.10119999999999998,0,HARD_STOP,2,14.76285171508789,13.286566543579102,12.816411060809346,PRICE,TEST,2024-04
RENT3.SA,BEAR_CALM,0.028886675887141645,1,SIGNAL,1,48.30873489379883,49.762184143066406,45.40055540326836,PRICE,TRAIN,2024-04
RENT3.SA,BEAR_CALM,-0.026708448938356798,0,MAX_DAYS,10,29.796077728271484,29.036026000976562,27.650604471776905,PRICE,TRAIN,2024-04
RENT3.SA,BEAR_CALM,-0.06184432228587857,0,MAX_DAYS,10,30.459922790527344,28.612701416015625,28.10004255071045,PRICE,TRAIN,2024-04
RENT3.SA,BEAR_CALM,-0.08851414237308988,0,STOP_LOSS,5,30.411819458007812,27.756437524026612,27.756437524026612,PRICE,TRAIN,2024-04
RENT3.SA,BEAR_CALM,0.08778451782862215,1,MAX_DAYS,10,26.81358528137207,29.1995792388916,24.053746726201627,PRICE,TRAIN,2024-04
SANB11.SA,SIDEWAYS_CALM,0.018693391027137497,1,SIGNAL,2,25.173093795776367,25.673871994018555,24.234133595484938,PRICE,TRAIN,2024-04
SANB11.SA,BEAR_CALM,0.07726809965016831,1,PROFIT_TARGET,10,23.894315719604492,25.769257266563002,22.956844946125237,PRICE,TRAIN,2024-04
SANB11.SA,SIDEWAYS_CALM,0.02454796384848943,1,MAX_DAYS,10,25.2470703125,25.897130966186523,23.476676899288872,PRICE,TEST,2024-04
SLCE3.SA,SIDEWAYS_CALM,-0.04711330648880032,0,STOP_LOSS,7,18.432540893554688,17.586241994141567,17.586241994141567,PRICE,TRAIN,2024-04
SLCE3.SA,BEAR_CALM,0.011232339069920362,1,MAX_DAYS,10,17.204944610595703,17.418842315673828,16.321447122219748,PRICE,TRAIN,2024-04
SLCE3.SA,BULL_CALM,0.07877864501121987,1,SIGNAL,6,18.113346099853516,19.562026977539062,17.121632611843268,PRICE,TEST,2024-04
SMFT3.SA,BULL_CALM,0.03929594285943425,1,MAX_DAYS,10,22.545612335205078,23.4586181640625,21.039748521735607,PRICE,TRAIN,2024-04
SMFT3.SA,BEAR_CALM,0.09067096267856098,1,MAX_DAYS,10,17.206462860107422,18.7872371673584,16.09376462397478,PRICE,TRAIN,2024-04
SMFT3.SA,BEAR_CALM,0.04888444149964153,1,MAX_DAYS,10,17.024433135986328,17.877092361450195,15.783082365014977,PRICE,TRAIN,2024-04
SMFT3.SA,SIDEWAYS_CALM,0.09087909480309073,1,SIGNAL,6,19.41591453552246,21.20371437072754,17.910057950515803,PRICE,TEST,2024-04
SUZB3.SA,BULL_CALM,-0.026673681675528436,0,MAX_DAYS,10,60.82611846923828,59.27665328979492,58.11067946706609,PRICE,TRAIN,2024-04
SUZB3.SA,BULL_CALM,-0.04350271596705959,0,STOP_LOSS,10,58.63750076293945,56.15697522314659,56.15697522314659,PRICE,TRAIN,2024-04
SUZB3.SA,BEAR_CALM,0.0029109310102509514,1,MAX_DAYS,10,47.11336898803711,47.30704879760742,44.253779637693555,PRICE,TRAIN,2024-04
SUZB3.SA,SIDEWAYS_CALM,-0.014686043373945655,0,END_CLOSED,6,54.130001068115234,53.400001525878906,51.86714499337332,PRICE,TRAIN,2024-04
SUZB3.SA,BEAR_CALM,0.013877353874386468,1,MAX_DAYS,10,51.06999969482422,51.84000015258789,47.96000289916992,PRICE,TEST,2024-04
TAEE11.SA,BULL_CALM,-0.01088219390327496,0,MAX_DAYS,10,30.559123992919922,30.26324462890625,29.823673928097183,PRICE,TRAIN,2024-04
TAEE11.SA,BEAR_CALM,0.026354076749158885,1,MAX_DAYS,10,29.612415313720703,30.42835807800293,28.589535605738924,PRICE,TRAIN,2024-04
TIMS3.SA,BULL_CALM,0.011721584214520055,1,SIGNAL,1,15.369101524353027,15.567694664001465,14.963288770103802,PRICE,TRAIN,2024-04
TIMS3.SA,BEAR_CALM,0.08431348428946492,1,PROFIT_TARGET,8,13.36623764038086,14.509231192850823,12.794740864145878,PRICE,TRAIN,2024-04
TIMS3.SA,BULL_CALM,0.05797169590214333,1,MAX_DAYS,10,16.538240432739258,17.516836166381836,15.652421975182397,PRICE,TEST,2024-04
UGPA3.SA,BULL_CALM,0.005571190465122201,1,SIGNAL,1,25.315671920776367,25.487089157104492,23.6014946101188,PRICE,TRAIN,2024-04
UGPA3.SA,BULL_CALM,-0.01799737632140965,0,MAX_DAYS,10,24.16988182067871,23.763891220092773,22.756900807553738,PRICE,TRAIN,2024-04
UGPA3.SA,BEAR_CALM,0.06757312372700083,1,MAX_DAYS,10,19.415300369262695,20.750551223754883,18.370039990975837,PRICE,TRAIN,2024-04
UGPA3.SA,BEAR_CALM,-0.0030149064927373,0,MAX_DAYS,10,15.071983337402344,15.044629096984863,14.13543901819027,PRICE,TRAIN,2024-04
UGPA3.SA,BEAR_CALM,0.04777208632372907,1,MAX_DAYS,10,15.08110237121582,15.819655418395996,13.958291259793288,PRICE,TRAIN,2024-04
UGPA3.SA,BEAR_CALM,0.1158535321244912,1,MAX_DAYS,10,14.58873176574707,16.29639434814453,13.493274175217309,PRICE,TRAIN,2024-04
UGPA3.SA,BEAR_CALM,0.07814586009861232,1,MAX_DAYS,10,15.489548683166504,16.71858024597168,14.052237550754645,PRICE,TEST,2024-04
USIM5.SA,BEAR_CALM,0.00565873676220905,1,MAX_DAYS,10,7.289999961853027,7.340000152587891,6.897142955235073,PRICE,TRAIN,2024-04
USIM5.SA,BEAR_CALM,-0.05154729638309099,0,STOP_LOSS,1,5.760000228881836,5.46999979019165,5.46999979019165,PRICE,TEST,2024-04
USIM5.SA,BEAR_CALM,0.13126269038457003,1,MAX_DAYS,10,5.360000133514404,6.070000171661377,4.81499981880188,PRICE,TEST,2024-04
VALE3.SA,BEAR_CALM,0.059928794358306094,1,MAX_DAYS,10,53.08842849731445,56.33366012573242,51.12172607474564,PRICE,TRAIN,2024-04
VALE3.SA,BEAR_CALM,-0.04133845868115107,0,STOP_LOSS,4,50.66532897949219,48.63170076568191,48.63170076568191,PRICE,TRAIN,2024-04
VALE3.SA,BEAR_CALM,0.032743111209450594,1,MAX_DAYS,10,49.307804107666016,50.98146438598633,47.15728540698807,PRICE,TRAIN,2024-04
VBBR3.SA,BULL_CALM,-0.01457658507021211,0,MAX_DAYS,10,19.845624923706055,19.580158233642578,18.858841257294426,PRICE,TRAIN,2024-04
VBBR3.SA,SIDEWAYS_CALM,-0.005682416489243079,0,MAX_DAYS,10,19.018098831176758,18.932851791381836,18.18878848093283,PRICE,TRAIN,2024-04
VBBR3.SA,BEAR_CALM,-0.04783548091996128,0,STOP_LOSS,2,15.451946258544922,14.731337313628282,14.731337313628282,PRICE,TRAIN,2024-04
VBBR3.SA,BEAR_CALM,-0.034862227316947346,0,MAX_DAYS,10,14.89854621887207,14.397027969360352,14.146269231202819,PRICE,TRAIN,2024-04
VBBR3.SA,BEAR_CALM,0.1397546859534183,1,PROFIT_TARGET,9,14.284618377685547,16.29810227507664,13.27787642899,PRICE,TRAIN,2024-04
VBBR3.SA,BEAR_CALM,-0.04939975621895611,0,MAX_DAYS,10,14.889899253845215,14.172209739685059,13.938743552962345,PRICE,TRAIN,2024-04
VBBR3.SA,BEAR_CALM,0.09494427044993689,1,MAX_DAYS,10,15.166884422302246,16.625093460083008,13.872902540522041,PRICE,TEST,2024-04
VIVT3.SA,BULL_CALM,0.024161599719527783,1,SIGNAL,2,22.708200454711914,23.284116744995117,21.956808858003306,PRICE,TRAIN,2024-04
VIVT3.SA,SIDEWAYS_CALM,0.08842933758294533,1,MAX_DAYS,10,24.19845962524414,26.367351531982422,22.612757857467535,PRICE,TEST,2024-04
WEGE3.SA,BEAR_CALM,0.036749052148535945,1,MAX_DAYS,10,43.386505126953125,45.032981872558594,41.33821498471568,PRICE,TEST,2024-04
YDUQ3.SA,BEAR_CALM,0.17362805326190042,1,PROFIT_TARGET,7,10.176077842712402,11.955141721795371,9.286545903170918,PRICE,TRAIN,2024-04
AURE3.SA,SIDEWAYS_CALM,0.024230696198170067,1,MAX_DAYS,10,12.108969688415527,12.416909217834473,11.681828640287815,PRICE,TRAIN,2024-07
AURE3.SA,BEAR_CALM,-0.026296519775829273,0,STOP_LOSS,3,11.026216506958008,10.74949684633856,10.74949684633856,PRICE,TRAIN,2024-07
AURE3.SA,BEAR_CALM,-0.007982907875920618,0,MAX_DAYS,10,10.251399993896484,10.181865692138672,9.940622355393716,PRICE,TRAIN,2024-07
AURE3.SA,BULL_CALM,0.04376788751952785,1,MAX_DAYS,10,9.34000015258789,9.760000228881836,8.728571483067103,PRICE,TEST,2024-07
ALOS3.SA,BEAR_CALM,0.05079826986135214,1,SIGNAL,2,19.41591453552246,20.425508499145508,18.61197922221685,PRICE,TRAIN,2024-07
ALOS3.SA,BULL_CALM,-0.01876002966082848,0,MAX_DAYS,10,21.14101219177246,20.769775390625,20.19582175788877,PRICE,TEST,2024-07
ABEV3.SA,BEAR_CALM,0.03746426843785509,1,MAX_DAYS,10,10.373035430908203,10.774101257324219,10.026660091158488,PRICE,TRAIN,2024-07
ABEV3.SA,BEAR_CALM,0.012663317397495578,1,MAX_DAYS,10,10.406183242797852,10.550447463989258,9.934923723673249,PRICE,TRAIN,2024-07
ABEV3.SA,BULL_CALM,-0.0026835792242572362,0,MAX_DAYS,10,13.204164505004883,13.184575080871582,12.54787431449452,PRICE,TEST,2024-07
B3SA3.SA,BEAR_CALM,0.011240308063119021,1,SIGNAL,2,10.129165649414062,10.255175590515137,9.673594301769677,PRICE,TRAIN,2024-07
B3SA3.SA,BULL_CALM,-0.05290839921754922,0,STOP_LOSS,6,14.007306098937988,13.28301072321169,13.28301072321169,PRICE,TEST,2024-07
B3SA3.SA,BULL_CALM,-0.03326112482615353,0,MAX_DAYS,10,13.023117065429688,12.605581283569336,12.274678479188735,PRICE,TEST,2024-07
B3SA3.SA,BULL_CALM,-0.005174555402805668,0,MAX_DAYS,10,12.506168365478516,12.456461906433105,11.81453759377713,PRICE,TEST,2024-07
BBDC3.SA,BEAR_CALM,-0.002795828512188868,0,MAX_DAYS,10,9.633384704589844,9.618011474609375,9.05748263640911,PRICE,TRAIN,2024-07
BBDC3.SA,BULL_CALM,-0.006404505930219705,0,MAX_DAYS,10,13.135934829711914,13.0675687789917,12.649112176698829,PRICE,TEST,2024-07
BBAS3.SA,SIDEWAYS_CALM,-0.02604941792003059,0,STOP_LOSS,10,24.47669792175293,23.868466225792947,23.868466225792947,PRICE,TRAIN,2024-07
BBAS3.SA,BEAR_CALM,-0.009348501394800278,0,END_CLOSED,1,21.973888397216797,21.79483413696289,21.0771973895464,PRICE,TRAIN,2024-07
BBAS3.SA,BEAR_CALM,-0.04444107555416834,0,STOP_LOSS,4,21.098512649536133,20.186190269976965,20.186190269976965,PRICE,TEST,2024-07
AZUL4.SA,BEAR_CALM,-0.031503061318608826,0,MAX_DAYS,10,0.9900000095367432,0.9599999785423279,0.8057142581258501,PRICE,TRAIN,2024-07
AZUL4.SA,BEAR_CALM,-0.02203331393077925,0,END_CLOSED,3,0.9599999785423279,0.9399999976158142,0.8557142615318298,PRICE,TRAIN,2024-07
AZUL4.SA,BEAR_CALM,-0.05496338917391232,0,STOP_LOSS,4,0.9300000071525574,0.8800000548362732,0.8800000548362732,PRICE,TEST,2024-07
AZUL4.SA,BEAR_CALM,-0.08859495232620299,0,STOP_LOSS,4,0.8500000238418579,0.7757143122809274,0.7757143122809274,PRICE,TEST,2024-07
AZUL4.SA,BEAR_CALM,-0.10119999999999998,0,HARD_STOP,2,0.6700000166893005,0.6030000150203705,0.5642857466425214,PRICE,TEST,2024-07
AZUL4.SA,BEAR_CALM,-0.06677380413054315,0,MAX_DAYS,10,0.6100000143051147,0.5699999928474426,0.5085714714867728,PRICE,TEST,2024-07
AZUL4.SA,BEAR_CALM,0.23032711435188133,1,PROFIT_TARGET,3,0.5799999833106995,0.714285705770765,0.5128571220806667,PRICE,TEST,2024-07
BBDC4.SA,BEAR_CALM,0.0061591111947475255,1,SIGNAL,2,10.905986785888672,10.986245155334473,10.558552424459243,PRICE,TRAIN,2024-07
BBDC4.SA,BEAR_CALM,-0.041690449073955936,0,MAX_DAYS,10,11.4774808883667,11.012752532958984,10.89977692966517,PRICE,TRAIN,2024-07
BBDC4.SA,BEAR_CALM,0.029463000450035894,1,MAX_DAYS,10,10.646392822265625,10.972843170166016,9.988532483151209,PRICE,TRAIN,2024-07
BBDC4.SA,BULL_CALM,-0.008219769721135271,0,MAX_DAYS,10,15.325043678283691,15.2174654006958,14.735243066849963,PRICE,TEST,2024-07
BBSE3.SA,SIDEWAYS_CALM,0.034037402169309595,1,END_CLOSED,3,33.25505065917969,34.42687225341797,32.03733191563771,PRICE,TRAIN,2024-07
BBSE3.SA,SIDEWAYS_CALM,-0.04009355859447963,0,STOP_LOSS,8,33.82206344604492,32.50660303961997,32.50660303961997,PRICE,TEST,2024-07
BBSE3.SA,BEAR_CALM,-0.027607470272714395,0,MAX_DAYS,10,32.56519317626953,31.705228805541992,31.4406251621488,PRICE,TEST,2024-07
BBSE3.SA,BEAR_CALM,0.0036548130485934763,1,MAX_DAYS,10,32.064334869384766,32.220001220703125,31.001867918337844,PRICE,TEST,2024-07
BEEF3.SA,BEAR_CALM,0.017092713656964832,1,END_CLOSED,8,4.920000076293945,5.010000228881836,4.542857238224575,PRICE,TRAIN,2024-07
BRAP4.SA,BEAR_CALM,0.01958885904316108,1,SIGNAL,1,15.999808311462402,16.332426071166992,15.52220093886172,PRICE,TRAIN,2024-07
BRAP4.SA,BEAR_CALM,0.03600631626646331,1,END_CLOSED,8,14.668993949890137,15.214773178100586,14.10543300474049,PRICE,TRAIN,2024-07
BRAP4.SA,SIDEWAYS_CALM,-0.021843648205002196,0,MAX_DAYS,10,15.770126342773438,15.444573402404785,15.071146359551097,PRICE,TEST,2024-07
BRKM5.SA,BEAR_CALM,0.033419675025479025,1,SIGNAL,1,17.6200008392334,18.229999542236328,16.710002899169922,PRICE,TRAIN,2024-07
BRKM5.SA,BEAR_CALM,-0.08077188482625122,0,STOP_LOSS,8,15.350000381469727,14.128571919032506,14.128571919032506,PRICE,TRAIN,2024-07
BRKM5.SA,BEAR_CALM,-0.0900889528035678,0,MAX_DAYS,10,12.600000381469727,11.479999542236328,11.190000261579241,PRICE,TRAIN,2024-07
CMIN3.SA,SIDEWAYS_CALM,0.020940194792424684,1,SIGNAL,1,4.628682613372803,4.7311625480651855,4.252922777155451,PRICE,TRAIN,2024-07
CMIN3.SA,BEAR_CALM,-0.014457489836157154,0,MAX_DAYS,10,4.509122371673584,4.449342727661133,4.18175572669042,PRICE,TRAIN,2024-07
CMIN3.SA,BEAR_CALM,0.004897467889512709,1,END_CLOSED,6,4.778954029083252,4.808093547821045,4.563873409218775,PRICE,TRAIN,2024-07
CMIG4.SA,BULL_CALM,0.02657761203278084,1,SIGNAL,1,8.311138153076172,8.542001724243164,7.7669558687022136,PRICE,TRAIN,2024-07
COGN3.SA,BEAR_CALM,0.11325786109507083,1,MAX_DAYS,10,1.6162232160568237,1.8012126684188843,1.4020249684162427,PRICE,TRAIN,2024-07
COGN3.SA,BULL_CALM,0.0025735811710868375,1,MAX_DAYS,10,2.6500000953674316,2.6600000858306885,2.4274998903274536,PRICE,TEST,2024-07
CPFE3.SA,BEAR_CALM,0.012586788338058909,1,SIGNAL,1,32.63999938964844,33.09000015258789,31.40999984741211,PRICE,TRAIN,2024-07
CPFE3.SA,BULL_CALM,-0.004823172667180263,0,MAX_DAYS,10,38.63999938964844,38.5,36.78333409627279,PRICE,TEST,2024-07
CSAN3.SA,BEAR_CALM,0.03072274261151984,1,SIGNAL,1,13.470000267028809,13.899999618530273,12.84000015258789,PRICE,TRAIN,2024-07
CSAN3.SA,BEAR_CALM,0.009368021385988669,1,MAX_DAYS,10,7.570000171661377,7.650000095367432,6.840000220707485,PRICE,TRAIN,2024-07
CSNA3.SA,BEAR_CALM,-0.016927376639479207,0,END_CLOSED,5,7.630000114440918,7.510000228881836,7.052856990269253,PRICE,TRAIN,2024-07
CVCB3.SA,BEAR_CALM,0.15435554378179814,1,MAX_DAYS,10,1.7999999523162842,2.0799999237060547,1.5699998140335083,PRICE,TRAIN,2024-07
CXSE3.SA,SIDEWAYS_CALM,-0.011393471651535168,0,MAX_DAYS,10,13.079132080078125,12.945810317993164,12.639117374274846,PRICE,TRAIN,2024-07
CXSE3.SA,SIDEWAYS_CALM,0.012405463859560407,1,SIGNAL,1,14.06265926361084,14.253988265991211,13.584336592329354,PRICE,TEST,2024-07
CXSE3.SA,SIDEWAYS_CALM,-0.03554762064625885,0,STOP_LOSS,6,13.833065032958984,13.357932162831881,13.357932162831881,PRICE,TEST,2024-07
CXSE3.SA,BEAR_CALM,-0.02124296572696529,0,MAX_DAYS,10,13.364310264587402,13.096449851989746,12.877158027527813,PRICE,TEST,2024-07
CXSE3.SA,BEAR_CALM,0.03475504338726063,1,MAX_DAYS,10,13.067086219787598,13.536913871765137,12.617785778736689,PRICE,TEST,2024-07
ECOR3.SA,BULL_CALM,0.008388983203841828,1,SIGNAL,1,6.972953796386719,7.0398173332214355,6.275658416748048,PRICE,TEST,2024-07
ECOR3.SA,BULL_CALM,-0.06571613129078338,0,MAX_DAYS,10,6.810569763183594,6.371178150177002,6.2718375161577855,PRICE,TEST,2024-07
ECOR3.SA,BULL_CALM,0.08814408701043094,1,MAX_DAYS,10,6.361626148223877,6.929999828338623,5.929057312217016,PRICE,TEST,2024-07
ELET6.SA,SIDEWAYS_CALM,-0.034055502451956786,0,STOP_LOSS,5,37.45096206665039,36.22049189064142,36.22049189064142,PRICE,TRAIN,2024-07
ELET6.SA,BEAR_CALM,0.01921834996247527,1,MAX_DAYS,10,35.51430130004883,36.239444732666016,33.93894503332407,PRICE,TRAIN,2024-07
ELET6.SA,SIDEWAYS_CALM,-0.039860966536909424,0,STOP_LOSS,10,39.6263313293457,38.09433905984138,38.09433905984138,PRICE,TEST,2024-07
ELET6.SA,SIDEWAYS_CALM,0.07344922270615126,1,PROFIT_TARGET,3,38.12118148803711,40.9668980547592,36.698323204676065,PRICE,TEST,2024-07
ELET3.SA,BEAR_CALM,-0.03579029920397316,0,MAX_DAYS,10,31.383691787719727,30.298120498657227,29.818893969834203,PRICE,TRAIN,2024-07
ELET3.SA,SIDEWAYS_CALM,-0.029867378622392103,0,MAX_DAYS,10,36.0597038269043,35.02596664428711,34.548939130802296,PRICE,TEST,2024-07
EGIE3.SA,BULL_CALM,0.016391362003079425,1,SIGNAL,1,29.325572967529297,29.841449737548828,28.657580164127758,PRICE,TRAIN,2024-07
EGIE3.SA,BEAR_CALM,-0.03546389848660627,0,MAX_DAYS,10,26.70702362060547,25.79193687438965,25.70284665751594,PRICE,TRAIN,2024-07
EGIE3.SA,BULL_CALM,0.017890647861113253,1,MAX_DAYS,10,28.435714721679688,28.97857093811035,27.319155654664744,PRICE,TEST,2024-07
EMBR3.SA,BULL_CALM,0.024511150481077416,1,SIGNAL,1,36.522422790527344,37.461456298828125,34.63436322552649,PRICE,TRAIN,2024-07
ENEV3.SA,SIDEWAYS_CALM,0.00984975078766568,1,SIGNAL,1,12.670000076293945,12.8100004196167,12.100000381469727,PRICE,TRAIN,2024-07
ENEV3.SA,BEAR_CALM,-0.058739660858099584,0,STOP_LOSS,4,11.520000457763672,10.857143538338798,10.857143538338798,PRICE,TRAIN,2024-07
ENGI11.SA,BEAR_CALM,0.03417263102116861,1,SIGNAL,3,36.916664123535156,38.222503662109375,34.690982288770215,PRICE,TRAIN,2024-07
ENGI11.SA,BEAR_CALM,-0.041441946400604966,0,STOP_LOSS,7,36.07986831665039,34.62794418971086,34.62794418971086,PRICE,TRAIN,2024-07
ENGI11.SA,BEAR_CALM,0.010929951462771516,1,MAX_DAYS,10,34.59437942504883,35.014007568359375,32.81274667520349,PRICE,TRAIN,2024-07
EQTL3.SA,BULL_CALM,-0.0096202905973364,0,MAX_DAYS,10,33.144588470458984,32.865501403808594,31.569023707098705,PRICE,TEST,2024-07
EZTC3.SA,BULL_CALM,0.013271847281198658,1,SIGNAL,1,12.86716079711914,13.053372383117676,12.168871468693737,PRICE,TEST,2024-07
EZTC3.SA,BULL_CALM,-0.021864165469954087,0,MAX_DAYS,10,12.615777015686035,12.355082511901855,11.855416615588787,PRICE,TEST,2024-07
FLRY3.SA,SIDEWAYS_CALM,0.04060502355307092,1,MAX_DAYS,10,12.86523151397705,13.40306282043457,11.951774685670076,PRICE,TRAIN,2024-07
FLRY3.SA,SIDEWAYS_CALM,-0.04178223212710599,0,STOP_LOSS,1,12.92643928527832,12.401855525626214,12.401855525626214,PRICE,TRAIN,2024-07
FLRY3.SA,BEAR_CALM,-0.045780916699883066,0,STOP_LOSS,2,12.577549934387207,12.016831228473672,12.016831228473672,PRICE,TRAIN,2024-07
FLRY3.SA,SIDEWAYS_CALM,-0.007420780262274128,0,MAX_DAYS,10,11.880034446716309,11.806131362915039,11.298041949539728,PRICE,TEST,2024-07
GOAU4.SA,BEAR_CALM,0.05497984392418096,1,MAX_DAYS,10,7.961267471313477,8.408530235290527,7.5394235752586445,PRICE,TRAIN,2024-07
GGBR4.SA,SIDEWAYS_CALM,0.04268894661024323,1,MAX_DAYS,10,16.980981826782227,17.726259231567383,16.211177060965063,PRICE,TRAIN,2024-07
GGBR4.SA,BEAR_CALM,0.06610016251595371,1,MAX_DAYS,10,14.378823280334473,15.34652042388916,13.562443637657157,PRICE,TRAIN,2024-07
HAPV3.SA,BEAR_CALM,0.044498911683262456,1,SIGNAL,1,55.79999923706055,58.349998474121094,52.35000228881836,PRICE,TRAIN,2024-07
HAPV3.SA,BEAR_CALM,-0.07668700788508057,0,STOP_LOSS,6,52.79999923706055,48.81428527832031,48.81428527832031,PRICE,TRAIN,2024-07
HAPV3.SA,BEAR_CALM,0.14050944155321918,1,MAX_DAYS,10,31.1200008392334,35.529998779296875,28.65000125340053,PRICE,TEST,2024-07
HYPE3.SA,BEAR_CALM,0.009252823235691966,1,MAX_DAYS,10,26.883432388305664,27.164440155029297,25.28166606359532,PRICE,TRAIN,2024-07
HYPE3.SA,BEAR_CALM,-0.05148861533604745,0,STOP_LOSS,4,18.746807098388672,17.80405612743872,17.80405612743872,PRICE,TRAIN,2024-07
HYPE3.SA,BEAR_CALM,-0.05598612684640305,0,STOP_LOSS,4,17.67691421508789,16.7084645506471,16.7084645506471,PRICE,TRAIN,2024-07
HYPE3.SA,BULL_CALM,-0.03913224906764758,0,MAX_DAYS,10,26.55009651184082,25.542991638183594,25.152435131268565,PRICE,TEST,2024-07
IGTI11.SA,BEAR_CALM,0.007961095310064038,1,SIGNAL,1,20.0345516204834,20.218090057373047,19.174824576972036,PRICE,TRAIN,2024-07
IGTI11.SA,BULL_CALM,-0.02662368239160686,0,MAX_DAYS,10,21.239999771118164,20.700000762939453,20.084285463605607,PRICE,TEST,2024-07
IRBR3.SA,BEAR_CALM,0.04200987310059099,1,MAX_DAYS,10,30.780000686645508,32.11000061035156,29.37000274658203,PRICE,TRAIN,2024-07
ITSA4.SA,BULL_CALM,-0.015418159091079041,0,MAX_DAYS,10,10.331803321838379,10.184904098510742,9.917692038136105,PRICE,TEST,2024-07
ITUB4.SA,BULL_CALM,-0.006589928716566294,0,MAX_DAYS,10,34.83098220825195,34.643245697021484,33.36293043602251,PRICE,TEST,2024-07
KLBN11.SA,BULL_CALM,-0.01686818109887691,0,MAX_DAYS,10,19.959732055664062,19.64699935913086,18.975542788952282,PRICE,TRAIN,2024-07
KLBN11.SA,BEAR_CALM,-0.04075814150642367,0,STOP_LOSS,7,18.400375366210938,17.672490713703052,17.672490713703052,PRICE,TRAIN,2024-07
KLBN11.SA,BEAR_CALM,0.09735493329044317,1,PROFIT_TARGET,10,17.39095115661621,19.10491518771388,16.533969141067377,PRICE,TRAIN,2024-07
KLBN11.SA,BEAR_CALM,0.0031691384349453525,1,MAX_DAYS,10,17.809505462646484,17.887317657470703,17.097343127323,PRICE,TRAIN,2024-07
KLBN11.SA,BEAR_CALM,0.02435553994058113,1,END_CLOSED,9,17.507978439331055,17.95540428161621,16.674265218559075,PRICE,TRAIN,2024-07
LREN3.SA,BEAR_CALM,0.08679328997094901,1,SIGNAL,2,10.386619567871094,11.300572395324707,9.720373224455969,PRICE,TRAIN,2024-07
LREN3.SA,BULL_CALM,-0.0006018581148687018,0,MAX_DAYS,10,16.48923110961914,16.499094009399414,15.212809314391134,PRICE,TEST,2024-07
LWSA3.SA,BEAR_CALM,0.07315895093760769,1,SIGNAL,2,3.784698247909546,4.066124439239502,3.600315455793363,PRICE,TRAIN,2024-07
MGLU3.SA,BEAR_CALM,-0.05864678938814274,0,MAX_DAYS,10,9.12548828125,8.601258277893066,8.375200891643527,PRICE,TRAIN,2024-07
MGLU3.SA,SIDEWAYS_CALM,-0.09983550215227369,0,STOP_LOSS,8,8.550000190734863,7.706666628519694,7.706666628519694,PRICE,TEST,2024-07
MGLU3.SA,BEAR_CALM,-0.03880445506709553,0,MAX_DAYS,10,7.179999828338623,6.909999847412109,6.485714094979422,PRICE,TEST,2024-07
MGLU3.SA,BEAR_CALM,0.17116956002440284,1,PROFIT_TARGET,6,6.679999828338623,7.831428459712438,6.104285512651716,PRICE,TEST,2024-07
MRVE3.SA,BEAR_CALM,0.028030778033916716,1,SIGNAL,1,6.5,6.690000057220459,6.150000095367432,PRICE,TRAIN,2024-07
MRVE3.SA,BULL_CALM,-0.02392725161582778,0,MAX_DAYS,10,6.159999847412109,6.019999980926514,5.710000038146973,PRICE,TEST,2024-07
MULT3.SA,BEAR_CALM,0.025372168433899313,1,SIGNAL,1,21.311033248901367,21.8773136138916,20.338919063512087,PRICE,TRAIN,2024-07
MULT3.SA,BULL_CALM,-0.026296515346270553,0,MAX_DAYS,10,25.67989730834961,25.03542137145996,24.547107473496748,PRICE,TEST,2024-07
PETR3.SA,BULL_CALM,0.034185008199800616,1,MAX_DAYS,10,33.91441345214844,35.11447525024414,32.35377387358843,PRICE,TRAIN,2024-07
PETR3.SA,BEAR_CALM,0.05767818342613649,1,MAX_DAYS,10,30.735403060913086,32.545047760009766,29.007914185838132,PRICE,TRAIN,2024-07
PETR3.SA,BEAR_CALM,-0.04147356829368156,0,MAX_DAYS,10,31.840238571166992,30.557918548583984,30.393883638734522,PRICE,TRAIN,2024-07
PETR3.SA,BEAR_CALM,0.08668287250642756,1,PROFIT_TARGET,4,30.920303344726562,33.637668421431236,29.561620806374226,PRICE,TRAIN,2024-07
PCAR3.SA,SIDEWAYS_CALM,0.05565621262599416,1,END_CLOSED,3,2.990000009536743,3.1600000858306885,2.791428600038801,PRICE,TRAIN,2024-07
PCAR3.SA,BULL_CALM,0.13750970322115816,1,SIGNAL,7,3.0999999046325684,3.5299999713897705,2.790000081062317,PRICE,TEST,2024-07
PETR4.SA,BULL_CALM,-0.03339937632589842,0,STOP_LOSS,2,32.13091278076172,31.096317428439352,31.096317428439352,PRICE,TRAIN,2024-07
PETR4.SA,BULL_CALM,0.02998337130576121,1,MAX_DAYS,10,31.30490493774414,32.281097412109375,30.086749807862994,PRICE,TRAIN,2024-07
PETR4.SA,BEAR_CALM,0.06380836249961272,1,MAX_DAYS,10,28.618783950805664,30.479244232177734,27.01231665471331,PRICE,TRAIN,2024-07
PETR4.SA,BEAR_CALM,-0.03277650009808133,0,STOP_LOSS,6,29.3306941986084,28.404533530369246,28.404533530369246,PRICE,TRAIN,2024-07
PRIO3.SA,BEAR_CALM,0.10931587352800229,1,MAX_DAYS,10,35.470001220703125,39.38999938964844,32.26714488438198,PRICE,TRAIN,2024-07
RAIL3.SA,BEAR_CALM,0.03544910719039671,1,MAX_DAYS,10,18.30537223815918,18.976247787475586,17.556454115781634,PRICE,TRAIN,2024-07
RAIL3.SA,BEAR_CALM,-0.026229120927677506,0,MAX_DAYS,10,17.18000030517578,16.75,15.942857469831194,PRICE,TEST,2024-07
RADL3.SA,BEAR_CALM,0.01123855773877689,1,MAX_DAYS,10,24.504911422729492,24.809717178344727,23.604849177565107,PRICE,TRAIN,2024-07
RADL3.SA,BEAR_CALM,0.011630869246555077,1,MAX_DAYS,10,24.301067352294922,24.612871170043945,23.082486342488007,PRICE,TRAIN,2024-07
RADL3.SA,BEAR_CALM,-0.06537114621473009,0,MAX_DAYS,10,14.715316772460938,13.771018028259277,13.561642086332236,PRICE,TRAIN,2024-07
RADL3.SA,BEAR_CALM,0.04566419946776654,1,END_CLOSED,6,14.272677421569824,14.94155502319336,13.0262602591758,PRICE,TRAIN,2024-07
RADL3.SA,BEAR_CALM,-0.012467564683406505,0,MAX_DAYS,10,14.038716316223145,13.880534172058105,12.861774175274926,PRICE,TEST,2024-07
RAIZ4.SA,BEAR_CALM,-0.06862925301822345,0,STOP_LOSS,9,1.5099999904632568,1.408181819048795,1.408181819048795,PRICE,TEST,2024-07
RAIZ4.SA,BEAR_CALM,-0.08341993428051833,0,STOP_LOSS,4,1.3899999856948853,1.2757142782211304,1.2757142782211304,PRICE,TEST,2024-07
RECV3.SA,BEAR_CALM,-0.04534269548059302,0,MAX_DAYS,10,15.434775352478027,14.753442764282227,14.57000854441763,PRICE,TRAIN,2024-07
RECV3.SA,BEAR_CALM,0.09426429146264267,1,PROFIT_TARGET,10,14.718503952026367,16.123595503196672,14.015958176441215,PRICE,TRAIN,2024-07
RECV3.SA,BEAR_CALM,0.14770228849323627,1,PROFIT_TARGET,3,12.665963172912598,14.551954075330336,11.722967721703728,PRICE,TRAIN,2024-07
RECV3.SA,SIDEWAYS_CALM,-0.043672361226551625,0,STOP_LOSS,3,14.479999542236328,13.864999771118164,13.864999771118164,PRICE,TEST,2024-07
RECV3.SA,BEAR_CALM,-0.001951896897625781,0,MAX_DAYS,10,13.300000190734863,13.289999961853027,12.534285817827497,PRICE,TEST,2024-07
RDOR3.SA,BULL_CALM,-0.04151554503957968,0,STOP_LOSS,9,34.04533767700195,32.67278133249708,32.67278133249708,PRICE,TEST,2024-07
RDOR3.SA,BULL_CALM,0.020193539856618294,1,MAX_DAYS,10,32.543487548828125,33.239707946777344,31.156723538617715,PRICE,TEST,2024-07
RENT3.SA,BEAR_CALM,0.009591402592496447,1,SIGNAL,1,39.22087860107422,39.644126892089844,36.94475264692753,PRICE,TRAIN,2024-07
SANB11.SA,BEAR_CALM,0.07867938520662929,1,PROFIT_TARGET,6,24.08894157409668,26.013151417313935,23.126836652488052,PRICE,TRAIN,2024-07
SANB11.SA,BULL_CALM,-0.039399249877298946,0,STOP_LOSS,4,28.226909637451172,27.148662862946235,27.148662862946235,PRICE,TEST,2024-07
SANB11.SA,BULL_CALM,-0.03921804100060335,0,STOP_LOSS,6,26.715442657470703,25.699773863169714,25.699773863169714,PRICE,TEST,2024-07
SANB11.SA,SIDEWAYS_CALM,0.04178998771837215,1,MAX_DAYS,10,25.338905334472656,26.428224563598633,24.106812081175278,PRICE,TEST,2024-07
SBSP3.SA,BULL_CALM,-0.03864513489225043,0,MAX_DAYS,10,111.62999725341797,107.44999694824219,105.86499786376953,PRICE,TEST,2024-07
SBSP3.SA,BULL_CALM,0.07806559059485937,1,PROFIT_TARGET,10,106.91000366210938,115.38428824288505,102.67286137172154,PRICE,TEST,2024-07
SMFT3.SA,BEAR_CALM,0.09589671864677637,1,SIGNAL,3,19.650028228759766,21.557981491088867,18.003954013537694,PRICE,TRAIN,2024-07
SMFT3.SA,BULL_CALM,-0.059147365417878815,0,STOP_LOSS,8,21.908414840698242,20.638879920197823,20.638879920197823,PRICE,TEST,2024-07
SUZB3.SA,SIDEWAYS_CALM,-0.016851505514131192,0,MAX_DAYS,10,51.35502243041992,50.551239013671875,48.860663388027774,PRICE,TRAIN,2024-07
SUZB3.SA,SIDEWAYS_CALM,-0.04300410179365068,0,STOP_LOSS,8,54.130001068115234,51.86714499337332,51.86714499337332,PRICE,TRAIN,2024-07
SUZB3.SA,BEAR_CALM,0.017071125290692636,1,MAX_DAYS,10,50.900001525878906,51.83000183105469,48.52000100272043,PRICE,TRAIN,2024-07
SUZB3.SA,BEAR_CALM,0.09213902620127831,1,PROFIT_TARGET,5,49.650001525878906,54.28428431919643,47.332860129220144,PRICE,TRAIN,2024-07
SUZB3.SA,BEAR_CALM,-0.034820862752781644,0,STOP_LOSS,3,51.0099983215332,49.29499816894531,49.29499816894531,PRICE,TEST,2024-07
SUZB3.SA,BEAR_CALM,0.05230697569739782,1,MAX_DAYS,10,49.900001525878906,52.56999969482422,48.11000156402588,PRICE,TEST,2024-07
TAEE11.SA,SIDEWAYS_CALM,-0.010992393662884313,0,MAX_DAYS,10,32.15989303588867,31.844970703125,31.24376510668268,PRICE,TEST,2024-07
TIMS3.SA,BEAR_CALM,0.07226432017443937,1,SIGNAL,8,14.149677276611328,15.189173698425293,13.28940644040238,PRICE,TRAIN,2024-07
TIMS3.SA,BULL_CALM,-0.04431435409087727,0,MAX_DAYS,10,20.5122127532959,19.62784194946289,19.30207189209271,PRICE,TEST,2024-07
TOTS3.SA,SIDEWAYS_CALM,-0.02545686663848714,0,MAX_DAYS,10,28.46861457824707,27.77805519104004,27.282017704069627,PRICE,TRAIN,2024-07
UGPA3.SA,BEAR_CALM,0.02622902118133017,1,SIGNAL,3,19.406278610229492,19.938573837280273,18.66647488122699,PRICE,TRAIN,2024-07
UGPA3.SA,BEAR_CALM,-0.05782391095987107,0,STOP_LOSS,4,15.6115140914917,14.727529107626301,14.727529107626301,PRICE,TEST,2024-07
VALE3.SA,SIDEWAYS_CALM,0.01866342688106091,1,SIGNAL,1,55.95133972167969,57.06272506713867,54.519877679225544,PRICE,TRAIN,2024-07
VALE3.SA,BEAR_CALM,0.06771029342391385,1,END_CLOSED,7,48.22767639160156,51.55105972290039,45.97804477533872,PRICE,TRAIN,2024-07
USIM5.SA,BEAR_CALM,-0.06403462657773609,0,STOP_LOSS,3,5.070000171661377,4.751428604125977,4.751428604125977,PRICE,TRAIN,2024-07
USIM5.SA,BEAR_CALM,0.03121886039493047,1,MAX_DAYS,10,4.010000228881836,4.139999866485596,3.71363657171076,PRICE,TEST,2024-07
VBBR3.SA,SIDEWAYS_CALM,-0.005682416489243079,0,MAX_DAYS,10,19.018098831176758,18.932851791381836,18.18878848093283,PRICE,TRAIN,2024-07
VIVT3.SA,BEAR_CALM,0.021667164146538333,1,SIGNAL,4,20.979766845703125,21.459514617919922,20.135593331982577,PRICE,TRAIN,2024-07
WEGE3.SA,BEAR_CALM,0.05643959185236023,1,MAX_DAYS,10,42.84748077392578,45.31719207763672,41.09262994988027,PRICE,TRAIN,2024-07
WEGE3.SA,BEAR_CALM,-0.0442234876819483,0,STOP_LOSS,2,43.76871871948242,41.88563578880011,41.88563578880011,PRICE,TRAIN,2024-07
WEGE3.SA,BEAR_CALM,0.015287308851506955,1,MAX_DAYS,10,41.01480484008789,41.6910285949707,39.16812409128999,PRICE,TRAIN,2024-07
WEGE3.SA,BEAR_CALM,0.02744568010014712,1,END_CLOSED,9,40.583580017089844,41.746124267578125,38.34628178726766,PRICE,TRAIN,2024-07
WEGE3.SA,BEAR_CALM,0.016283400566882912,1,MAX_DAYS,10,39.889652252197266,40.587059020996094,37.7208188076942,PRICE,TEST,2024-07
YDUQ3.SA,BEAR_CALM,0.07091534286501452,1,SIGNAL,1,9.993504524230957,10.714189529418945,9.176727359352336,PRICE,TRAIN,2024-07
YDUQ3.SA,BULL_CALM,-0.08397642779475137,0,STOP_LOSS,3,15.5600004196167,14.271999168395997,14.271999168395997,PRICE,TEST,2024-07
YDUQ3.SA,BULL_CALM,-0.007288274095571666,0,MAX_DAYS,10,13.140000343322754,13.0600004196167,11.961428914751325,PRICE,TEST,2024-07
