ticker,regime,return,win,reason,days_held,entry_price,exit_price,stop_loss,sinal_tipo,phase,window
ABEV3.SA,BEAR_CALM,0.02379992702102749,1,MAX_DAYS,10,11.434321403503418,11.720178604125977,10.342863813483381,PRICE,TEST,2022-01
ALOS3.SA,BEAR_CALM,-0.10501244345993002,0,STOP_LOSS,9,16.048656463623047,14.38260622188534,14.38260622188534,PRICE,TRAIN,2022-01
ALOS3.SA,BEAR_CALM,0.05240449596277217,1,MAX_DAYS,10,13.958717346191406,14.7069673538208,12.303725156625815,PRICE,TRAIN,2022-01
ALOS3.SA,BEAR_CALM,0.13230462870440127,1,SIGNAL,5,13.399681091308594,15.188600540161133,11.477456272467062,PRICE,TEST,2022-01
BBAS3.SA,BEAR_CALM,0.05792989032273441,1,SIGNAL,2,13.20551872253418,13.986359596252441,11.809712962817915,PRICE,TEST,2022-01
BBDC3.SA,BEAR_CALM,-0.08250009648698689,0,STOP_LOSS,5,10.04146671295166,9.225094500317823,9.225094500317823,PRICE,TRAIN,2022-01
BBDC3.SA,BEAR_CALM,0.09125830007227606,1,MAX_DAYS,10,9.422467231750488,10.293652534484863,8.531949250046644,PRICE,TRAIN,2022-01
BBDC3.SA,BEAR_CALM,0.06981261078605247,1,MAX_DAYS,10,9.603151321411133,10.285096168518066,8.410023181107377,PRICE,TEST,2022-01
AZUL4.SA,BEAR_CALM,-0.0055440651381916325,0,MAX_DAYS,10,11.510000228881836,11.460000038146973,9.137857232775007,PRICE,TRAIN,2022-01
AZUL4.SA,BEAR_CALM,0.23908906239769742,1,MAX_DAYS,10,11.069999694824219,13.729999542236328,8.991428307124547,PRICE,TRAIN,2022-01
AZUL4.SA,BEAR_CALM,-0.10119999999999998,0,HARD_STOP,6,10.680000305175781,9.612000274658204,8.689285618918282,PRICE,TRAIN,2022-01
AZUL4.SA,BEAR_CALM,0.03817013565078695,1,SIGNAL,1,10.15999984741211,10.5600004196167,8.35999870300293,PRICE,TEST,2022-01
BBDC4.SA,BEAR_CALM,-0.08452680752475342,0,STOP_LOSS,4,11.517613410949707,10.557887455110983,10.557887455110983,PRICE,TRAIN,2022-01
BBDC4.SA,BEAR_CALM,-0.0005396738841020531,0,END_CLOSED,4,11.640634536743164,11.648321151733398,10.564770202669745,PRICE,TRAIN,2022-01
BBDC4.SA,BEAR_CALM,0.12083806932843397,1,SIGNAL,5,10.777987480163574,12.09331226348877,9.438927857989167,PRICE,TEST,2022-01
BEEF3.SA,BEAR_CALM,0.06182515399849007,1,MAX_DAYS,10,8.716297149658203,9.265643119812012,7.796141978324893,PRICE,TRAIN,2022-01
BEEF3.SA,BEAR_CALM,0.07416467572826288,1,SIGNAL,3,11.716761589050293,12.599791526794434,9.936460918719376,PRICE,TEST,2022-01
BEEF3.SA,BEAR_CALM,0.027219142229780148,1,MAX_DAYS,10,10.691307067871094,10.995144844055176,9.069706458888335,PRICE,TEST,2022-01
BBSE3.SA,BEAR_CALM,0.040214140288309476,1,MAX_DAYS,10,13.690248489379883,14.257218360900879,12.640662456359696,PRICE,TRAIN,2022-01
BPAC11.SA,BEAR_CALM,0.10603485385126907,1,MAX_DAYS,10,20.046388626098633,22.196060180664062,17.048502373406123,PRICE,TRAIN,2022-01
BRAP4.SA,BEAR_CALM,0.11283521936738947,1,MAX_DAYS,10,17.53839111328125,19.53838539123535,15.660278409107475,PRICE,TRAIN,2022-01
BRAP4.SA,BEAR_CALM,0.044173568709582424,1,MAX_DAYS,10,15.036728858947754,15.718998908996582,13.765353797851393,PRICE,TRAIN,2022-01
BRKM5.SA,BEAR_CALM,-0.10119999999999987,0,HARD_STOP,9,51.68751907348633,46.5187671661377,44.21844270292348,PRICE,TRAIN,2022-01
BRKM5.SA,BEAR_CALM,-0.10119999999999998,0,HARD_STOP,5,27.780000686645508,25.002000617980958,23.92714445931571,PRICE,TRAIN,2022-01
BRKM5.SA,BEAR_CALM,0.02106179966078745,1,MAX_DAYS,10,22.459999084472656,22.959999084472656,18.979999542236328,PRICE,TEST,2022-01
CMIN3.SA,BEAR_CALM,0.12451431089716722,1,MAX_DAYS,10,2.2180967330932617,2.496943235397339,1.9519250115332727,PRICE,TRAIN,2022-01
CPFE3.SA,BEAR_CALM,0.027425304255814,1,MAX_DAYS,10,29.111194610595703,29.94451141357422,26.885961723156246,PRICE,TEST,2022-01
COGN3.SA,BEAR_CALM,0.07880006121908631,1,MAX_DAYS,10,1.9472569227218628,2.1030375957489014,1.650995678022455,PRICE,TRAIN,2022-01
COGN3.SA,BEAR_CALM,0.02792613973001066,1,END_CLOSED,2,2.0056746006011963,2.0640921592712402,1.6593409133016332,PRICE,TRAIN,2022-01
COGN3.SA,BEAR_CALM,0.1321332831022893,1,SIGNAL,5,1.8985755443572998,2.151718854904175,1.5626740456007928,PRICE,TEST,2022-01
CSAN3.SA,BEAR_CALM,0.060319041088085924,1,MAX_DAYS,10,14.981322288513184,15.902958869934082,13.06885496721406,PRICE,TRAIN,2022-01
CSAN3.SA,BEAR_CALM,0.11490001215706944,1,SIGNAL,6,14.66157054901123,16.363779067993164,12.235216738642636,PRICE,TEST,2022-01
CVCB3.SA,BEAR_CALM,0.24750470770271735,1,MAX_DAYS,10,10.55118465423584,13.175313949584961,8.580602819269354,PRICE,TRAIN,2022-01
CVCB3.SA,BEAR_CALM,-0.10119999999999998,0,HARD_STOP,5,9.822259902954102,8.840033912658692,8.28761352811541,PRICE,TRAIN,2022-01
CVCB3.SA,BEAR_CALM,0.03696789126127884,1,MAX_DAYS,10,6.032267093658447,6.262506008148193,4.830418995448522,PRICE,TRAIN,2022-01
CVCB3.SA,BEAR_CALM,0.159603924329876,1,SIGNAL,3,3.66540789604187,4.254819869995117,2.753661036491394,PRICE,TEST,2022-01
CSNA3.SA,BEAR_CALM,0.06680829415331399,1,MAX_DAYS,10,10.086638450622559,10.772613525390625,8.616691069949475,PRICE,TRAIN,2022-01
CYRE3.SA,BEAR_CALM,0.11524950041158441,1,SIGNAL,3,10.883325576782227,12.150683403015137,9.035464100691012,PRICE,TEST,2022-01
CXSE3.SA,BEAR_CALM,0.02548378323832754,1,MAX_DAYS,10,5.663389682769775,5.814510345458984,5.219282516229473,PRICE,TRAIN,2022-01
DIRR3.SA,BEAR_CALM,-0.10119999999999998,0,HARD_STOP,4,2.9302051067352295,2.6371845960617066,2.480174329090132,PRICE,TRAIN,2022-01
ECOR3.SA,BEAR_CALM,0.08451424546071626,1,SIGNAL,9,6.430596351623535,6.981790065765381,5.482542818842938,PRICE,TRAIN,2022-01
ECOR3.SA,BEAR_CALM,0.14192265416370828,1,MAX_DAYS,10,4.942372798919678,5.649738311767578,4.351807406748199,PRICE,TRAIN,2022-01
ECOR3.SA,BEAR_CALM,-0.08668708492035074,0,MAX_DAYS,10,4.620842933654785,4.225820541381836,4.069648951458942,PRICE,TRAIN,2022-01
ECOR3.SA,BEAR_CALM,-0.10119999999999998,0,HARD_STOP,7,4.381992340087891,3.943793106079102,3.4725225238492725,PRICE,TRAIN,2022-01
ECOR3.SA,BEAR_CALM,0.00114732805744442,1,MAX_DAYS,10,3.9209144115448,3.9301180839538574,3.3085791846866854,PRICE,TRAIN,2022-01
ECOR3.SA,BEAR_CALM,0.03851956182745995,1,END_CLOSED,6,3.9393222332000732,4.095790386199951,3.351766407982009,PRICE,TRAIN,2022-01
ECOR3.SA,BEAR_CALM,0.1667012194070515,1,SIGNAL,5,3.7276296615600586,4.353503227233887,3.1201633674552296,PRICE,TEST,2022-01
EGIE3.SA,BEAR_CALM,0.012829365688296603,1,MAX_DAYS,10,22.229297637939453,22.541160583496094,20.570789751050896,PRICE,TRAIN,2022-01
EGIE3.SA,BEAR_CALM,0.04934046780673094,1,SIGNAL,5,22.2050838470459,23.32733917236328,20.836772925205793,PRICE,TEST,2022-01
ELET3.SA,BEAR_CALM,0.07211162365193755,1,SIGNAL,6,34.83473587036133,37.388526916503906,31.318902499471996,PRICE,TEST,2022-01
ELET3.SA,BEAR_CALM,0.030738010811658924,1,MAX_DAYS,10,28.20537567138672,29.106199264526367,25.032503008721456,PRICE,TEST,2022-01
EMBR3.SA,BEAR_CALM,-0.10115456169208861,0,MAX_DAYS,10,21.987377166748047,19.78963851928711,18.94550584905172,PRICE,TRAIN,2022-01
EMBR3.SA,BEAR_CALM,-0.10119999999999998,0,HARD_STOP,3,20.65874481201172,18.59287033081055,17.858766912065004,PRICE,TRAIN,2022-01
EMBR3.SA,BEAR_CALM,-0.04547085405068265,0,MAX_DAYS,10,19.180267333984375,18.331140518188477,16.313930328030715,PRICE,TRAIN,2022-01
EMBR3.SA,BEAR_CALM,-0.10119999999999998,0,HARD_STOP,2,17.482013702392578,15.73381233215332,14.752679394389903,PRICE,TRAIN,2022-01
EMBR3.SA,BEAR_CALM,-0.10119999999999998,0,HARD_STOP,4,17.581911087036133,15.82371997833252,14.640651394662987,PRICE,TRAIN,2022-01
ELET6.SA,BEAR_CALM,0.046361482394051114,1,MAX_DAYS,10,33.68907928466797,35.2913818359375,30.773209369317705,PRICE,TEST,2022-01
ELET6.SA,BEAR_CALM,0.051049550510576226,1,MAX_DAYS,10,28.0200138092041,29.484046936035156,25.559039378159092,PRICE,TEST,2022-01
ENEV3.SA,BEAR_CALM,-0.019497497837731158,0,MAX_DAYS,10,12.569999694824219,12.34000015258789,10.628571033477783,PRICE,TRAIN,2022-01
ENEV3.SA,BEAR_CALM,-0.048385405498690325,0,MAX_DAYS,10,12.079999923706055,11.510000228881836,10.569285597120013,PRICE,TRAIN,2022-01
ENEV3.SA,BEAR_CALM,0.009816958672847466,1,END_CLOSED,7,11.800000190734863,11.930000305175781,10.413571766444615,PRICE,TRAIN,2022-01
ENEV3.SA,BEAR_CALM,0.03687797701376803,1,SIGNAL,1,11.029999732971191,11.449999809265137,9.289999961853027,PRICE,TEST,2022-01
ENGI11.SA,BEAR_CALM,-0.005002310641209061,0,MAX_DAYS,10,32.703189849853516,32.57884216308594,29.567321600957968,PRICE,TEST,2022-01
EZTC3.SA,BEAR_CALM,-0.10119999999999998,0,HARD_STOP,6,12.128777503967285,10.915899753570557,10.221020916795812,PRICE,TRAIN,2022-01
EZTC3.SA,BEAR_CALM,-0.020908153408266815,0,END_CLOSED,6,11.539185523986816,11.311769485473633,9.6169903537222,PRICE,TRAIN,2022-01
EZTC3.SA,BEAR_CALM,0.07266820047031439,1,SIGNAL,3,10.604259490966797,11.387577056884766,9.138698901902854,PRICE,TEST,2022-01
FLRY3.SA,BEAR_CALM,0.05515757230307559,1,MAX_DAYS,10,11.414125442504883,12.057397842407227,10.025603731993689,PRICE,TEST,2022-01
HAPV3.SA,BEAR_CALM,-0.07940302753665521,0,MAX_DAYS,10,90.1500015258789,83.0999984741211,73.08214242117745,PRICE,TRAIN,2022-01
HAPV3.SA,BEAR_CALM,0.24209507235599323,1,MAX_DAYS,10,78.29999542236328,97.3499984741211,62.582138606480186,PRICE,TRAIN,2022-01
HAPV3.SA,BEAR_CALM,-0.08102263716303373,0,MAX_DAYS,10,67.6500015258789,62.25,52.57499694824219,PRICE,TEST,2022-01
IGTI11.SA,BEAR_CALM,0.009528468525486035,1,MAX_DAYS,10,16.261890411376953,16.436355590820312,14.254896843398143,PRICE,TRAIN,2022-01
IGTI11.SA,BEAR_CALM,0.0969447999884144,1,MAX_DAYS,10,15.343659400939941,16.849559783935547,12.71292181415393,PRICE,TEST,2022-01
IRBR3.SA,BEAR_CALM,-0.10505751602754601,0,MAX_DAYS,10,83.88501739501953,75.17292785644531,73.14329000619742,PRICE,TRAIN,2022-01
IRBR3.SA,BEAR_CALM,0.1140542894139994,1,MAX_DAYS,10,73.43050384521484,81.89368438720703,62.12255913870675,PRICE,TRAIN,2022-01
IRBR3.SA,BEAR_CALM,-0.10119999999999998,0,HARD_STOP,4,32.70000076293945,29.43000068664551,27.299999373299734,PRICE,TRAIN,2022-01
IRBR3.SA,BEAR_CALM,0.009911082854094345,1,MAX_DAYS,10,27.0,27.299999237060547,21.985711915152415,PRICE,TRAIN,2022-01
IRBR3.SA,BEAR_CALM,0.48247352388343046,1,PROFIT_TARGET,6,21.0,31.157144001552037,15.921427999223981,PRICE,TRAIN,2022-01
IRBR3.SA,BEAR_CALM,-0.06064907771076502,0,MAX_DAYS,10,20.690000534057617,19.459999084472656,17.741428647722515,PRICE,TEST,2022-01
ITUB4.SA,BEAR_CALM,0.050926670266313014,1,SIGNAL,3,18.07567024230957,19.017894744873047,16.59449126064483,PRICE,TEST,2022-01
ITSA4.SA,BEAR_CALM,0.03159307477516813,1,MAX_DAYS,10,5.817100524902344,6.007861137390137,5.422256109405512,PRICE,TRAIN,2022-01
LREN3.SA,BEAR_CALM,-0.0005134566798382855,0,END_CLOSED,5,16.382993698120117,16.394241333007812,13.58298068215951,PRICE,TRAIN,2022-01
LREN3.SA,BEAR_CALM,0.10213883108713348,1,SIGNAL,6,15.10543441772461,16.666412353515625,12.427761483303176,PRICE,TEST,2022-01
LWSA3.SA,BEAR_CALM,-0.10119999999999998,0,HARD_STOP,6,8.869503021240234,7.982552719116211,6.455606810072749,PRICE,TRAIN,2022-01
LWSA3.SA,BEAR_CALM,0.03726157034219533,1,MAX_DAYS,10,5.7526702880859375,5.973927021026611,4.237542893260364,PRICE,TEST,2022-01
MGLU3.SA,BEAR_CALM,0.1081247217047124,1,MAX_DAYS,10,56.478145599365234,62.65260314941406,42.80353367735891,PRICE,TRAIN,2022-01
MGLU3.SA,BEAR_CALM,-0.10119999999999998,0,HARD_STOP,5,34.86753463745117,31.380781173706055,27.843436585827483,PRICE,TRAIN,2022-01
MGLU3.SA,BEAR_CALM,-0.10119999999999998,0,HARD_STOP,3,29.87348747253418,26.886138725280762,23.822256580377395,PRICE,TRAIN,2022-01
MGLU3.SA,BEAR_CALM,0.046044120535483436,1,SIGNAL,2,23.06342124938965,24.153032302856445,18.023971427831107,PRICE,TEST,2022-01
MRVE3.SA,BEAR_CALM,-0.054391554534792184,0,MAX_DAYS,10,9.028839111328125,8.54858112335205,7.645698014382388,PRICE,TRAIN,2022-01
MRVE3.SA,BEAR_CALM,-0.024606999609787204,0,MAX_DAYS,10,7.690000057220459,7.510000228881836,6.562857253210885,PRICE,TRAIN,2022-01
MRVE3.SA,BEAR_CALM,0.0707322624920573,1,END_CLOSED,2,7.090000152587891,7.599999904632568,5.750714438302176,PRICE,TRAIN,2022-01
MRVE3.SA,BEAR_CALM,0.09085018694410571,1,SIGNAL,5,7.170000076293945,7.829999923706055,5.819999933242798,PRICE,TEST,2022-01
MULT3.SA,BEAR_CALM,0.005351360135843565,1,MAX_DAYS,10,18.834869384765625,18.958263397216797,16.509941518142888,PRICE,TRAIN,2022-01
MULT3.SA,BEAR_CALM,0.13196707220326162,1,SIGNAL,6,17.911624908447266,20.296863555908203,14.97697415348756,PRICE,TEST,2022-01
PCAR3.SA,BEAR_CALM,0.07398246330738009,1,END_CLOSED,5,13.699999809265137,14.729999542236328,12.08642864227295,PRICE,TEST,2022-01
RAIL3.SA,BEAR_CALM,0.07238045308943483,1,SIGNAL,6,16.40981101989746,17.617252349853516,14.227862060279385,PRICE,TEST,2022-01
RAIZ4.SA,BEAR_CALM,0.1559429937115576,1,MAX_DAYS,10,3.7409520149230957,4.3288164138793945,3.1397273260662515,PRICE,TRAIN,2022-01
RAIZ4.SA,BEAR_CALM,0.029858755188044796,1,MAX_DAYS,10,3.230893135070801,3.331240653991699,2.7308738367209324,PRICE,TRAIN,2022-01
RAIZ4.SA,BEAR_CALM,0.0047880490347485885,1,MAX_DAYS,10,3.073575735092163,3.091980457305908,2.4662223711359443,PRICE,TEST,2022-01
RDOR3.SA,BEAR_CALM,-0.048070683140331937,0,MAX_DAYS,10,32.76498031616211,31.229263305664062,28.462842744535635,PRICE,TRAIN,2022-01
RENT3.SA,BEAR_CALM,0.07061457965097948,1,SIGNAL,5,44.938209533691406,48.165428161621094,40.65025144203845,PRICE,TEST,2022-01
SANB11.SA,BEAR_CALM,0.007818684100259078,1,MAX_DAYS,10,22.363859176635742,22.5655517578125,20.77335415922655,PRICE,TRAIN,2022-01
SANB11.SA,BEAR_CALM,0.08249247904675502,1,MAX_DAYS,10,22.46067237854004,24.34046173095703,20.899559522923205,PRICE,TRAIN,2022-01
SANB11.SA,BEAR_CALM,0.03832287122130693,1,MAX_DAYS,10,22.286849975585938,23.16769027709961,20.609459431199756,PRICE,TRAIN,2022-01
SANB11.SA,BEAR_CALM,0.019156196731290855,1,SIGNAL,1,22.860227584838867,23.32557487487793,21.45171953964723,PRICE,TEST,2022-01
SBSP3.SA,BEAR_CALM,-0.013068665757326701,0,MAX_DAYS,10,32.80783462524414,32.41844940185547,30.11255022973196,PRICE,TRAIN,2022-01
SLCE3.SA,BEAR_CALM,0.08132537369750134,1,MAX_DAYS,10,17.570871353149414,19.02091407775879,15.934620330545023,PRICE,TEST,2022-01
SMFT3.SA,BEAR_CALM,-0.10119999999999998,0,HARD_STOP,6,14.243216514587402,12.818894863128662,11.785869802522246,PRICE,TRAIN,2022-01
SMFT3.SA,BEAR_CALM,-0.10119999999999998,0,HARD_STOP,6,12.964980125427246,11.668482112884522,11.03392940429815,PRICE,TRAIN,2022-01
SMFT3.SA,BEAR_CALM,0.048653394591390155,1,MAX_DAYS,10,9.340264320373535,9.805908203125,7.563775651054614,PRICE,TRAIN,2022-01
SMFT3.SA,BEAR_CALM,0.18519311220603427,1,MAX_DAYS,10,9.79677677154541,11.622828483581543,8.202240969588626,PRICE,TRAIN,2022-01
SMFT3.SA,BEAR_CALM,0.20108385172522966,1,SIGNAL,5,11.193706512451172,13.458012580871582,8.865487588842772,PRICE,TEST,2022-01
TAEE11.SA,BEAR_CALM,-0.002066277558985606,0,END_CLOSED,3,26.504972457885742,26.482011795043945,24.65986984054687,PRICE,TRAIN,2022-01
TAEE11.SA,BEAR_CALM,0.040319496666307277,1,SIGNAL,3,25.99216651916504,27.071348190307617,24.17821890243088,PRICE,TEST,2022-01
TIMS3.SA,BEAR_CALM,0.006498902700628896,1,MAX_DAYS,10,8.842068672180176,8.91014289855957,7.752882600838411,PRICE,TEST,2022-01
UGPA3.SA,BEAR_CALM,0.15636633976210876,1,MAX_DAYS,10,10.704400062561035,12.391053199768066,9.428972924231324,PRICE,TRAIN,2022-01
UGPA3.SA,BEAR_CALM,0.04811969623645904,1,SIGNAL,3,10.247421264648438,10.75282096862793,8.70508059904764,PRICE,TEST,2022-01
TOTS3.SA,BEAR_CALM,0.1961521587429874,1,MAX_DAYS,10,22.920242309570312,27.443601608276367,19.641519373015676,PRICE,TRAIN,2022-01
TOTS3.SA,BEAR_CALM,0.09239998542589131,1,SIGNAL,3,23.9758243560791,26.219961166381836,19.976655727317755,PRICE,TEST,2022-01
VALE3.SA,BEAR_CALM,0.06169113485329434,1,MAX_DAYS,10,50.16706466674805,53.32212829589844,45.44956689953064,PRICE,TRAIN,2022-01
USIM5.SA,BEAR_CALM,0.13050726231107443,1,MAX_DAYS,10,7.560598373413086,8.556384086608887,6.588521302891049,PRICE,TRAIN,2022-01
USIM5.SA,BEAR_CALM,0.10000848269811166,1,END_CLOSED,4,6.103800296783447,6.721556663513184,5.499215766986444,PRICE,TEST,2022-01
VBBR3.SA,BEAR_CALM,0.04711493521926089,1,MAX_DAYS,10,11.335978507995605,11.883675575256348,9.804249589338891,PRICE,TRAIN,2022-01
VBBR3.SA,BEAR_CALM,0.06822506120219071,1,MAX_DAYS,10,11.01828384399414,11.783228874206543,9.418854533194121,PRICE,TEST,2022-01
VIVT3.SA,BEAR_CALM,0.03587460806114571,1,MAX_DAYS,10,16.38629150390625,16.993806838989258,15.299363746125927,PRICE,TRAIN,2022-01
VIVT3.SA,BEAR_CALM,-0.04206161728737858,0,MAX_DAYS,10,16.80239486694336,16.115821838378906,15.664639361707845,PRICE,TRAIN,2022-01
VIVT3.SA,BEAR_CALM,0.00013328469694560258,1,MAX_DAYS,10,15.60816478729248,15.628974914550781,14.498053325534038,PRICE,TRAIN,2022-01
VIVT3.SA,BEAR_CALM,0.023927252106818432,1,END_CLOSED,2,15.56655502319336,15.9576997756958,14.371732635316011,PRICE,TRAIN,2022-01
VIVT3.SA,BEAR_CALM,0.04815507122876848,1,SIGNAL,2,15.248274803161621,16.0008544921875,13.952643822838422,PRICE,TEST,2022-01
WEGE3.SA,BEAR_CALM,-0.0685455402321277,0,MAX_DAYS,10,23.77484130859375,22.1737117767334,21.51079216825127,PRICE,TRAIN,2022-01
YDUQ3.SA,BEAR_CALM,0.15641177820281257,1,MAX_DAYS,10,17.204124450683594,19.91569709777832,14.544996225257949,PRICE,TRAIN,2022-01
YDUQ3.SA,BEAR_CALM,-0.10119999999999998,0,HARD_STOP,4,9.977341651916504,8.979607486724854,8.05713569166199,PRICE,TRAIN,2022-01
YDUQ3.SA,BEAR_CALM,0.02258488808620194,1,MAX_DAYS,10,9.016905784606934,9.231371879577637,7.266540955480795,PRICE,TRAIN,2022-01
YDUQ3.SA,BEAR_CALM,-0.026128204108900842,0,END_CLOSED,1,9.725577354431152,9.483136177062988,7.9272575807226335,PRICE,TRAIN,2022-01
YDUQ3.SA,BEAR_CALM,-0.0012,0,MAX_DAYS,10,8.550674438476562,8.550674438476562,7.0400865025672275,PRICE,TEST,2022-01
ABEV3.SA,BEAR_CALM,0.028661786331955465,1,MAX_DAYS,10,11.298129081726074,11.63551139831543,10.254247999968378,PRICE,TRAIN,2022-04
ABEV3.SA,BEAR_CALM,0.021176689838791375,1,MAX_DAYS,10,11.226424217224121,11.47763442993164,10.378131284043755,PRICE,TRAIN,2022-04
ALOS3.SA,BEAR_CALM,0.0022912484299116645,1,MAX_DAYS,10,17.24413299560547,17.304336547851562,15.344024399060443,PRICE,TRAIN,2022-04
ALOS3.SA,BEAR_CALM,-0.03685891686095912,0,MAX_DAYS,10,16.6420955657959,16.048656463623047,14.526357499090816,PRICE,TRAIN,2022-04
AZUL4.SA,BEAR_CALM,-0.0055440651381916325,0,MAX_DAYS,10,11.510000228881836,11.460000038146973,9.137857232775007,PRICE,TRAIN,2022-04
AZUL4.SA,BEAR_CALM,0.23908906239769742,1,MAX_DAYS,10,11.069999694824219,13.729999542236328,8.991428307124547,PRICE,TRAIN,2022-04
AZUL4.SA,BEAR_CALM,-0.1012000000000001,0,HARD_STOP,1,9.520000457763672,8.568000411987304,7.310714653560094,PRICE,TRAIN,2022-04
AZUL4.SA,BEAR_CALM,-0.04669511392920025,0,MAX_DAYS,10,11.210000038146973,10.699999809265137,9.410000324249268,PRICE,TEST,2022-04
B3SA3.SA,BEAR_CALM,0.013675945541972025,1,MAX_DAYS,10,10.879145622253418,11.040983200073242,9.688476140644942,PRICE,TRAIN,2022-04
BBDC3.SA,BEAR_CALM,-0.0033334938879974393,0,MAX_DAYS,10,11.350701332092285,11.326484680175781,10.6002735794881,PRICE,TRAIN,2022-04
BBDC3.SA,BEAR_CALM,-0.05914895253848831,0,MAX_DAYS,10,9.815057754516602,9.246285438537598,9.03317735172216,PRICE,TRAIN,2022-04
BBDC3.SA,BEAR_CALM,-0.027185147078790182,0,MAX_DAYS,10,9.517531394958496,9.270216941833496,8.608460768576482,PRICE,TRAIN,2022-04
BBDC3.SA,BEAR_CALM,0.05309089944073762,1,MAX_DAYS,10,9.124205589294434,9.619566917419434,8.230054807592873,PRICE,TRAIN,2022-04
BBDC3.SA,BEAR_CALM,0.03013200388777646,1,END_CLOSED,7,9.180133819580078,9.467765808105469,8.425108984136786,PRICE,TRAIN,2022-04
BBDC4.SA,BEAR_CALM,0.014642878378466097,1,MAX_DAYS,10,13.794824600219727,14.013374328613281,12.714462620755404,PRICE,TRAIN,2022-04
BBDC4.SA,BEAR_CALM,-0.08452680752475342,0,STOP_LOSS,4,11.517613410949707,10.557887455110983,10.557887455110983,PRICE,TRAIN,2022-04
BBDC4.SA,BEAR_CALM,0.08591371079637908,1,MAX_DAYS,10,10.777987480163574,11.716897964477539,9.644282176870508,PRICE,TRAIN,2022-04
BBDC4.SA,BEAR_CALM,-0.03331598830170359,0,MAX_DAYS,10,11.252387046813965,10.891005516052246,10.059731114317614,PRICE,TRAIN,2022-04
BBDC4.SA,BEAR_CALM,-0.046852018246193027,0,MAX_DAYS,10,11.067439079284668,10.562188148498535,10.028464037716331,PRICE,TRAIN,2022-04
BBDC4.SA,BEAR_CALM,0.02017064580864667,1,MAX_DAYS,10,10.490011215209961,10.714189529418945,9.259531423145422,PRICE,TRAIN,2022-04
BBDC4.SA,BEAR_CALM,0.04653306888747775,1,END_CLOSED,6,10.09575080871582,10.577651977539062,8.987386435903645,PRICE,TRAIN,2022-04
BBSE3.SA,BEAR_CALM,0.01666308713435103,1,END_CLOSED,8,23.72156524658203,24.145305633544922,22.478931697863345,PRICE,TEST,2022-04
BEEF3.SA,BEAR_CALM,-0.015944155302024553,0,MAX_DAYS,10,10.947669982910156,10.786255836486816,9.197887450405464,PRICE,TRAIN,2022-04
BEEF3.SA,BEAR_CALM,-0.07419902430750794,0,END_CLOSED,2,10.795750617980957,10.007671356201172,9.296227927985626,PRICE,TRAIN,2022-04
BEEF3.SA,BEAR_CALM,-0.10119999999999987,0,HARD_STOP,9,9.58989429473877,8.630904865264894,8.379288389197676,PRICE,TEST,2022-04
BPAC11.SA,BEAR_CALM,0.09553139785981055,1,MAX_DAYS,10,20.572053909301758,22.5620174407959,17.886964162725945,PRICE,TRAIN,2022-04
BPAC11.SA,BEAR_CALM,-0.040855934687254146,0,MAX_DAYS,10,19.577434539794922,18.80107307434082,16.75309604115007,PRICE,TRAIN,2022-04
BPAC11.SA,BEAR_CALM,0.027073822317700592,1,MAX_DAYS,10,18.857194900512695,19.39035987854004,16.42989271203999,PRICE,TRAIN,2022-04
BPAC11.SA,BEAR_CALM,-0.012037188833999977,0,MAX_DAYS,10,18.98814582824707,18.782367706298828,16.480667698559643,PRICE,TRAIN,2022-04
BPAC11.SA,BEAR_CALM,-0.03755434389142633,0,MAX_DAYS,10,18.267908096313477,17.603790283203125,16.041043146790955,PRICE,TRAIN,2022-04
BPAC11.SA,BEAR_CALM,0.021704845641211536,1,END_CLOSED,3,17.968585968017578,18.38015365600586,15.621458433725838,PRICE,TRAIN,2022-04
BRAP4.SA,BEAR_CALM,0.05639743579187715,1,MAX_DAYS,10,17.6521053314209,18.668821334838867,15.621672951999813,PRICE,TRAIN,2022-04
BRAP4.SA,BEAR_CALM,0.044173568709582424,1,MAX_DAYS,10,15.036728858947754,15.718998908996582,13.765353797851393,PRICE,TRAIN,2022-04
BRAP4.SA,BEAR_CALM,-0.0032749709915797162,0,MAX_DAYS,10,17.093759536743164,17.058290481567383,15.48739208167302,PRICE,TEST,2022-04
BRKM5.SA,BEAR_CALM,-0.0014880238999025674,0,MAX_DAYS,10,41.40192413330078,41.38999938964844,38.2681799804356,PRICE,TRAIN,2022-04
BRKM5.SA,BEAR_CALM,0.02106179966078745,1,MAX_DAYS,10,22.459999084472656,22.959999084472656,19.442856243678502,PRICE,TRAIN,2022-04
BRKM5.SA,BEAR_CALM,0.05283008491924988,1,MAX_DAYS,10,22.579999923706055,23.799999237060547,19.742857933044434,PRICE,TRAIN,2022-04
BRKM5.SA,BEAR_CALM,-0.10119999999999998,0,HARD_STOP,9,22.450000762939453,20.20500068664551,19.71785749707903,PRICE,TRAIN,2022-04
BRKM5.SA,BEAR_CALM,0.01751926514270439,1,MAX_DAYS,10,20.299999237060547,20.68000030517578,17.987854548863,PRICE,TRAIN,2022-04
BRKM5.SA,BEAR_CALM,-0.12581297137442995,0,STOP_LOSS,9,19.3799991607666,16.964999880109517,16.964999880109517,PRICE,TRAIN,2022-04
BRKM5.SA,BEAR_CALM,0.07511152955303654,1,SIGNAL,3,18.8700008392334,20.309999465942383,17.070002555847168,PRICE,TEST,2022-04
CMIN3.SA,BEAR_CALM,-0.06663604713558993,0,MAX_DAYS,10,3.4433817863464355,3.2180604934692383,3.1082871911214287,PRICE,TRAIN,2022-04
CMIN3.SA,BEAR_CALM,-0.03428843758253366,0,MAX_DAYS,10,3.119842529296875,3.0166118144989014,2.8239524339819218,PRICE,TRAIN,2022-04
CMIN3.SA,BEAR_CALM,0.12451431089716722,1,MAX_DAYS,10,2.2180967330932617,2.496943235397339,1.9519250115332727,PRICE,TRAIN,2022-04
COGN3.SA,BEAR_CALM,0.08617865693406021,1,MAX_DAYS,10,2.0056746006011963,2.1809277534484863,1.6593409133016332,PRICE,TRAIN,2022-04
COGN3.SA,BEAR_CALM,0.15186120409193346,1,MAX_DAYS,10,1.9083118438720703,2.2004003524780273,1.6183095799575984,PRICE,TRAIN,2022-04
CPFE3.SA,BEAR_CALM,0.050708895343484085,1,MAX_DAYS,10,27.343826293945312,28.763214111328125,24.949834577211558,PRICE,TRAIN,2022-04
CPFE3.SA,BEAR_CALM,0.07716452363658552,1,MAX_DAYS,10,26.876802444458008,28.982990264892578,24.23752546687159,PRICE,TRAIN,2022-04
CSAN3.SA,BEAR_CALM,-0.09524489503899183,0,STOP_LOSS,4,19.629676818847656,17.783605922769798,17.783605922769798,PRICE,TRAIN,2022-04
CSAN3.SA,BEAR_CALM,-0.040352731248278005,0,MAX_DAYS,10,14.652165412902832,14.078493118286133,12.975481517284816,PRICE,TRAIN,2022-04
CSAN3.SA,BEAR_CALM,-0.028569867151413984,0,MAX_DAYS,10,14.087897300720215,13.702313423156738,12.65304348317526,PRICE,TRAIN,2022-04
CSAN3.SA,BEAR_CALM,0.050403806434403765,1,MAX_DAYS,10,13.486011505126953,14.181941032409668,12.051158322532213,PRICE,TRAIN,2022-04
CSAN3.SA,BEAR_CALM,0.06017426285805825,1,SIGNAL,5,14.097301483154297,14.962512969970703,13.265005626246136,PRICE,TEST,2022-04
CSNA3.SA,BEAR_CALM,0.06680829415331399,1,MAX_DAYS,10,10.086638450622559,10.772613525390625,8.616691069949475,PRICE,TRAIN,2022-04
CVCB3.SA,BEAR_CALM,-0.10119999999999998,0,HARD_STOP,9,11.936141967773438,10.742527770996094,9.563882078443255,PRICE,TRAIN,2022-04
CVCB3.SA,BEAR_CALM,-0.0508215723063711,0,MAX_DAYS,10,10.833642959594727,10.296060562133789,8.73082481111799,PRICE,TRAIN,2022-04
CVCB3.SA,BEAR_CALM,-0.07051616545924624,0,MAX_DAYS,10,9.8587064743042,9.175338745117188,7.953089441571917,PRICE,TRAIN,2022-04
CVCB3.SA,BEAR_CALM,0.03696789126127884,1,MAX_DAYS,10,6.032267093658447,6.262506008148193,4.830418995448522,PRICE,TRAIN,2022-04
CVCB3.SA,BEAR_CALM,-0.10119999999999998,0,HARD_STOP,7,3.0115280151367188,2.710375213623047,2.001107845987592,PRICE,TRAIN,2022-04
CVCB3.SA,BEAR_CALM,-0.00758974015580529,0,END_CLOSED,5,2.882594108581543,2.8641750812530518,1.9155900137765067,PRICE,TRAIN,2022-04
CVCB3.SA,BEAR_CALM,0.17084295687517667,1,SIGNAL,4,2.5694689750671387,3.0115280151367188,2.1734580993652344,PRICE,TEST,2022-04
CXSE3.SA,BEAR_CALM,0.018347543815818358,1,MAX_DAYS,10,5.735352039337158,5.847464084625244,5.229221103059485,PRICE,TRAIN,2022-04
CYRE3.SA,BEAR_CALM,0.01788133453446559,1,MAX_DAYS,10,12.540639877319336,12.779932022094727,11.0982584594904,PRICE,TRAIN,2022-04
DIRR3.SA,BEAR_CALM,-0.02265903424850737,0,MAX_DAYS,10,2.9127039909362793,2.8502001762390137,2.4889244640450605,PRICE,TRAIN,2022-04
ECOR3.SA,BEAR_CALM,-0.12152255405717086,0,STOP_LOSS,5,6.347917556762695,5.584119903388652,5.584119903388652,PRICE,TRAIN,2022-04
ECOR3.SA,BEAR_CALM,0.14192265416370828,1,MAX_DAYS,10,4.942372798919678,5.649738311767578,4.351807406748199,PRICE,TRAIN,2022-04
ECOR3.SA,BEAR_CALM,0.04414008144081647,1,MAX_DAYS,10,3.6539974212646484,3.8196699619293213,3.1471184730104707,PRICE,TRAIN,2022-04
EGIE3.SA,BEAR_CALM,0.043500313820434046,1,MAX_DAYS,10,22.421131134033203,23.423362731933594,21.097827514437164,PRICE,TRAIN,2022-04
ELET3.SA,BEAR_CALM,-0.08305045404757042,0,STOP_LOSS,5,34.82598876953125,31.97546577608953,31.97546577608953,PRICE,TRAIN,2022-04
ELET3.SA,BEAR_CALM,-0.10017898922291682,0,STOP_LOSS,6,29.613460540771484,26.682350149053192,26.682350149053192,PRICE,TRAIN,2022-04
ELET3.SA,BEAR_CALM,0.07269478962929385,1,END_CLOSED,5,27.1033992767334,29.106199264526367,23.81058429807174,PRICE,TRAIN,2022-04
ELET6.SA,BEAR_CALM,0.019504247565189294,1,MAX_DAYS,10,34.17709732055664,34.884708404541016,30.497835907064793,PRICE,TRAIN,2022-04
ELET6.SA,BEAR_CALM,-0.09486628944620593,0,STOP_LOSS,9,32.5259895324707,29.479400782398038,29.479400782398038,PRICE,TRAIN,2022-04
ELET6.SA,BEAR_CALM,0.051049550510576226,1,MAX_DAYS,10,28.0200138092041,29.484046936035156,25.559039378159092,PRICE,TRAIN,2022-04
ELET6.SA,BEAR_CALM,0.007698776853476509,1,END_CLOSED,2,29.2481746673584,29.508447647094727,25.771090314666097,PRICE,TRAIN,2022-04
EMBR3.SA,BEAR_CALM,-0.035898183769531154,0,MAX_DAYS,10,14.39518928527832,13.895702362060547,12.55708126443468,PRICE,TRAIN,2022-04
ENGI11.SA,BEAR_CALM,-0.0029915835711768132,0,MAX_DAYS,10,30.363914489746094,30.30951499938965,27.201400439195822,PRICE,TRAIN,2022-04
ENGI11.SA,BEAR_CALM,-0.03364224034165877,0,MAX_DAYS,10,29.944246292114258,28.972787857055664,27.351285227421215,PRICE,TRAIN,2022-04
ENGI11.SA,BEAR_CALM,0.10905121941963078,1,END_CLOSED,8,28.747413635253906,31.916851043701172,25.58823174262755,PRICE,TRAIN,2022-04
ENEV3.SA,BEAR_CALM,-0.007962461895349902,0,MAX_DAYS,10,11.829999923706055,11.75,10.533571107046946,PRICE,TRAIN,2022-04
ENEV3.SA,BEAR_CALM,-0.0392623285541547,0,MAX_DAYS,10,11.5600004196167,11.119999885559082,10.41357135772705,PRICE,TRAIN,2022-04
ENEV3.SA,BEAR_CALM,0.031115946641153115,1,MAX_DAYS,10,11.140000343322754,11.5,9.894999435969762,PRICE,TRAIN,2022-04
ENEV3.SA,BEAR_CALM,-0.04416154765830662,0,END_CLOSED,9,10.9399995803833,10.470000267028809,9.604999474116735,PRICE,TRAIN,2022-04
EZTC3.SA,BEAR_CALM,-0.07676081746419852,0,MAX_DAYS,10,14.006315231323242,12.947986602783203,12.231408753556058,PRICE,TRAIN,2022-04
EZTC3.SA,BEAR_CALM,0.08431823625801624,1,MAX_DAYS,10,13.245640754699707,14.378384590148926,11.759138212516987,PRICE,TRAIN,2022-04
EZTC3.SA,BEAR_CALM,-0.10119999999999998,0,HARD_STOP,6,12.128777503967285,10.915899753570557,10.221020916795812,PRICE,TRAIN,2022-04
EZTC3.SA,BEAR_CALM,0.04685490805043422,1,MAX_DAYS,10,11.042242050170898,11.5728759765625,9.26082623581615,PRICE,TRAIN,2022-04
EZTC3.SA,BEAR_CALM,0.11712046520427885,1,MAX_DAYS,10,11.033820152282715,12.339346885681152,9.38416149003826,PRICE,TRAIN,2022-04
EZTC3.SA,BEAR_CALM,0.17236031024426465,1,MAX_DAYS,10,10.38526725769043,12.187737464904785,8.901657456743248,PRICE,TRAIN,2022-04
FLRY3.SA,BEAR_CALM,-0.028807415173904415,0,MAX_DAYS,10,12.424869537353516,12.0818510055542,11.342458188291666,PRICE,TRAIN,2022-04
FLRY3.SA,BEAR_CALM,-0.08995731099124818,0,STOP_LOSS,6,11.594003677368164,10.564951087342322,10.564951087342322,PRICE,TRAIN,2022-04
FLRY3.SA,BEAR_CALM,0.041934287881964495,1,MAX_DAYS,10,10.912062644958496,11.382746696472168,9.847976929219907,PRICE,TRAIN,2022-04
FLRY3.SA,BEAR_CALM,0.0016289139004784581,1,SIGNAL,1,11.092490196228027,11.123869895935059,9.986380356371104,PRICE,TEST,2022-04
FLRY3.SA,BEAR_CALM,0.041872538588343035,1,SIGNAL,1,10.927750587463379,11.398436546325684,9.859294422919815,PRICE,TEST,2022-04
GOAU4.SA,BEAR_CALM,-0.005816983813621966,0,MAX_DAYS,10,7.886895656585693,7.850481986999512,7.052013615579197,PRICE,TRAIN,2022-04
HAPV3.SA,BEAR_CALM,-0.08505940303693463,0,MAX_DAYS,10,166.35000610351562,152.39999389648438,140.34000244140626,PRICE,TRAIN,2022-04
HAPV3.SA,BEAR_CALM,-0.07940302753665521,0,MAX_DAYS,10,90.1500015258789,83.0999984741211,73.08214242117745,PRICE,TRAIN,2022-04
HAPV3.SA,BEAR_CALM,0.24209507235599323,1,MAX_DAYS,10,78.29999542236328,97.3499984741211,62.582138606480186,PRICE,TRAIN,2022-04
HAPV3.SA,BEAR_CALM,-0.10119999999999998,0,HARD_STOP,5,69.5999984741211,62.63999862670899,55.68214280264718,PRICE,TRAIN,2022-04
HAPV3.SA,BEAR_CALM,0.11694348391211759,1,SIGNAL,2,35.54999923706055,39.75,24.637496948242188,PRICE,TEST,2022-04
HYPE3.SA,BEAR_CALM,-0.0012,0,END_CLOSED,0,33.946510314941406,33.946510314941406,31.272105958047874,PRICE,TRAIN,2022-04
IRBR3.SA,BEAR_CALM,-0.10119999999999998,0,HARD_STOP,7,77.9110107421875,70.11990966796876,67.53947194417317,PRICE,TRAIN,2022-04
IRBR3.SA,BEAR_CALM,-0.10119999999999998,0,HARD_STOP,6,65.96299743652344,59.36669769287109,58.01543617248535,PRICE,TRAIN,2022-04
IRBR3.SA,BEAR_CALM,0.1873245808971636,1,MAX_DAYS,10,60.735740661621094,72.18592071533203,51.93475014822823,PRICE,TRAIN,2022-04
IRBR3.SA,BEAR_CALM,-0.10119999999999998,0,HARD_STOP,2,31.799999237060547,28.619999313354494,26.657139233180455,PRICE,TRAIN,2022-04
IRBR3.SA,BEAR_CALM,-0.06064907771076502,0,MAX_DAYS,10,20.690000534057617,19.459999084472656,17.741428647722515,PRICE,TRAIN,2022-04
ITSA4.SA,BEAR_CALM,0.03159307477516813,1,MAX_DAYS,10,5.817100524902344,6.007861137390137,5.422256109405512,PRICE,TRAIN,2022-04
KLBN11.SA,BEAR_CALM,0.05311133541350719,1,SIGNAL,4,13.929817199707031,14.68636417388916,12.814496532397701,PRICE,TEST,2022-04
LREN3.SA,BEAR_CALM,0.010246998206537274,1,MAX_DAYS,10,19.145137786865234,19.36429214477539,16.520256378976008,PRICE,TRAIN,2022-04
LREN3.SA,BEAR_CALM,0.08355389433077884,1,MAX_DAYS,10,15.961974143981934,17.3148136138916,13.322039465465298,PRICE,TRAIN,2022-04
LREN3.SA,BEAR_CALM,-0.031042890827573853,0,MAX_DAYS,10,15.825881004333496,15.353590965270996,13.736576398213291,PRICE,TRAIN,2022-04
LREN3.SA,BEAR_CALM,-0.00015819068436320077,0,MAX_DAYS,10,15.369599342346191,15.385611534118652,13.266570960343662,PRICE,TRAIN,2022-04
LREN3.SA,BEAR_CALM,-0.10119999999999998,0,HARD_STOP,7,14.785235404968262,13.306711864471437,12.627314497764687,PRICE,TRAIN,2022-04
LREN3.SA,BEAR_CALM,-0.025920416181688298,0,END_CLOSED,5,13.742863655090332,13.4031343460083,11.558191029781119,PRICE,TRAIN,2022-04
LWSA3.SA,BEAR_CALM,-0.10119999999999998,0,HARD_STOP,1,9.465933799743652,8.519340419769287,7.849798538373978,PRICE,TRAIN,2022-04
LWSA3.SA,BEAR_CALM,-0.10119999999999998,0,HARD_STOP,5,8.600147247314453,7.740132522583008,6.833941455804016,PRICE,TRAIN,2022-04
LWSA3.SA,BEAR_CALM,-0.10119999999999987,0,HARD_STOP,3,4.906124114990234,4.4155117034912115,3.9743726038962603,PRICE,TRAIN,2022-04
LWSA3.SA,BEAR_CALM,0.3428892407247549,1,PROFIT_TARGET,8,4.6848673820495605,6.296879842435164,3.878861151856759,PRICE,TRAIN,2022-04
MRVE3.SA,BEAR_CALM,-0.07604216457857818,0,MAX_DAYS,10,10.652109146118164,9.85488224029541,9.34676990666708,PRICE,TRAIN,2022-04
MRVE3.SA,BEAR_CALM,-0.10119999999999998,0,HARD_STOP,6,9.97974967956543,8.981774711608887,8.818898937776089,PRICE,TRAIN,2022-04
MRVE3.SA,BEAR_CALM,0.06780105198060302,1,MAX_DAYS,10,9.32659912109375,9.970144271850586,7.949632704691761,PRICE,TRAIN,2022-04
MRVE3.SA,BEAR_CALM,0.005973628728830872,1,MAX_DAYS,10,6.96999979019165,7.019999980926514,5.774285418646676,PRICE,TRAIN,2022-04
MRVE3.SA,BEAR_CALM,-0.10119999999999998,0,HARD_STOP,5,6.900000095367432,6.210000085830688,5.890714475086757,PRICE,TRAIN,2022-04
MRVE3.SA,BEAR_CALM,0.015301634583630187,1,MAX_DAYS,10,6.059999942779541,6.159999847412109,5.0271429674966,PRICE,TRAIN,2022-04
MRVE3.SA,BEAR_CALM,0.1767660503263627,1,MAX_DAYS,10,5.900000095367432,6.949999809265137,5.05571436882019,PRICE,TRAIN,2022-04
MGLU3.SA,BEAR_CALM,-0.10119999999999998,0,HARD_STOP,5,34.86753463745117,31.380781173706055,27.843436585827483,PRICE,TRAIN,2022-04
MGLU3.SA,BEAR_CALM,-0.10119999999999998,0,HARD_STOP,3,29.87348747253418,26.886138725280762,23.822256580377395,PRICE,TRAIN,2022-04
MGLU3.SA,BEAR_CALM,0.17271309453215364,1,SIGNAL,4,29.23788070678711,34.322731018066406,23.51742544952633,PRICE,TEST,2022-04
PCAR3.SA,BEAR_CALM,0.07398246330738009,1,END_CLOSED,5,13.699999809265137,14.729999542236328,12.08642864227295,PRICE,TRAIN,2022-04
PCAR3.SA,BEAR_CALM,0.041891663431762406,1,SIGNAL,4,14.619999885559082,15.25,13.375,PRICE,TEST,2022-04
PETR3.SA,BEAR_CALM,0.05947242011674612,1,SIGNAL,4,16.65680503845215,17.66741371154785,15.195681458595182,PRICE,TEST,2022-04
PETR4.SA,BEAR_CALM,0.056072424388257415,1,SIGNAL,4,14.168882369995117,14.980368614196777,12.977925120645732,PRICE,TEST,2022-04
RADL3.SA,BEAR_CALM,-0.06676779835849891,0,STOP_LOSS,9,20.051944732666016,18.737182863738806,18.737182863738806,PRICE,TRAIN,2022-04
RAIL3.SA,BEAR_CALM,-0.05190255709827465,0,MAX_DAYS,10,15.563650131225586,14.77453327178955,13.939275940826658,PRICE,TRAIN,2022-04
RDOR3.SA,BEAR_CALM,-0.09291548564296728,0,STOP_LOSS,7,42.53172302246094,38.63090539022376,38.63090539022376,PRICE,TRAIN,2022-04
RDOR3.SA,BEAR_CALM,-0.048070683140331937,0,MAX_DAYS,10,32.76498031616211,31.229263305664062,28.462842744535635,PRICE,TRAIN,2022-04
RDOR3.SA,BEAR_CALM,0.009266395594550537,1,END_CLOSED,4,19.884624481201172,20.092744827270508,16.235821724732222,PRICE,TRAIN,2022-04
RAIZ4.SA,BEAR_CALM,0.1559429937115576,1,MAX_DAYS,10,3.7409520149230957,4.3288164138793945,3.1397273260662515,PRICE,TRAIN,2022-04
RAIZ4.SA,BEAR_CALM,0.008636064459724847,1,MAX_DAYS,10,2.806708335876465,2.834315299987793,2.4083792345920925,PRICE,TRAIN,2022-04
RAIZ4.SA,BEAR_CALM,-0.04080387150295852,0,MAX_DAYS,10,2.7883036136627197,2.6778759956359863,2.3288448590607764,PRICE,TRAIN,2022-04
RAIZ4.SA,BEAR_CALM,-0.10119999999999998,0,HARD_STOP,3,2.7054827213287354,2.434934449195862,2.3051816942168593,PRICE,TRAIN,2022-04
RAIZ4.SA,BEAR_CALM,-0.1012000000000001,0,HARD_STOP,6,2.4938294887542725,2.244446539878845,2.1014160406238207,PRICE,TRAIN,2022-04
RAIZ4.SA,BEAR_CALM,0.035163694361267296,1,END_CLOSED,2,2.6159846782684326,2.711111545562744,2.230568256007561,PRICE,TRAIN,2022-04
RENT3.SA,BEAR_CALM,-0.008100594035100238,0,MAX_DAYS,10,46.74205017089844,46.41950225830078,42.40717554887183,PRICE,TRAIN,2022-04
SBSP3.SA,BEAR_CALM,-0.027668758445860718,0,MAX_DAYS,10,46.09803009033203,44.877872467041016,42.160233013628336,PRICE,TEST,2022-04
SANB11.SA,BEAR_CALM,0.007818684100259078,1,MAX_DAYS,10,22.363859176635742,22.5655517578125,20.77335415922655,PRICE,TRAIN,2022-04
SANB11.SA,BEAR_CALM,0.08249247904675502,1,MAX_DAYS,10,22.46067237854004,24.34046173095703,20.899559522923205,PRICE,TRAIN,2022-04
SANB11.SA,BEAR_CALM,0.02838110809711867,1,END_CLOSED,4,21.976823806762695,22.626922607421875,20.133259800309823,PRICE,TRAIN,2022-04
SMFT3.SA,BEAR_CALM,-0.10119999999999998,0,HARD_STOP,5,15.904923439025879,14.314431095123291,13.682355591929612,PRICE,TRAIN,2022-04
SMFT3.SA,BEAR_CALM,-0.10119999999999998,0,HARD_STOP,8,14.644950866699219,13.180455780029297,12.081953874492088,PRICE,TRAIN,2022-04
SMFT3.SA,BEAR_CALM,-0.10119999999999998,0,HARD_STOP,7,12.910199165344238,11.619179248809814,10.6661108784126,PRICE,TRAIN,2022-04
SMFT3.SA,BEAR_CALM,0.048653394591390155,1,MAX_DAYS,10,9.340264320373535,9.805908203125,7.563775651054614,PRICE,TRAIN,2022-04
SMFT3.SA,BEAR_CALM,0.18519311220603427,1,MAX_DAYS,10,9.79677677154541,11.622828483581543,8.202240969588626,PRICE,TRAIN,2022-04
SUZB3.SA,BEAR_CALM,-0.022579388049810432,0,MAX_DAYS,10,45.77410888671875,44.79548645019531,42.17950773343243,PRICE,TRAIN,2022-04
SUZB3.SA,BEAR_CALM,-0.028590799186175707,0,MAX_DAYS,10,40.075157165527344,38.97746658325195,36.583362431749194,PRICE,TEST,2022-04
SUZB3.SA,BEAR_CALM,0.07328457059905111,1,MAX_DAYS,10,36.71584701538086,39.45061111450195,33.30719260416501,PRICE,TEST,2022-04
TIMS3.SA,BEAR_CALM,-0.0448301904520382,0,MAX_DAYS,10,8.668103218078613,8.289912223815918,7.99870768183599,PRICE,TRAIN,2022-04
TIMS3.SA,BEAR_CALM,0.1256113322723532,1,MAX_DAYS,10,8.350424766540527,9.409353256225586,7.724791347942833,PRICE,TRAIN,2022-04
VALE3.SA,BEAR_CALM,0.06169113485329434,1,MAX_DAYS,10,50.16706466674805,53.32212829589844,45.44956689953064,PRICE,TRAIN,2022-04
VBBR3.SA,BEAR_CALM,-0.09022019312180887,0,STOP_LOSS,9,15.82684326171875,14.417934618051948,14.417934618051948,PRICE,TRAIN,2022-04
VBBR3.SA,BEAR_CALM,0.03782454632231778,1,MAX_DAYS,10,11.087823867797852,11.52052116394043,9.73344241829125,PRICE,TRAIN,2022-04
VBBR3.SA,BEAR_CALM,-0.11466290005710358,0,STOP_LOSS,4,11.134184837341309,9.870867935924734,9.870867935924734,PRICE,TRAIN,2022-04
VBBR3.SA,BEAR_CALM,0.05554866557773117,1,MAX_DAYS,10,10.0756254196167,10.647403717041016,8.89923438248262,PRICE,TEST,2022-04
USIM5.SA,BEAR_CALM,-0.10541443953018373,0,STOP_LOSS,9,11.415972709655762,10.226263512027113,10.226263512027113,PRICE,TRAIN,2022-04
USIM5.SA,BEAR_CALM,-0.10119999999999998,0,HARD_STOP,1,9.930200576782227,8.937180519104004,8.386322946080169,PRICE,TRAIN,2022-04
USIM5.SA,BEAR_CALM,0.13050726231107443,1,MAX_DAYS,10,7.560598373413086,8.556384086608887,6.588521302891049,PRICE,TRAIN,2022-04
USIM5.SA,BEAR_CALM,0.09669163230398867,1,END_CLOSED,6,6.1222405433654785,6.721556663513184,5.480116382046902,PRICE,TRAIN,2022-04
USIM5.SA,BEAR_CALM,0.07840892624022064,1,SIGNAL,4,6.601693153381348,7.127246856689453,6.159121283316464,PRICE,TEST,2022-04
WEGE3.SA,BEAR_CALM,-0.08586821779112766,0,MAX_DAYS,10,24.407840728759766,22.341272354125977,22.177702919798126,PRICE,TRAIN,2022-04
YDUQ3.SA,BEAR_CALM,0.20247841237052353,1,MAX_DAYS,10,13.6885404586792,16.476600646972656,11.348141543240386,PRICE,TRAIN,2022-04
YDUQ3.SA,BEAR_CALM,-0.10119999999999998,0,HARD_STOP,3,9.725577354431152,8.753019618988038,7.9272575807226335,PRICE,TRAIN,2022-04
YDUQ3.SA,BEAR_CALM,-0.0055056740108261545,0,MAX_DAYS,10,8.662569999694824,8.625271797180176,7.034091557103469,PRICE,TRAIN,2022-04
YDUQ3.SA,BEAR_CALM,0.08970897296764332,1,MAX_DAYS,10,8.821088790893555,9.623004913330078,7.4983247294602595,PRICE,TRAIN,2022-04
YDUQ3.SA,BEAR_CALM,-0.10119999999999998,0,HARD_STOP,7,8.392156600952148,7.552940940856934,7.081382277565807,PRICE,TRAIN,2022-04
YDUQ3.SA,BEAR_CALM,-0.10119999999999998,0,HARD_STOP,6,7.795380115509033,7.01584210395813,6.220851888110355,PRICE,TRAIN,2022-04
YDUQ3.SA,BEAR_CALM,-0.13594230847540015,0,MAX_DAYS,10,7.0587358474731445,6.107625484466553,5.899819100029597,PRICE,TRAIN,2022-04
YDUQ3.SA,BEAR_CALM,-0.10119999999999987,0,HARD_STOP,3,6.74169921875,6.0675292968750005,5.125210173132001,PRICE,TRAIN,2022-04
YDUQ3.SA,BEAR_CALM,-0.034121783275711935,0,END_CLOSED,1,6.797646522521973,6.573855876922607,5.267077115503486,PRICE,TRAIN,2022-04
ABEV3.SA,BEAR_CALM,0.02877066963226347,1,SIGNAL,1,11.256987571716309,11.594367027282715,10.392963482672538,PRICE,TRAIN,2022-07
AURE3.SA,BEAR_CALM,0.035564677576874405,1,SIGNAL,3,10.65268611907959,11.044328689575195,9.818485633962617,PRICE,TRAIN,2022-07
ASAI3.SA,BEAR_CALM,0.10510944369234818,1,MAX_DAYS,10,11.363585472106934,12.57164192199707,9.50730324821008,PRICE,TRAIN,2022-07
ASAI3.SA,BEAR_CALM,0.006882394232803214,1,SIGNAL,1,13.36719036102295,13.475229263305664,12.247528198916056,PRICE,TEST,2022-07
ASAI3.SA,BEAR_CALM,0.04891930058525582,1,MAX_DAYS,10,12.345745086669922,12.964505195617676,10.86955924745387,PRICE,TEST,2022-07
B3SA3.SA,BEAR_CALM,-0.12439503479738004,0,STOP_LOSS,8,10.079018592834473,8.83733354656679,8.83733354656679,PRICE,TRAIN,2022-07
B3SA3.SA,BEAR_CALM,0.1044830849554331,1,MAX_DAYS,10,9.123873710632324,10.088112831115723,7.913200283296024,PRICE,TRAIN,2022-07
BBDC3.SA,BEAR_CALM,0.015667506106461816,1,END_CLOSED,4,10.149397850036621,10.320592880249023,9.602622255226704,PRICE,TEST,2022-07
BBDC4.SA,BEAR_CALM,-0.08452680752475342,0,STOP_LOSS,4,11.517613410949707,10.557887455110983,10.557887455110983,PRICE,TRAIN,2022-07
BBDC4.SA,BEAR_CALM,0.08591371079637908,1,MAX_DAYS,10,10.777987480163574,11.716897964477539,9.644282176870508,PRICE,TRAIN,2022-07
BBSE3.SA,BEAR_CALM,0.01666308713435103,1,END_CLOSED,8,23.72156524658203,24.145305633544922,22.478931697863345,PRICE,TRAIN,2022-07
BBSE3.SA,BEAR_CALM,0.026066793619076246,1,MAX_DAYS,10,23.8863525390625,24.537656784057617,22.579822159995754,PRICE,TEST,2022-07
BPAC11.SA,BEAR_CALM,-0.02998987259729515,0,MAX_DAYS,10,20.199501037597656,19.61795997619629,17.705233196596204,PRICE,TRAIN,2022-07
BEEF3.SA,BEAR_CALM,0.027219142229780148,1,MAX_DAYS,10,10.691307067871094,10.995144844055176,9.069706458888335,PRICE,TRAIN,2022-07
BEEF3.SA,BEAR_CALM,0.14213341090041584,1,MAX_DAYS,10,8.852279663085938,10.12110710144043,7.7192429021772515,PRICE,TRAIN,2022-07
BEEF3.SA,BEAR_CALM,-0.058761016677395216,0,MAX_DAYS,10,10.08176326751709,9.501446723937988,9.004735152587497,PRICE,TEST,2022-07
BRAP4.SA,BEAR_CALM,-0.041574012693343286,0,MAX_DAYS,10,15.739069938659668,15.103620529174805,14.240748653826694,PRICE,TRAIN,2022-07
BRAP4.SA,BEAR_CALM,0.05229777793134103,1,MAX_DAYS,10,14.628705978393555,15.411309242248535,13.334397911331132,PRICE,TRAIN,2022-07
BRAP4.SA,BEAR_CALM,0.027294016588988647,1,MAX_DAYS,10,16.636911392211914,17.110963821411133,16.0725635345405,PRICE,TEST,2022-07
BRKM5.SA,BEAR_CALM,0.02106179966078745,1,MAX_DAYS,10,22.459999084472656,22.959999084472656,19.442856243678502,PRICE,TRAIN,2022-07
COGN3.SA,BEAR_CALM,0.08617865693406021,1,MAX_DAYS,10,2.0056746006011963,2.1809277534484863,1.6593409133016332,PRICE,TRAIN,2022-07
CSAN3.SA,BEAR_CALM,0.009210557253548891,1,MAX_DAYS,10,16.260330200195312,16.429609298706055,14.981322714303023,PRICE,TRAIN,2022-07
CSAN3.SA,BEAR_CALM,0.13884220821783563,1,MAX_DAYS,10,13.363753318786621,15.23524284362793,12.043768829388343,PRICE,TRAIN,2022-07
CSNA3.SA,BEAR_CALM,0.04485262738739735,1,SIGNAL,1,10.478035926818848,10.960577011108398,9.741298832968074,PRICE,TEST,2022-07
CVCB3.SA,BEAR_CALM,-0.10119999999999987,0,HARD_STOP,5,2.670773983001709,2.4036965847015384,2.1083324296133856,PRICE,TRAIN,2022-07
CVCB3.SA,BEAR_CALM,0.15688804633977801,1,MAX_DAYS,10,2.505002021789551,2.901012897491455,1.970189469201224,PRICE,TRAIN,2022-07
CVCB3.SA,BEAR_CALM,-0.08667000419168394,0,STOP_LOSS,2,3.509999990463257,3.2100002765655518,3.2100002765655518,PRICE,TEST,2022-07
CVCB3.SA,BEAR_CALM,-0.04300060463260349,0,MAX_DAYS,10,3.109999895095825,2.9800000190734863,2.6081818017092617,PRICE,TEST,2022-07
CVCB3.SA,BEAR_CALM,-0.10119999999999998,0,HARD_STOP,4,2.880000114440918,2.5920001029968263,2.483571563448225,PRICE,TEST,2022-07
CVCB3.SA,BEAR_CALM,-0.10119999999999987,0,HARD_STOP,9,2.509999990463257,2.2589999914169314,2.090000033378601,PRICE,TEST,2022-07
CVCB3.SA,BEAR_CALM,0.041535105435526055,1,MAX_DAYS,10,2.3399999141693115,2.440000057220459,1.980000002043588,PRICE,TEST,2022-07
CYRE3.SA,BEAR_CALM,0.02223093220186354,1,SIGNAL,1,10.590858459472656,10.839012145996094,9.527342326235537,PRICE,TRAIN,2022-07
CXSE3.SA,BEAR_CALM,-0.014396528771573068,0,MAX_DAYS,10,5.086697578430176,5.019570827484131,4.818191828333566,PRICE,TRAIN,2022-07
DIRR3.SA,BEAR_CALM,0.019151534443399322,1,SIGNAL,1,2.7026896476745605,2.7576935291290283,2.282660914490635,PRICE,TRAIN,2022-07
ECOR3.SA,BEAR_CALM,-0.05093370329435689,0,MAX_DAYS,10,5.172037124633789,4.9148125648498535,4.607063125881461,PRICE,TRAIN,2022-07
ECOR3.SA,BEAR_CALM,0.044340897139205505,1,MAX_DAYS,10,4.841320037841797,5.061798095703125,4.218046484930165,PRICE,TRAIN,2022-07
ELET6.SA,BEAR_CALM,0.019504247565189294,1,MAX_DAYS,10,34.17709732055664,34.884708404541016,30.497835907064793,PRICE,TRAIN,2022-07
ELET6.SA,BEAR_CALM,0.051049550510576226,1,MAX_DAYS,10,28.0200138092041,29.484046936035156,25.559039378159092,PRICE,TRAIN,2022-07
ELET3.SA,BEAR_CALM,0.030738010811658924,1,MAX_DAYS,10,28.20537567138672,29.106199264526367,25.032503008721456,PRICE,TRAIN,2022-07
ELET3.SA,BEAR_CALM,-0.006015722765065144,0,MAX_DAYS,10,29.525999069213867,29.38381004333496,26.831025787067446,PRICE,TRAIN,2022-07
EMBR3.SA,BEAR_CALM,-0.03290527895041886,0,MAX_DAYS,10,11.658005714416504,11.288385391235352,10.234470674931035,PRICE,TRAIN,2022-07
EZTC3.SA,BEAR_CALM,-0.10119999999999998,0,HARD_STOP,6,12.128777503967285,10.915899753570557,10.221020916795812,PRICE,TRAIN,2022-07
EZTC3.SA,BEAR_CALM,0.04685490805043422,1,MAX_DAYS,10,11.042242050170898,11.5728759765625,9.26082623581615,PRICE,TRAIN,2022-07
HAPV3.SA,BEAR_CALM,-0.10119999999999998,0,HARD_STOP,5,69.5999984741211,62.63999862670899,55.68214280264718,PRICE,TRAIN,2022-07
HAPV3.SA,BEAR_CALM,0.18213329094780825,1,MAX_DAYS,10,36.0,42.599998474121094,26.067855834960938,PRICE,TRAIN,2022-07
HAPV3.SA,BEAR_CALM,-0.033607327280444486,0,MAX_DAYS,10,64.79999542236328,62.70000076293945,53.55000114440918,PRICE,TEST,2022-07
GOAU4.SA,BEAR_CALM,-0.003883457866101468,0,END_CLOSED,3,9.510238647460938,9.484718322753906,8.8995943842051,PRICE,TEST,2022-07
HYPE3.SA,BEAR_CALM,-0.023303653119033395,0,MAX_DAYS,10,33.81144332885742,33.0640869140625,30.331590390312332,PRICE,TRAIN,2022-07
HYPE3.SA,BEAR_CALM,0.05223297177725681,1,MAX_DAYS,10,33.703399658203125,35.5042724609375,30.83614848147072,PRICE,TRAIN,2022-07
IGTI11.SA,BEAR_CALM,0.03996360865386137,1,SIGNAL,2,16.730188369750977,17.41886329650879,14.994731998243065,PRICE,TRAIN,2022-07
IRBR3.SA,BEAR_CALM,-0.10119999999999998,0,HARD_STOP,2,31.799999237060547,28.619999313354494,26.657139233180455,PRICE,TRAIN,2022-07
IRBR3.SA,BEAR_CALM,-0.06064907771076502,0,MAX_DAYS,10,20.690000534057617,19.459999084472656,17.741428647722515,PRICE,TRAIN,2022-07
ITSA4.SA,BEAR_CALM,0.03875152540314839,1,MAX_DAYS,10,5.20723295211792,5.41526985168457,4.936155056923228,PRICE,TRAIN,2022-07
ITUB4.SA,BEAR_CALM,0.008520770992196704,1,MAX_DAYS,10,16.4725341796875,16.632659912109375,15.304264006437696,PRICE,TRAIN,2022-07
KLBN11.SA,BEAR_CALM,-0.06511997067077382,0,STOP_LOSS,5,14.652318000793457,13.715742263923888,13.715742263923888,PRICE,TRAIN,2022-07
KLBN11.SA,BEAR_CALM,0.07609707250066164,1,MAX_DAYS,10,13.621501922607422,14.67440414428711,12.639547251191516,PRICE,TRAIN,2022-07
LREN3.SA,BEAR_CALM,0.034839995651047985,1,SIGNAL,2,18.157072067260742,18.811452865600586,15.803671266240286,PRICE,TRAIN,2022-07
LREN3.SA,BEAR_CALM,-0.10119999999999998,0,HARD_STOP,9,12.982518196105957,11.684266376495362,10.654678395423387,PRICE,TRAIN,2022-07
LREN3.SA,BEAR_CALM,0.2180754600775506,1,MAX_DAYS,10,12.505278587341309,15.247379302978516,10.706099034582115,PRICE,TRAIN,2022-07
LREN3.SA,BEAR_CALM,0.007182778627643806,1,SIGNAL,1,16.545429229736328,16.684125900268555,14.844381278232483,PRICE,TEST,2022-07
LREN3.SA,BEAR_CALM,-0.10119999999999998,0,HARD_STOP,6,16.15382194519043,14.538439750671387,14.195782166096354,PRICE,TEST,2022-07
MRVE3.SA,BEAR_CALM,0.04264902906109045,1,SIGNAL,2,8.08272647857666,8.437146186828613,6.51737576873863,PRICE,TRAIN,2022-07
MGLU3.SA,BEAR_CALM,-0.09467181750499501,0,STOP_LOSS,4,30.59989356994629,27.739665902504,27.739665902504,PRICE,TEST,2022-07
MGLU3.SA,BEAR_CALM,0.0020679870919796187,1,MAX_DAYS,10,27.785066604614258,27.87586784362793,23.387709054128184,PRICE,TEST,2022-07
PCAR3.SA,BEAR_CALM,0.056464231595007776,1,MAX_DAYS,10,13.699999809265137,14.489999771118164,12.08642864227295,PRICE,TRAIN,2022-07
PCAR3.SA,BEAR_CALM,0.21739474026622738,1,MAX_DAYS,10,14.09000015258789,17.170000076293945,12.174285343715123,PRICE,TRAIN,2022-07
RADL3.SA,BEAR_CALM,0.0423618002386422,1,SIGNAL,2,17.009641647338867,17.750612258911133,15.93348487405624,PRICE,TRAIN,2022-07
RAIL3.SA,BEAR_CALM,0.010085230577273264,1,SIGNAL,1,15.164337158203125,15.335470199584961,13.96640182701805,PRICE,TRAIN,2022-07
RAIL3.SA,BEAR_CALM,0.050458191416338095,1,MAX_DAYS,10,14.907636642456055,15.677738189697266,13.773876095909335,PRICE,TRAIN,2022-07
RDOR3.SA,BEAR_CALM,0.23495371130723205,1,MAX_DAYS,10,24.437480926513672,30.20848274230957,20.685343479530214,PRICE,TRAIN,2022-07
RDOR3.SA,BEAR_CALM,0.00011725076058919487,1,MAX_DAYS,10,21.540103912353516,21.568477630615234,18.0109002621914,PRICE,TRAIN,2022-07
RDOR3.SA,BEAR_CALM,-0.04233205166998768,0,END_CLOSED,6,25.068628311157227,24.037504196166992,22.50433085525138,PRICE,TEST,2022-07
RECV3.SA,BEAR_CALM,-0.10119999999999998,0,HARD_STOP,9,15.97932243347168,14.381390190124511,14.06471387662466,PRICE,TRAIN,2022-07
RECV3.SA,BEAR_CALM,-0.04135181064718487,0,MAX_DAYS,10,14.557401657104492,13.972895622253418,12.780009438840176,PRICE,TRAIN,2022-07
RECV3.SA,BEAR_CALM,0.015324297511655073,1,MAX_DAYS,10,13.862310409545898,14.091375350952148,11.900599624750985,PRICE,TRAIN,2022-07
RECV3.SA,BEAR_CALM,0.07503833535939583,1,MAX_DAYS,10,14.194058418273926,15.276189804077148,12.794286935405038,PRICE,TRAIN,2022-07
RENT3.SA,BEAR_CALM,0.06101553746229103,1,SIGNAL,3,46.72529983520508,49.63233947753906,43.89359548274156,PRICE,TRAIN,2022-07
SANB11.SA,BEAR_CALM,-0.06976948743773484,0,STOP_LOSS,7,23.178701400756836,21.589349726234634,21.589349726234634,PRICE,TRAIN,2022-07
SLCE3.SA,BEAR_CALM,-0.039976235696246774,0,MAX_DAYS,10,17.008285522460938,16.34876823425293,15.545506842452511,PRICE,TRAIN,2022-07
SLCE3.SA,BEAR_CALM,-0.008332518106810037,0,MAX_DAYS,10,16.25139808654785,16.13548469543457,14.54191652558638,PRICE,TRAIN,2022-07
SLCE3.SA,BEAR_CALM,0.011061305353786334,1,MAX_DAYS,10,16.260671615600586,16.46004867553711,15.080317934548201,PRICE,TRAIN,2022-07
SLCE3.SA,BEAR_CALM,0.06221048728128973,1,MAX_DAYS,10,16.232852935791016,17.26218605041504,15.044550305833996,PRICE,TRAIN,2022-07
SUZB3.SA,BEAR_CALM,-0.08238796271527218,0,STOP_LOSS,6,45.05120086669922,41.39358565045541,41.39358565045541,PRICE,TRAIN,2022-07
SUZB3.SA,BEAR_CALM,-0.09587716896961476,0,STOP_LOSS,7,38.95854187011719,35.27005741867029,35.27005741867029,PRICE,TRAIN,2022-07
SUZB3.SA,BEAR_CALM,0.08932366963929281,1,MAX_DAYS,10,37.94601821899414,41.38103103637695,34.466393526548856,PRICE,TRAIN,2022-07
TOTS3.SA,BEAR_CALM,0.10364822491703504,1,MAX_DAYS,10,24.33066749572754,26.881694793701172,21.546045073345,PRICE,TRAIN,2022-07
UGPA3.SA,BEAR_CALM,0.011436981618625587,1,MAX_DAYS,10,10.34327220916748,10.473979949951172,9.49367662595038,PRICE,TRAIN,2022-07
VALE3.SA,BEAR_CALM,0.039123693307391606,1,MAX_DAYS,10,50.48656463623047,52.522369384765625,44.789281585800964,PRICE,TRAIN,2022-07
VALE3.SA,BEAR_CALM,0.021865135289654038,1,MAX_DAYS,10,52.81137466430664,54.029476165771484,49.782137768806265,PRICE,TEST,2022-07
USIM5.SA,BEAR_CALM,0.1664736639705163,1,MAX_DAYS,10,6.103800296783447,7.127246856689453,5.499215766986444,PRICE,TRAIN,2022-07
VBBR3.SA,BEAR_CALM,0.0030787225828555545,1,MAX_DAYS,10,12.097002983093262,12.148762702941895,10.899132872699315,PRICE,TRAIN,2022-07
VBBR3.SA,BEAR_CALM,-0.022809434655000314,0,MAX_DAYS,10,10.369239807128906,10.145166397094727,9.226790600792235,PRICE,TRAIN,2022-07
VIVT3.SA,BEAR_CALM,0.00740033406313554,1,MAX_DAYS,10,19.268573760986328,19.434289932250977,17.547197809300492,PRICE,TRAIN,2022-07
YDUQ3.SA,BEAR_CALM,0.10991122090703173,1,SIGNAL,2,11.581174850463867,12.867973327636719,9.860782680889722,PRICE,TRAIN,2022-07
YDUQ3.SA,BEAR_CALM,-0.10119999999999998,0,HARD_STOP,3,9.725577354431152,8.753019618988038,7.9272575807226335,PRICE,TRAIN,2022-07
YDUQ3.SA,BEAR_CALM,-0.0055056740108261545,0,MAX_DAYS,10,8.662569999694824,8.625271797180176,7.034091557103469,PRICE,TRAIN,2022-07
WEGE3.SA,BEAR_CALM,0.01880772064158074,1,SIGNAL,1,24.699594497680664,25.193777084350586,22.58768110315863,PRICE,TRAIN,2022-07
WEGE3.SA,BEAR_CALM,0.12307670818154945,1,PROFIT_TARGET,10,34.40618133544922,38.68206829291631,32.26823785671567,PRICE,TEST,2022-07
ASAI3.SA,BEAR_CALM,-0.059511559837521454,0,MAX_DAYS,10,11.285013198852539,10.62696647644043,10.003293767720741,PRICE,TEST,2022-10
ABEV3.SA,BEAR_CALM,-0.01101865506211621,0,END_CLOSED,6,11.46897029876709,11.35636043548584,10.856416878194125,PRICE,TRAIN,2022-10
AURE3.SA,BEAR_CALM,0.06030511803351355,1,MAX_DAYS,10,10.825008392333984,11.490801811218262,9.83284623204062,PRICE,TRAIN,2022-10
AZUL4.SA,BEAR_CALM,0.00424744690631771,1,MAX_DAYS,10,12.850000381469727,12.920000076293945,9.700001239776611,PRICE,TEST,2022-10
B3SA3.SA,BEAR_CALM,-0.03253148612075787,0,MAX_DAYS,10,10.864888191223145,10.52447509765625,9.31883797104989,PRICE,TEST,2022-10
BBDC3.SA,BEAR_CALM,0.015667506106461816,1,END_CLOSED,4,10.149397850036621,10.320592880249023,9.602622255226704,PRICE,TRAIN,2022-10
BBDC3.SA,BEAR_CALM,0.03795152402193378,1,SIGNAL,5,10.008367538452148,10.4002103805542,9.38102440170439,PRICE,TEST,2022-10
BBDC4.SA,BEAR_CALM,-0.08452680752475342,0,STOP_LOSS,4,11.517613410949707,10.557887455110983,10.557887455110983,PRICE,TRAIN,2022-10
BBDC4.SA,BEAR_CALM,0.08591371079637908,1,MAX_DAYS,10,10.777987480163574,11.716897964477539,9.644282176870508,PRICE,TRAIN,2022-10
BBDC4.SA,BEAR_CALM,0.0325884186140367,1,SIGNAL,1,11.408697128295898,11.79417896270752,10.708023563068222,PRICE,TEST,2022-10
BBSE3.SA,BEAR_CALM,0.04511150190416733,1,MAX_DAYS,10,23.72156524658203,24.820146560668945,22.478931697863345,PRICE,TRAIN,2022-10
BEEF3.SA,BEAR_CALM,0.027219142229780148,1,MAX_DAYS,10,10.691307067871094,10.995144844055176,9.069706458888335,PRICE,TRAIN,2022-10
BEEF3.SA,BEAR_CALM,-0.007342529315232625,0,END_CLOSED,3,8.140000343322754,8.09000015258789,7.390000752040319,PRICE,TRAIN,2022-10
BEEF3.SA,BEAR_CALM,-0.05286052526222231,0,MAX_DAYS,10,8.130000114440918,7.710000038146973,7.424999713897705,PRICE,TEST,2022-10
BEEF3.SA,BEAR_CALM,0.04303591447970354,1,MAX_DAYS,10,7.460000038146973,7.789999961853027,6.776923106266902,PRICE,TEST,2022-10
BEEF3.SA,BEAR_CALM,0.029591793674664447,1,MAX_DAYS,10,6.820000171661377,7.03000020980835,5.962857110159738,PRICE,TEST,2022-10
BRAP4.SA,BEAR_CALM,-0.030439755412705403,0,MAX_DAYS,10,16.727209091186523,16.238109588623047,15.959699247807356,PRICE,TEST,2022-10
BRAP4.SA,BEAR_CALM,0.11836143965309484,1,PROFIT_TARGET,10,16.004844665527344,17.918406935161947,15.048063530710042,PRICE,TEST,2022-10
BRKM5.SA,BEAR_CALM,0.02106179966078745,1,MAX_DAYS,10,22.459999084472656,22.959999084472656,19.442856243678502,PRICE,TRAIN,2022-10
BRKM5.SA,BEAR_CALM,-0.09355437354323684,0,STOP_LOSS,9,18.8700008392334,17.127273732965644,17.127273732965644,PRICE,TEST,2022-10
COGN3.SA,BEAR_CALM,0.08617865693406021,1,MAX_DAYS,10,2.0056746006011963,2.1809277534484863,1.6593409133016332,PRICE,TRAIN,2022-10
COGN3.SA,BEAR_CALM,-0.0012,0,MAX_DAYS,10,2.424334764480591,2.424334764480591,2.0913534643822733,PRICE,TEST,2022-10
CSAN3.SA,BEAR_CALM,-0.10119999999999998,0,HARD_STOP,4,17.181968688964844,15.46377182006836,14.47347840114692,PRICE,TRAIN,2022-10
CPLE6.SA,BEAR_CALM,0.09316838210447806,1,MAX_DAYS,10,5.801187038421631,6.348635673522949,5.361462933221689,PRICE,TRAIN,2022-10
CSNA3.SA,BEAR_CALM,-0.04357280902381535,0,MAX_DAYS,10,10.167830467224121,9.736990928649902,9.379391974039894,PRICE,TEST,2022-10
CSNA3.SA,BEAR_CALM,0.12502218365775683,1,MAX_DAYS,10,9.693906784057617,10.917492866516113,8.96611835926717,PRICE,TEST,2022-10
CVCB3.SA,BEAR_CALM,-0.04648306402231386,0,MAX_DAYS,10,2.6500000953674316,2.5299999713897705,2.2214286157063077,PRICE,TRAIN,2022-10
CVCB3.SA,BEAR_CALM,-0.1012000000000001,0,HARD_STOP,2,2.430000066757202,2.187000060081482,2.0485715014593944,PRICE,TRAIN,2022-10
CVCB3.SA,BEAR_CALM,0.041535105435526055,1,MAX_DAYS,10,2.3399999141693115,2.440000057220459,1.980000002043588,PRICE,TRAIN,2022-10
CVCB3.SA,BEAR_CALM,0.11619129848876816,1,MAX_DAYS,10,2.299999952316284,2.569999933242798,1.7921428339821952,PRICE,TRAIN,2022-10
CVCB3.SA,BEAR_CALM,0.07411373240079419,1,SIGNAL,1,2.390000104904175,2.569999933242798,1.834999918937683,PRICE,TEST,2022-10
ECOR3.SA,BEAR_CALM,-0.04492629202306755,0,MAX_DAYS,10,4.832134246826172,4.620842933654785,4.217946542892308,PRICE,TRAIN,2022-10
EGIE3.SA,BEAR_CALM,0.018949790325739714,1,MAX_DAYS,10,22.74908447265625,23.207473754882812,20.664288758615825,PRICE,TRAIN,2022-10
EGIE3.SA,BEAR_CALM,0.034448733462435356,1,MAX_DAYS,10,22.419981002807617,23.21922492980957,21.243781556526024,PRICE,TRAIN,2022-10
ELET3.SA,BEAR_CALM,0.030738010811658924,1,MAX_DAYS,10,28.20537567138672,29.106199264526367,25.032503008721456,PRICE,TRAIN,2022-10
ELET3.SA,BEAR_CALM,-0.04454280645973099,0,MAX_DAYS,10,31.073951721191406,29.72711944580078,28.604762375978197,PRICE,TEST,2022-10
ELET6.SA,BEAR_CALM,0.019504247565189294,1,MAX_DAYS,10,34.17709732055664,34.884708404541016,30.497835907064793,PRICE,TRAIN,2022-10
ELET6.SA,BEAR_CALM,0.051049550510576226,1,MAX_DAYS,10,28.0200138092041,29.484046936035156,25.559039378159092,PRICE,TRAIN,2022-10
EMBR3.SA,BEAR_CALM,0.05258254052349196,1,MAX_DAYS,10,16.90260887145996,17.811674118041992,16.018518291302524,PRICE,TEST,2022-10
ENEV3.SA,BEAR_CALM,0.006799975031072415,1,MAX_DAYS,10,13.75,13.859999656677246,12.4385712487357,PRICE,TRAIN,2022-10
ENEV3.SA,BEAR_CALM,-0.043828817598017954,0,MAX_DAYS,10,11.260000228881836,10.779999732971191,10.0,PRICE,TEST,2022-10
EZTC3.SA,BEAR_CALM,-0.10119999999999998,0,HARD_STOP,6,12.128777503967285,10.915899753570557,10.221020916795812,PRICE,TRAIN,2022-10
EZTC3.SA,BEAR_CALM,0.04685490805043422,1,MAX_DAYS,10,11.042242050170898,11.5728759765625,9.26082623581615,PRICE,TRAIN,2022-10
GGBR4.SA,BEAR_CALM,-0.071187195412207,0,MAX_DAYS,10,17.6262264251709,16.392616271972656,16.025560527614395,PRICE,TEST,2022-10
GGBR4.SA,BEAR_CALM,0.08820866568653848,1,MAX_DAYS,10,16.506139755249023,17.981931686401367,15.442271429147702,PRICE,TEST,2022-10
GOAU4.SA,BEAR_CALM,-0.003883457866101468,0,END_CLOSED,3,9.510238647460938,9.484718322753906,8.8995943842051,PRICE,TRAIN,2022-10
GOAU4.SA,BEAR_CALM,-0.0660150262735564,0,MAX_DAYS,10,9.186992645263672,8.591537475585938,8.472449889515227,PRICE,TEST,2022-10
GOAU4.SA,BEAR_CALM,0.1286057725596715,1,PROFIT_TARGET,8,8.566018104553223,9.677936702374886,8.010058805642391,PRICE,TEST,2022-10
HAPV3.SA,BEAR_CALM,-0.06726212606988594,0,MAX_DAYS,10,115.79999542236328,108.1500015258789,96.80999450683593,PRICE,TRAIN,2022-10
HAPV3.SA,BEAR_CALM,-0.05601484495563271,0,MAX_DAYS,10,101.25,95.69999694824219,84.1821425301688,PRICE,TRAIN,2022-10
HAPV3.SA,BEAR_CALM,-0.10119999999999998,0,HARD_STOP,5,69.5999984741211,62.63999862670899,55.68214280264718,PRICE,TRAIN,2022-10
HAPV3.SA,BEAR_CALM,-0.016989500454015947,0,MAX_DAYS,10,57.0,56.099998474121094,45.71249961853027,PRICE,TEST,2022-10
IGTI11.SA,BEAR_CALM,0.04666400448052941,1,SIGNAL,4,18.18918800354004,19.059795379638672,16.58839597980616,PRICE,TEST,2022-10
HYPE3.SA,BEAR_CALM,0.004311888685314048,1,END_CLOSED,6,33.764766693115234,33.95087432861328,31.029920830927615,PRICE,TRAIN,2022-10
HYPE3.SA,BEAR_CALM,-0.07963707186719185,0,MAX_DAYS,10,31.1170597076416,28.676328659057617,28.182692927474598,PRICE,TEST,2022-10
IRBR3.SA,BEAR_CALM,0.017847570607018783,1,MAX_DAYS,10,31.5,32.099998474121094,22.94999885559082,PRICE,TRAIN,2022-10
IRBR3.SA,BEAR_CALM,-0.06064907771076502,0,MAX_DAYS,10,20.690000534057617,19.459999084472656,17.741428647722515,PRICE,TRAIN,2022-10
KLBN11.SA,BEAR_CALM,0.011641079590311555,1,SIGNAL,1,14.018502235412598,14.198514938354492,12.645904224364152,PRICE,TRAIN,2022-10
LWSA3.SA,BEAR_CALM,0.09640274894659603,1,SIGNAL,3,5.6673431396484375,6.220491409301758,4.575603252109818,PRICE,TEST,2022-10
LREN3.SA,BEAR_CALM,-0.10524615554749242,0,MAX_DAYS,10,12.702778816223145,11.381103515625,11.263969532758043,PRICE,TRAIN,2022-10
MGLU3.SA,BEAR_CALM,0.16109121874679463,1,MAX_DAYS,10,38.04556655883789,44.220027923583984,29.056278948715068,PRICE,TRAIN,2022-10
MGLU3.SA,BEAR_CALM,-0.09386413650389039,0,MAX_DAYS,10,23.517427444458008,21.338205337524414,20.092938023940736,PRICE,TRAIN,2022-10
MGLU3.SA,BEAR_CALM,-0.10119999999999998,0,HARD_STOP,3,20.33939552307129,18.30545597076416,16.52575853752029,PRICE,TRAIN,2022-10
MRVE3.SA,BEAR_CALM,-0.10119999999999987,0,HARD_STOP,4,9.449999809265137,8.504999828338624,7.688570976257324,PRICE,TRAIN,2022-10
MRVE3.SA,BEAR_CALM,-0.029074538988168162,0,MAX_DAYS,10,8.609999656677246,8.369999885559082,6.730713639940534,PRICE,TRAIN,2022-10
MULT3.SA,BEAR_CALM,0.07267090419987551,1,SIGNAL,5,21.651046752929688,23.250429153442383,20.01967757499321,PRICE,TEST,2022-10
PCAR3.SA,BEAR_CALM,0.046418963908335976,1,MAX_DAYS,10,19.530000686645508,20.459999084472656,17.520002365112305,PRICE,TRAIN,2022-10
PCAR3.SA,BEAR_CALM,0.056464231595007776,1,MAX_DAYS,10,13.699999809265137,14.489999771118164,12.08642864227295,PRICE,TRAIN,2022-10
RAIZ4.SA,BEAR_CALM,0.010215575934529132,1,SIGNAL,1,3.930919885635376,3.9757936000823975,3.4732104543993048,PRICE,TRAIN,2022-10
RAIZ4.SA,BEAR_CALM,-0.015519757772251362,0,MAX_DAYS,10,3.7604007720947266,3.706552743911743,3.308075897436344,PRICE,TRAIN,2022-10
RDOR3.SA,BEAR_CALM,-0.04233205166998768,0,END_CLOSED,6,25.068628311157227,24.037504196166992,22.50433085525138,PRICE,TRAIN,2022-10
RECV3.SA,BEAR_CALM,-0.0059611235025895035,0,MAX_DAYS,10,15.531808853149414,15.457859992980957,13.772617812966509,PRICE,TRAIN,2022-10
RECV3.SA,BEAR_CALM,0.0948764804123435,1,MAX_DAYS,10,15.70272159576416,17.211383819580078,13.949198814903013,PRICE,TEST,2022-10
RENT3.SA,BEAR_CALM,-0.07433986670100937,0,MAX_DAYS,10,50.60679244995117,46.905418395996094,45.77114177376491,PRICE,TEST,2022-10
SANB11.SA,BEAR_CALM,-0.017708530959632894,0,MAX_DAYS,10,23.6579647064209,23.267406463623047,21.51490264684823,PRICE,TRAIN,2022-10
SANB11.SA,BEAR_CALM,0.036932282561085696,1,SIGNAL,2,22.334550857543945,23.18621826171875,21.44812082902365,PRICE,TEST,2022-10
SLCE3.SA,BEAR_CALM,0.06930542494118583,1,MAX_DAYS,10,16.73070526123047,17.910310745239258,14.106089523005465,PRICE,TRAIN,2022-10
SLCE3.SA,BEAR_CALM,-0.039976235696246774,0,MAX_DAYS,10,17.008285522460938,16.34876823425293,15.545506842452511,PRICE,TRAIN,2022-10
SLCE3.SA,BEAR_CALM,-0.03896553164587004,0,MAX_DAYS,10,17.679481506347656,17.01180648803711,16.682606452064828,PRICE,TEST,2022-10
SLCE3.SA,BEAR_CALM,0.06248910377207082,1,MAX_DAYS,10,16.817068099975586,17.888132095336914,15.557229339949915,PRICE,TEST,2022-10
TAEE11.SA,BEAR_CALM,-0.00799874657273527,0,MAX_DAYS,10,27.644540786743164,27.456592559814453,26.28397251822613,PRICE,TEST,2022-10
TIMS3.SA,BEAR_CALM,0.04220678346591398,1,MAX_DAYS,10,9.0954008102417,9.490202903747559,7.74338175780417,PRICE,TRAIN,2022-10
UGPA3.SA,BEAR_CALM,0.04816300154598672,1,MAX_DAYS,10,10.944524765014648,11.484779357910156,9.258405770611013,PRICE,TRAIN,2022-10
USIM5.SA,BEAR_CALM,-0.010789129311592503,0,MAX_DAYS,10,6.730777263641357,6.666234970092773,5.967340894557944,PRICE,TRAIN,2022-10
USIM5.SA,BEAR_CALM,0.1664736639705163,1,MAX_DAYS,10,6.103800296783447,7.127246856689453,5.499215766986444,PRICE,TRAIN,2022-10
USIM5.SA,BEAR_CALM,0.02033841857319394,1,END_CLOSED,4,6.283288955688477,6.418621063232422,5.906291689797153,PRICE,TRAIN,2022-10
USIM5.SA,BEAR_CALM,-0.0489657875557157,0,MAX_DAYS,10,6.273622035980225,5.973957538604736,5.89662436707949,PRICE,TEST,2022-10
USIM5.SA,BEAR_CALM,0.11380621335851568,1,PROFIT_TARGET,8,5.89662504196167,6.57477355963268,5.557550783126165,PRICE,TEST,2022-10
VALE3.SA,BEAR_CALM,-0.01952381521337212,0,MAX_DAYS,10,54.96600341796875,53.95881652832031,52.46454442814769,PRICE,TEST,2022-10
VALE3.SA,BEAR_CALM,0.1265236837205855,1,PROFIT_TARGET,8,51.746307373046875,58.35553636967012,48.44169287473525,PRICE,TEST,2022-10
VBBR3.SA,BEAR_CALM,-0.10119999999999998,0,HARD_STOP,7,13.94965648651123,12.554690837860107,12.130629662084923,PRICE,TRAIN,2022-10
VBBR3.SA,BEAR_CALM,0.06232006849485892,1,MAX_DAYS,10,12.925275802612305,13.74629020690918,11.546880815469104,PRICE,TRAIN,2022-10
VIVT3.SA,BEAR_CALM,-0.01165192162847064,0,MAX_DAYS,10,17.118637084960938,16.939714431762695,15.183740974528,PRICE,TRAIN,2022-10
WEGE3.SA,BEAR_CALM,0.024667235770168362,1,MAX_DAYS,10,33.57395553588867,34.442420959472656,31.65095788655622,PRICE,TRAIN,2022-10
WEGE3.SA,BEAR_CALM,-0.026221472934658728,0,MAX_DAYS,10,33.52726364135742,32.68836212158203,31.15357079353515,PRICE,TEST,2022-10
WEGE3.SA,BEAR_CALM,-0.0622578548398758,0,STOP_LOSS,4,32.35470962524414,30.379200461559652,30.379200461559652,PRICE,TEST,2022-10
YDUQ3.SA,BEAR_CALM,-0.10119999999999998,0,HARD_STOP,3,9.725577354431152,8.753019618988038,7.9272575807226335,PRICE,TRAIN,2022-10
YDUQ3.SA,BEAR_CALM,-0.0055056740108261545,0,MAX_DAYS,10,8.662569999694824,8.625271797180176,7.034091557103469,PRICE,TRAIN,2022-10
ALOS3.SA,BEAR_CALM,0.13230462870440127,1,SIGNAL,5,13.399681091308594,15.188600540161133,11.477456272467062,PRICE,TRAIN,2023-01
ABEV3.SA,BEAR_CALM,0.02379992702102749,1,MAX_DAYS,10,11.434321403503418,11.720178604125977,10.342863813483381,PRICE,TRAIN,2023-01
ABEV3.SA,BEAR_CALM,0.03551190976263983,1,MAX_DAYS,10,10.85394287109375,11.252411842346191,10.183847068688854,PRICE,TRAIN,2023-01
ABEV3.SA,BEAR_CALM,-0.015770588818643037,0,MAX_DAYS,10,11.886150360107422,11.71296215057373,11.341194469818058,PRICE,TEST,2023-01
ABEV3.SA,BEAR_CALM,-0.02627848942801316,0,MAX_DAYS,10,11.630926132202148,11.339240074157715,11.103549817212244,PRICE,TEST,2023-01
BBAS3.SA,BEAR_CALM,0.05792989032273441,1,SIGNAL,2,13.20551872253418,13.986359596252441,11.809712962817915,PRICE,TRAIN,2023-01
BBDC3.SA,BEAR_CALM,0.06981261078605247,1,MAX_DAYS,10,9.603151321411133,10.285096168518066,8.410023181107377,PRICE,TRAIN,2023-01
BBDC3.SA,BEAR_CALM,0.015468866981789377,1,MAX_DAYS,10,10.149397850036621,10.31857681274414,9.602622255226704,PRICE,TRAIN,2023-01
BBDC3.SA,BEAR_CALM,0.04641896488502426,1,MAX_DAYS,10,10.429182052612305,10.925808906555176,9.879277804872377,PRICE,TEST,2023-01
AZUL4.SA,BEAR_CALM,0.03817013565078695,1,SIGNAL,1,10.15999984741211,10.5600004196167,8.35999870300293,PRICE,TRAIN,2023-01
AZUL4.SA,BEAR_CALM,-0.10119999999999998,0,HARD_STOP,9,14.210000038146973,12.789000034332275,11.46500015258789,PRICE,TEST,2023-01
BBDC4.SA,BEAR_CALM,0.12083806932843397,1,SIGNAL,5,10.777987480163574,12.09331226348877,9.438927857989167,PRICE,TRAIN,2023-01
BBSE3.SA,BEAR_CALM,0.04511150190416733,1,MAX_DAYS,10,23.72156524658203,24.820146560668945,22.478931697863345,PRICE,TRAIN,2023-01
BEEF3.SA,BEAR_CALM,0.07416467572826288,1,SIGNAL,3,11.716761589050293,12.599791526794434,9.936460918719376,PRICE,TRAIN,2023-01
BEEF3.SA,BEAR_CALM,0.027219142229780148,1,MAX_DAYS,10,10.691307067871094,10.995144844055176,9.069706458888335,PRICE,TRAIN,2023-01
BEEF3.SA,BEAR_CALM,-0.015467202719864258,0,MAX_DAYS,10,7.710000038146973,7.599999904632568,7.069286005837577,PRICE,TRAIN,2023-01
BEEF3.SA,BEAR_CALM,0.029591793674664447,1,MAX_DAYS,10,6.820000171661377,7.03000020980835,5.962857110159738,PRICE,TRAIN,2023-01
BEEF3.SA,BEAR_CALM,0.02582696653098391,1,MAX_DAYS,10,7.03000020980835,7.21999979019165,6.239285911832537,PRICE,TRAIN,2023-01
BEEF3.SA,BEAR_CALM,0.028978363262005626,1,MAX_DAYS,10,7.289999961853027,7.510000228881836,6.747857264110021,PRICE,TRAIN,2023-01
BEEF3.SA,BEAR_CALM,-0.06758997800415492,0,STOP_LOSS,9,7.230000019073486,6.750000476837158,6.750000476837158,PRICE,TEST,2023-01
BEEF3.SA,BEAR_CALM,0.013614800686306473,1,MAX_DAYS,10,6.75,6.849999904632568,6.232500195503235,PRICE,TEST,2023-01
BRAP4.SA,BEAR_CALM,-0.06477827639448122,0,STOP_LOSS,10,17.084516525268555,15.998312411558949,15.998312411558949,PRICE,TEST,2023-01
BRKM5.SA,BEAR_CALM,0.02106179966078745,1,MAX_DAYS,10,22.459999084472656,22.959999084472656,18.979999542236328,PRICE,TRAIN,2023-01
BRKM5.SA,BEAR_CALM,-0.09705829470317154,0,STOP_LOSS,5,17.65999984741211,15.967142377580915,15.967142377580915,PRICE,TRAIN,2023-01
BRKM5.SA,BEAR_CALM,0.13712203052622937,1,MAX_DAYS,10,17.639999389648438,20.079999923706055,15.659999438694545,PRICE,TRAIN,2023-01
BRKM5.SA,BEAR_CALM,-0.0164369391014342,0,MAX_DAYS,10,17.719999313354492,17.450000762939453,15.851428031921387,PRICE,TEST,2023-01
COGN3.SA,BEAR_CALM,0.1321332831022893,1,SIGNAL,5,1.8985755443572998,2.151718854904175,1.5626740456007928,PRICE,TRAIN,2023-01
COGN3.SA,BEAR_CALM,-0.0012,0,MAX_DAYS,10,2.424334764480591,2.424334764480591,2.1051235170795897,PRICE,TRAIN,2023-01
CPFE3.SA,BEAR_CALM,0.027425304255814,1,MAX_DAYS,10,29.111194610595703,29.94451141357422,26.885961723156246,PRICE,TRAIN,2023-01
CSAN3.SA,BEAR_CALM,0.11490001215706944,1,SIGNAL,6,14.66157054901123,16.363779067993164,12.235216738642636,PRICE,TRAIN,2023-01
CSNA3.SA,BEAR_CALM,0.15990816172190234,1,PROFIT_TARGET,9,9.37508487701416,10.885487567536718,8.619883531752881,PRICE,TRAIN,2023-01
CVCB3.SA,BEAR_CALM,0.159603924329876,1,SIGNAL,3,3.66540789604187,4.254819869995117,2.753661036491394,PRICE,TRAIN,2023-01
CVCB3.SA,BEAR_CALM,-0.04648306402231386,0,MAX_DAYS,10,2.6500000953674316,2.5299999713897705,2.2214286157063077,PRICE,TRAIN,2023-01
CVCB3.SA,BEAR_CALM,-0.1012000000000001,0,HARD_STOP,2,2.430000066757202,2.187000060081482,2.0485715014593944,PRICE,TRAIN,2023-01
CVCB3.SA,BEAR_CALM,0.041535105435526055,1,MAX_DAYS,10,2.3399999141693115,2.440000057220459,1.980000002043588,PRICE,TRAIN,2023-01
CYRE3.SA,BEAR_CALM,0.11524950041158441,1,SIGNAL,3,10.883325576782227,12.150683403015137,9.035464100691012,PRICE,TRAIN,2023-01
EGIE3.SA,BEAR_CALM,0.04934046780673094,1,SIGNAL,5,22.2050838470459,23.32733917236328,20.836772925205793,PRICE,TRAIN,2023-01
ECOR3.SA,BEAR_CALM,0.1667012194070515,1,SIGNAL,5,3.7276296615600586,4.353503227233887,3.1201633674552296,PRICE,TRAIN,2023-01
ELET3.SA,BEAR_CALM,0.07211162365193755,1,SIGNAL,6,34.83473587036133,37.388526916503906,31.318902499471996,PRICE,TRAIN,2023-01
ELET3.SA,BEAR_CALM,0.030738010811658924,1,MAX_DAYS,10,28.20537567138672,29.106199264526367,25.032503008721456,PRICE,TRAIN,2023-01
ELET6.SA,BEAR_CALM,0.046361482394051114,1,MAX_DAYS,10,33.68907928466797,35.2913818359375,30.773209369317705,PRICE,TRAIN,2023-01
ELET6.SA,BEAR_CALM,0.051049550510576226,1,MAX_DAYS,10,28.0200138092041,29.484046936035156,25.559039378159092,PRICE,TRAIN,2023-01
ENGI11.SA,BEAR_CALM,-0.005002310641209061,0,MAX_DAYS,10,32.703189849853516,32.57884216308594,29.567321600957968,PRICE,TRAIN,2023-01
ENEV3.SA,BEAR_CALM,0.03687797701376803,1,SIGNAL,1,11.029999732971191,11.449999809265137,9.289999961853027,PRICE,TRAIN,2023-01
EZTC3.SA,BEAR_CALM,0.07266820047031439,1,SIGNAL,3,10.604259490966797,11.387577056884766,9.138698901902854,PRICE,TRAIN,2023-01
EZTC3.SA,BEAR_CALM,0.08490762866908738,1,MAX_DAYS,10,13.735968589782715,14.918740272521973,11.814366038197486,PRICE,TRAIN,2023-01
EZTC3.SA,BEAR_CALM,-0.05832655684204437,0,MAX_DAYS,10,14.765380859375,13.92188549041748,12.06875990392744,PRICE,TEST,2023-01
EZTC3.SA,BEAR_CALM,-0.034338544609895404,0,MAX_DAYS,10,13.112475395202637,12.677947044372559,11.498519338570306,PRICE,TEST,2023-01
FLRY3.SA,BEAR_CALM,0.05515757230307559,1,MAX_DAYS,10,11.414125442504883,12.057397842407227,10.025603731993689,PRICE,TRAIN,2023-01
FLRY3.SA,BEAR_CALM,0.027721058405437572,1,MAX_DAYS,10,12.56169319152832,12.9249906539917,11.545479026117837,PRICE,TEST,2023-01
GGBR4.SA,BEAR_CALM,0.08820866568653848,1,MAX_DAYS,10,16.506139755249023,17.981931686401367,15.442271429147702,PRICE,TRAIN,2023-01
GGBR4.SA,BEAR_CALM,0.07294191888652377,1,MAX_DAYS,10,16.859712600708008,18.109724044799805,15.394340923290315,PRICE,TRAIN,2023-01
GGBR4.SA,BEAR_CALM,-0.05389977416860416,0,STOP_LOSS,4,17.862808227539062,16.92144226793067,16.92144226793067,PRICE,TEST,2023-01
GGBR4.SA,BEAR_CALM,0.026158597265283003,1,MAX_DAYS,10,16.358165740966797,16.805702209472656,15.001095684984385,PRICE,TEST,2023-01
GGBR4.SA,BEAR_CALM,0.01262909689515155,1,MAX_DAYS,10,16.180696487426758,16.404460906982422,15.105950826436587,PRICE,TEST,2023-01
GOAU4.SA,BEAR_CALM,-0.06540914194607186,0,STOP_LOSS,7,9.510238647460938,8.8995943842051,8.8995943842051,PRICE,TRAIN,2023-01
GOAU4.SA,BEAR_CALM,0.1286057725596715,1,PROFIT_TARGET,8,8.566018104553223,9.677936702374886,8.010058805642391,PRICE,TRAIN,2023-01
GOAU4.SA,BEAR_CALM,-0.034533411171329485,0,MAX_DAYS,10,9.393231391906738,9.080122947692871,8.730180388192988,PRICE,TEST,2023-01
GOAU4.SA,BEAR_CALM,0.006872536416021681,1,MAX_DAYS,10,9.12617015838623,9.199841499328613,8.611121684164901,PRICE,TEST,2023-01
HAPV3.SA,BEAR_CALM,-0.08102263716303373,0,MAX_DAYS,10,67.6500015258789,62.25,52.57499694824219,PRICE,TRAIN,2023-01
HYPE3.SA,BEAR_CALM,-0.08984812543457757,0,STOP_LOSS,8,30.979942321777344,28.233628508880447,28.233628508880447,PRICE,TRAIN,2023-01
HYPE3.SA,BEAR_CALM,0.038398286613625744,1,SIGNAL,3,32.13241195678711,33.40480041503906,29.891903395865256,PRICE,TEST,2023-01
IGTI11.SA,BEAR_CALM,0.0969447999884144,1,MAX_DAYS,10,15.343659400939941,16.849559783935547,12.71292181415393,PRICE,TRAIN,2023-01
IRBR3.SA,BEAR_CALM,-0.06064907771076502,0,MAX_DAYS,10,20.690000534057617,19.459999084472656,17.741428647722515,PRICE,TRAIN,2023-01
IRBR3.SA,BEAR_CALM,0.04607647068740226,1,MAX_DAYS,10,38.91999816894531,40.7599983215332,34.514997482299805,PRICE,TEST,2023-01
ITUB4.SA,BEAR_CALM,0.050926670266313014,1,SIGNAL,3,18.07567024230957,19.017894744873047,16.59449126064483,PRICE,TRAIN,2023-01
LREN3.SA,BEAR_CALM,0.10213883108713348,1,SIGNAL,6,15.10543441772461,16.666412353515625,12.427761483303176,PRICE,TRAIN,2023-01
LREN3.SA,BEAR_CALM,0.0012510099442052181,1,MAX_DAYS,10,10.124237060546875,10.149051666259766,8.70273119612008,PRICE,TRAIN,2023-01
LREN3.SA,BEAR_CALM,0.10529552273742979,1,MAX_DAYS,10,10.95138168334961,12.117654800415039,9.6504017436286,PRICE,TRAIN,2023-01
LWSA3.SA,BEAR_CALM,0.03726157034219533,1,MAX_DAYS,10,5.7526702880859375,5.973927021026611,4.237542893260364,PRICE,TRAIN,2023-01
LWSA3.SA,BEAR_CALM,0.05143169628525155,1,SIGNAL,3,5.347099304199219,5.628526210784912,4.45915070947196,PRICE,TEST,2023-01
MGLU3.SA,BEAR_CALM,0.046044120535483436,1,SIGNAL,2,23.06342124938965,24.153032302856445,18.023971427831107,PRICE,TRAIN,2023-01
MGLU3.SA,BEAR_CALM,0.16254266814821303,1,MAX_DAYS,10,15.526949882507324,18.069374084472656,11.499282359435878,PRICE,TRAIN,2023-01
MGLU3.SA,BEAR_CALM,0.1287999936982481,1,SIGNAL,7,18.160175323486328,20.520998001098633,15.572349505537705,PRICE,TEST,2023-01
MRVE3.SA,BEAR_CALM,0.09085018694410571,1,SIGNAL,5,7.170000076293945,7.829999923706055,5.819999933242798,PRICE,TRAIN,2023-01
MRVE3.SA,BEAR_CALM,-0.10119999999999998,0,HARD_STOP,5,9.8100004196167,8.82900037765503,7.9800004959106445,PRICE,TEST,2023-01
MRVE3.SA,BEAR_CALM,-0.10119999999999998,0,HARD_STOP,2,7.480000019073486,6.732000017166138,6.436428921563285,PRICE,TEST,2023-01
MRVE3.SA,BEAR_CALM,0.1328782204756543,1,MAX_DAYS,10,7.159999847412109,8.119999885559082,6.02428572518485,PRICE,TEST,2023-01
MULT3.SA,BEAR_CALM,0.13196707220326162,1,SIGNAL,6,17.911624908447266,20.296863555908203,14.97697415348756,PRICE,TRAIN,2023-01
PCAR3.SA,BEAR_CALM,0.056464231595007776,1,MAX_DAYS,10,13.699999809265137,14.489999771118164,12.08642864227295,PRICE,TRAIN,2023-01
PCAR3.SA,BEAR_CALM,-0.10119999999999998,0,HARD_STOP,3,3.690000057220459,3.3210000514984133,2.9957142898014615,PRICE,TRAIN,2023-01
PCAR3.SA,BEAR_CALM,0.11407373304058929,1,MAX_DAYS,10,3.4700000286102295,3.869999885559082,2.7800000735691617,PRICE,TRAIN,2023-01
PCAR3.SA,BEAR_CALM,-0.04795320332398858,0,MAX_DAYS,10,3.8499999046325684,3.6700000762939453,3.198571239198957,PRICE,TRAIN,2023-01
RAIZ4.SA,BEAR_CALM,0.0047880490347485885,1,MAX_DAYS,10,3.073575735092163,3.091980457305908,2.4662223711359443,PRICE,TRAIN,2023-01
RADL3.SA,BEAR_CALM,0.03655107955889534,1,MAX_DAYS,10,24.011493682861328,24.917953491210938,22.32118322409621,PRICE,TEST,2023-01
RAIL3.SA,BEAR_CALM,0.07238045308943483,1,SIGNAL,6,16.40981101989746,17.617252349853516,14.227862060279385,PRICE,TRAIN,2023-01
RDOR3.SA,BEAR_CALM,-0.08535086119562688,0,MAX_DAYS,10,25.068628311157227,22.959081649780273,22.50433085525138,PRICE,TRAIN,2023-01
RDOR3.SA,BEAR_CALM,-0.05209114555691221,0,MAX_DAYS,10,22.996919631958008,21.826580047607422,20.25220750201168,PRICE,TRAIN,2023-01
RECV3.SA,BEAR_CALM,-0.0059611235025895035,0,MAX_DAYS,10,15.531808853149414,15.457859992980957,13.772617812966509,PRICE,TRAIN,2023-01
SANB11.SA,BEAR_CALM,0.019156196731290855,1,SIGNAL,1,22.860227584838867,23.32557487487793,21.45171953964723,PRICE,TRAIN,2023-01
RENT3.SA,BEAR_CALM,0.07061457965097948,1,SIGNAL,5,44.938209533691406,48.165428161621094,40.65025144203845,PRICE,TRAIN,2023-01
SLCE3.SA,BEAR_CALM,0.08132537369750134,1,MAX_DAYS,10,17.570871353149414,19.02091407775879,15.934620330545023,PRICE,TRAIN,2023-01
SLCE3.SA,BEAR_CALM,-0.039976235696246774,0,MAX_DAYS,10,17.008285522460938,16.34876823425293,15.545506842452511,PRICE,TRAIN,2023-01
SLCE3.SA,BEAR_CALM,0.0935667502080971,1,MAX_DAYS,10,16.3904972076416,17.943771362304688,15.12569002294506,PRICE,TRAIN,2023-01
SLCE3.SA,BEAR_CALM,0.07187474153116832,1,MAX_DAYS,10,16.544647216796875,17.753643035888672,15.233353362608696,PRICE,TEST,2023-01
SMFT3.SA,BEAR_CALM,0.20108385172522966,1,SIGNAL,5,11.193706512451172,13.458012580871582,8.865487588842772,PRICE,TRAIN,2023-01
TAEE11.SA,BEAR_CALM,0.040319496666307277,1,SIGNAL,3,25.99216651916504,27.071348190307617,24.17821890243088,PRICE,TRAIN,2023-01
TIMS3.SA,BEAR_CALM,0.006498902700628896,1,MAX_DAYS,10,8.842068672180176,8.91014289855957,7.752882600838411,PRICE,TRAIN,2023-01
TOTS3.SA,BEAR_CALM,0.09239998542589131,1,SIGNAL,3,23.9758243560791,26.219961166381836,19.976655727317755,PRICE,TRAIN,2023-01
TOTS3.SA,BEAR_CALM,0.006474617421911556,1,MAX_DAYS,10,25.190683364868164,25.38401222229004,23.117237166724532,PRICE,TRAIN,2023-01
UGPA3.SA,BEAR_CALM,0.04811969623645904,1,SIGNAL,3,10.247421264648438,10.75282096862793,8.70508059904764,PRICE,TRAIN,2023-01
USIM5.SA,BEAR_CALM,0.1664736639705163,1,MAX_DAYS,10,6.103800296783447,7.127246856689453,5.499215766986444,PRICE,TRAIN,2023-01
USIM5.SA,BEAR_CALM,-0.05598496506012631,0,STOP_LOSS,5,5.973957538604736,5.646674483581598,5.646674483581598,PRICE,TRAIN,2023-01
USIM5.SA,BEAR_CALM,0.08547739960358389,1,MAX_DAYS,10,6.0222907066345215,6.544287204742432,5.603865411512781,PRICE,TRAIN,2023-01
VBBR3.SA,BEAR_CALM,0.06822506120219071,1,MAX_DAYS,10,11.01828384399414,11.783228874206543,9.418854533194121,PRICE,TRAIN,2023-01
WEGE3.SA,BEAR_CALM,-0.05913013059615304,0,STOP_LOSS,5,32.68836212158203,30.79472103490444,30.79472103490444,PRICE,TRAIN,2023-01
WEGE3.SA,BEAR_CALM,0.02000659892064203,1,MAX_DAYS,10,31.916202545166016,32.59303665161133,29.38521847700503,PRICE,TRAIN,2023-01
WEGE3.SA,BEAR_CALM,-0.0714303443496416,0,STOP_LOSS,8,33.59434127807617,31.234999121917504,31.234999121917504,PRICE,TEST,2023-01
WEGE3.SA,BEAR_CALM,0.10012313468172138,1,MAX_DAYS,10,31.769906997680664,34.98893356323242,29.753755926633822,PRICE,TEST,2023-01
VIVT3.SA,BEAR_CALM,0.04815507122876848,1,SIGNAL,2,15.248274803161621,16.0008544921875,13.952643822838422,PRICE,TRAIN,2023-01
YDUQ3.SA,BEAR_CALM,-0.0012,0,MAX_DAYS,10,8.550674438476562,8.550674438476562,7.0400865025672275,PRICE,TRAIN,2023-01
AURE3.SA,BEAR_CALM,-0.002062146805964192,0,MAX_DAYS,10,11.522892951965332,11.512958526611328,10.951263742585061,PRICE,TEST,2023-04
ALOS3.SA,BEAR_CALM,-0.07417144190469208,0,STOP_LOSS,9,20.20631980895996,18.73183551691281,18.73183551691281,PRICE,TEST,2023-04
AZUL4.SA,BEAR_CALM,-0.04669511392920025,0,MAX_DAYS,10,11.210000038146973,10.699999809265137,9.410000324249268,PRICE,TRAIN,2023-04
AZUL4.SA,BEAR_CALM,0.029490590315481714,1,MAX_DAYS,10,11.729999542236328,12.09000015258789,10.019999435969762,PRICE,TRAIN,2023-04
AZUL4.SA,BEAR_CALM,0.026688400197300323,1,SIGNAL,1,12.550000190734863,12.899999618530273,11.230000019073486,PRICE,TEST,2023-04
BBDC3.SA,BEAR_CALM,0.015468866981789377,1,MAX_DAYS,10,10.149397850036621,10.31857681274414,9.602622255226704,PRICE,TRAIN,2023-04
BBDC3.SA,BEAR_CALM,0.04641896488502426,1,MAX_DAYS,10,10.429182052612305,10.925808906555176,9.879277804872377,PRICE,TRAIN,2023-04
BBDC3.SA,BEAR_CALM,-0.005816524190214299,0,MAX_DAYS,10,9.831274032592773,9.785887718200684,9.443052418970634,PRICE,TEST,2023-04
B3SA3.SA,BEAR_CALM,0.021022184542095347,1,SIGNAL,1,11.248774528503418,11.498746871948242,10.52769930558776,PRICE,TEST,2023-04
BBSE3.SA,BEAR_CALM,0.04511150190416733,1,MAX_DAYS,10,23.72156524658203,24.820146560668945,22.478931697863345,PRICE,TRAIN,2023-04
BBDC4.SA,BEAR_CALM,0.0129375390363776,1,MAX_DAYS,10,10.920999526977539,11.075395584106445,10.398283416196412,PRICE,TEST,2023-04
BEEF3.SA,BEAR_CALM,-0.10119999999999987,0,HARD_STOP,9,9.58989429473877,8.630904865264894,8.379288389197676,PRICE,TRAIN,2023-04
BEEF3.SA,BEAR_CALM,0.04303591447970354,1,MAX_DAYS,10,7.460000038146973,7.789999961853027,6.776428699493408,PRICE,TRAIN,2023-04
BEEF3.SA,BEAR_CALM,0.026577785523670273,1,MAX_DAYS,10,6.840000152587891,7.03000020980835,5.948571511677334,PRICE,TRAIN,2023-04
BEEF3.SA,BEAR_CALM,-0.0071259202745225445,0,MAX_DAYS,10,6.75,6.710000038146973,6.252857208251953,PRICE,TRAIN,2023-04
BEEF3.SA,BEAR_CALM,0.07124095197724087,1,MAX_DAYS,10,6.349999904632568,6.809999942779541,5.790713957377843,PRICE,TRAIN,2023-04
BEEF3.SA,BEAR_CALM,-0.06776808740622323,0,STOP_LOSS,7,6.760000228881836,6.309999942779541,6.309999942779541,PRICE,TEST,2023-04
BEEF3.SA,BEAR_CALM,0.002041487954490641,1,MAX_DAYS,10,6.170000076293945,6.190000057220459,5.683571406773158,PRICE,TEST,2023-04
BRAP4.SA,BEAR_CALM,-0.0032749709915797162,0,MAX_DAYS,10,17.093759536743164,17.058290481567383,15.48739208167302,PRICE,TRAIN,2023-04
BRAP4.SA,BEAR_CALM,-0.06477827639448122,0,STOP_LOSS,10,17.084516525268555,15.998312411558949,15.998312411558949,PRICE,TRAIN,2023-04
BRAP4.SA,BEAR_CALM,-0.010316985911465258,0,MAX_DAYS,10,16.794401168823242,16.641286849975586,15.924058586791654,PRICE,TEST,2023-04
BRKM5.SA,BEAR_CALM,0.07511152955303654,1,SIGNAL,3,18.8700008392334,20.309999465942383,17.070002555847168,PRICE,TRAIN,2023-04
BRKM5.SA,BEAR_CALM,0.13712203052622937,1,MAX_DAYS,10,17.639999389648438,20.079999923706055,15.659999438694545,PRICE,TRAIN,2023-04
BRKM5.SA,BEAR_CALM,0.004383690291518284,1,MAX_DAYS,10,19.700000762939453,19.809999465942383,16.73642975943429,PRICE,TEST,2023-04
BRKM5.SA,BEAR_CALM,-0.10215430659398497,0,MAX_DAYS,10,19.90999984741211,17.899999618530273,17.282857758658274,PRICE,TEST,2023-04
BRKM5.SA,BEAR_CALM,0.0169509709248866,1,MAX_DAYS,10,17.6299991607666,17.950000762939453,15.716428484235491,PRICE,TEST,2023-04
COGN3.SA,BEAR_CALM,-0.0012,0,MAX_DAYS,10,2.424334764480591,2.424334764480591,2.1051235170795897,PRICE,TRAIN,2023-04
COGN3.SA,BEAR_CALM,-0.005419415822153238,0,END_CLOSED,6,2.307499408721924,2.2977631092071533,1.8818847237328362,PRICE,TRAIN,2023-04
CSAN3.SA,BEAR_CALM,0.06017426285805825,1,SIGNAL,5,14.097301483154297,14.962512969970703,13.265005626246136,PRICE,TRAIN,2023-04
CSAN3.SA,BEAR_CALM,-0.029595073540331772,0,END_CLOSED,4,15.649252891540527,15.204891204833984,14.65357912902442,PRICE,TRAIN,2023-04
CSAN3.SA,BEAR_CALM,0.043331701756364006,1,SIGNAL,2,14.750869750976562,15.407751083374023,13.649626409588532,PRICE,TEST,2023-04
CVCB3.SA,BEAR_CALM,0.17084295687517667,1,SIGNAL,4,2.5694689750671387,3.0115280151367188,2.1734580993652344,PRICE,TRAIN,2023-04
CVCB3.SA,BEAR_CALM,-0.04648306402231386,0,MAX_DAYS,10,2.6500000953674316,2.5299999713897705,2.2214286157063077,PRICE,TRAIN,2023-04
CVCB3.SA,BEAR_CALM,-0.1012000000000001,0,HARD_STOP,2,2.430000066757202,2.187000060081482,2.0485715014593944,PRICE,TRAIN,2023-04
CVCB3.SA,BEAR_CALM,0.041535105435526055,1,MAX_DAYS,10,2.3399999141693115,2.440000057220459,1.980000002043588,PRICE,TRAIN,2023-04
CYRE3.SA,BEAR_CALM,0.014579408254675609,1,MAX_DAYS,10,19.87403678894043,20.187637329101562,17.26016014228368,PRICE,TEST,2023-04
EGIE3.SA,BEAR_CALM,0.01679997344140958,1,MAX_DAYS,10,25.710355758666992,26.173141479492188,24.192525799582086,PRICE,TRAIN,2023-04
EGIE3.SA,BEAR_CALM,-0.0012,0,END_CLOSED,0,25.35683822631836,25.35683822631836,24.424379842415682,PRICE,TRAIN,2023-04
EQTL3.SA,BEAR_CALM,-0.02440470621643944,0,MAX_DAYS,10,29.55322265625,28.867448806762695,27.495895027746727,PRICE,TEST,2023-04
EQTL3.SA,BEAR_CALM,0.04191297175671536,1,MAX_DAYS,10,27.603904724121094,28.793991088867188,25.814118441326034,PRICE,TEST,2023-04
EZTC3.SA,BEAR_CALM,0.08490762866908738,1,MAX_DAYS,10,13.735968589782715,14.918740272521973,11.814366038197486,PRICE,TRAIN,2023-04
EZTC3.SA,BEAR_CALM,-0.10119999999999998,0,HARD_STOP,8,13.190946578979492,11.871851921081543,11.649146585289735,PRICE,TEST,2023-04
FLRY3.SA,BEAR_CALM,0.0016289139004784581,1,SIGNAL,1,11.092490196228027,11.123869895935059,9.986380356371104,PRICE,TRAIN,2023-04
FLRY3.SA,BEAR_CALM,0.041872538588343035,1,SIGNAL,1,10.927750587463379,11.398436546325684,9.859294422919815,PRICE,TRAIN,2023-04
FLRY3.SA,BEAR_CALM,0.027721058405437572,1,MAX_DAYS,10,12.56169319152832,12.9249906539917,11.545479026117837,PRICE,TRAIN,2023-04
FLRY3.SA,BEAR_CALM,-0.048802935403609714,0,STOP_LOSS,9,12.643271446228027,12.041414612282932,12.041414612282932,PRICE,TEST,2023-04
FLRY3.SA,BEAR_CALM,0.04779128163751487,1,MAX_DAYS,10,11.849331855773926,12.429845809936523,11.136494684067925,PRICE,TEST,2023-04
GGBR4.SA,BEAR_CALM,0.08820866568653848,1,MAX_DAYS,10,16.506139755249023,17.981931686401367,15.442271429147702,PRICE,TRAIN,2023-04
GGBR4.SA,BEAR_CALM,0.01262909689515155,1,MAX_DAYS,10,16.180696487426758,16.404460906982422,15.105950826436587,PRICE,TRAIN,2023-04
GOAU4.SA,BEAR_CALM,-0.06540914194607186,0,STOP_LOSS,7,9.510238647460938,8.8995943842051,8.8995943842051,PRICE,TRAIN,2023-04
HAPV3.SA,BEAR_CALM,0.11694348391211759,1,SIGNAL,2,35.54999923706055,39.75,24.637496948242188,PRICE,TRAIN,2023-04
HAPV3.SA,BEAR_CALM,0.0625681011992377,1,MAX_DAYS,10,51.75,55.04999923706055,43.87500081743513,PRICE,TRAIN,2023-04
HAPV3.SA,BEAR_CALM,0.07102217983669709,1,MAX_DAYS,10,54.0,57.89999771118164,47.24999918256487,PRICE,TRAIN,2023-04
HAPV3.SA,BEAR_CALM,0.04964747345624363,1,MAX_DAYS,10,53.099998474121094,55.79999923706055,45.5625,PRICE,TEST,2023-04
HYPE3.SA,BEAR_CALM,0.10220330323990487,1,MAX_DAYS,10,28.531124114990234,31.48133659362793,25.805043049659062,PRICE,TRAIN,2023-04
HYPE3.SA,BEAR_CALM,-0.0710448452518864,0,STOP_LOSS,8,29.27880096435547,27.23382764183928,27.23382764183928,PRICE,TEST,2023-04
IRBR3.SA,BEAR_CALM,0.1396943882739162,1,SIGNAL,2,37.119998931884766,42.349998474121094,34.06000328063965,PRICE,TEST,2023-04
IRBR3.SA,BEAR_CALM,-0.007212675055821592,0,END_CLOSED,1,31.600000381469727,31.40999984741211,28.81857190813337,PRICE,TEST,2023-04
KLBN11.SA,BEAR_CALM,0.05311133541350719,1,SIGNAL,4,13.929817199707031,14.68636417388916,12.814496532397701,PRICE,TRAIN,2023-04
LREN3.SA,BEAR_CALM,0.03071480227692356,1,MAX_DAYS,10,10.107695579528809,10.430280685424805,8.817350561460199,PRICE,TRAIN,2023-04
LWSA3.SA,BEAR_CALM,0.057855197699100504,1,MAX_DAYS,10,4.929811954498291,5.220942974090576,4.09801010171841,PRICE,TRAIN,2023-04
LWSA3.SA,BEAR_CALM,-0.046740782102486465,0,MAX_DAYS,10,5.114194869995117,4.881290435791016,4.6192724483717775,PRICE,TEST,2023-04
MRVE3.SA,BEAR_CALM,0.03934050135560283,1,MAX_DAYS,10,7.400000095367432,7.699999809265137,6.360714708055768,PRICE,TRAIN,2023-04
MRVE3.SA,BEAR_CALM,-0.09889335682365633,0,STOP_LOSS,8,7.369999885559082,6.6499998569488525,6.6499998569488525,PRICE,TEST,2023-04
MRVE3.SA,BEAR_CALM,0.02014144324798215,1,MAX_DAYS,10,6.559999942779541,6.699999809265137,5.62999998439442,PRICE,TEST,2023-04
MGLU3.SA,BEAR_CALM,0.17271309453215364,1,SIGNAL,4,29.23788070678711,34.322731018066406,23.51742544952633,PRICE,TRAIN,2023-04
MGLU3.SA,BEAR_CALM,-0.10119999999999998,0,HARD_STOP,8,16.406463623046875,14.765817260742187,14.076553850565233,PRICE,TEST,2023-04
MULT3.SA,BEAR_CALM,0.033568061822285646,1,SIGNAL,4,23.247690200805664,24.055967330932617,21.93861434841516,PRICE,TEST,2023-04
PCAR3.SA,BEAR_CALM,0.041891663431762406,1,SIGNAL,4,14.619999885559082,15.25,13.375,PRICE,TRAIN,2023-04
PCAR3.SA,BEAR_CALM,-0.10119999999999998,0,HARD_STOP,3,3.690000057220459,3.3210000514984133,2.9957142898014615,PRICE,TRAIN,2023-04
PCAR3.SA,BEAR_CALM,0.11407373304058929,1,MAX_DAYS,10,3.4700000286102295,3.869999885559082,2.7800000735691617,PRICE,TRAIN,2023-04
PETR3.SA,BEAR_CALM,0.05947242011674612,1,SIGNAL,4,16.65680503845215,17.66741371154785,15.195681458595182,PRICE,TRAIN,2023-04
PETR4.SA,BEAR_CALM,0.056072424388257415,1,SIGNAL,4,14.168882369995117,14.980368614196777,12.977925120645732,PRICE,TRAIN,2023-04
RADL3.SA,BEAR_CALM,0.03655107955889534,1,MAX_DAYS,10,24.011493682861328,24.917953491210938,22.32118322409621,PRICE,TRAIN,2023-04
RADL3.SA,BEAR_CALM,0.0934374153921412,1,MAX_DAYS,10,24.455078125,26.76944351196289,22.742037344948628,PRICE,TRAIN,2023-04
RADL3.SA,BEAR_CALM,-0.06686047799291475,0,STOP_LOSS,10,25.554399490356445,23.876485404997744,23.876485404997744,PRICE,TEST,2023-04
RAIL3.SA,BEAR_CALM,-0.024659700991523058,0,MAX_DAYS,10,20.148557662963867,19.675878524780273,18.70562712514582,PRICE,TEST,2023-04
RAIZ4.SA,BEAR_CALM,0.0326461215679462,1,END_CLOSED,3,3.25,3.359999895095825,2.975815527418962,PRICE,TRAIN,2023-04
RAIZ4.SA,BEAR_CALM,-0.023564271278590752,0,MAX_DAYS,10,3.130000114440918,3.059999942779541,2.807499885559082,PRICE,TEST,2023-04
RDOR3.SA,BEAR_CALM,-0.08535086119562688,0,MAX_DAYS,10,25.068628311157227,22.959081649780273,22.50433085525138,PRICE,TRAIN,2023-04
RDOR3.SA,BEAR_CALM,-0.05209114555691221,0,MAX_DAYS,10,22.996919631958008,21.826580047607422,20.25220750201168,PRICE,TRAIN,2023-04
RDOR3.SA,BEAR_CALM,0.14888577260027888,1,MAX_DAYS,10,22.497447967529297,25.873994827270508,20.22885475387987,PRICE,TEST,2023-04
SANB11.SA,BEAR_CALM,0.11311690564402474,1,PROFIT_TARGET,10,23.894315719604492,26.625839955151058,22.52855360183121,PRICE,TEST,2023-04
RENT3.SA,BEAR_CALM,0.0028315205716179306,1,MAX_DAYS,10,48.179527282714844,48.37376403808594,44.02924176518871,PRICE,TRAIN,2023-04
RENT3.SA,BEAR_CALM,0.028886675887141645,1,SIGNAL,1,48.30873489379883,49.762184143066406,45.19219335893959,PRICE,TEST,2023-04
SBSP3.SA,BEAR_CALM,-0.027668758445860718,0,MAX_DAYS,10,46.09803009033203,44.877872467041016,42.160233013628336,PRICE,TRAIN,2023-04
SLCE3.SA,BEAR_CALM,-0.0006678961848537656,0,MAX_DAYS,10,17.47464370727539,17.48394203186035,16.124985959128697,PRICE,TEST,2023-04
SUZB3.SA,BEAR_CALM,-0.028590799186175707,0,MAX_DAYS,10,40.075157165527344,38.97746658325195,36.583362431749194,PRICE,TRAIN,2023-04
SUZB3.SA,BEAR_CALM,0.07328457059905111,1,MAX_DAYS,10,36.71584701538086,39.45061111450195,33.30719260416501,PRICE,TRAIN,2023-04
SUZB3.SA,BEAR_CALM,0.0029109310102509514,1,MAX_DAYS,10,47.11336898803711,47.30704879760742,42.823984962521784,PRICE,TEST,2023-04
UGPA3.SA,BEAR_CALM,0.009022896494216816,1,END_CLOSED,3,19.415300369262695,19.613780975341797,17.847409801832406,PRICE,TEST,2023-04
USIM5.SA,BEAR_CALM,0.07840892624022064,1,SIGNAL,4,6.601693153381348,7.127246856689453,6.159121283316464,PRICE,TRAIN,2023-04
USIM5.SA,BEAR_CALM,0.00565873676220905,1,MAX_DAYS,10,7.289999961853027,7.340000152587891,6.700714451926095,PRICE,TEST,2023-04
VALE3.SA,BEAR_CALM,0.016162831222792252,1,MAX_DAYS,10,54.27982711791992,55.2222785949707,50.86565937801817,PRICE,TEST,2023-04
VBBR3.SA,BEAR_CALM,0.05554866557773117,1,MAX_DAYS,10,10.0756254196167,10.647403717041016,8.89923438248262,PRICE,TRAIN,2023-04
YDUQ3.SA,BEAR_CALM,-0.0012,0,END_CLOSED,0,10.176077842712402,10.176077842712402,8.841779933400176,PRICE,TEST,2023-04
ABEV3.SA,BEAR_CALM,0.04064099465955948,1,MAX_DAYS,10,10.892598152160645,11.348355293273926,10.259746397334192,PRICE,TRAIN,2023-07
ABEV3.SA,BEAR_CALM,-0.035740960075379545,0,MAX_DAYS,10,10.81967830657959,10.445956230163574,10.180966827160464,PRICE,TRAIN,2023-07
ABEV3.SA,BEAR_CALM,0.013870950847747344,1,END_CLOSED,6,10.28188419342041,10.43684196472168,9.656845567665066,PRICE,TRAIN,2023-07
ABEV3.SA,BEAR_CALM,0.03746426843785509,1,MAX_DAYS,10,10.373035430908203,10.774101257324219,9.826127243086148,PRICE,TEST,2023-07
AURE3.SA,BEAR_CALM,0.019543350554044416,1,MAX_DAYS,10,11.493091583251953,11.731496810913086,10.83960748279659,PRICE,TRAIN,2023-07
AURE3.SA,BEAR_CALM,-0.03884477966374402,0,STOP_LOSS,4,11.026216506958008,10.611137016028836,10.611137016028836,PRICE,TEST,2023-07
ALOS3.SA,BEAR_CALM,0.021626764250277965,1,MAX_DAYS,10,19.247650146484375,19.68701171875,17.447369701743106,PRICE,TRAIN,2023-07
ASAI3.SA,BEAR_CALM,0.006882394232803214,1,SIGNAL,1,13.36719036102295,13.475229263305664,12.247528198916056,PRICE,TRAIN,2023-07
ASAI3.SA,BEAR_CALM,0.04891930058525582,1,MAX_DAYS,10,12.345745086669922,12.964505195617676,10.86955924745387,PRICE,TRAIN,2023-07
AZUL4.SA,BEAR_CALM,-0.07729753492401872,0,MAX_DAYS,10,10.25,9.470000267028809,8.717857224600655,PRICE,TRAIN,2023-07
AZUL4.SA,BEAR_CALM,-0.04477065399154769,0,MAX_DAYS,10,9.40999984741211,9.0,7.820000035422189,PRICE,TRAIN,2023-07
AZUL4.SA,BEAR_CALM,-0.10119999999999998,0,HARD_STOP,6,8.449999809265137,7.604999828338623,7.269285678863525,PRICE,TRAIN,2023-07
B3SA3.SA,BEAR_CALM,0.028317090023016613,1,MAX_DAYS,10,10.74882698059082,11.06610107421875,9.79906765155355,PRICE,TRAIN,2023-07
B3SA3.SA,BEAR_CALM,0.0170816969321542,1,MAX_DAYS,10,10.518082618713379,10.710371017456055,9.537420581945813,PRICE,TRAIN,2023-07
B3SA3.SA,BEAR_CALM,-0.07472949891247896,0,MAX_DAYS,10,10.46039867401123,9.691250801086426,9.59098783262221,PRICE,TRAIN,2023-07
B3SA3.SA,BEAR_CALM,-0.0016122706938002317,0,MAX_DAYS,10,10.152738571166992,10.148552894592285,9.34719406736391,PRICE,TRAIN,2023-07
B3SA3.SA,BEAR_CALM,0.013181454361078739,1,SIGNAL,1,10.109782218933105,10.255175590515137,9.60090006518891,PRICE,TEST,2023-07
BBDC3.SA,BEAR_CALM,0.015468866981789377,1,MAX_DAYS,10,10.149397850036621,10.31857681274414,9.602622255226704,PRICE,TRAIN,2023-07
BBDC3.SA,BEAR_CALM,0.04641896488502426,1,MAX_DAYS,10,10.429182052612305,10.925808906555176,9.879277804872377,PRICE,TRAIN,2023-07
BBDC3.SA,BEAR_CALM,-0.005816524190214299,0,MAX_DAYS,10,9.831274032592773,9.785887718200684,9.443052418970634,PRICE,TRAIN,2023-07
BBDC4.SA,BEAR_CALM,0.005733073889249908,1,MAX_DAYS,10,11.102009773254395,11.178980827331543,10.534965161860242,PRICE,TRAIN,2023-07
BBDC4.SA,BEAR_CALM,0.004206963498295392,1,MAX_DAYS,10,10.954541206359863,11.013772010803223,10.370418128949368,PRICE,TRAIN,2023-07
BBSE3.SA,BEAR_CALM,0.026066793619076246,1,MAX_DAYS,10,23.8863525390625,24.537656784057617,22.579822159995754,PRICE,TRAIN,2023-07
BEEF3.SA,BEAR_CALM,-0.058761016677395216,0,MAX_DAYS,10,10.08176326751709,9.501446723937988,9.004735152587497,PRICE,TRAIN,2023-07
BEEF3.SA,BEAR_CALM,0.04303591447970354,1,MAX_DAYS,10,7.460000038146973,7.789999961853027,6.776428699493408,PRICE,TRAIN,2023-07
BEEF3.SA,BEAR_CALM,0.026577785523670273,1,MAX_DAYS,10,6.840000152587891,7.03000020980835,5.948571511677334,PRICE,TRAIN,2023-07
BEEF3.SA,BEAR_CALM,0.028650789820280888,1,MAX_DAYS,10,6.699999809265137,6.900000095367432,5.769999980926514,PRICE,TEST,2023-07
BEEF3.SA,BEAR_CALM,0.10565806671963326,1,MAX_DAYS,10,6.269999980926514,6.940000057220459,5.785714319774083,PRICE,TEST,2023-07
BRAP4.SA,BEAR_CALM,0.027294016588988647,1,MAX_DAYS,10,16.636911392211914,17.110963821411133,16.0725635345405,PRICE,TRAIN,2023-07
BRAP4.SA,BEAR_CALM,-0.06477827639448122,0,STOP_LOSS,10,17.084516525268555,15.998312411558949,15.998312411558949,PRICE,TRAIN,2023-07
BRAP4.SA,BEAR_CALM,0.04955277132477907,1,END_CLOSED,4,15.291929244995117,16.068037033081055,14.540796840692982,PRICE,TRAIN,2023-07
BRKM5.SA,BEAR_CALM,0.13712203052622937,1,MAX_DAYS,10,17.639999389648438,20.079999923706055,15.659999438694545,PRICE,TRAIN,2023-07
BRKM5.SA,BEAR_CALM,-0.06474172772003298,0,MAX_DAYS,10,19.200000762939453,17.979999542236328,17.286430495125906,PRICE,TRAIN,2023-07
COGN3.SA,BEAR_CALM,-0.0012,0,MAX_DAYS,10,2.424334764480591,2.424334764480591,2.1051235170795897,PRICE,TRAIN,2023-07
COGN3.SA,BEAR_CALM,-0.10119999999999998,0,HARD_STOP,6,2.112773895263672,1.9014965057373048,1.7956492766869487,PRICE,TRAIN,2023-07
COGN3.SA,BEAR_CALM,-0.05434006004320704,0,MAX_DAYS,10,2.015410900115967,1.9083118438720703,1.6419550230536988,PRICE,TRAIN,2023-07
COGN3.SA,BEAR_CALM,-0.11172627692713058,0,STOP_LOSS,4,1.8498940467834473,1.6454321450828098,1.6454321450828098,PRICE,TRAIN,2023-07
COGN3.SA,BEAR_CALM,0.010099383049963918,1,END_CLOSED,4,1.7233223915100098,1.7427948713302612,1.4708744356036694,PRICE,TRAIN,2023-07
CPFE3.SA,BEAR_CALM,-0.00607061962995694,0,MAX_DAYS,10,32.849998474121094,32.689998626708984,30.756427764892578,PRICE,TRAIN,2023-07
CPFE3.SA,BEAR_CALM,0.00741004844266633,1,END_CLOSED,3,32.52000045776367,32.79999923706055,30.917144230433873,PRICE,TRAIN,2023-07
CSAN3.SA,BEAR_CALM,-0.028977816794602783,0,MAX_DAYS,10,14.258208274841309,13.862146377563477,13.076234652366876,PRICE,TRAIN,2023-07
CSAN3.SA,BEAR_CALM,-0.03798003109009209,0,MAX_DAYS,10,13.920106887817383,13.408124923706055,12.858192783764554,PRICE,TRAIN,2023-07
CSAN3.SA,BEAR_CALM,-0.07009967726422608,0,STOP_LOSS,9,13.369484901428223,12.448331706530874,12.448331706530874,PRICE,TRAIN,2023-07
CSAN3.SA,BEAR_CALM,0.10393646995233227,1,MAX_DAYS,10,12.460000038146973,13.770000457763672,11.417614226298463,PRICE,TRAIN,2023-07
CSNA3.SA,BEAR_CALM,0.04485262738739735,1,SIGNAL,1,10.478035926818848,10.960577011108398,9.741298832968074,PRICE,TRAIN,2023-07
CVCB3.SA,BEAR_CALM,-0.08667000419168394,0,STOP_LOSS,2,3.509999990463257,3.2100002765655518,3.2100002765655518,PRICE,TRAIN,2023-07
CVCB3.SA,BEAR_CALM,-0.04300060463260349,0,MAX_DAYS,10,3.109999895095825,2.9800000190734863,2.6081818017092617,PRICE,TRAIN,2023-07
CVCB3.SA,BEAR_CALM,-0.10119999999999998,0,HARD_STOP,4,2.880000114440918,2.5920001029968263,2.483571563448225,PRICE,TRAIN,2023-07
CVCB3.SA,BEAR_CALM,-0.10119999999999987,0,HARD_STOP,9,2.509999990463257,2.2589999914169314,2.090000033378601,PRICE,TRAIN,2023-07
CVCB3.SA,BEAR_CALM,0.041535105435526055,1,MAX_DAYS,10,2.3399999141693115,2.440000057220459,1.980000002043588,PRICE,TRAIN,2023-07
CVCB3.SA,BEAR_CALM,-0.08026979942012172,0,MAX_DAYS,10,2.1500000953674316,1.9800000190734863,1.7664287005152022,PRICE,TRAIN,2023-07
CVCB3.SA,BEAR_CALM,0.040250800564520885,1,MAX_DAYS,10,1.9299999475479126,2.009999990463257,1.6407143814223153,PRICE,TRAIN,2023-07
CVCB3.SA,BEAR_CALM,0.019742451183951105,1,END_CLOSED,9,1.909999966621399,1.9500000476837158,1.6442856533186776,PRICE,TRAIN,2023-07
ECOR3.SA,BEAR_CALM,-0.029732630562064453,0,MAX_DAYS,10,6.844263553619385,6.6489787101745605,6.206598942958289,PRICE,TRAIN,2023-07
ECOR3.SA,BEAR_CALM,0.003307551485471995,1,MAX_DAYS,10,6.741971969604492,6.772361755371094,6.084380376638752,PRICE,TRAIN,2023-07
ECOR3.SA,BEAR_CALM,-0.08608147574739403,0,STOP_LOSS,9,6.390282154083252,5.847865574402429,5.847865574402429,PRICE,TRAIN,2023-07
ENGI11.SA,BEAR_CALM,0.03328281675703391,1,END_CLOSED,7,36.2021484375,37.45050048828125,33.400401122549724,PRICE,TRAIN,2023-07
EQTL3.SA,BEAR_CALM,0.016139179352669154,1,MAX_DAYS,10,28.867448806762695,29.36798667907715,27.042463158937935,PRICE,TRAIN,2023-07
EQTL3.SA,BEAR_CALM,-0.002535573953668456,0,MAX_DAYS,10,28.182353973388672,28.14471435546875,26.089346083658818,PRICE,TRAIN,2023-07
EQTL3.SA,BEAR_CALM,-0.00832344926156494,0,MAX_DAYS,10,27.74009132385254,27.5424861907959,25.975753955007402,PRICE,TRAIN,2023-07
EQTL3.SA,BEAR_CALM,0.09534231439330773,1,END_CLOSED,4,27.486024856567383,30.139589309692383,25.60877065485886,PRICE,TRAIN,2023-07
EZTC3.SA,BEAR_CALM,0.08490762866908738,1,MAX_DAYS,10,13.735968589782715,14.918740272521973,11.814366038197486,PRICE,TRAIN,2023-07
EZTC3.SA,BEAR_CALM,0.013690067337800517,1,MAX_DAYS,10,10.978093147277832,11.141557693481445,9.752091442506726,PRICE,TRAIN,2023-07
EZTC3.SA,BEAR_CALM,0.05033847951010415,1,SIGNAL,1,11.184576034545898,11.761012077331543,10.500595314266718,PRICE,TEST,2023-07
FLRY3.SA,BEAR_CALM,0.027721058405437572,1,MAX_DAYS,10,12.56169319152832,12.9249906539917,11.545479026117837,PRICE,TRAIN,2023-07
FLRY3.SA,BEAR_CALM,0.028074807205719844,1,SIGNAL,4,12.831084251403809,13.206711769104004,11.909091066664214,PRICE,TEST,2023-07
GGBR4.SA,BEAR_CALM,0.08820866568653848,1,MAX_DAYS,10,16.506139755249023,17.981931686401367,15.442271429147702,PRICE,TRAIN,2023-07
GOAU4.SA,BEAR_CALM,-0.06540914194607186,0,STOP_LOSS,7,9.510238647460938,8.8995943842051,8.8995943842051,PRICE,TRAIN,2023-07
HAPV3.SA,BEAR_CALM,-0.033607327280444486,0,MAX_DAYS,10,64.79999542236328,62.70000076293945,53.55000114440918,PRICE,TRAIN,2023-07
HAPV3.SA,BEAR_CALM,0.07657779190628608,1,MAX_DAYS,10,54.0,58.20000076293945,46.41428702218192,PRICE,TRAIN,2023-07
IGTI11.SA,BEAR_CALM,0.07596200332425149,1,MAX_DAYS,10,18.6531925201416,20.092510223388672,17.171094156987763,PRICE,TRAIN,2023-07
HYPE3.SA,BEAR_CALM,0.016949427328201018,1,MAX_DAYS,10,26.232913970947266,26.709026336669922,23.98712997905362,PRICE,TRAIN,2023-07
IRBR3.SA,BEAR_CALM,-0.0305578278111023,0,MAX_DAYS,10,32.70000076293945,31.739999771118164,29.970002038138254,PRICE,TRAIN,2023-07
IRBR3.SA,BEAR_CALM,-0.03444105187013493,0,END_CLOSED,3,32.4900016784668,31.40999984741211,29.940000942775182,PRICE,TRAIN,2023-07
LREN3.SA,BEAR_CALM,0.007182778627643806,1,SIGNAL,1,16.545429229736328,16.684125900268555,14.844381278232483,PRICE,TRAIN,2023-07
LREN3.SA,BEAR_CALM,-0.10119999999999998,0,HARD_STOP,6,16.15382194519043,14.538439750671387,14.195782166096354,PRICE,TRAIN,2023-07
LREN3.SA,BEAR_CALM,0.03071480227692356,1,MAX_DAYS,10,10.107695579528809,10.430280685424805,8.817350561460199,PRICE,TRAIN,2023-07
LREN3.SA,BEAR_CALM,0.014530278991759939,1,MAX_DAYS,10,10.478045463562012,10.642868041992188,9.302970533946931,PRICE,TRAIN,2023-07
LWSA3.SA,BEAR_CALM,0.013693770725505462,1,MAX_DAYS,10,4.561046123504639,4.628977298736572,3.9663077931570063,PRICE,TRAIN,2023-07
LWSA3.SA,BEAR_CALM,-0.137891658568607,0,STOP_LOSS,6,4.609568119049072,3.9794786075712807,3.9794786075712807,PRICE,TRAIN,2023-07
LWSA3.SA,BEAR_CALM,-0.055702350629970664,0,MAX_DAYS,10,4.095237731933594,3.872037649154663,3.3424570762907315,PRICE,TRAIN,2023-07
LWSA3.SA,BEAR_CALM,-0.03039712785149564,0,END_CLOSED,5,3.988490104675293,3.872037649154663,3.383354108475293,PRICE,TRAIN,2023-07
MGLU3.SA,BEAR_CALM,-0.09467181750499501,0,STOP_LOSS,4,30.59989356994629,27.739665902504,27.739665902504,PRICE,TRAIN,2023-07
MGLU3.SA,BEAR_CALM,0.0020679870919796187,1,MAX_DAYS,10,27.785066604614258,27.87586784362793,23.387709054128184,PRICE,TRAIN,2023-07
MGLU3.SA,BEAR_CALM,-0.10119999999999987,0,HARD_STOP,4,12.814515113830566,11.53306360244751,10.026942281479453,PRICE,TRAIN,2023-07
MGLU3.SA,BEAR_CALM,0.1365694937288072,1,END_CLOSED,7,10.358400344848633,11.78547191619873,8.03056874243723,PRICE,TRAIN,2023-07
MRVE3.SA,BEAR_CALM,0.07812010585244664,1,MAX_DAYS,10,7.059999942779541,7.619999885559082,5.917856999805995,PRICE,TRAIN,2023-07
MULT3.SA,BEAR_CALM,-0.026797112960339285,0,MAX_DAYS,10,21.897937774658203,21.337413787841797,19.817980941747457,PRICE,TRAIN,2023-07
MULT3.SA,BEAR_CALM,-0.011731012924661187,0,MAX_DAYS,10,21.290700912475586,21.06648826599121,19.869362837234156,PRICE,TRAIN,2023-07
MULT3.SA,BEAR_CALM,0.0036415849716225704,1,MAX_DAYS,10,21.22530746459961,21.32807159423828,19.625801144226756,PRICE,TRAIN,2023-07
PCAR3.SA,BEAR_CALM,-0.10119999999999998,0,HARD_STOP,3,3.690000057220459,3.3210000514984133,2.9957142898014615,PRICE,TRAIN,2023-07
PCAR3.SA,BEAR_CALM,0.11407373304058929,1,MAX_DAYS,10,3.4700000286102295,3.869999885559082,2.7800000735691617,PRICE,TRAIN,2023-07
PCAR3.SA,BEAR_CALM,0.0026314141245932024,1,END_CLOSED,3,2.609999895095825,2.619999885559082,2.179285560335432,PRICE,TRAIN,2023-07
PRIO3.SA,BEAR_CALM,-0.09179673816862846,0,STOP_LOSS,6,43.45000076293945,39.51357242039272,39.51357242039272,PRICE,TRAIN,2023-07
PRIO3.SA,BEAR_CALM,0.09213329634232945,1,END_CLOSED,9,41.25,45.099998474121094,37.52571323939732,PRICE,TRAIN,2023-07
RAIL3.SA,BEAR_CALM,-0.03265853311074309,0,MAX_DAYS,10,20.10715675354004,19.4746150970459,18.62083155500868,PRICE,TRAIN,2023-07
RAIL3.SA,BEAR_CALM,-0.016463370478150406,0,MAX_DAYS,10,19.465030670166016,19.16792869567871,18.052079596505813,PRICE,TRAIN,2023-07
RAIL3.SA,BEAR_CALM,0.04982043199362338,1,MAX_DAYS,10,18.784570693969727,19.74296760559082,17.289472407996207,PRICE,TRAIN,2023-07
RADL3.SA,BEAR_CALM,0.03230838660450628,1,END_CLOSED,8,23.97261619567871,24.77589988708496,22.008654344567155,PRICE,TRAIN,2023-07
RAIZ4.SA,BEAR_CALM,-0.039416598716108385,0,MAX_DAYS,10,3.140000104904175,3.0199999809265137,2.835714476449149,PRICE,TRAIN,2023-07
RAIZ4.SA,BEAR_CALM,-0.05843908237586606,0,MAX_DAYS,10,2.9700000286102295,2.799999952316284,2.7021430390221735,PRICE,TRAIN,2023-07
RAIZ4.SA,BEAR_CALM,0.03939036662266635,1,MAX_DAYS,10,2.7100000381469727,2.819999933242798,2.4421428442001343,PRICE,TRAIN,2023-07
RAIZ4.SA,BEAR_CALM,0.0630857392223517,1,END_CLOSED,8,2.799999952316284,2.9800000190734863,2.491428715842111,PRICE,TRAIN,2023-07
RDOR3.SA,BEAR_CALM,-0.08535086119562688,0,MAX_DAYS,10,25.068628311157227,22.959081649780273,22.50433085525138,PRICE,TRAIN,2023-07
RDOR3.SA,BEAR_CALM,-0.05209114555691221,0,MAX_DAYS,10,22.996919631958008,21.826580047607422,20.25220750201168,PRICE,TRAIN,2023-07
RECV3.SA,BEAR_CALM,0.09595907508359422,1,END_CLOSED,9,15.373629570007324,16.86731719970703,13.790825296315525,PRICE,TRAIN,2023-07
SANB11.SA,BEAR_CALM,0.07294252524729491,1,MAX_DAYS,10,24.606300354003906,26.430673599243164,23.36055542700695,PRICE,TEST,2023-07
RENT3.SA,BEAR_CALM,0.0006166641183836597,1,MAX_DAYS,10,46.15650177001953,46.240352630615234,41.9618459311929,PRICE,TRAIN,2023-07
RENT3.SA,BEAR_CALM,-0.03524246607801187,0,MAX_DAYS,10,43.78997802734375,42.299259185791016,38.68291978861013,PRICE,TRAIN,2023-07
RENT3.SA,BEAR_CALM,-0.004606721629668041,0,END_CLOSED,3,39.42101287841797,39.28671646118164,35.58993248491556,PRICE,TRAIN,2023-07
SUZB3.SA,BEAR_CALM,0.0029109310102509514,1,MAX_DAYS,10,47.11336898803711,47.30704879760742,42.823984962521784,PRICE,TRAIN,2023-07
SUZB3.SA,BEAR_CALM,0.020336010440646347,1,MAX_DAYS,10,50.812713623046875,51.90701675415039,47.21228764871472,PRICE,TEST,2023-07
SLCE3.SA,BEAR_CALM,0.01097389702311733,1,MAX_DAYS,10,16.771617889404297,16.975793838500977,15.548645570446777,PRICE,TRAIN,2023-07
TIMS3.SA,BEAR_CALM,0.06972650818631262,1,SIGNAL,6,14.02422046661377,15.018909454345703,12.989205465234537,PRICE,TEST,2023-07
UGPA3.SA,BEAR_CALM,0.009022896494216816,1,END_CLOSED,3,19.415300369262695,19.613780975341797,17.847409801832406,PRICE,TRAIN,2023-07
VALE3.SA,BEAR_CALM,0.021865135289654038,1,MAX_DAYS,10,52.81137466430664,54.029476165771484,49.782137768806265,PRICE,TRAIN,2023-07
USIM5.SA,BEAR_CALM,0.00565873676220905,1,MAX_DAYS,10,7.289999961853027,7.340000152587891,6.700714451926095,PRICE,TRAIN,2023-07
WEGE3.SA,BEAR_CALM,0.12307670818154945,1,PROFIT_TARGET,10,34.40618133544922,38.68206829291631,32.26823785671567,PRICE,TRAIN,2023-07
YDUQ3.SA,BEAR_CALM,-0.01973574946812475,0,END_CLOSED,4,10.368261337280273,10.176077842712402,9.141037043279908,PRICE,TRAIN,2023-07
ASAI3.SA,BEAR_CALM,-0.059511559837521454,0,MAX_DAYS,10,11.285013198852539,10.62696647644043,10.003293767720741,PRICE,TRAIN,2023-10
ASAI3.SA,BEAR_CALM,-0.05876100989792112,0,MAX_DAYS,10,10.067134857177734,9.48766040802002,8.91800799962478,PRICE,TRAIN,2023-10
ASAI3.SA,BEAR_CALM,-0.08461917476822814,0,MAX_DAYS,10,9.536768913269043,8.741219520568848,8.385537688456466,PRICE,TRAIN,2023-10
AURE3.SA,BEAR_CALM,-0.027608387915395348,0,MAX_DAYS,10,11.284486770629883,10.986481666564941,10.822577675242657,PRICE,TRAIN,2023-10
AURE3.SA,BEAR_CALM,-0.040161046970409696,0,STOP_LOSS,5,11.036149024963379,10.60616910442934,10.60616910442934,PRICE,TRAIN,2023-10
B3SA3.SA,BEAR_CALM,-0.03253148612075787,0,MAX_DAYS,10,10.864888191223145,10.52447509765625,9.31883797104989,PRICE,TRAIN,2023-10
AZUL4.SA,BEAR_CALM,0.00424744690631771,1,MAX_DAYS,10,12.850000381469727,12.920000076293945,9.700001239776611,PRICE,TRAIN,2023-10
AZUL4.SA,BEAR_CALM,-0.12290637587536571,0,MAX_DAYS,10,7.96999979019165,7.0,6.737856933048793,PRICE,TRAIN,2023-10
AZUL4.SA,BEAR_CALM,0.02215159265898734,1,MAX_DAYS,10,7.28000020980835,7.449999809265137,5.897857189178467,PRICE,TRAIN,2023-10
BBAS3.SA,BEAR_CALM,-0.014208543260705218,0,MAX_DAYS,10,23.584272384643555,23.277475357055664,22.556387376461547,PRICE,TEST,2023-10
BBDC3.SA,BEAR_CALM,0.03795152402193378,1,SIGNAL,5,10.008367538452148,10.4002103805542,9.38102440170439,PRICE,TRAIN,2023-10
BBDC3.SA,BEAR_CALM,0.04641896488502426,1,MAX_DAYS,10,10.429182052612305,10.925808906555176,9.879277804872377,PRICE,TRAIN,2023-10
BBDC3.SA,BEAR_CALM,-0.005816524190214299,0,MAX_DAYS,10,9.831274032592773,9.785887718200684,9.443052418970634,PRICE,TRAIN,2023-10
BBDC3.SA,BEAR_CALM,0.0016274477752250339,1,END_CLOSED,3,9.633384704589844,9.660622596740723,8.769531602318745,PRICE,TEST,2023-10
BBDC4.SA,BEAR_CALM,0.0325884186140367,1,SIGNAL,1,11.408697128295898,11.79417896270752,10.708023563068222,PRICE,TRAIN,2023-10
BBDC4.SA,BEAR_CALM,0.0129375390363776,1,MAX_DAYS,10,10.920999526977539,11.075395584106445,10.398283416196412,PRICE,TRAIN,2023-10
BBDC4.SA,BEAR_CALM,-0.041690449073955936,0,MAX_DAYS,10,11.4774808883667,11.012752532958984,10.610924950314407,PRICE,TEST,2023-10
BEEF3.SA,BEAR_CALM,-0.05286052526222231,0,MAX_DAYS,10,8.130000114440918,7.710000038146973,7.424999713897705,PRICE,TRAIN,2023-10
BEEF3.SA,BEAR_CALM,0.04303591447970354,1,MAX_DAYS,10,7.460000038146973,7.789999961853027,6.776923106266902,PRICE,TRAIN,2023-10
BEEF3.SA,BEAR_CALM,0.029591793674664447,1,MAX_DAYS,10,6.820000171661377,7.03000020980835,5.962857110159738,PRICE,TRAIN,2023-10
BEEF3.SA,BEAR_CALM,-0.09979156926515068,0,STOP_LOSS,6,6.389999866485596,5.759999752044678,5.759999752044678,PRICE,TEST,2023-10
BRAP4.SA,BEAR_CALM,-0.030439755412705403,0,MAX_DAYS,10,16.727209091186523,16.238109588623047,15.959699247807356,PRICE,TRAIN,2023-10
BRAP4.SA,BEAR_CALM,0.11836143965309484,1,PROFIT_TARGET,10,16.004844665527344,17.918406935161947,15.048063530710042,PRICE,TRAIN,2023-10
BRAP4.SA,BEAR_CALM,-0.06477827639448122,0,STOP_LOSS,10,17.084516525268555,15.998312411558949,15.998312411558949,PRICE,TRAIN,2023-10
BRAP4.SA,BEAR_CALM,0.05013687556429312,1,MAX_DAYS,10,15.948637962341309,16.767391204833984,15.060435797405532,PRICE,TEST,2023-10
BRKM5.SA,BEAR_CALM,-0.09355437354323684,0,STOP_LOSS,9,18.8700008392334,17.127273732965644,17.127273732965644,PRICE,TRAIN,2023-10
BRKM5.SA,BEAR_CALM,-0.06474172772003298,0,MAX_DAYS,10,19.200000762939453,17.979999542236328,17.286430495125906,PRICE,TRAIN,2023-10
BRKM5.SA,BEAR_CALM,-0.05315497104395519,0,MAX_DAYS,10,18.670000076293945,17.700000762939453,16.71500015258789,PRICE,TEST,2023-10
BRKM5.SA,BEAR_CALM,-0.060970059251677,0,MAX_DAYS,10,17.399999618530273,16.360000610351562,15.777856826782227,PRICE,TEST,2023-10
BRKM5.SA,BEAR_CALM,-0.042469817049541135,0,MAX_DAYS,10,15.75,15.100000381469727,13.795714514596122,PRICE,TEST,2023-10
BRKM5.SA,BEAR_CALM,-0.12055782723937672,0,STOP_LOSS,8,15.350000381469727,13.517857687813896,13.517857687813896,PRICE,TEST,2023-10
BRKM5.SA,BEAR_CALM,-0.08215241483196636,0,END_CLOSED,8,12.600000381469727,11.579999923706055,10.485000201633998,PRICE,TEST,2023-10
COGN3.SA,BEAR_CALM,-0.0012,0,MAX_DAYS,10,2.424334764480591,2.424334764480591,2.0913534643822733,PRICE,TRAIN,2023-10
COGN3.SA,BEAR_CALM,-0.10119999999999998,0,HARD_STOP,6,1.6454321146011353,1.4808889031410217,1.424279383738528,PRICE,TRAIN,2023-10
COGN3.SA,BEAR_CALM,0.005994167292290388,1,MAX_DAYS,10,1.3533436059951782,1.3630797863006592,1.1196728017520736,PRICE,TRAIN,2023-10
COGN3.SA,BEAR_CALM,0.07179272225723085,1,MAX_DAYS,10,1.3338710069656372,1.4312338829040527,1.114804591909864,PRICE,TRAIN,2023-10
COGN3.SA,BEAR_CALM,0.1532714767347075,1,SIGNAL,3,1.1975630521774292,1.3825523853302002,1.0077055069604426,PRICE,TEST,2023-10
CPFE3.SA,BEAR_CALM,-0.0033289444206283866,0,MAX_DAYS,10,32.880001068115234,32.810001373291016,31.22500228881836,PRICE,TEST,2023-10
CSAN3.SA,BEAR_CALM,-0.09287301720985056,0,MAX_DAYS,10,13.09000015258789,11.890000343322754,11.514999866485596,PRICE,TEST,2023-10
CSAN3.SA,BEAR_CALM,-0.040330418196968386,0,MAX_DAYS,10,11.5,11.050000190734863,10.619285787854876,PRICE,TEST,2023-10
CSAN3.SA,BEAR_CALM,-0.10697922672420349,0,STOP_LOSS,6,11.0,9.836428506033762,9.836428506033762,PRICE,TEST,2023-10
CSNA3.SA,BEAR_CALM,-0.04357280902381535,0,MAX_DAYS,10,10.167830467224121,9.736990928649902,9.379391974039894,PRICE,TRAIN,2023-10
CSNA3.SA,BEAR_CALM,0.12502218365775683,1,MAX_DAYS,10,9.693906784057617,10.917492866516113,8.96611835926717,PRICE,TRAIN,2023-10
CSNA3.SA,BEAR_CALM,0.05970028148440907,1,MAX_DAYS,10,10.78575611114502,11.442611694335938,9.694397657354475,PRICE,TRAIN,2023-10
CSNA3.SA,BEAR_CALM,-0.059023151272766826,0,MAX_DAYS,10,11.195100784301758,10.547764778137207,10.277135136574278,PRICE,TEST,2023-10
CVCB3.SA,BEAR_CALM,0.07411373240079419,1,SIGNAL,1,2.390000104904175,2.569999933242798,1.834999918937683,PRICE,TRAIN,2023-10
CVCB3.SA,BEAR_CALM,-0.031050717942397797,0,MAX_DAYS,10,2.009999990463257,1.9500000476837158,1.590000033378601,PRICE,TRAIN,2023-10
CVCB3.SA,BEAR_CALM,0.04324446946367875,1,MAX_DAYS,10,1.7999999523162842,1.8799999952316284,1.5107141818319048,PRICE,TRAIN,2023-10
CVCB3.SA,BEAR_CALM,-0.011952677834782509,0,MAX_DAYS,10,1.8600000143051147,1.840000033378601,1.7100001573562622,PRICE,TEST,2023-10
ECOR3.SA,BEAR_CALM,-0.029732630562064453,0,MAX_DAYS,10,6.844263553619385,6.6489787101745605,6.206598942958289,PRICE,TRAIN,2023-10
ECOR3.SA,BEAR_CALM,0.003307551485471995,1,MAX_DAYS,10,6.741971969604492,6.772361755371094,6.084380376638752,PRICE,TRAIN,2023-10
ELET3.SA,BEAR_CALM,-0.04454280645973099,0,MAX_DAYS,10,31.073951721191406,29.72711944580078,28.604762375978197,PRICE,TRAIN,2023-10
EMBR3.SA,BEAR_CALM,0.05258254052349196,1,MAX_DAYS,10,16.90260887145996,17.811674118041992,16.018518291302524,PRICE,TRAIN,2023-10
ENEV3.SA,BEAR_CALM,-0.043828817598017954,0,MAX_DAYS,10,11.260000228881836,10.779999732971191,10.0,PRICE,TRAIN,2023-10
ENEV3.SA,BEAR_CALM,-0.0875094912871495,0,STOP_LOSS,10,11.520000457763672,10.52571507862636,10.52571507862636,PRICE,TEST,2023-10
EQTL3.SA,BEAR_CALM,0.04191297175671536,1,MAX_DAYS,10,27.603904724121094,28.793991088867188,25.814118441326034,PRICE,TRAIN,2023-10
EZTC3.SA,BEAR_CALM,0.011038961376505708,1,MAX_DAYS,10,12.035160064697266,12.18245792388916,10.306570067865227,PRICE,TEST,2023-10
FLRY3.SA,BEAR_CALM,0.027721058405437572,1,MAX_DAYS,10,12.56169319152832,12.9249906539917,11.545479026117837,PRICE,TRAIN,2023-10
GGBR4.SA,BEAR_CALM,-0.071187195412207,0,MAX_DAYS,10,17.6262264251709,16.392616271972656,16.025560527614395,PRICE,TRAIN,2023-10
GGBR4.SA,BEAR_CALM,0.08820866568653848,1,MAX_DAYS,10,16.506139755249023,17.981931686401367,15.442271429147702,PRICE,TRAIN,2023-10
GOAU4.SA,BEAR_CALM,-0.0660150262735564,0,MAX_DAYS,10,9.186992645263672,8.591537475585938,8.472449889515227,PRICE,TRAIN,2023-10
GOAU4.SA,BEAR_CALM,0.1286057725596715,1,PROFIT_TARGET,8,8.566018104553223,9.677936702374886,8.010058805642391,PRICE,TRAIN,2023-10
HAPV3.SA,BEAR_CALM,-0.016989500454015947,0,MAX_DAYS,10,57.0,56.099998474121094,45.71249961853027,PRICE,TRAIN,2023-10
HAPV3.SA,BEAR_CALM,-0.06613506493506496,0,MAX_DAYS,10,57.75,54.0,52.47272976962003,PRICE,TEST,2023-10
HAPV3.SA,BEAR_CALM,-0.10119999999999987,0,HARD_STOP,6,52.79999923706055,47.5199993133545,46.821428298950195,PRICE,TEST,2023-10
HYPE3.SA,BEAR_CALM,-0.07963707186719185,0,MAX_DAYS,10,31.1170597076416,28.676328659057617,28.182692927474598,PRICE,TRAIN,2023-10
HYPE3.SA,BEAR_CALM,0.06322725735239784,1,MAX_DAYS,10,26.227737426757812,27.917518615722656,24.16230392966349,PRICE,TRAIN,2023-10
HYPE3.SA,BEAR_CALM,-0.019757282408207198,0,END_CLOSED,7,25.670957565307617,25.1945743560791,23.44319614119466,PRICE,TRAIN,2023-10
HYPE3.SA,BEAR_CALM,-0.07663292300407124,0,STOP_LOSS,6,18.746807098388672,17.332680641963744,17.332680641963744,PRICE,TEST,2023-10
IGTI11.SA,BEAR_CALM,0.04666400448052941,1,SIGNAL,4,18.18918800354004,19.059795379638672,16.58839597980616,PRICE,TRAIN,2023-10
IRBR3.SA,BEAR_CALM,-0.0053139578020849,0,MAX_DAYS,10,31.600000381469727,31.469999313354492,28.81857190813337,PRICE,TRAIN,2023-10
IRBR3.SA,BEAR_CALM,-0.08877100779363914,0,STOP_LOSS,10,30.93000030517578,28.221429007393972,28.221429007393972,PRICE,TRAIN,2023-10
IRBR3.SA,BEAR_CALM,0.22639450517023438,1,PROFIT_TARGET,7,28.65999984741211,35.182858330862864,25.398570605686732,PRICE,TRAIN,2023-10
LWSA3.SA,BEAR_CALM,0.09640274894659603,1,SIGNAL,3,5.6673431396484375,6.220491409301758,4.575603252109818,PRICE,TRAIN,2023-10
LWSA3.SA,BEAR_CALM,0.06759598351503646,1,MAX_DAYS,10,3.9496724605560303,4.221394062042236,3.3819674794819594,PRICE,TEST,2023-10
MGLU3.SA,BEAR_CALM,0.04335868770499549,1,MAX_DAYS,10,11.32919692993164,11.83401107788086,9.456946484220065,PRICE,TRAIN,2023-10
MGLU3.SA,BEAR_CALM,-0.062069556963977666,0,END_CLOSED,7,10.047745704650879,9.43614387512207,8.425128563014516,PRICE,TRAIN,2023-10
MGLU3.SA,BEAR_CALM,-0.01764402305048731,0,MAX_DAYS,10,9.44585132598877,9.290523529052734,8.193524118085938,PRICE,TEST,2023-10
MRVE3.SA,BEAR_CALM,0.07812010585244664,1,MAX_DAYS,10,7.059999942779541,7.619999885559082,5.917856999805995,PRICE,TRAIN,2023-10
MRVE3.SA,BEAR_CALM,0.052579052239034675,1,MAX_DAYS,10,6.880000114440918,7.25,5.997142893927438,PRICE,TEST,2023-10
MULT3.SA,BEAR_CALM,0.07267090419987551,1,SIGNAL,5,21.651046752929688,23.250429153442383,20.01967757499321,PRICE,TRAIN,2023-10
PCAR3.SA,BEAR_CALM,0.10795499667851013,1,SIGNAL,5,2.8399999141693115,3.1500000953674316,2.3749996423721313,PRICE,TEST,2023-10
RADL3.SA,BEAR_CALM,-0.008707158811492775,0,MAX_DAYS,10,24.877580642700195,24.690820693969727,22.987039749221132,PRICE,TEST,2023-10
RAIL3.SA,BEAR_CALM,0.03544910719039671,1,MAX_DAYS,10,18.30537223815918,18.976247787475586,17.244746413685533,PRICE,TEST,2023-10
RAIZ4.SA,BEAR_CALM,-0.0338797080073582,0,MAX_DAYS,10,3.059999942779541,2.9600000381469727,2.6549999713897705,PRICE,TEST,2023-10
RAIZ4.SA,BEAR_CALM,-0.02181861836027834,0,MAX_DAYS,10,2.9100000858306885,2.8499999046325684,2.6769233300135684,PRICE,TEST,2023-10
RAIZ4.SA,BEAR_CALM,-0.09997863849598213,0,STOP_LOSS,4,2.690000057220459,2.424285514014108,2.424285514014108,PRICE,TEST,2023-10
RECV3.SA,BEAR_CALM,0.0948764804123435,1,MAX_DAYS,10,15.70272159576416,17.211383819580078,13.949198814903013,PRICE,TRAIN,2023-10
RECV3.SA,BEAR_CALM,-0.02490457003251991,0,END_CLOSED,4,15.845321655273438,15.469715118408203,14.508864406350238,PRICE,TRAIN,2023-10
RENT3.SA,BEAR_CALM,-0.07433986670100937,0,MAX_DAYS,10,50.60679244995117,46.905418395996094,45.77114177376491,PRICE,TRAIN,2023-10
RENT3.SA,BEAR_CALM,0.05188651955375132,1,MAX_DAYS,10,38.459110260009766,40.500770568847656,34.82686218614853,PRICE,TEST,2023-10
SANB11.SA,BEAR_CALM,0.036932282561085696,1,SIGNAL,2,22.334550857543945,23.18621826171875,21.44812082902365,PRICE,TRAIN,2023-10
SLCE3.SA,BEAR_CALM,-0.03896553164587004,0,MAX_DAYS,10,17.679481506347656,17.01180648803711,16.682606452064828,PRICE,TRAIN,2023-10
SLCE3.SA,BEAR_CALM,0.06248910377207082,1,MAX_DAYS,10,16.817068099975586,17.888132095336914,15.557229339949915,PRICE,TRAIN,2023-10
SLCE3.SA,BEAR_CALM,-0.005872912724588807,0,MAX_DAYS,10,16.64522361755371,16.567441940307617,15.83060201147099,PRICE,TRAIN,2023-10
SLCE3.SA,BEAR_CALM,0.006349443970714887,1,MAX_DAYS,10,16.742448806762695,16.868844985961914,15.898658837961243,PRICE,TEST,2023-10
SMFT3.SA,BEAR_CALM,0.06936083797302559,1,MAX_DAYS,10,20.014785766601562,21.427045822143555,17.928463780322495,PRICE,TRAIN,2023-10
SMFT3.SA,BEAR_CALM,0.00020444369421977033,1,END_CLOSED,6,19.977375030517578,20.00543212890625,17.90909223380135,PRICE,TRAIN,2023-10
SMFT3.SA,BEAR_CALM,0.018217530650674087,1,SIGNAL,1,20.229896545410156,20.622711181640625,18.630585169337614,PRICE,TEST,2023-10
SUZB3.SA,BEAR_CALM,0.0029109310102509514,1,MAX_DAYS,10,47.11336898803711,47.30704879760742,42.823984962521784,PRICE,TRAIN,2023-10
TAEE11.SA,BEAR_CALM,-0.00799874657273527,0,MAX_DAYS,10,27.644540786743164,27.456592559814453,26.28397251822613,PRICE,TRAIN,2023-10
TIMS3.SA,BEAR_CALM,-0.0072313273224100735,0,MAX_DAYS,10,14.956583976745605,14.866375923156738,13.883746213004056,PRICE,TEST,2023-10
TOTS3.SA,BEAR_CALM,0.007690500843971472,1,MAX_DAYS,10,27.58291244506836,27.82813835144043,24.68434669954163,PRICE,TEST,2023-10
UGPA3.SA,BEAR_CALM,0.06757312372700083,1,MAX_DAYS,10,19.415300369262695,20.750551223754883,17.847409801832406,PRICE,TRAIN,2023-10
UGPA3.SA,BEAR_CALM,-0.03670851614772188,0,MAX_DAYS,10,19.001821517944336,18.32709503173828,17.784572033985178,PRICE,TEST,2023-10
VALE3.SA,BEAR_CALM,-0.01952381521337212,0,MAX_DAYS,10,54.96600341796875,53.95881652832031,52.46454442814769,PRICE,TRAIN,2023-10
VALE3.SA,BEAR_CALM,0.1265236837205855,1,PROFIT_TARGET,8,51.746307373046875,58.35553636967012,48.44169287473525,PRICE,TRAIN,2023-10
VALE3.SA,BEAR_CALM,0.05683249747208605,1,MAX_DAYS,10,52.08793258666992,55.11072540283203,49.30297414024525,PRICE,TRAIN,2023-10
USIM5.SA,BEAR_CALM,-0.0489657875557157,0,MAX_DAYS,10,6.273622035980225,5.973957538604736,5.89662436707949,PRICE,TRAIN,2023-10
USIM5.SA,BEAR_CALM,0.11380621335851568,1,PROFIT_TARGET,8,5.89662504196167,6.57477355963268,5.557550783126165,PRICE,TRAIN,2023-10
USIM5.SA,BEAR_CALM,0.00565873676220905,1,MAX_DAYS,10,7.289999961853027,7.340000152587891,6.700714451926095,PRICE,TRAIN,2023-10
USIM5.SA,BEAR_CALM,-0.10502572818843817,0,STOP_LOSS,10,6.460000038146973,5.789285830089025,5.789285830089025,PRICE,TRAIN,2023-10
USIM5.SA,BEAR_CALM,0.020796635837113088,1,MAX_DAYS,10,5.909999847412109,6.039999961853027,5.370000055858068,PRICE,TRAIN,2023-10
USIM5.SA,BEAR_CALM,-0.0077466384580944445,0,MAX_DAYS,10,6.110000133514404,6.070000171661377,5.64500093460083,PRICE,TEST,2023-10
VBBR3.SA,BEAR_CALM,0.023446276741594697,1,MAX_DAYS,10,18.6771183013916,19.137439727783203,17.54823377596985,PRICE,TEST,2023-10
WEGE3.SA,BEAR_CALM,-0.026221472934658728,0,MAX_DAYS,10,33.52726364135742,32.68836212158203,31.15357079353515,PRICE,TRAIN,2023-10
WEGE3.SA,BEAR_CALM,-0.0622578548398758,0,STOP_LOSS,4,32.35470962524414,30.379200461559652,30.379200461559652,PRICE,TRAIN,2023-10
YDUQ3.SA,BEAR_CALM,0.16499456587860747,1,MAX_DAYS,10,10.176077842712402,11.867286682128906,8.841779933400176,PRICE,TRAIN,2023-10
YDUQ3.SA,BEAR_CALM,-0.03236406891043422,0,MAX_DAYS,10,10.483570098876953,10.156859397888184,9.110149323132656,PRICE,TRAIN,2023-10
YDUQ3.SA,BEAR_CALM,0.003730813187776995,1,MAX_DAYS,10,9.743667602539062,9.791711807250977,8.279646589801324,PRICE,TRAIN,2023-10
ABEV3.SA,BEAR_CALM,-0.015770588818643037,0,MAX_DAYS,10,11.886150360107422,11.71296215057373,11.341194469818058,PRICE,TRAIN,2024-01
ABEV3.SA,BEAR_CALM,-0.02627848942801316,0,MAX_DAYS,10,11.630926132202148,11.339240074157715,11.103549817212244,PRICE,TRAIN,2024-01
ASAI3.SA,BEAR_CALM,-0.036963422302246716,0,MAX_DAYS,10,7.1402997970581055,6.8849382400512695,6.2647747385007175,PRICE,TRAIN,2024-01
ASAI3.SA,BEAR_CALM,0.045410138982234206,1,MAX_DAYS,10,6.953689098358154,7.277801513671875,5.842445753228256,PRICE,TRAIN,2024-01
AURE3.SA,BEAR_CALM,-0.03884477966374402,0,STOP_LOSS,4,11.026216506958008,10.611137016028836,10.611137016028836,PRICE,TRAIN,2024-01
AURE3.SA,BEAR_CALM,-0.007982907875920618,0,MAX_DAYS,10,10.251399993896484,10.181865692138672,9.785233536142332,PRICE,TRAIN,2024-01
AURE3.SA,BEAR_CALM,-0.04229584665857291,0,MAX_DAYS,10,10.15206527709961,9.734857559204102,9.500709538023974,PRICE,TRAIN,2024-01
BBAS3.SA,BEAR_CALM,-0.03797238115323611,0,STOP_LOSS,4,24.160629272460938,23.27218540395197,23.27218540395197,PRICE,TRAIN,2024-01
BBAS3.SA,BEAR_CALM,0.026804190609370206,1,MAX_DAYS,10,23.482009887695312,24.139604568481445,22.366474405045807,PRICE,TRAIN,2024-01
BBAS3.SA,BEAR_CALM,-0.02065996991918064,0,MAX_DAYS,10,23.429059982299805,22.97313117980957,21.950698809196282,PRICE,TRAIN,2024-01
B3SA3.SA,BEAR_CALM,-0.040570001625538386,0,MAX_DAYS,10,9.932528495788574,9.541484832763672,9.054773870221858,PRICE,TRAIN,2024-01
B3SA3.SA,BEAR_CALM,0.026522873585593222,1,SIGNAL,1,9.93552017211914,10.21096134185791,9.315779700279078,PRICE,TEST,2024-01
B3SA3.SA,BEAR_CALM,0.05696317213520761,1,MAX_DAYS,10,9.640406608581543,10.201123237609863,8.818301532988215,PRICE,TEST,2024-01
BBDC3.SA,BEAR_CALM,0.04641896488502426,1,MAX_DAYS,10,10.429182052612305,10.925808906555176,9.879277804872377,PRICE,TRAIN,2024-01
BBDC3.SA,BEAR_CALM,-0.005816524190214299,0,MAX_DAYS,10,9.831274032592773,9.785887718200684,9.443052418970634,PRICE,TRAIN,2024-01
BBDC3.SA,BEAR_CALM,0.0016274477752250339,1,END_CLOSED,3,9.633384704589844,9.660622596740723,8.769531602318745,PRICE,TRAIN,2024-01
BBDC3.SA,BEAR_CALM,0.030776826543204773,1,MAX_DAYS,10,9.627340316772461,9.935192108154297,8.900290675861452,PRICE,TEST,2024-01
AZUL4.SA,BEAR_CALM,-0.10119999999999998,0,HARD_STOP,9,14.210000038146973,12.789000034332275,11.46500015258789,PRICE,TRAIN,2024-01
BPAC11.SA,BEAR_CALM,-0.006054395826756841,0,MAX_DAYS,10,29.951261520385742,29.805866241455078,26.96651830039133,PRICE,TRAIN,2024-01
BBDC4.SA,BEAR_CALM,0.0129375390363776,1,MAX_DAYS,10,10.920999526977539,11.075395584106445,10.398283416196412,PRICE,TRAIN,2024-01
BBDC4.SA,BEAR_CALM,-0.041690449073955936,0,MAX_DAYS,10,11.4774808883667,11.012752532958984,10.610924950314407,PRICE,TRAIN,2024-01
BEEF3.SA,BEAR_CALM,-0.06758997800415492,0,STOP_LOSS,9,7.230000019073486,6.750000476837158,6.750000476837158,PRICE,TRAIN,2024-01
BEEF3.SA,BEAR_CALM,0.013614800686306473,1,MAX_DAYS,10,6.75,6.849999904632568,6.232500195503235,PRICE,TRAIN,2024-01
BEEF3.SA,BEAR_CALM,-0.08174186293036814,0,STOP_LOSS,7,5.800000190734863,5.332857370376587,5.332857370376587,PRICE,TRAIN,2024-01
BEEF3.SA,BEAR_CALM,-0.01925052442619881,0,MAX_DAYS,10,5.539999961853027,5.440000057220459,4.9828572273254395,PRICE,TRAIN,2024-01
BRAP4.SA,BEAR_CALM,-0.06477827639448122,0,STOP_LOSS,10,17.084516525268555,15.998312411558949,15.998312411558949,PRICE,TRAIN,2024-01
BRAP4.SA,BEAR_CALM,-0.02522716698735674,0,END_CLOSED,6,15.41578197479248,15.045384407043457,14.278805993119473,PRICE,TRAIN,2024-01
BRKM5.SA,BEAR_CALM,-0.0164369391014342,0,MAX_DAYS,10,17.719999313354492,17.450000762939453,15.851428031921387,PRICE,TRAIN,2024-01
BRKM5.SA,BEAR_CALM,-0.06474172772003298,0,MAX_DAYS,10,19.200000762939453,17.979999542236328,17.286430495125906,PRICE,TRAIN,2024-01
BRKM5.SA,BEAR_CALM,-0.042469817049541135,0,MAX_DAYS,10,15.75,15.100000381469727,13.795714514596122,PRICE,TRAIN,2024-01
BRKM5.SA,BEAR_CALM,-0.12055782723937672,0,STOP_LOSS,8,15.350000381469727,13.517857687813896,13.517857687813896,PRICE,TRAIN,2024-01
BRKM5.SA,BEAR_CALM,-0.08215241483196636,0,END_CLOSED,8,12.600000381469727,11.579999923706055,10.485000201633998,PRICE,TRAIN,2024-01
CPFE3.SA,BEAR_CALM,-0.013664930402875551,0,MAX_DAYS,10,32.09000015258789,31.690000534057617,30.31142888750349,PRICE,TRAIN,2024-01
CPFE3.SA,BEAR_CALM,0.008065205194764592,1,END_CLOSED,3,31.299999237060547,31.59000015258789,29.28356988089425,PRICE,TRAIN,2024-01
CPFE3.SA,BEAR_CALM,0.0539612607894405,1,SIGNAL,8,31.0,32.709999084472656,29.229999542236328,PRICE,TEST,2024-01
CPLE6.SA,BEAR_CALM,0.016597536316534135,1,MAX_DAYS,10,8.989999771118164,9.149999618530273,8.36000108718872,PRICE,TEST,2024-01
CSAN3.SA,BEAR_CALM,-0.040330418196968386,0,MAX_DAYS,10,11.5,11.050000190734863,10.619285787854876,PRICE,TRAIN,2024-01
CSAN3.SA,BEAR_CALM,-0.10697922672420349,0,STOP_LOSS,6,11.0,9.836428506033762,9.836428506033762,PRICE,TRAIN,2024-01
CSNA3.SA,BEAR_CALM,0.10059775352836606,1,MAX_DAYS,10,10.128900527954102,11.15999984741211,8.896786836193852,PRICE,TRAIN,2024-01
CVCB3.SA,BEAR_CALM,-0.031050717942397797,0,MAX_DAYS,10,2.009999990463257,1.9500000476837158,1.590000033378601,PRICE,TRAIN,2024-01
CYRE3.SA,BEAR_CALM,-0.011129970319508596,0,END_CLOSED,1,16.40305519104004,16.24017333984375,14.358148985605666,PRICE,TRAIN,2024-01
ECOR3.SA,BEAR_CALM,-0.029732630562064453,0,MAX_DAYS,10,6.844263553619385,6.6489787101745605,6.206598942958289,PRICE,TRAIN,2024-01
ECOR3.SA,BEAR_CALM,0.003307551485471995,1,MAX_DAYS,10,6.741971969604492,6.772361755371094,6.084380376638752,PRICE,TRAIN,2024-01
EGIE3.SA,BEAR_CALM,-0.03546389848660627,0,MAX_DAYS,10,26.70702362060547,25.79193687438965,25.20075817597118,PRICE,TRAIN,2024-01
EGIE3.SA,BEAR_CALM,-0.0401431468716831,0,MAX_DAYS,10,25.249658584594727,24.266357421875,23.675124507940033,PRICE,TRAIN,2024-01
EGIE3.SA,BEAR_CALM,0.058471318297356946,1,MAX_DAYS,10,23.712675094604492,25.127641677856445,22.575688054597293,PRICE,TEST,2024-01
ELET3.SA,BEAR_CALM,-0.03579029920397316,0,MAX_DAYS,10,31.383691787719727,30.298120498657227,29.03649506089144,PRICE,TRAIN,2024-01
ELET3.SA,BEAR_CALM,0.013284354520099219,1,MAX_DAYS,10,30.716331481933594,31.161237716674805,28.53311316909207,PRICE,TRAIN,2024-01
ELET3.SA,BEAR_CALM,0.013966646052121813,1,END_CLOSED,6,30.671842575073242,31.13703155517578,27.840332259718537,PRICE,TRAIN,2024-01
ELET3.SA,BEAR_CALM,0.037548139802014636,1,MAX_DAYS,10,30.607892990112305,31.79389190673828,28.74678627958992,PRICE,TEST,2024-01
ELET6.SA,BEAR_CALM,-0.02378906592394505,0,MAX_DAYS,10,36.40746307373047,35.585052490234375,34.53712388100524,PRICE,TRAIN,2024-01
ELET6.SA,BEAR_CALM,0.02664797104597314,1,MAX_DAYS,10,34.9306526184082,35.90340042114258,32.35538532149564,PRICE,TRAIN,2024-01
ELET6.SA,BEAR_CALM,0.022115156264989812,1,END_CLOSED,6,34.27625274658203,35.075408935546875,31.140074292218824,PRICE,TRAIN,2024-01
ELET6.SA,BEAR_CALM,0.038199414715802106,1,MAX_DAYS,10,34.58413314819336,35.94672775268555,31.99796977671139,PRICE,TEST,2024-01
EQTL3.SA,BEAR_CALM,0.04191297175671536,1,MAX_DAYS,10,27.603904724121094,28.793991088867188,25.814118441326034,PRICE,TRAIN,2024-01
ENEV3.SA,BEAR_CALM,-0.0875094912871495,0,STOP_LOSS,10,11.520000457763672,10.52571507862636,10.52571507862636,PRICE,TRAIN,2024-01
ENGI11.SA,BEAR_CALM,-0.009834797588286003,0,MAX_DAYS,10,35.962371826171875,35.6518440246582,33.931956620524176,PRICE,TRAIN,2024-01
ENGI11.SA,BEAR_CALM,-0.008093146558639706,0,MAX_DAYS,10,35.3077507019043,35.064369201660156,32.82233492935347,PRICE,TRAIN,2024-01
ENGI11.SA,BEAR_CALM,-0.043625778257341506,0,MAX_DAYS,10,35.014007568359375,33.52851104736328,32.080790558259146,PRICE,TRAIN,2024-01
EZTC3.SA,BEAR_CALM,-0.05832655684204437,0,MAX_DAYS,10,14.765380859375,13.92188549041748,12.06875990392744,PRICE,TRAIN,2024-01
EZTC3.SA,BEAR_CALM,-0.034338544609895404,0,MAX_DAYS,10,13.112475395202637,12.677947044372559,11.498519338570306,PRICE,TRAIN,2024-01
GOAU4.SA,BEAR_CALM,-0.034533411171329485,0,MAX_DAYS,10,9.393231391906738,9.080122947692871,8.730180388192988,PRICE,TRAIN,2024-01
GOAU4.SA,BEAR_CALM,0.006872536416021681,1,MAX_DAYS,10,9.12617015838623,9.199841499328613,8.611121684164901,PRICE,TRAIN,2024-01
FLRY3.SA,BEAR_CALM,0.027721058405437572,1,MAX_DAYS,10,12.56169319152832,12.9249906539917,11.545479026117837,PRICE,TRAIN,2024-01
FLRY3.SA,BEAR_CALM,-0.050357210197139256,0,MAX_DAYS,10,12.420547485351562,11.809988021850586,11.553302515166681,PRICE,TRAIN,2024-01
FLRY3.SA,BEAR_CALM,-0.018031884130603658,0,MAX_DAYS,10,11.417484283447266,11.225306510925293,10.396975132472079,PRICE,TRAIN,2024-01
GGBR4.SA,BEAR_CALM,-0.05389977416860416,0,STOP_LOSS,4,17.862808227539062,16.92144226793067,16.92144226793067,PRICE,TRAIN,2024-01
GGBR4.SA,BEAR_CALM,0.026158597265283003,1,MAX_DAYS,10,16.358165740966797,16.805702209472656,15.001095684984385,PRICE,TRAIN,2024-01
GGBR4.SA,BEAR_CALM,0.01262909689515155,1,MAX_DAYS,10,16.180696487426758,16.404460906982422,15.105950826436587,PRICE,TRAIN,2024-01
HAPV3.SA,BEAR_CALM,-0.10119999999999987,0,HARD_STOP,6,52.79999923706055,47.5199993133545,46.821428298950195,PRICE,TRAIN,2024-01
HYPE3.SA,BEAR_CALM,0.038398286613625744,1,SIGNAL,3,32.13241195678711,33.40480041503906,29.891903395865256,PRICE,TRAIN,2024-01
HYPE3.SA,BEAR_CALM,-0.07769518881671647,0,STOP_LOSS,2,24.560211181640625,22.681473189922595,22.681473189922595,PRICE,TRAIN,2024-01
HYPE3.SA,BEAR_CALM,-0.10119999999999998,0,HARD_STOP,4,24.806385040283203,22.325746536254883,20.549806411405118,PRICE,TRAIN,2024-01
HYPE3.SA,BEAR_CALM,-0.07663292300407124,0,STOP_LOSS,6,18.746807098388672,17.332680641963744,17.332680641963744,PRICE,TRAIN,2024-01
IGTI11.SA,BEAR_CALM,0.04805368955705678,1,MAX_DAYS,10,19.416322708129883,20.372648239135742,17.849355452558736,PRICE,TRAIN,2024-01
IRBR3.SA,BEAR_CALM,0.04607647068740226,1,MAX_DAYS,10,38.91999816894531,40.7599983215332,34.514997482299805,PRICE,TRAIN,2024-01
IRBR3.SA,BEAR_CALM,-0.0053139578020849,0,MAX_DAYS,10,31.600000381469727,31.469999313354492,28.81857190813337,PRICE,TRAIN,2024-01
KLBN11.SA,BEAR_CALM,-0.022621057694460565,0,END_CLOSED,4,18.400375366210938,18.0062198638916,17.30854838744911,PRICE,TEST,2024-01
LWSA3.SA,BEAR_CALM,0.05143169628525155,1,SIGNAL,3,5.347099304199219,5.628526210784912,4.45915070947196,PRICE,TRAIN,2024-01
LWSA3.SA,BEAR_CALM,0.029855895497084985,1,END_CLOSED,1,3.179032564163208,3.2777602672576904,2.673405539011266,PRICE,TRAIN,2024-01
LWSA3.SA,BEAR_CALM,0.026663726397711508,1,SIGNAL,1,3.1889054775238037,3.2777602672576904,2.818676881670174,PRICE,TEST,2024-01
MRVE3.SA,BEAR_CALM,-0.10119999999999998,0,HARD_STOP,5,9.8100004196167,8.82900037765503,7.9800004959106445,PRICE,TRAIN,2024-01
MRVE3.SA,BEAR_CALM,-0.10119999999999998,0,HARD_STOP,2,7.480000019073486,6.732000017166138,6.436428921563285,PRICE,TRAIN,2024-01
MRVE3.SA,BEAR_CALM,0.1328782204756543,1,MAX_DAYS,10,7.159999847412109,8.119999885559082,6.02428572518485,PRICE,TRAIN,2024-01
MRVE3.SA,BEAR_CALM,-0.16124876707079386,0,STOP_LOSS,8,6.440000057220459,5.4092859881264825,5.4092859881264825,PRICE,TRAIN,2024-01
MRVE3.SA,BEAR_CALM,-0.006818016657510938,0,END_CLOSED,2,5.340000152587891,5.309999942779541,4.337142842156546,PRICE,TRAIN,2024-01
MRVE3.SA,BEAR_CALM,0.0925500058207663,1,SIGNAL,2,5.119999885559082,5.599999904632568,4.549999713897705,PRICE,TEST,2024-01
MGLU3.SA,BEAR_CALM,0.1287999936982481,1,SIGNAL,7,18.160175323486328,20.520998001098633,15.572349505537705,PRICE,TRAIN,2024-01
MGLU3.SA,BEAR_CALM,-0.05864678938814274,0,MAX_DAYS,10,9.12548828125,8.601258277893066,8.000057196840288,PRICE,TRAIN,2024-01
PCAR3.SA,BEAR_CALM,-0.1012000000000001,0,HARD_STOP,4,2.5799999237060547,2.321999931335449,2.2392856052943637,PRICE,TRAIN,2024-01
PCAR3.SA,BEAR_CALM,0.056651182674339086,1,MAX_DAYS,10,2.4200000762939453,2.559999942779541,2.0214286191122874,PRICE,TRAIN,2024-01
PRIO3.SA,BEAR_CALM,-0.031961806309092976,0,MAX_DAYS,10,41.61000061035156,40.33000183105469,38.58642986842564,PRICE,TRAIN,2024-01
PRIO3.SA,BEAR_CALM,-0.013183317952642847,0,MAX_DAYS,10,40.88999938964844,40.400001525878906,37.2385698046003,PRICE,TRAIN,2024-01
PRIO3.SA,BEAR_CALM,5.478177346183283e-05,1,MAX_DAYS,10,39.849998474121094,39.900001525878906,36.537140710013254,PRICE,TRAIN,2024-01
PRIO3.SA,BEAR_CALM,0.010644788737106482,1,END_CLOSED,5,39.68000030517578,40.150001525878906,36.26214381626674,PRICE,TRAIN,2024-01
PRIO3.SA,BEAR_CALM,0.00766264450561014,1,SIGNAL,1,40.619998931884766,40.97999954223633,37.545000076293945,PRICE,TEST,2024-01
RADL3.SA,BEAR_CALM,0.03655107955889534,1,MAX_DAYS,10,24.011493682861328,24.917953491210938,22.32118322409621,PRICE,TRAIN,2024-01
RADL3.SA,BEAR_CALM,0.011630869246555077,1,MAX_DAYS,10,24.301067352294922,24.612871170043945,22.47319583758455,PRICE,TRAIN,2024-01
RADL3.SA,BEAR_CALM,0.0505096879391461,1,MAX_DAYS,10,23.365659713745117,24.573890686035156,21.528255275729403,PRICE,TRAIN,2024-01
RADL3.SA,BEAR_CALM,-0.01660576377079761,0,MAX_DAYS,10,23.42412567138672,23.06325912475586,21.20879814005869,PRICE,TRAIN,2024-01
RAIL3.SA,BEAR_CALM,0.03544910719039671,1,MAX_DAYS,10,18.30537223815918,18.976247787475586,17.18199505459286,PRICE,TRAIN,2024-01
RAIZ4.SA,BEAR_CALM,-0.09997863849598213,0,STOP_LOSS,4,2.690000057220459,2.424285514014108,2.424285514014108,PRICE,TRAIN,2024-01
RAIZ4.SA,BEAR_CALM,-0.12189969526213632,0,STOP_LOSS,7,2.450000047683716,2.1542857885360718,2.1542857885360718,PRICE,TRAIN,2024-01
RDOR3.SA,BEAR_CALM,0.0333925321352909,1,SIGNAL,1,24.715476989746094,25.57044792175293,22.681242085426412,PRICE,TEST,2024-01
RECV3.SA,BEAR_CALM,-0.04534269548059302,0,MAX_DAYS,10,15.434775352478027,14.753442764282227,14.137625140387433,PRICE,TRAIN,2024-01
RECV3.SA,BEAR_CALM,0.0052440776883827325,1,MAX_DAYS,10,14.910675048828125,15.006760597229004,13.800702905942552,PRICE,TRAIN,2024-01
RECV3.SA,BEAR_CALM,-0.0018297321722247283,0,MAX_DAYS,10,14.932107925415039,14.922704696655273,13.588136649395484,PRICE,TRAIN,2024-01
RECV3.SA,BEAR_CALM,0.0603585189664265,1,END_CLOSED,3,14.358519554138184,15.242408752441406,12.792904390163315,PRICE,TRAIN,2024-01
RECV3.SA,BEAR_CALM,0.01462475819676632,1,MAX_DAYS,10,15.449277877807617,15.693758964538574,14.41964234658468,PRICE,TEST,2024-01
SANB11.SA,BEAR_CALM,-0.07825801272057145,0,STOP_LOSS,8,23.567623138427734,21.751548934833135,21.751548934833135,PRICE,TRAIN,2024-01
RENT3.SA,BEAR_CALM,-0.008031418877303874,0,MAX_DAYS,10,29.57479476928711,29.372756958007812,26.09393144737197,PRICE,TEST,2024-01
SLCE3.SA,BEAR_CALM,0.07187474153116832,1,MAX_DAYS,10,16.544647216796875,17.753643035888672,15.233353362608696,PRICE,TRAIN,2024-01
SLCE3.SA,BEAR_CALM,0.01217986000230762,1,MAX_DAYS,10,16.713281631469727,16.93690299987793,15.902826757827105,PRICE,TRAIN,2024-01
SLCE3.SA,BEAR_CALM,0.057103793437856966,1,MAX_DAYS,10,16.509105682373047,17.471649169921875,15.184043432987016,PRICE,TRAIN,2024-01
SMFT3.SA,BEAR_CALM,-0.033411714095729315,0,MAX_DAYS,10,19.453624725341797,18.826990127563477,17.307177290009154,PRICE,TRAIN,2024-01
SMFT3.SA,BEAR_CALM,-0.007061656093769651,0,END_CLOSED,2,16.344223022460938,16.2484188079834,14.041892021323562,PRICE,TRAIN,2024-01
SUZB3.SA,BEAR_CALM,0.0029109310102509514,1,MAX_DAYS,10,47.11336898803711,47.30704879760742,42.823984962521784,PRICE,TRAIN,2024-01
SUZB3.SA,BEAR_CALM,-0.0013871994301023693,0,END_CLOSED,5,53.40999984741211,53.400001525878906,50.0435722896031,PRICE,TEST,2024-01
TIMS3.SA,BEAR_CALM,-0.015991044265714315,0,MAX_DAYS,10,14.027436256408691,13.819955825805664,12.950731668021417,PRICE,TRAIN,2024-01
TIMS3.SA,BEAR_CALM,-0.035532157757072545,0,END_CLOSED,9,13.774852752685547,13.301932334899902,12.572500752645754,PRICE,TRAIN,2024-01
UGPA3.SA,BEAR_CALM,0.06757312372700083,1,MAX_DAYS,10,19.415300369262695,20.750551223754883,17.847409801832406,PRICE,TRAIN,2024-01
UGPA3.SA,BEAR_CALM,0.04112289067820205,1,MAX_DAYS,10,18.52768898010254,19.31183433532715,17.179532632585765,PRICE,TRAIN,2024-01
UGPA3.SA,BEAR_CALM,-0.11617442758094423,0,STOP_LOSS,8,17.588539123535156,15.566306905821659,15.566306905821659,PRICE,TRAIN,2024-01
USIM5.SA,BEAR_CALM,0.00565873676220905,1,MAX_DAYS,10,7.289999961853027,7.340000152587891,6.700714451926095,PRICE,TRAIN,2024-01
VALE3.SA,BEAR_CALM,-0.02465151029988457,0,END_CLOSED,9,51.93916702270508,50.72111511230469,48.255490222994624,PRICE,TRAIN,2024-01
VBBR3.SA,BEAR_CALM,-0.001691018687942657,0,MAX_DAYS,10,17.355823516845703,17.347301483154297,15.770270016944284,PRICE,TRAIN,2024-01
WEGE3.SA,BEAR_CALM,-0.0714303443496416,0,STOP_LOSS,8,33.59434127807617,31.234999121917504,31.234999121917504,PRICE,TRAIN,2024-01
WEGE3.SA,BEAR_CALM,0.10012313468172138,1,MAX_DAYS,10,31.769906997680664,34.98893356323242,29.753755926633822,PRICE,TRAIN,2024-01
YDUQ3.SA,BEAR_CALM,0.16499456587860747,1,MAX_DAYS,10,10.176077842712402,11.867286682128906,8.841779933400176,PRICE,TRAIN,2024-01
YDUQ3.SA,BEAR_CALM,0.13188456260549972,1,SIGNAL,2,7.725747585296631,8.753925323486328,6.385272280160729,PRICE,TEST,2024-01
ABEV3.SA,BEAR_CALM,0.013469788426794561,1,SIGNAL,1,11.184284210205078,11.348355293273926,10.610031261939039,PRICE,TRAIN,2024-04
ABEV3.SA,BEAR_CALM,0.012663317397495578,1,MAX_DAYS,10,10.406183242797852,10.550447463989258,9.699293964110948,PRICE,TRAIN,2024-04
ALOS3.SA,BEAR_CALM,-0.07278499057527402,0,STOP_LOSS,9,20.20631980895996,18.75985059587459,18.75985059587459,PRICE,TRAIN,2024-04
ALOS3.SA,BEAR_CALM,0.07885276513594483,1,MAX_DAYS,10,17.108076095581055,18.477624893188477,15.809143146691959,PRICE,TRAIN,2024-04
ALOS3.SA,BEAR_CALM,0.08116615266033941,1,MAX_DAYS,10,17.411083221435547,18.84516716003418,16.11511897563522,PRICE,TRAIN,2024-04
AURE3.SA,BEAR_CALM,-0.03884477966374402,0,STOP_LOSS,4,11.026216506958008,10.611137016028836,10.611137016028836,PRICE,TRAIN,2024-04
AURE3.SA,BEAR_CALM,-0.007982907875920618,0,MAX_DAYS,10,10.251399993896484,10.181865692138672,9.785233536142332,PRICE,TRAIN,2024-04
AURE3.SA,BEAR_CALM,0.07392308107034426,1,MAX_DAYS,10,8.066024780273438,8.671969413757324,7.418926444282638,PRICE,TRAIN,2024-04
AURE3.SA,BEAR_CALM,-0.0038882213001325758,0,END_CLOSED,1,7.390544891357422,7.370677471160889,6.800918899897303,PRICE,TRAIN,2024-04
B3SA3.SA,BEAR_CALM,0.0184080719560785,1,SIGNAL,2,11.27761459350586,11.498746871948242,10.397901979235352,PRICE,TRAIN,2024-04
AZUL4.SA,BEAR_CALM,0.08689520818028504,1,SIGNAL,5,12.600000381469727,13.710000038146973,10.769999980926514,PRICE,TRAIN,2024-04
AZUL4.SA,BEAR_CALM,-0.0635053100644726,0,MAX_DAYS,10,3.2100000381469727,3.009999990463257,2.700000047683716,PRICE,TEST,2024-04
AZUL4.SA,BEAR_CALM,-0.031503061318608826,0,MAX_DAYS,10,0.9900000095367432,0.9599999785423279,0.7135713824204036,PRICE,TEST,2024-04
AZUL4.SA,BEAR_CALM,-0.02203331393077925,0,END_CLOSED,3,0.9599999785423279,0.9399999976158142,0.8035714030265808,PRICE,TEST,2024-04
BBDC3.SA,BEAR_CALM,-0.005816524190214299,0,MAX_DAYS,10,9.831274032592773,9.785887718200684,9.443052418970634,PRICE,TRAIN,2024-04
BBDC3.SA,BEAR_CALM,-0.002795828512188868,0,MAX_DAYS,10,9.633384704589844,9.618011474609375,8.769531602318745,PRICE,TRAIN,2024-04
BBDC3.SA,BEAR_CALM,0.1067069556542187,1,MAX_DAYS,10,10.263737678527832,11.37126636505127,9.15239066206164,PRICE,TEST,2024-04
BBAS3.SA,BEAR_CALM,-0.03797238115323611,0,STOP_LOSS,4,24.160629272460938,23.27218540395197,23.27218540395197,PRICE,TRAIN,2024-04
BBAS3.SA,BEAR_CALM,-0.009348501394800278,0,END_CLOSED,1,21.973888397216797,21.79483413696289,20.628851885711203,PRICE,TEST,2024-04
BEEF3.SA,BEAR_CALM,-0.07368524132614898,0,STOP_LOSS,7,6.760000228881836,6.269999980926514,6.269999980926514,PRICE,TRAIN,2024-04
BEEF3.SA,BEAR_CALM,0.002041487954490641,1,MAX_DAYS,10,6.170000076293945,6.190000057220459,5.683571406773158,PRICE,TRAIN,2024-04
BEEF3.SA,BEAR_CALM,-0.10119999999999998,0,HARD_STOP,3,4.96999979019165,4.472999811172485,4.2971426759447375,PRICE,TRAIN,2024-04
BEEF3.SA,BEAR_CALM,-0.08316723073504642,0,MAX_DAYS,10,4.880000114440918,4.480000019073486,4.134285722460065,PRICE,TRAIN,2024-04
BEEF3.SA,BEAR_CALM,-0.04725264052239599,0,MAX_DAYS,10,4.559999942779541,4.349999904632568,3.994285685675485,PRICE,TRAIN,2024-04
BEEF3.SA,BEAR_CALM,0.25054823620267774,1,MAX_DAYS,10,4.289999961853027,5.369999885559082,3.7071428639548163,PRICE,TRAIN,2024-04
BEEF3.SA,BEAR_CALM,0.017092713656964832,1,END_CLOSED,8,4.920000076293945,5.010000228881836,4.354285819189889,PRICE,TEST,2024-04
BBDC4.SA,BEAR_CALM,0.0129375390363776,1,MAX_DAYS,10,10.920999526977539,11.075395584106445,10.398283416196412,PRICE,TRAIN,2024-04
BBDC4.SA,BEAR_CALM,-0.041690449073955936,0,MAX_DAYS,10,11.4774808883667,11.012752532958984,10.610924950314407,PRICE,TRAIN,2024-04
BBDC4.SA,BEAR_CALM,0.029463000450035894,1,MAX_DAYS,10,10.646392822265625,10.972843170166016,9.659602313594002,PRICE,TRAIN,2024-04
BRAP4.SA,BEAR_CALM,0.036508070877709554,1,MAX_DAYS,10,16.455934524536133,17.07645606994629,15.513061684565905,PRICE,TRAIN,2024-04
BRAP4.SA,BEAR_CALM,0.012893138872702138,1,MAX_DAYS,10,14.809449195861816,15.018160820007324,13.765242896566582,PRICE,TRAIN,2024-04
BRKM5.SA,BEAR_CALM,0.004383690291518284,1,MAX_DAYS,10,19.700000762939453,19.809999465942383,16.73642975943429,PRICE,TRAIN,2024-04
BRKM5.SA,BEAR_CALM,-0.10215430659398497,0,MAX_DAYS,10,19.90999984741211,17.899999618530273,17.282857758658274,PRICE,TRAIN,2024-04
BRKM5.SA,BEAR_CALM,0.0169509709248866,1,MAX_DAYS,10,17.6299991607666,17.950000762939453,15.716428484235491,PRICE,TRAIN,2024-04
BRKM5.SA,BEAR_CALM,-0.12055782723937672,0,STOP_LOSS,8,15.350000381469727,13.517857687813896,13.517857687813896,PRICE,TRAIN,2024-04
BRKM5.SA,BEAR_CALM,-0.0900889528035678,0,MAX_DAYS,10,12.600000381469727,11.479999542236328,10.485000201633998,PRICE,TRAIN,2024-04
BRKM5.SA,BEAR_CALM,0.13560000305175776,1,MAX_DAYS,10,12.5,14.210000038146973,11.002142701830183,PRICE,TRAIN,2024-04
BRKM5.SA,BEAR_CALM,-0.03172209801305594,0,MAX_DAYS,10,12.449999809265137,12.069999694824219,10.414286136627197,PRICE,TRAIN,2024-04
BRKM5.SA,BEAR_CALM,-0.10119999999999987,0,HARD_STOP,2,11.8100004196167,10.62900037765503,10.085000787462507,PRICE,TRAIN,2024-04
BRKM5.SA,BEAR_CALM,-0.003079742210367796,0,END_CLOSED,6,10.640000343322754,10.619999885559082,9.245000498635427,PRICE,TRAIN,2024-04
BRKM5.SA,BEAR_CALM,-0.11039530255090538,0,STOP_LOSS,2,10.4399995803833,9.300000667572021,9.300000667572021,PRICE,TEST,2024-04
CMIN3.SA,BEAR_CALM,0.004897467889512709,1,END_CLOSED,6,4.778954029083252,4.808093547821045,4.456333099286537,PRICE,TEST,2024-04
CSAN3.SA,BEAR_CALM,-0.08663690995406628,0,MAX_DAYS,10,14.924750328063965,13.649625778198242,13.287376004842733,PRICE,TRAIN,2024-04
CSAN3.SA,BEAR_CALM,-0.09835284468221131,0,STOP_LOSS,3,8.579999923706055,7.746428523744855,7.746428523744855,PRICE,TRAIN,2024-04
CSAN3.SA,BEAR_CALM,-0.01023228021437119,0,MAX_DAYS,10,7.75,7.679999828338623,6.672142812183925,PRICE,TRAIN,2024-04
CSAN3.SA,BEAR_CALM,0.0015700805412327335,1,MAX_DAYS,10,7.21999979019165,7.239999771118164,6.277142218181065,PRICE,TRAIN,2024-04
CSAN3.SA,BEAR_CALM,0.08342621886031484,1,MAX_DAYS,10,7.090000152587891,7.690000057220459,6.055000066757202,PRICE,TRAIN,2024-04
CSNA3.SA,BEAR_CALM,-0.018245415332246905,0,MAX_DAYS,10,12.712848663330078,12.496152877807617,11.34688861127674,PRICE,TRAIN,2024-04
CSNA3.SA,BEAR_CALM,-0.0341920322083701,0,MAX_DAYS,10,8.789999961853027,8.5,7.6371427944728305,PRICE,TRAIN,2024-04
CSNA3.SA,BEAR_CALM,0.17770998862031448,1,MAX_DAYS,10,8.4399995803833,9.949999809265137,7.445713588169643,PRICE,TRAIN,2024-04
CYRE3.SA,BEAR_CALM,0.014579408254675609,1,MAX_DAYS,10,19.87403678894043,20.187637329101562,17.271837815928585,PRICE,TRAIN,2024-04
CYRE3.SA,BEAR_CALM,0.14696886736947698,1,MAX_DAYS,10,17.006671905517578,19.526531219482422,15.491470707196713,PRICE,TRAIN,2024-04
EGIE3.SA,BEAR_CALM,-0.03546389848660627,0,MAX_DAYS,10,26.70702362060547,25.79193687438965,25.20075817597118,PRICE,TRAIN,2024-04
EGIE3.SA,BEAR_CALM,0.03462509448121396,1,MAX_DAYS,10,24.232181549072266,25.10030174255371,22.891916793431342,PRICE,TRAIN,2024-04
EGIE3.SA,BEAR_CALM,0.011265381883333793,1,MAX_DAYS,10,24.676494598388672,24.98409652709961,23.163387538066964,PRICE,TRAIN,2024-04
ECOR3.SA,BEAR_CALM,0.013027556692130383,1,MAX_DAYS,10,4.69957971572876,4.766443252563477,4.148975540643064,PRICE,TRAIN,2024-04
ECOR3.SA,BEAR_CALM,0.08575651724546005,1,MAX_DAYS,10,4.613611698150635,5.014795303344727,3.954524171084869,PRICE,TRAIN,2024-04
ELET3.SA,BEAR_CALM,-0.03579029920397316,0,MAX_DAYS,10,31.383691787719727,30.298120498657227,29.03649506089144,PRICE,TRAIN,2024-04
ELET6.SA,BEAR_CALM,-0.02378906592394505,0,MAX_DAYS,10,36.40746307373047,35.585052490234375,34.53712388100524,PRICE,TRAIN,2024-04
ENEV3.SA,BEAR_CALM,-0.0875094912871495,0,STOP_LOSS,10,11.520000457763672,10.52571507862636,10.52571507862636,PRICE,TRAIN,2024-04
ENGI11.SA,BEAR_CALM,-0.06156291960090767,0,STOP_LOSS,9,36.07986831665039,33.90198212624109,33.90198212624109,PRICE,TRAIN,2024-04
ENGI11.SA,BEAR_CALM,0.03007525443232626,1,MAX_DAYS,10,31.128225326538086,32.101768493652344,28.80646608326312,PRICE,TRAIN,2024-04
EQTL3.SA,BEAR_CALM,0.04191297175671536,1,MAX_DAYS,10,27.603904724121094,28.793991088867188,25.814118441326034,PRICE,TRAIN,2024-04
EQTL3.SA,BEAR_CALM,0.07139777071327633,1,MAX_DAYS,10,26.528671264648438,28.454593658447266,24.5170399134855,PRICE,TRAIN,2024-04
FLRY3.SA,BEAR_CALM,-0.038548603479760545,0,STOP_LOSS,9,12.685956001281738,12.212153260828178,12.212153260828178,PRICE,TRAIN,2024-04
FLRY3.SA,BEAR_CALM,0.030138895328446137,1,MAX_DAYS,10,11.985923767089844,12.361549377441406,11.30510013991982,PRICE,TRAIN,2024-04
FLRY3.SA,BEAR_CALM,-0.050357210197139256,0,MAX_DAYS,10,12.420547485351562,11.809988021850586,11.553302515166681,PRICE,TRAIN,2024-04
FLRY3.SA,BEAR_CALM,0.0022964236143462116,1,MAX_DAYS,10,10.143563270568848,10.17902946472168,9.35695558659928,PRICE,TRAIN,2024-04
FLRY3.SA,BEAR_CALM,0.0030772234813386326,1,MAX_DAYS,10,10.36523151397705,10.409565925598145,9.495023093693375,PRICE,TRAIN,2024-04
FLRY3.SA,BEAR_CALM,-0.04496599300368822,0,MAX_DAYS,10,10.356365203857422,9.903108596801758,9.339855190855978,PRICE,TRAIN,2024-04
FLRY3.SA,BEAR_CALM,0.09358248434633984,1,MAX_DAYS,10,10.623671531677246,11.630609512329102,9.695255330361228,PRICE,TEST,2024-04
EZTC3.SA,BEAR_CALM,-0.0714402213572988,0,STOP_LOSS,2,13.901887893676758,12.92541621074055,12.92541621074055,PRICE,TRAIN,2024-04
EZTC3.SA,BEAR_CALM,-0.10119999999999998,0,HARD_STOP,7,12.925415992736816,11.632874393463135,11.465846660267044,PRICE,TRAIN,2024-04
EZTC3.SA,BEAR_CALM,0.055138079822059406,1,MAX_DAYS,10,10.401735305786133,10.987749099731445,9.389292853897253,PRICE,TRAIN,2024-04
GGBR4.SA,BEAR_CALM,0.031168458954544988,1,MAX_DAYS,10,15.84521198272705,16.358097076416016,14.320071285371093,PRICE,TRAIN,2024-04
GGBR4.SA,BEAR_CALM,0.025376068137222242,1,END_CLOSED,1,15.69833755493164,16.115537643432617,14.554852070262875,PRICE,TRAIN,2024-04
GGBR4.SA,BEAR_CALM,-0.10107430932070574,0,STOP_LOSS,2,15.446078300476074,13.903411898502487,13.903411898502487,PRICE,TEST,2024-04
GOAU4.SA,BEAR_CALM,0.010234544720225537,1,MAX_DAYS,10,9.232702255249023,9.338274002075195,8.465594433814706,PRICE,TRAIN,2024-04
GOAU4.SA,BEAR_CALM,-0.031477388286433226,0,MAX_DAYS,10,9.175119400024414,8.897320747375488,8.377163101189046,PRICE,TRAIN,2024-04
GOAU4.SA,BEAR_CALM,0.06502506876378775,1,MAX_DAYS,10,8.742919921875,9.321920394897461,8.038360670910377,PRICE,TRAIN,2024-04
GOAU4.SA,BEAR_CALM,0.031202273376493707,1,END_CLOSED,1,8.63676929473877,8.916620254516602,8.043293054640673,PRICE,TRAIN,2024-04
GOAU4.SA,BEAR_CALM,-0.09484368627370246,0,STOP_LOSS,2,8.501669883728027,7.705542176333616,7.705542176333616,PRICE,TEST,2024-04
HAPV3.SA,BEAR_CALM,0.02964831678031441,1,SIGNAL,2,58.349998474121094,60.14999771118164,47.999996185302734,PRICE,TRAIN,2024-04
HAPV3.SA,BEAR_CALM,0.023799971742983185,1,MAX_DAYS,10,54.0,55.349998474121094,45.82500076293945,PRICE,TRAIN,2024-04
HAPV3.SA,BEAR_CALM,-0.10119999999999987,0,HARD_STOP,6,52.79999923706055,47.5199993133545,46.821428298950195,PRICE,TRAIN,2024-04
HAPV3.SA,BEAR_CALM,-0.058813230311740815,0,MAX_DAYS,10,36.45000076293945,34.349998474121094,31.146429334368023,PRICE,TRAIN,2024-04
HAPV3.SA,BEAR_CALM,-0.05426124525005318,0,MAX_DAYS,10,36.75,34.79999923706055,31.253571101597377,PRICE,TRAIN,2024-04
HAPV3.SA,BEAR_CALM,-0.10119999999999998,0,HARD_STOP,5,33.45000076293945,30.105000686645507,27.792857578822545,PRICE,TRAIN,2024-04
HAPV3.SA,BEAR_CALM,0.0861786048195182,1,MAX_DAYS,10,30.899999618530273,33.599998474121094,24.82499933242798,PRICE,TEST,2024-04
HYPE3.SA,BEAR_CALM,-0.06823135293840735,0,STOP_LOSS,8,29.67759132385254,27.688262225461564,27.688262225461564,PRICE,TRAIN,2024-04
HYPE3.SA,BEAR_CALM,-0.07663292300407124,0,STOP_LOSS,6,18.746807098388672,17.332680641963744,17.332680641963744,PRICE,TRAIN,2024-04
HYPE3.SA,BEAR_CALM,-0.017504299821338963,0,MAX_DAYS,10,17.70687484741211,17.418176651000977,16.063317930980716,PRICE,TRAIN,2024-04
HYPE3.SA,BEAR_CALM,0.05043051615651071,1,MAX_DAYS,10,17.70687484741211,18.621089935302734,16.30049870897073,PRICE,TRAIN,2024-04
HYPE3.SA,BEAR_CALM,0.21717888622647039,1,MAX_DAYS,10,18.920841217041016,23.052753448486328,16.54132972900325,PRICE,TEST,2024-04
IGTI11.SA,BEAR_CALM,-6.750818482217252e-05,0,MAX_DAYS,10,17.059314727783203,17.07863426208496,15.854591445957832,PRICE,TRAIN,2024-04
IRBR3.SA,BEAR_CALM,0.10889165872229753,1,SIGNAL,3,38.150001525878906,42.349998474121094,34.16000175476074,PRICE,TRAIN,2024-04
IRBR3.SA,BEAR_CALM,-0.0053139578020849,0,MAX_DAYS,10,31.600000381469727,31.469999313354492,28.81857190813337,PRICE,TRAIN,2024-04
KLBN11.SA,BEAR_CALM,-0.021085014260312306,0,END_CLOSED,5,18.371538162231445,18.0062198638916,17.252930689441143,PRICE,TRAIN,2024-04
KLBN11.SA,BEAR_CALM,-0.035719962160287964,0,MAX_DAYS,10,17.823562622070312,17.208293914794922,16.81413481552872,PRICE,TEST,2024-04
LWSA3.SA,BEAR_CALM,-0.09971311216043025,0,MAX_DAYS,10,5.220942974090576,4.706611633300781,4.551342367006313,PRICE,TRAIN,2024-04
LWSA3.SA,BEAR_CALM,-0.10119999999999998,0,HARD_STOP,3,3.3073785305023193,2.9766406774520875,2.899068767050257,PRICE,TRAIN,2024-04
LWSA3.SA,BEAR_CALM,0.00823394507005979,1,MAX_DAYS,10,3.1395416259765625,3.1691598892211914,2.7270006235993804,PRICE,TRAIN,2024-04
LWSA3.SA,BEAR_CALM,-0.03623188681239089,0,MAX_DAYS,10,3.100050449371338,2.9914498329162598,2.647313268909191,PRICE,TRAIN,2024-04
LWSA3.SA,BEAR_CALM,-0.10119999999999987,0,HARD_STOP,7,2.9519588947296143,2.656763005256653,2.4949904398855707,PRICE,TRAIN,2024-04
LWSA3.SA,BEAR_CALM,0.02144155998459194,1,END_CLOSED,8,2.6162846088409424,2.6755213737487793,2.1889344031423565,PRICE,TRAIN,2024-04
LWSA3.SA,BEAR_CALM,0.1499628026699172,1,SIGNAL,4,2.547175168991089,2.932213306427002,2.162137308363471,PRICE,TEST,2024-04
LREN3.SA,BEAR_CALM,0.06398149373087056,1,MAX_DAYS,10,11.824997901916504,12.595768928527832,9.885873948229097,PRICE,TEST,2024-04
MGLU3.SA,BEAR_CALM,-0.11326880556715382,0,STOP_LOSS,9,16.891860961914062,14.99881028010592,14.99881028010592,PRICE,TRAIN,2024-04
MGLU3.SA,BEAR_CALM,-0.05864678938814274,0,MAX_DAYS,10,9.12548828125,8.601258277893066,8.000057196840288,PRICE,TRAIN,2024-04
MGLU3.SA,BEAR_CALM,0.22982315741558543,1,MAX_DAYS,10,5.88302755355835,7.242143154144287,4.838727840831316,PRICE,TRAIN,2024-04
MRVE3.SA,BEAR_CALM,-0.09753650599346145,0,STOP_LOSS,7,7.369999885559082,6.659999847412109,6.659999847412109,PRICE,TRAIN,2024-04
MRVE3.SA,BEAR_CALM,0.072122976320906,1,MAX_DAYS,10,6.409999847412109,6.880000114440918,5.578181613575328,PRICE,TRAIN,2024-04
MRVE3.SA,BEAR_CALM,-0.013881190562183197,0,MAX_DAYS,10,5.519999980926514,5.449999809265137,4.7614284583500455,PRICE,TRAIN,2024-04
MRVE3.SA,BEAR_CALM,-0.10119999999999998,0,HARD_STOP,3,5.099999904632568,4.5899999141693115,4.309285606656756,PRICE,TRAIN,2024-04
MRVE3.SA,BEAR_CALM,0.20721693114088877,1,MAX_DAYS,10,4.989999771118164,6.03000020980835,4.089999675750732,PRICE,TEST,2024-04
MULT3.SA,BEAR_CALM,0.024962213829428627,1,SIGNAL,5,23.442655563354492,24.055967330932617,22.077872626811583,PRICE,TRAIN,2024-04
MULT3.SA,BEAR_CALM,0.02940734076912297,1,MAX_DAYS,10,20.33930015563965,20.96183204650879,18.861439510248132,PRICE,TRAIN,2024-04
PETR3.SA,BEAR_CALM,0.05767818342613649,1,MAX_DAYS,10,30.735403060913086,32.545047760009766,28.144169748300655,PRICE,TEST,2024-04
PETR4.SA,BEAR_CALM,0.06380836249961272,1,MAX_DAYS,10,28.618783950805664,30.479244232177734,26.209083006667132,PRICE,TEST,2024-04
PRIO3.SA,BEAR_CALM,-0.018942315184829937,0,MAX_DAYS,10,38.88999938964844,38.20000076293945,35.95857157026018,PRICE,TRAIN,2024-04
PRIO3.SA,BEAR_CALM,0.05129137449452457,1,MAX_DAYS,10,37.529998779296875,39.5,33.771427971976145,PRICE,TRAIN,2024-04
RADL3.SA,BEAR_CALM,-0.06003661314694544,0,MAX_DAYS,10,25.554399490356445,24.050865173339844,23.336469893531024,PRICE,TRAIN,2024-04
RADL3.SA,BEAR_CALM,0.011630869246555077,1,MAX_DAYS,10,24.301067352294922,24.612871170043945,22.47319583758455,PRICE,TRAIN,2024-04
RADL3.SA,BEAR_CALM,-0.04409036984384098,0,MAX_DAYS,10,20.962154388427734,20.063079833984375,18.698409068732282,PRICE,TRAIN,2024-04
RADL3.SA,BEAR_CALM,-0.04404993411061189,0,MAX_DAYS,10,19.61353874206543,18.773099899291992,17.5508302772097,PRICE,TRAIN,2024-04
RADL3.SA,BEAR_CALM,0.06156142791609152,1,MAX_DAYS,10,14.10545825958252,14.990736961364746,12.40867180199986,PRICE,TEST,2024-04
RAIL3.SA,BEAR_CALM,0.03544910719039671,1,MAX_DAYS,10,18.30537223815918,18.976247787475586,17.18199505459286,PRICE,TRAIN,2024-04
RAIL3.SA,BEAR_CALM,0.1233531215342197,1,MAX_DAYS,10,16.081892013549805,18.084941864013672,14.646351430085709,PRICE,TRAIN,2024-04
RAIL3.SA,BEAR_CALM,0.033282821724797663,1,MAX_DAYS,10,16.676097869873047,17.251136779785156,15.010541850544579,PRICE,TRAIN,2024-04
RAIL3.SA,BEAR_CALM,-0.047452886468710063,0,END_CLOSED,6,16.36941146850586,15.612278938293457,14.880474511058695,PRICE,TRAIN,2024-04
RDOR3.SA,BEAR_CALM,0.01832964445565142,1,SIGNAL,1,24.20501708984375,24.677732467651367,22.94604629874133,PRICE,TRAIN,2024-04
RDOR3.SA,BEAR_CALM,0.10471247693786098,1,MAX_DAYS,10,22.68074607849121,25.08292007446289,20.449814545027184,PRICE,TRAIN,2024-04
RAIZ4.SA,BEAR_CALM,-0.10119999999999998,0,HARD_STOP,9,3.3399999141693115,3.0059999227523804,2.9649999141693115,PRICE,TRAIN,2024-04
RAIZ4.SA,BEAR_CALM,-0.10119999999999998,0,HARD_STOP,2,1.899999976158142,1.7099999785423279,1.6471428956304277,PRICE,TRAIN,2024-04
RAIZ4.SA,BEAR_CALM,-0.10119999999999998,0,HARD_STOP,6,1.850000023841858,1.6650000214576721,1.549999977861132,PRICE,TRAIN,2024-04
RAIZ4.SA,BEAR_CALM,0.021788483697581552,1,MAX_DAYS,10,1.7400000095367432,1.7799999713897705,1.491428588117872,PRICE,TRAIN,2024-04
RAIZ4.SA,BEAR_CALM,0.009728951069668847,1,MAX_DAYS,10,1.8300000429153442,1.850000023841858,1.6007143429347448,PRICE,TRAIN,2024-04
RAIZ4.SA,BEAR_CALM,-0.044678283404402185,0,MAX_DAYS,10,1.840000033378601,1.7599999904632568,1.6300002336502075,PRICE,TEST,2024-04
RECV3.SA,BEAR_CALM,-0.04534269548059302,0,MAX_DAYS,10,15.434775352478027,14.753442764282227,14.137625140387433,PRICE,TRAIN,2024-04
RECV3.SA,BEAR_CALM,0.09434895950165453,1,MAX_DAYS,10,14.718503952026367,16.124841690063477,13.664685288648638,PRICE,TRAIN,2024-04
RECV3.SA,BEAR_CALM,0.04821475978994836,1,MAX_DAYS,10,14.461953163146973,15.176587104797363,13.273134177927208,PRICE,TRAIN,2024-04
RECV3.SA,BEAR_CALM,-0.10119999999999998,0,HARD_STOP,2,14.76285171508789,13.286566543579102,11.843190733670074,PRICE,TEST,2024-04
RENT3.SA,BEAR_CALM,0.028886675887141645,1,SIGNAL,1,48.30873489379883,49.762184143066406,43.946465658003135,PRICE,TRAIN,2024-04
RENT3.SA,BEAR_CALM,-0.026708448938356798,0,MAX_DAYS,10,29.796077728271484,29.036026000976562,26.577867843529617,PRICE,TRAIN,2024-04
RENT3.SA,BEAR_CALM,-0.06184432228587857,0,MAX_DAYS,10,30.459922790527344,28.612701416015625,26.920102430802007,PRICE,TRAIN,2024-04
RENT3.SA,BEAR_CALM,-0.10119999999999998,0,HARD_STOP,6,30.411819458007812,27.370637512207033,26.42874655703601,PRICE,TRAIN,2024-04
RENT3.SA,BEAR_CALM,0.10183463084874575,1,MAX_DAYS,10,27.265769958496094,30.075088500976562,23.101272761094513,PRICE,TRAIN,2024-04
SANB11.SA,BEAR_CALM,0.11650214947525259,1,PROFIT_TARGET,10,23.894315719604492,26.706728040042258,22.48810955938561,PRICE,TRAIN,2024-04
SLCE3.SA,BEAR_CALM,-0.0006678961848537656,0,MAX_DAYS,10,17.47464370727539,17.48394203186035,16.123047906160426,PRICE,TRAIN,2024-04
SMFT3.SA,BEAR_CALM,0.09067096267856098,1,MAX_DAYS,10,17.206462860107422,18.7872371673584,15.53741550590846,PRICE,TRAIN,2024-04
SMFT3.SA,BEAR_CALM,0.04888444149964153,1,MAX_DAYS,10,17.024433135986328,17.877092361450195,15.162406979529301,PRICE,TRAIN,2024-04
SUZB3.SA,BEAR_CALM,0.0029109310102509514,1,MAX_DAYS,10,47.11336898803711,47.30704879760742,42.823984962521784,PRICE,TRAIN,2024-04
SUZB3.SA,BEAR_CALM,-0.0013871994301023693,0,END_CLOSED,5,53.40999984741211,53.400001525878906,50.0435722896031,PRICE,TRAIN,2024-04
SUZB3.SA,BEAR_CALM,0.013877353874386468,1,MAX_DAYS,10,51.06999969482422,51.84000015258789,46.40500450134277,PRICE,TEST,2024-04
TIMS3.SA,BEAR_CALM,0.062030137227912265,1,MAX_DAYS,10,13.36623764038086,14.211386680603027,12.508992476028386,PRICE,TRAIN,2024-04
TAEE11.SA,BEAR_CALM,0.026354076749158885,1,MAX_DAYS,10,29.612415313720703,30.42835807800293,28.078095751748034,PRICE,TRAIN,2024-04
UGPA3.SA,BEAR_CALM,0.06757312372700083,1,MAX_DAYS,10,19.415300369262695,20.750551223754883,17.847409801832406,PRICE,TRAIN,2024-04
UGPA3.SA,BEAR_CALM,-0.0030149064927373,0,MAX_DAYS,10,15.071983337402344,15.044629096984863,13.667166858584235,PRICE,TRAIN,2024-04
UGPA3.SA,BEAR_CALM,0.04777208632372907,1,MAX_DAYS,10,15.08110237121582,15.819655418395996,13.396885704082022,PRICE,TRAIN,2024-04
UGPA3.SA,BEAR_CALM,0.1158535321244912,1,MAX_DAYS,10,14.58873176574707,16.29639434814453,12.945545379952428,PRICE,TRAIN,2024-04
UGPA3.SA,BEAR_CALM,0.07814586009861232,1,MAX_DAYS,10,15.489548683166504,16.71858024597168,13.333581984548715,PRICE,TEST,2024-04
VALE3.SA,BEAR_CALM,0.059928794358306094,1,MAX_DAYS,10,53.08842849731445,56.33366012573242,50.13837486346123,PRICE,TRAIN,2024-04
VALE3.SA,BEAR_CALM,-0.007072705813119716,0,MAX_DAYS,10,50.66532897949219,50.3677864074707,47.614886658776776,PRICE,TRAIN,2024-04
VBBR3.SA,BEAR_CALM,-0.03253755571657282,0,MAX_DAYS,10,15.451946258544922,14.967720031738281,14.371032841169962,PRICE,TRAIN,2024-04
VBBR3.SA,BEAR_CALM,-0.09362285219635716,0,STOP_LOSS,5,15.356828689575195,13.93750678139381,13.93750678139381,PRICE,TRAIN,2024-04
VBBR3.SA,BEAR_CALM,0.06554762731341665,1,MAX_DAYS,10,14.250029563903809,15.20118522644043,12.856649022324707,PRICE,TRAIN,2024-04
VBBR3.SA,BEAR_CALM,-0.04939975621895611,0,MAX_DAYS,10,14.889899253845215,14.172209739685059,13.463165702520909,PRICE,TRAIN,2024-04
VBBR3.SA,BEAR_CALM,0.09494427044993689,1,MAX_DAYS,10,15.166884422302246,16.625093460083008,13.225911599631939,PRICE,TEST,2024-04
USIM5.SA,BEAR_CALM,0.00565873676220905,1,MAX_DAYS,10,7.289999961853027,7.340000152587891,6.700714451926095,PRICE,TRAIN,2024-04
USIM5.SA,BEAR_CALM,-0.07672094457463643,0,STOP_LOSS,2,5.760000228881836,5.324999570846558,5.324999570846558,PRICE,TEST,2024-04
USIM5.SA,BEAR_CALM,0.13578626046487238,1,MAX_DAYS,10,5.110000133514404,5.809999942779541,4.221999835968018,PRICE,TEST,2024-04
WEGE3.SA,BEAR_CALM,0.036749052148535945,1,MAX_DAYS,10,43.386505126953125,45.032981872558594,40.31406991359695,PRICE,TEST,2024-04
YDUQ3.SA,BEAR_CALM,0.16499456587860747,1,MAX_DAYS,10,10.176077842712402,11.867286682128906,8.841779933400176,PRICE,TRAIN,2024-04
ABEV3.SA,BEAR_CALM,0.03746426843785509,1,MAX_DAYS,10,10.373035430908203,10.774101257324219,9.85347242128363,PRICE,TRAIN,2024-07
ABEV3.SA,BEAR_CALM,0.012663317397495578,1,MAX_DAYS,10,10.406183242797852,10.550447463989258,9.699293964110948,PRICE,TRAIN,2024-07
AURE3.SA,BEAR_CALM,-0.03884477966374402,0,STOP_LOSS,4,11.026216506958008,10.611137016028836,10.611137016028836,PRICE,TRAIN,2024-07
AURE3.SA,BEAR_CALM,-0.007982907875920618,0,MAX_DAYS,10,10.251399993896484,10.181865692138672,9.785233536142332,PRICE,TRAIN,2024-07
ALOS3.SA,BEAR_CALM,0.05079826986135214,1,SIGNAL,2,19.41591453552246,20.425508499145508,18.210011565564045,PRICE,TRAIN,2024-07
B3SA3.SA,BEAR_CALM,0.011240308063119021,1,SIGNAL,2,10.129165649414062,10.255175590515137,9.445808627947486,PRICE,TRAIN,2024-07
BBAS3.SA,BEAR_CALM,-0.03797238115323611,0,STOP_LOSS,4,24.160629272460938,23.27218540395197,23.27218540395197,PRICE,TRAIN,2024-07
BBAS3.SA,BEAR_CALM,-0.009348501394800278,0,END_CLOSED,1,21.973888397216797,21.79483413696289,20.628851885711203,PRICE,TRAIN,2024-07
BBAS3.SA,BEAR_CALM,-0.05494817263571763,0,MAX_DAYS,10,21.098512649536133,19.964506149291992,19.73002908019738,PRICE,TEST,2024-07
BBDC3.SA,BEAR_CALM,-0.002795828512188868,0,MAX_DAYS,10,9.633384704589844,9.618011474609375,8.769531602318745,PRICE,TRAIN,2024-07
AZUL4.SA,BEAR_CALM,-0.031503061318608826,0,MAX_DAYS,10,0.9900000095367432,0.9599999785423279,0.7135713824204036,PRICE,TRAIN,2024-07
AZUL4.SA,BEAR_CALM,-0.02203331393077925,0,END_CLOSED,3,0.9599999785423279,0.9399999976158142,0.8035714030265808,PRICE,TRAIN,2024-07
AZUL4.SA,BEAR_CALM,-0.08184508376086844,0,STOP_LOSS,4,0.9300000071525574,0.8550000786781311,0.8550000786781311,PRICE,TEST,2024-07
AZUL4.SA,BEAR_CALM,-0.10119999999999998,0,HARD_STOP,4,0.8500000238418579,0.7650000214576721,0.7385714565004621,PRICE,TEST,2024-07
AZUL4.SA,BEAR_CALM,-0.10119999999999998,0,HARD_STOP,2,0.6700000166893005,0.6030000150203705,0.5114286116191319,PRICE,TEST,2024-07
AZUL4.SA,BEAR_CALM,-0.06677380413054315,0,MAX_DAYS,10,0.6100000143051147,0.5699999928474426,0.45785720007760183,PRICE,TEST,2024-07
AZUL4.SA,BEAR_CALM,0.34609067152782214,1,PROFIT_TARGET,6,0.5799999833106995,0.7814285670007979,0.47928569146565025,PRICE,TEST,2024-07
BBDC4.SA,BEAR_CALM,0.0061591111947475255,1,SIGNAL,2,10.905986785888672,10.986245155334473,10.38483524374453,PRICE,TRAIN,2024-07
BBDC4.SA,BEAR_CALM,-0.041690449073955936,0,MAX_DAYS,10,11.4774808883667,11.012752532958984,10.610924950314407,PRICE,TRAIN,2024-07
BBDC4.SA,BEAR_CALM,0.029463000450035894,1,MAX_DAYS,10,10.646392822265625,10.972843170166016,9.659602313594002,PRICE,TRAIN,2024-07
BBSE3.SA,BEAR_CALM,-0.03640318449850268,0,MAX_DAYS,10,33.018798828125,31.85643196105957,31.25256670809259,PRICE,TEST,2024-07
BBSE3.SA,BEAR_CALM,0.03522212494008934,1,MAX_DAYS,10,31.705228805541992,32.86000061035156,30.328206593240917,PRICE,TEST,2024-07
BEEF3.SA,BEAR_CALM,0.017092713656964832,1,END_CLOSED,8,4.920000076293945,5.010000228881836,4.354285819189889,PRICE,TRAIN,2024-07
BRAP4.SA,BEAR_CALM,0.01958885904316108,1,SIGNAL,1,15.999808311462402,16.332426071166992,15.283397252561379,PRICE,TRAIN,2024-07
BRAP4.SA,BEAR_CALM,0.03600631626646331,1,END_CLOSED,8,14.668993949890137,15.214773178100586,13.823652532165667,PRICE,TRAIN,2024-07
CMIN3.SA,BEAR_CALM,-0.014457489836157154,0,MAX_DAYS,10,4.509122371673584,4.449342727661133,4.018072404198838,PRICE,TRAIN,2024-07
CMIN3.SA,BEAR_CALM,0.004897467889512709,1,END_CLOSED,6,4.778954029083252,4.808093547821045,4.456333099286537,PRICE,TRAIN,2024-07
BRKM5.SA,BEAR_CALM,0.033419675025479025,1,SIGNAL,1,17.6200008392334,18.229999542236328,16.255003929138184,PRICE,TRAIN,2024-07
BRKM5.SA,BEAR_CALM,-0.12055782723937672,0,STOP_LOSS,8,15.350000381469727,13.517857687813896,13.517857687813896,PRICE,TRAIN,2024-07
BRKM5.SA,BEAR_CALM,-0.0900889528035678,0,MAX_DAYS,10,12.600000381469727,11.479999542236328,10.485000201633998,PRICE,TRAIN,2024-07
COGN3.SA,BEAR_CALM,0.11325786109507083,1,MAX_DAYS,10,1.6162232160568237,1.8012126684188843,1.2949258445959522,PRICE,TRAIN,2024-07
CSAN3.SA,BEAR_CALM,0.03072274261151984,1,SIGNAL,1,13.470000267028809,13.899999618530273,12.525000095367432,PRICE,TRAIN,2024-07
CSAN3.SA,BEAR_CALM,0.009368021385988669,1,MAX_DAYS,10,7.570000171661377,7.650000095367432,6.475000245230539,PRICE,TRAIN,2024-07
CPFE3.SA,BEAR_CALM,0.012586788338058909,1,SIGNAL,1,32.63999938964844,33.09000015258789,30.795000076293945,PRICE,TRAIN,2024-07
CSNA3.SA,BEAR_CALM,-0.016927376639479207,0,END_CLOSED,5,7.630000114440918,7.510000228881836,6.7642854281834195,PRICE,TRAIN,2024-07
CXSE3.SA,BEAR_CALM,-0.021840576414613476,0,MAX_DAYS,10,13.440841674804688,13.16341495513916,12.673787616909133,PRICE,TEST,2024-07
CXSE3.SA,BEAR_CALM,0.016737214179694516,1,MAX_DAYS,10,13.096449851989746,13.331363677978516,12.436366318613032,PRICE,TEST,2024-07
CVCB3.SA,BEAR_CALM,0.15435554378179814,1,MAX_DAYS,10,1.7999999523162842,2.0799999237060547,1.4549997448921204,PRICE,TRAIN,2024-07
EGIE3.SA,BEAR_CALM,-0.03546389848660627,0,MAX_DAYS,10,26.70702362060547,25.79193687438965,25.20075817597118,PRICE,TRAIN,2024-07
ELET3.SA,BEAR_CALM,-0.03579029920397316,0,MAX_DAYS,10,31.383691787719727,30.298120498657227,29.03649506089144,PRICE,TRAIN,2024-07
ELET6.SA,BEAR_CALM,-0.02378906592394505,0,MAX_DAYS,10,36.40746307373047,35.585052490234375,34.53712388100524,PRICE,TRAIN,2024-07
ELET6.SA,BEAR_CALM,0.10441599010097144,1,PROFIT_TARGET,2,37.814579010009766,41.80840321240336,35.81766690881297,PRICE,TEST,2024-07
ENGI11.SA,BEAR_CALM,0.03417263102116861,1,SIGNAL,3,36.916664123535156,38.222503662109375,33.578141371387744,PRICE,TRAIN,2024-07
ENGI11.SA,BEAR_CALM,-0.06156291960090767,0,STOP_LOSS,9,36.07986831665039,33.90198212624109,33.90198212624109,PRICE,TRAIN,2024-07
ENEV3.SA,BEAR_CALM,-0.0875094912871495,0,STOP_LOSS,10,11.520000457763672,10.52571507862636,10.52571507862636,PRICE,TRAIN,2024-07
FLRY3.SA,BEAR_CALM,0.036724266522535,1,MAX_DAYS,10,12.831084251403809,13.317693710327148,11.712740041976033,PRICE,TRAIN,2024-07
FLRY3.SA,BEAR_CALM,-0.050357210197139256,0,MAX_DAYS,10,12.420547485351562,11.809988021850586,11.553302515166681,PRICE,TRAIN,2024-07
GGBR4.SA,BEAR_CALM,0.06610016251595371,1,MAX_DAYS,10,14.378823280334473,15.34652042388916,13.1542538163185,PRICE,TRAIN,2024-07
GOAU4.SA,BEAR_CALM,0.05497984392418096,1,MAX_DAYS,10,7.961267471313477,8.408530235290527,7.328501627231228,PRICE,TRAIN,2024-07
HYPE3.SA,BEAR_CALM,0.009252823235691966,1,MAX_DAYS,10,26.883432388305664,27.164440155029297,24.480782901240147,PRICE,TRAIN,2024-07
HYPE3.SA,BEAR_CALM,-0.07663292300407124,0,STOP_LOSS,6,18.746807098388672,17.332680641963744,17.332680641963744,PRICE,TRAIN,2024-07
HAPV3.SA,BEAR_CALM,0.044498911683262456,1,SIGNAL,1,55.79999923706055,58.349998474121094,50.625003814697266,PRICE,TRAIN,2024-07
HAPV3.SA,BEAR_CALM,-0.10119999999999987,0,HARD_STOP,6,52.79999923706055,47.5199993133545,46.821428298950195,PRICE,TRAIN,2024-07
HAPV3.SA,BEAR_CALM,0.14050944155321918,1,MAX_DAYS,10,31.1200008392334,35.529998779296875,27.415001460484095,PRICE,TEST,2024-07
IGTI11.SA,BEAR_CALM,0.007961095310064038,1,SIGNAL,1,20.0345516204834,20.218090057373047,18.744961055216354,PRICE,TRAIN,2024-07
IRBR3.SA,BEAR_CALM,0.04200987310059099,1,MAX_DAYS,10,30.780000686645508,32.11000061035156,28.665003776550293,PRICE,TRAIN,2024-07
KLBN11.SA,BEAR_CALM,-0.06053721225963551,0,STOP_LOSS,9,18.400375366210938,17.30854838744911,17.30854838744911,PRICE,TRAIN,2024-07
KLBN11.SA,BEAR_CALM,0.09166908879017419,1,MAX_DAYS,10,17.39095115661621,19.006032943725586,16.105478133292962,PRICE,TRAIN,2024-07
KLBN11.SA,BEAR_CALM,0.0031691384349453525,1,MAX_DAYS,10,17.809505462646484,17.887317657470703,16.74126195966126,PRICE,TRAIN,2024-07
KLBN11.SA,BEAR_CALM,0.02435553994058113,1,END_CLOSED,9,17.507978439331055,17.95540428161621,16.257408608173087,PRICE,TRAIN,2024-07
LREN3.SA,BEAR_CALM,0.08679328997094901,1,SIGNAL,2,10.386619567871094,11.300572395324707,9.387250052748406,PRICE,TRAIN,2024-07
LWSA3.SA,BEAR_CALM,0.07315895093760769,1,SIGNAL,2,3.784698247909546,4.066124439239502,3.508124059735272,PRICE,TRAIN,2024-07
MRVE3.SA,BEAR_CALM,0.028030778033916716,1,SIGNAL,1,6.5,6.690000057220459,5.9750001430511475,PRICE,TRAIN,2024-07
MGLU3.SA,BEAR_CALM,-0.05864678938814274,0,MAX_DAYS,10,9.12548828125,8.601258277893066,8.000057196840288,PRICE,TRAIN,2024-07
MGLU3.SA,BEAR_CALM,-0.10119999999999998,0,HARD_STOP,8,8.34000015258789,7.506000137329102,7.075714111328125,PRICE,TEST,2024-07
MGLU3.SA,BEAR_CALM,-0.03880445506709553,0,MAX_DAYS,10,7.179999828338623,6.909999847412109,6.138571228299822,PRICE,TEST,2024-07
MGLU3.SA,BEAR_CALM,0.2573543400366042,1,PROFIT_TARGET,8,6.679999828338623,8.407142775399345,5.816428354808262,PRICE,TEST,2024-07
MULT3.SA,BEAR_CALM,0.025372168433899313,1,SIGNAL,1,21.311033248901367,21.8773136138916,19.852861970817447,PRICE,TRAIN,2024-07
PETR3.SA,BEAR_CALM,0.05767818342613649,1,MAX_DAYS,10,30.735403060913086,32.545047760009766,28.144169748300655,PRICE,TRAIN,2024-07
PETR3.SA,BEAR_CALM,-0.04147356829368156,0,MAX_DAYS,10,31.840238571166992,30.557918548583984,29.670706172518287,PRICE,TRAIN,2024-07
PETR3.SA,BEAR_CALM,0.13062430875964134,1,PROFIT_TARGET,5,30.920303344726562,34.99635095978357,28.88227953719806,PRICE,TRAIN,2024-07
PETR4.SA,BEAR_CALM,0.06380836249961272,1,MAX_DAYS,10,28.618783950805664,30.479244232177734,26.209083006667132,PRICE,TRAIN,2024-07
PETR4.SA,BEAR_CALM,0.09352950029424409,1,PROFIT_TARGET,10,29.3306941986084,32.10917620332586,27.941453196249668,PRICE,TRAIN,2024-07
PRIO3.SA,BEAR_CALM,0.10931587352800229,1,MAX_DAYS,10,35.470001220703125,39.38999938964844,30.6657167162214,PRICE,TRAIN,2024-07
RADL3.SA,BEAR_CALM,0.01123855773877689,1,MAX_DAYS,10,24.504911422729492,24.809717178344727,23.154818054982915,PRICE,TRAIN,2024-07
RADL3.SA,BEAR_CALM,0.011630869246555077,1,MAX_DAYS,10,24.301067352294922,24.612871170043945,22.47319583758455,PRICE,TRAIN,2024-07
RADL3.SA,BEAR_CALM,-0.06537114621473009,0,MAX_DAYS,10,14.715316772460938,13.771018028259277,12.984804743267885,PRICE,TRAIN,2024-07
RADL3.SA,BEAR_CALM,0.04566419946776654,1,END_CLOSED,6,14.272677421569824,14.94155502319336,12.403051677978787,PRICE,TRAIN,2024-07
RADL3.SA,BEAR_CALM,-0.012467564683406505,0,MAX_DAYS,10,14.038716316223145,13.880534172058105,12.273303104800817,PRICE,TEST,2024-07
RAIL3.SA,BEAR_CALM,0.03544910719039671,1,MAX_DAYS,10,18.30537223815918,18.976247787475586,17.18199505459286,PRICE,TRAIN,2024-07
RAIL3.SA,BEAR_CALM,-0.026229120927677506,0,MAX_DAYS,10,17.18000030517578,16.75,15.3242860521589,PRICE,TEST,2024-07
RAIZ4.SA,BEAR_CALM,-0.05418016120569693,0,MAX_DAYS,10,1.5099999904632568,1.4299999475479126,1.357272733341564,PRICE,TEST,2024-07
RAIZ4.SA,BEAR_CALM,-0.10119999999999998,0,HARD_STOP,4,1.3899999856948853,1.2509999871253967,1.218571424484253,PRICE,TEST,2024-07
RECV3.SA,BEAR_CALM,-0.04534269548059302,0,MAX_DAYS,10,15.434775352478027,14.753442764282227,14.137625140387433,PRICE,TRAIN,2024-07
RECV3.SA,BEAR_CALM,0.09434895950165453,1,MAX_DAYS,10,14.718503952026367,16.124841690063477,13.664685288648638,PRICE,TRAIN,2024-07
RECV3.SA,BEAR_CALM,0.1285996231522318,1,MAX_DAYS,10,12.665963172912598,14.3100004196167,11.251469996099296,PRICE,TRAIN,2024-07
RECV3.SA,BEAR_CALM,-0.001951896897625781,0,MAX_DAYS,10,13.300000190734863,13.289999961853027,12.151428631373815,PRICE,TEST,2024-07
RENT3.SA,BEAR_CALM,0.009591402592496447,1,SIGNAL,1,39.22087860107422,39.644126892089844,35.806689669854194,PRICE,TRAIN,2024-07
SANB11.SA,BEAR_CALM,0.09534316074619639,1,MAX_DAYS,10,24.08894157409668,26.41456413269043,22.645784191683738,PRICE,TRAIN,2024-07
SMFT3.SA,BEAR_CALM,0.09589671864677637,1,SIGNAL,3,19.650028228759766,21.557981491088867,17.180916905926658,PRICE,TRAIN,2024-07
SUZB3.SA,BEAR_CALM,0.020336010440646347,1,MAX_DAYS,10,50.812713623046875,51.90701675415039,47.21228764871472,PRICE,TRAIN,2024-07
SUZB3.SA,BEAR_CALM,-0.06422991139162351,0,STOP_LOSS,8,53.40999984741211,50.0435722896031,50.0435722896031,PRICE,TRAIN,2024-07
SUZB3.SA,BEAR_CALM,0.03721581439027686,1,MAX_DAYS,10,50.5,52.439998626708984,46.82499885559082,PRICE,TRAIN,2024-07
SUZB3.SA,BEAR_CALM,0.08862878041097319,1,MAX_DAYS,10,49.650001525878906,54.11000061035156,46.17428943089077,PRICE,TRAIN,2024-07
SUZB3.SA,BEAR_CALM,-0.001396007093946182,0,MAX_DAYS,10,51.0099983215332,51.0,48.43749809265137,PRICE,TEST,2024-07
TIMS3.SA,BEAR_CALM,0.07226432017443937,1,SIGNAL,8,14.149677276611328,15.189173698425293,12.859271022297907,PRICE,TRAIN,2024-07
UGPA3.SA,BEAR_CALM,0.02622902118133017,1,SIGNAL,3,19.406278610229492,19.938573837280273,18.296573016725738,PRICE,TRAIN,2024-07
UGPA3.SA,BEAR_CALM,0.014424936048624472,1,MAX_DAYS,10,15.6115140914917,15.855443000793457,14.285536615693601,PRICE,TEST,2024-07
USIM5.SA,BEAR_CALM,-0.09545193986660408,0,STOP_LOSS,3,5.070000171661377,4.592142820358276,4.592142820358276,PRICE,TRAIN,2024-07
USIM5.SA,BEAR_CALM,0.03121886039493047,1,MAX_DAYS,10,4.010000228881836,4.139999866485596,3.5654547431252217,PRICE,TEST,2024-07
VALE3.SA,BEAR_CALM,0.06771029342391385,1,END_CLOSED,7,48.22767639160156,51.55105972290039,44.85322896720729,PRICE,TRAIN,2024-07
VIVT3.SA,BEAR_CALM,0.021667164146538333,1,SIGNAL,4,20.979766845703125,21.459514617919922,19.713506575122302,PRICE,TRAIN,2024-07
WEGE3.SA,BEAR_CALM,0.05643959185236023,1,MAX_DAYS,10,42.84748077392578,45.31719207763672,40.21520453785752,PRICE,TRAIN,2024-07
WEGE3.SA,BEAR_CALM,-0.06573523152292263,0,STOP_LOSS,3,43.76871871948242,40.94409432345895,40.94409432345895,PRICE,TRAIN,2024-07
WEGE3.SA,BEAR_CALM,-0.008154566906320125,0,MAX_DAYS,10,40.8677978515625,40.583580017089844,38.0746755717145,PRICE,TRAIN,2024-07
WEGE3.SA,BEAR_CALM,0.016387575933205813,1,END_CLOSED,8,41.024600982666016,41.746124267578125,37.69595425583337,PRICE,TRAIN,2024-07
WEGE3.SA,BEAR_CALM,0.016283400566882912,1,MAX_DAYS,10,39.889652252197266,40.587059020996094,36.63640208544267,PRICE,TEST,2024-07
YDUQ3.SA,BEAR_CALM,0.07091534286501452,1,SIGNAL,1,9.993504524230957,10.714189529418945,8.768338776913026,PRICE,TRAIN,2024-07
