ticker,regime,return,win,reason,days_held,date_entry,date_exit,hurst_entrada,entropy_entrada,halflife_entrada,sinal_tipo,phase,window
BEEF3.SA,BEAR_CALM,0.13477419192224857,1,END_CLOSED,14,2023-07-25,2023-08-08,-1.8984515612018473,1.2198550610981662,7.009912307790535,PRICE,TRAIN,2023-02-08_2023-08-08
BRKM5.SA,SIDEWAYS_CALM,0.007256692015451406,1,END_CLOSED,4,2023-08-04,2023-08-08,-0.2366499599182471,0.6912493155348995,16.962091969405748,PRICE,TRAIN,2023-02-08_2023-08-08
CSNA3.SA,BEAR_CALM,0.0019545300774897814,1,BEAR_OPTIMIZED,1,2023-07-20,2023-07-21,-1.1416935276057525,-0.4747212202747194,1.5797808603404762,PRICE,TRAIN,2023-02-08_2023-08-08
CSNA3.SA,SIDEWAYS_CALM,-0.011161611087623612,0,TIME_STOP,11,2023-07-24,2023-08-04,-1.291200917174297,0.09890240484108527,1.5576752763307442,PRICE,TRAIN,2023-02-08_2023-08-08
ENEV3.SA,SIDEWAYS_CALM,0.07420984349813362,1,SIGNAL,4,2023-07-20,2023-07-24,-0.9277519918484592,-0.005036816378249989,3.6705178379662806,PRICE,TRAIN,2023-02-08_2023-08-08
LWSA3.SA,SIDEWAYS_VOLATILE,0.04327634825519908,1,END_CLOSED,12,2023-07-27,2023-08-08,-2.1350709597386,0.9229327573842845,7.1874199683426845,PRICE,TRAIN,2023-02-08_2023-08-08
MGLU3.SA,BEAR_CALM,-0.0044573421399121335,0,STOP_TECNICO,10,2023-07-25,2023-08-04,-1.2161236718700528,-0.04028398805225078,9.011930340417338,PRICE,TRAIN,2023-02-08_2023-08-08
SANB11.SA,SIDEWAYS_CALM,-0.0012,0,END_CLOSED,0,2023-08-08,2023-08-08,0.39744576278130145,-0.48964227872512106,8.408852863576383,PRICE,TRAIN,2023-02-08_2023-08-08
BEEF3.SA,BEAR_CALM,0.1829541217942204,1,BEAR_OPTIMIZED,16,2023-07-25,2023-08-10,-1.8984515612018473,1.2198550610981662,7.009912307790535,PRICE,TRAIN,2023-03-08_2023-09-08
BEEF3.SA,BEAR_CALM,-0.05843908390750021,0,HARD_STOP,2,2023-08-29,2023-08-31,-1.2325883687964254,-3.4328562467928077,3.563825350053475,PRICE,TRAIN,2023-03-08_2023-09-08
BRKM5.SA,SIDEWAYS_CALM,-0.03037549873941594,0,TIME_STOP,12,2023-08-04,2023-08-16,-0.2366499599182471,0.6912493155348995,16.962091969405748,PRICE,TRAIN,2023-03-08_2023-09-08
BRKM5.SA,BEAR_CALM,-0.051200000000000044,0,HARD_STOP,1,2023-08-28,2023-08-29,0.7029745666150946,-0.9110028629767563,21.482089432486628,PRICE,TRAIN,2023-03-08_2023-09-08
BRKM5.SA,BEAR_CALM,0.06880442822639385,1,END_CLOSED,4,2023-09-04,2023-09-08,1.3217599371769637,-0.16238384460692062,29.703697534234177,PRICE,TRAIN,2023-03-08_2023-09-08
CSNA3.SA,BEAR_CALM,0.0019545300774897814,1,BEAR_OPTIMIZED,1,2023-07-20,2023-07-21,-1.1416935276057525,-0.4747212202747194,1.5797808603404762,PRICE,TRAIN,2023-03-08_2023-09-08
CSNA3.SA,SIDEWAYS_CALM,-0.011161611087623612,0,TIME_STOP,11,2023-07-24,2023-08-04,-1.291200917174297,0.09890240484108527,1.5576752763307442,PRICE,TRAIN,2023-03-08_2023-09-08
CSNA3.SA,BEAR_CALM,-0.01885656624514411,0,TIME_STOP,11,2023-08-11,2023-08-22,-0.8072776671962065,-1.5706563031229122,3.27637043015448,PRICE,TRAIN,2023-03-08_2023-09-08
CVCB3.SA,BEAR_CALM,-0.10749920668563254,0,HARD_STOP,8,2023-08-17,2023-08-25,1.1897173196951651,-1.6313601296336193,16.94057502775337,PRICE,TRAIN,2023-03-08_2023-09-08
ELET3.SA,BEAR_CALM,-0.007743454446612973,0,TIME_STOP,21,2023-08-15,2023-09-05,-0.9406583756949493,-1.0427829537997435,7.042622347158404,PRICE,TRAIN,2023-03-08_2023-09-08
ENEV3.SA,SIDEWAYS_CALM,0.07420984349813362,1,SIGNAL,4,2023-07-20,2023-07-24,-0.9277519918484592,-0.005036816378249989,3.6705178379662806,PRICE,TRAIN,2023-03-08_2023-09-08
LWSA3.SA,SIDEWAYS_VOLATILE,0.00880000000000001,1,STOP_TECNICO,15,2023-07-27,2023-08-11,-2.1350709597386,0.9229327573842845,7.1874199683426845,PRICE,TRAIN,2023-03-08_2023-09-08
LWSA3.SA,SIDEWAYS_CALM,-0.051200000000000044,0,HARD_STOP,1,2023-08-14,2023-08-15,-0.3697957223454011,-0.07033523041724603,10.694214543830151,PRICE,TRAIN,2023-03-08_2023-09-08
LWSA3.SA,SIDEWAYS_CALM,0.00880000000000001,1,STOP_TECNICO,14,2023-08-25,2023-09-08,-2.0598817130800096,0.8236974903353644,17.033620278786376,PRICE,TRAIN,2023-03-08_2023-09-08
MGLU3.SA,BEAR_CALM,-0.0044573421399121335,0,STOP_TECNICO,10,2023-07-25,2023-08-04,-1.2161236718700528,-0.04028398805225078,9.011930340417338,PRICE,TRAIN,2023-03-08_2023-09-08
SANB11.SA,SIDEWAYS_CALM,-0.04376107849406132,0,TIME_STOP,13,2023-08-08,2023-08-21,0.39744576278130145,-0.48964227872512106,8.408852863576383,PRICE,TRAIN,2023-03-08_2023-09-08
SANB11.SA,BEAR_CALM,-0.008690362394357852,0,END_CLOSED,2,2023-09-06,2023-09-08,-0.07945737313315487,0.3949314810488051,29.095920485623306,PRICE,TRAIN,2023-03-08_2023-09-08
TOTS3.SA,BEAR_CALM,0.012338271557875792,1,END_CLOSED,28,2023-08-11,2023-09-08,-0.6426430054296699,-1.691189897432038,1.6886472808568915,PRICE,TRAIN,2023-03-08_2023-09-08
USIM5.SA,SIDEWAYS_CALM,-0.0197449184397245,0,TIME_STOP,11,2023-08-10,2023-08-21,0.2341019028489991,-1.7808891433326897,2.911855220828316,PRICE,TRAIN,2023-03-08_2023-09-08
USIM5.SA,BEAR_CALM,-0.008467468017784884,0,TIME_STOP,11,2023-08-28,2023-09-08,-0.34872678125790685,0.6008535298397514,6.475041116989207,PRICE,TRAIN,2023-03-08_2023-09-08
ABEV3.SA,BEAR_CALM,-0.055273612637107526,0,HARD_STOP,11,2023-09-11,2023-09-22,-1.4473445767265014,0.6129506484399553,15.528896295459738,PRICE,TRAIN,2023-04-08_2023-10-08
ASAI3.SA,BEAR_CALM,-0.051200000000000044,0,HARD_STOP,3,2023-09-19,2023-09-22,0.20849082927794169,-0.713930302439026,6.315730364038477,PRICE,TRAIN,2023-04-08_2023-10-08
ASAI3.SA,BEAR_CALM,0.02142829460921534,1,END_CLOSED,3,2023-10-03,2023-10-06,-0.8654215754227701,0.6753401721732296,9.186546072736407,PRICE,TRAIN,2023-04-08_2023-10-08
AZUL4.SA,BEAR_CALM,-0.02028396890992703,0,STOP_TECNICO,19,2023-09-14,2023-10-03,-1.379940545307447,1.2615167499990905,34.30961849152067,PRICE,TRAIN,2023-04-08_2023-10-08
B3SA3.SA,BEAR_CALM,0.029261276781605262,1,END_CLOSED,3,2023-10-03,2023-10-06,-0.7962834128200643,0.20271506505476877,1000.0,PRICE,TRAIN,2023-04-08_2023-10-08
BBDC3.SA,SIDEWAYS_CALM,-0.01982552846486387,0,TIME_STOP,11,2023-09-22,2023-10-03,-0.8083945729063425,-0.3056707567301796,34.30961849152067,PRICE,TRAIN,2023-04-08_2023-10-08
BBDC4.SA,SIDEWAYS_CALM,-0.05475934124651518,0,HARD_STOP,7,2023-09-19,2023-09-26,-1.843131225449459,0.9660624803817255,15.27758394416471,PRICE,TRAIN,2023-04-08_2023-10-08
BBDC4.SA,BEAR_CALM,0.03905868005429456,1,END_CLOSED,3,2023-10-03,2023-10-06,-1.5109882174411706,0.036815743509642694,27.500099994096423,PRICE,TRAIN,2023-04-08_2023-10-08
BEEF3.SA,BEAR_CALM,-0.05843908390750021,0,HARD_STOP,2,2023-08-29,2023-08-31,-1.2325883687964254,-3.4328562467928077,3.563825350053475,PRICE,TRAIN,2023-04-08_2023-10-08
BEEF3.SA,BEAR_VOLATILE,-0.03858325149671717,0,TIME_STOP,11,2023-09-11,2023-09-22,-0.48629369527572425,-2.8531348833908283,6.566216180055075,PRICE,TRAIN,2023-04-08_2023-10-08
BEEF3.SA,BEAR_CALM,-0.003653926996988209,0,END_CLOSED,9,2023-09-27,2023-10-06,-0.22279950703256488,-0.14877731405981048,14.688107472053689,PRICE,TRAIN,2023-04-08_2023-10-08
BRKM5.SA,SIDEWAYS_CALM,-0.03037549873941594,0,TIME_STOP,12,2023-08-04,2023-08-16,-0.2366499599182471,0.6912493155348995,16.962091969405748,PRICE,TRAIN,2023-04-08_2023-10-08
BRKM5.SA,BEAR_CALM,-0.051200000000000044,0,HARD_STOP,1,2023-08-28,2023-08-29,0.7029745666150946,-0.9110028629767563,21.482089432486628,PRICE,TRAIN,2023-04-08_2023-10-08
BRKM5.SA,BEAR_CALM,-0.02955619841834569,0,TIME_STOP,11,2023-09-04,2023-09-15,1.3217599371769637,-0.16238384460692062,29.703697534234177,PRICE,TRAIN,2023-04-08_2023-10-08
BRKM5.SA,BEAR_CALM,-0.07036820201615027,0,HARD_STOP,2,2023-09-20,2023-09-22,0.5552568859119998,0.4106338536672692,9.040821129758648,PRICE,TRAIN,2023-04-08_2023-10-08
BRKM5.SA,BEAR_CALM,-0.051200000000000044,0,HARD_STOP,8,2023-09-27,2023-10-05,-1.9972526667294002,-0.12540650729225622,9.267714707528864,PRICE,TRAIN,2023-04-08_2023-10-08
CSNA3.SA,BEAR_CALM,-0.01885656624514411,0,TIME_STOP,11,2023-08-11,2023-08-22,-0.8072776671962065,-1.5706563031229122,3.27637043015448,PRICE,TRAIN,2023-04-08_2023-10-08
CVCB3.SA,BEAR_CALM,-0.10749920668563254,0,HARD_STOP,8,2023-08-17,2023-08-25,1.1897173196951651,-1.6313601296336193,16.94057502775337,PRICE,TRAIN,2023-04-08_2023-10-08
CVCB3.SA,BEAR_CALM,-0.06624068428844845,0,HARD_STOP,3,2023-09-12,2023-09-15,0.9695605560368887,-0.6908710729637637,10.17262330350076,PRICE,TRAIN,2023-04-08_2023-10-08
CVCB3.SA,BEAR_CALM,-0.05536671219799074,0,HARD_STOP,1,2023-09-20,2023-09-21,-0.7687899084382294,-0.3761709792155317,15.045422581555098,PRICE,TRAIN,2023-04-08_2023-10-08
CVCB3.SA,BEAR_CALM,-0.0053666625274553445,0,STOP_TECNICO,7,2023-09-26,2023-10-03,-0.46403760292841556,-0.5657877841248892,9.8909034623848,PRICE,TRAIN,2023-04-08_2023-10-08
ELET3.SA,BEAR_CALM,-0.007743454446612973,0,TIME_STOP,21,2023-08-15,2023-09-05,-0.9406583756949493,-1.0427829537997435,7.042622347158404,PRICE,TRAIN,2023-04-08_2023-10-08
ELET3.SA,BEAR_CALM,-0.004869099523376684,0,TIME_STOP,14,2023-09-19,2023-10-03,-1.3605757849684699,-2.120369486589543,7.462348216639021,PRICE,TRAIN,2023-04-08_2023-10-08
ENEV3.SA,SIDEWAYS_CALM,-0.026798635403053404,0,TIME_STOP,12,2023-09-13,2023-09-25,-1.2767664580378921,-0.25004698603747116,5.389125026322995,PRICE,TRAIN,2023-04-08_2023-10-08
FLRY3.SA,SIDEWAYS_CALM,0.043596541736825235,1,SIGNAL,11,2023-09-14,2023-09-25,0.23305241209428904,0.37645305879938046,13.29476843479996,PRICE,TRAIN,2023-04-08_2023-10-08
HYPE3.SA,BEAR_CALM,-0.031042053477412755,0,END_CLOSED,9,2023-09-27,2023-10-06,0.5808988984865363,-0.8946455685689791,34.30961849152067,PRICE,TRAIN,2023-04-08_2023-10-08
LREN3.SA,BEAR_CALM,-0.051200000000000044,0,HARD_STOP,2,2023-09-19,2023-09-21,-1.1485531841129888,-0.4939101650139934,23.370987445634892,PRICE,TRAIN,2023-04-08_2023-10-08
LWSA3.SA,SIDEWAYS_CALM,-0.051200000000000044,0,HARD_STOP,1,2023-08-14,2023-08-15,-0.3697957223454011,-0.07033523041724603,10.694214543830151,PRICE,TRAIN,2023-04-08_2023-10-08
LWSA3.SA,SIDEWAYS_CALM,0.00880000000000001,1,STOP_TECNICO,14,2023-08-25,2023-09-08,-2.0598817130800096,0.8236974903353644,17.033620278786376,PRICE,TRAIN,2023-04-08_2023-10-08
RDOR3.SA,SIDEWAYS_CALM,-0.051200000000000044,0,HARD_STOP,2,2023-09-20,2023-09-22,0.9428155594321866,-1.391403029719608,34.30961849152067,PRICE,TRAIN,2023-04-08_2023-10-08
RECV3.SA,BEAR_CALM,-0.051200000000000044,0,HARD_STOP,10,2023-09-25,2023-10-05,-1.7194179782500303,0.26194446391803006,6.236759389339871,PRICE,TRAIN,2023-04-08_2023-10-08
SANB11.SA,SIDEWAYS_CALM,-0.04376107849406132,0,TIME_STOP,13,2023-08-08,2023-08-21,0.39744576278130145,-0.48964227872512106,8.408852863576383,PRICE,TRAIN,2023-04-08_2023-10-08
SANB11.SA,BEAR_CALM,-0.008690362394357852,0,TIME_STOP,12,2023-09-06,2023-09-18,-0.07945737313315487,0.3949314810488051,29.095920485623306,PRICE,TRAIN,2023-04-08_2023-10-08
SANB11.SA,BEAR_CALM,0.06215554238683572,1,END_CLOSED,9,2023-09-27,2023-10-06,-0.8880896332747522,0.6074680427950633,15.304873142087256,PRICE,TRAIN,2023-04-08_2023-10-08
TOTS3.SA,BEAR_CALM,0.06210027822203577,1,BEAR_OPTIMIZED,34,2023-08-11,2023-09-14,-0.6426430054296699,-1.691189897432038,1.6886472808568915,PRICE,TRAIN,2023-04-08_2023-10-08
USIM5.SA,SIDEWAYS_CALM,-0.0197449184397245,0,TIME_STOP,11,2023-08-10,2023-08-21,0.2341019028489991,-1.7808891433326897,2.911855220828316,PRICE,TRAIN,2023-04-08_2023-10-08
USIM5.SA,BEAR_CALM,-0.008467468017784884,0,TIME_STOP,11,2023-08-28,2023-09-08,-0.34872678125790685,0.6008535298397514,6.475041116989207,PRICE,TRAIN,2023-04-08_2023-10-08
USIM5.SA,BEAR_CALM,-0.027866603331525817,0,TIME_STOP,13,2023-09-19,2023-10-02,-0.9955319946423321,0.5308074746278231,7.4303477188763765,PRICE,TRAIN,2023-04-08_2023-10-08
ABEV3.SA,BEAR_CALM,-0.055273612637107526,0,HARD_STOP,11,2023-09-11,2023-09-22,-1.4473445767265014,0.6129506484399553,15.528896295459738,PRICE,TRAIN,2023-05-08_2023-11-08
ABEV3.SA,BEAR_CALM,-0.05553973025063543,0,HARD_STOP,8,2023-10-10,2023-10-18,-1.0958318519052568,0.44920123085639596,24.83190298394632,PRICE,TRAIN,2023-05-08_2023-11-08
ABEV3.SA,BEAR_CALM,0.08722441339550055,1,END_CLOSED,14,2023-10-25,2023-11-08,-2.2332224688292395,-0.8146987561800972,34.30961849152067,PRICE,TRAIN,2023-05-08_2023-11-08
ASAI3.SA,BEAR_CALM,-0.051200000000000044,0,HARD_STOP,3,2023-09-19,2023-09-22,0.20849082927794169,-0.713930302439026,6.315730364038477,PRICE,TRAIN,2023-05-08_2023-11-08
ASAI3.SA,BEAR_CALM,-0.059511559837521454,0,HARD_STOP,15,2023-10-03,2023-10-18,-0.8654215754227701,0.6753401721732296,9.186546072736407,PRICE,TRAIN,2023-05-08_2023-11-08
ASAI3.SA,BEAR_CALM,0.1157537726020986,1,END_CLOSED,14,2023-10-25,2023-11-08,-0.1635357287486091,0.35017132947576635,12.329881908885321,PRICE,TRAIN,2023-05-08_2023-11-08
AZUL4.SA,BEAR_CALM,-0.02028396890992703,0,STOP_TECNICO,19,2023-09-14,2023-10-03,-1.379940545307447,1.2615167499990905,34.30961849152067,PRICE,TRAIN,2023-05-08_2023-11-08
AZUL4.SA,BEAR_CALM,-0.0052290242828077135,0,STOP_TECNICO,11,2023-10-09,2023-10-20,-0.19110986800549012,-0.40029366751219436,29.242806477872335,PRICE,TRAIN,2023-05-08_2023-11-08
AZUL4.SA,BEAR_CALM,-0.051200000000000155,0,HARD_STOP,6,2023-10-25,2023-10-31,-1.4023168504788064,0.8386724448644085,8.5999927819571,PRICE,TRAIN,2023-05-08_2023-11-08
B3SA3.SA,BEAR_CALM,-0.02034697540811583,0,TIME_STOP,14,2023-10-03,2023-10-17,-0.7962834128200643,0.20271506505476877,1000.0,PRICE,TRAIN,2023-05-08_2023-11-08
B3SA3.SA,BEAR_CALM,0.07852259625061139,1,BEAR_OPTIMIZED,13,2023-10-25,2023-11-07,-1.7405666444622185,-0.1621408448619985,18.511668991376833,PRICE,TRAIN,2023-05-08_2023-11-08
BBDC3.SA,SIDEWAYS_CALM,-0.01982552846486387,0,TIME_STOP,11,2023-09-22,2023-10-03,-0.8083945729063425,-0.3056707567301796,34.30961849152067,PRICE,TRAIN,2023-05-08_2023-11-08
BBDC3.SA,SIDEWAYS_CALM,-0.016231961738337096,0,TIME_STOP,11,2023-10-09,2023-10-20,-0.3908465277691181,-1.0796063325594338,22.57785357160859,PRICE,TRAIN,2023-05-08_2023-11-08
BBDC3.SA,BEAR_CALM,0.09388791267704497,1,BEAR_OPTIMIZED,8,2023-10-31,2023-11-08,-1.3681678780703654,0.419705305874099,9.238825817505438,PRICE,TRAIN,2023-05-08_2023-11-08
BBDC4.SA,SIDEWAYS_CALM,-0.05475934124651518,0,HARD_STOP,7,2023-09-19,2023-09-26,-1.843131225449459,0.9660624803817255,15.27758394416471,PRICE,TRAIN,2023-05-08_2023-11-08
BBDC4.SA,BEAR_CALM,0.09516905342072132,1,END_CLOSED,36,2023-10-03,2023-11-08,-1.5109882174411706,0.036815743509642694,27.500099994096423,PRICE,TRAIN,2023-05-08_2023-11-08
BEEF3.SA,BEAR_CALM,-0.05843908390750021,0,HARD_STOP,2,2023-08-29,2023-08-31,-1.2325883687964254,-3.4328562467928077,3.563825350053475,PRICE,TRAIN,2023-05-08_2023-11-08
BEEF3.SA,BEAR_VOLATILE,-0.03858325149671717,0,TIME_STOP,11,2023-09-11,2023-09-22,-0.48629369527572425,-2.8531348833908283,6.566216180055075,PRICE,TRAIN,2023-05-08_2023-11-08
BEEF3.SA,BEAR_CALM,-0.007334876000100209,0,TIME_STOP,12,2023-09-27,2023-10-09,-0.22279950703256488,-0.14877731405981048,14.688107472053689,PRICE,TRAIN,2023-05-08_2023-11-08
BEEF3.SA,BEAR_CALM,0.034279628934227625,1,END_CLOSED,12,2023-10-27,2023-11-08,-1.604834643706979,0.3586383385450324,24.250244057655387,PRICE,TRAIN,2023-05-08_2023-11-08
BRKM5.SA,BEAR_CALM,-0.005196454296556817,0,TIME_STOP,15,2023-08-29,2023-09-13,0.8357264071809153,-0.31958829031427766,23.89887304965656,PRICE,TRAIN,2023-05-08_2023-11-08
BRKM5.SA,SIDEWAYS_CALM,-0.05119999999999993,0,HARD_STOP,1,2023-09-19,2023-09-20,0.05146173154765166,-0.18082916077390254,8.855786757099946,PRICE,TRAIN,2023-05-08_2023-11-08
BRKM5.SA,BEAR_CALM,-0.05443743837137129,0,HARD_STOP,8,2023-09-25,2023-10-03,-0.9068794039351772,0.6076614254189912,11.077495839128002,PRICE,TRAIN,2023-05-08_2023-11-08
BRKM5.SA,BEAR_VOLATILE,-0.05177357691706432,0,HARD_STOP,11,2023-10-09,2023-10-20,-1.0036844028715357,0.06777387413885384,26.83806953763934,PRICE,TRAIN,2023-05-08_2023-11-08
BRKM5.SA,BEAR_CALM,-0.06235514909612629,0,HARD_STOP,5,2023-10-25,2023-10-30,-2.052600186271314,0.4369348760408312,34.30961849152067,PRICE,TRAIN,2023-05-08_2023-11-08
BRKM5.SA,BEAR_CALM,-0.026580646768706105,0,END_CLOSED,2,2023-11-06,2023-11-08,-0.8125922797372305,-0.7878258143378365,34.30961849152067,PRICE,TRAIN,2023-05-08_2023-11-08
COGN3.SA,BEAR_CALM,-0.017728849519339084,0,TIME_STOP,13,2023-10-17,2023-10-30,-1.7583708373714708,0.7992708435944101,34.30961849152067,PRICE,TRAIN,2023-05-08_2023-11-08
CSAN3.SA,BEAR_CALM,0.11005009216784631,1,BEAR_OPTIMIZED,11,2023-10-27,2023-11-07,-0.09696558600975584,1.1235771132932217,15.6813249423628,PRICE,TRAIN,2023-05-08_2023-11-08
CVCB3.SA,BEAR_CALM,-0.06624068428844845,0,HARD_STOP,3,2023-09-12,2023-09-15,0.9695605560368887,-0.6908710729637637,10.17262330350076,PRICE,TRAIN,2023-05-08_2023-11-08
CVCB3.SA,BEAR_CALM,-0.05536671219799074,0,HARD_STOP,1,2023-09-20,2023-09-21,-0.7687899084382294,-0.3761709792155317,15.045422581555098,PRICE,TRAIN,2023-05-08_2023-11-08
CVCB3.SA,BEAR_CALM,-0.0053666625274553445,0,STOP_TECNICO,7,2023-09-26,2023-10-03,-0.46403760292841556,-0.5657877841248892,9.8909034623848,PRICE,TRAIN,2023-05-08_2023-11-08
CVCB3.SA,BEAR_CALM,0.00880000000000001,1,STOP_TECNICO,1,2023-10-09,2023-10-10,-2.435300405730124,0.7086357569778667,7.139358855134975,PRICE,TRAIN,2023-05-08_2023-11-08
CVCB3.SA,BEAR_CALM,-0.051200000000000044,0,HARD_STOP,2,2023-10-11,2023-10-13,-1.0984963073813871,-1.214436564841702,6.233163618594762,PRICE,TRAIN,2023-05-08_2023-11-08
CVCB3.SA,BEAR_CALM,-0.056550587917333715,0,HARD_STOP,1,2023-10-18,2023-10-19,-1.948701466122449,-1.0287645841375335,5.051745736961061,PRICE,TRAIN,2023-05-08_2023-11-08
CVCB3.SA,BEAR_CALM,-0.051200000000000044,0,HARD_STOP,6,2023-10-24,2023-10-30,-0.618263620445829,-1.2629197315642269,4.054841990304951,PRICE,TRAIN,2023-05-08_2023-11-08
CVCB3.SA,SIDEWAYS_CALM,0.04964740831330814,1,END_CLOSED,2,2023-11-06,2023-11-08,-1.6298613452823865,-0.7259035312540519,4.198750127154688,PRICE,TRAIN,2023-05-08_2023-11-08
ELET3.SA,BEAR_CALM,-0.004869099523376684,0,TIME_STOP,14,2023-09-19,2023-10-03,-1.3605757849684699,-2.120369486589543,7.462348216639021,PRICE,TRAIN,2023-05-08_2023-11-08
ENEV3.SA,SIDEWAYS_CALM,-0.026798635403053404,0,TIME_STOP,12,2023-09-13,2023-09-25,-1.2767664580378921,-0.25004698603747116,5.389125026322995,PRICE,TRAIN,2023-05-08_2023-11-08
ENEV3.SA,SIDEWAYS_CALM,-0.051200000000000044,0,HARD_STOP,5,2023-10-11,2023-10-16,-1.0407708009154404,-1.4164964233539152,11.152965403987075,PRICE,TRAIN,2023-05-08_2023-11-08
FLRY3.SA,SIDEWAYS_CALM,0.043596541736825235,1,SIGNAL,11,2023-09-14,2023-09-25,0.23305241209428904,0.37645305879938046,13.29476843479996,PRICE,TRAIN,2023-05-08_2023-11-08
HYPE3.SA,BEAR_CALM,-0.025802371787126098,0,TIME_STOP,12,2023-09-27,2023-10-09,0.5808988984865363,-0.8946455685689791,34.30961849152067,PRICE,TRAIN,2023-05-08_2023-11-08
HYPE3.SA,BEAR_CALM,-0.09455230171081444,0,HARD_STOP,11,2023-10-16,2023-10-27,-1.8787848102417228,-0.7235309249934341,34.30961849152067,PRICE,TRAIN,2023-05-08_2023-11-08
HYPE3.SA,BEAR_VOLATILE,0.06290673549194511,1,END_CLOSED,7,2023-11-01,2023-11-08,-0.3427301985661785,-1.2557571274741977,34.30961849152067,PRICE,TRAIN,2023-05-08_2023-11-08
LREN3.SA,BEAR_CALM,-0.051200000000000044,0,HARD_STOP,2,2023-09-19,2023-09-21,-1.1485531841129888,-0.4939101650139934,23.370987445634892,PRICE,TRAIN,2023-05-08_2023-11-08
LWSA3.SA,BEAR_CALM,-0.05119999999999993,0,HARD_STOP,3,2023-10-17,2023-10-20,-1.34344457503841,-1.536690850541702,7.499312340491922,PRICE,TRAIN,2023-05-08_2023-11-08
LWSA3.SA,BEAR_CALM,-0.07140549789319231,0,HARD_STOP,5,2023-10-25,2023-10-30,-2.117189292786641,0.13762073679499076,8.740297164509713,PRICE,TRAIN,2023-05-08_2023-11-08
LWSA3.SA,SIDEWAYS_CALM,0.0481066882230917,1,END_CLOSED,2,2023-11-06,2023-11-08,-1.509740854763228,-1.751348344656776,5.580761154168016,PRICE,TRAIN,2023-05-08_2023-11-08
MGLU3.SA,BEAR_VOLATILE,-0.05706585786743292,0,HARD_STOP,1,2023-10-16,2023-10-17,-0.8010359124135474,0.543308991838202,1000.0,PRICE,TRAIN,2023-05-08_2023-11-08
MGLU3.SA,BEAR_VOLATILE,-0.0674251545076934,0,HARD_STOP,1,2023-10-23,2023-10-24,0.029240442577102482,0.4234357924600378,1000.0,PRICE,TRAIN,2023-05-08_2023-11-08
MGLU3.SA,BEAR_VOLATILE,0.00880000000000001,1,STOP_TECNICO,4,2023-10-30,2023-11-03,-1.745019822699723,0.7197227504202677,1000.0,PRICE,TRAIN,2023-05-08_2023-11-08
MGLU3.SA,BEAR_VOLATILE,0.004449621633784463,1,END_CLOSED,1,2023-11-07,2023-11-08,-0.7563525306790395,-0.9008303158709143,33.49885865077442,PRICE,TRAIN,2023-05-08_2023-11-08
MRVE3.SA,BEAR_VOLATILE,-0.08305838210628472,0,HARD_STOP,5,2023-10-13,2023-10-18,-0.2392555627645039,0.522165772468263,1000.0,PRICE,TRAIN,2023-05-08_2023-11-08
MRVE3.SA,BEAR_VOLATILE,-0.051200000000000044,0,HARD_STOP,7,2023-10-23,2023-10-30,-0.8022563126912183,-1.6321770844937207,34.30961849152067,PRICE,TRAIN,2023-05-08_2023-11-08
MRVE3.SA,BEAR_CALM,0.02531931116685158,1,END_CLOSED,2,2023-11-06,2023-11-08,-0.5690920690300284,-0.2988314228691207,19.064609017836894,PRICE,TRAIN,2023-05-08_2023-11-08
PCAR3.SA,BEAR_VOLATILE,-0.07034893380923204,0,HARD_STOP,2,2023-10-16,2023-10-18,0.3534357964723527,0.2087359226973063,29.54605304127548,PRICE,TRAIN,2023-05-08_2023-11-08
PCAR3.SA,BEAR_CALM,0.009298677809387625,1,END_CLOSED,2,2023-11-06,2023-11-08,-0.0812148499526533,0.3436135037533408,10.263124740114842,PRICE,TRAIN,2023-05-08_2023-11-08
RDOR3.SA,SIDEWAYS_CALM,-0.051200000000000044,0,HARD_STOP,2,2023-09-20,2023-09-22,0.9428155594321866,-1.391403029719608,34.30961849152067,PRICE,TRAIN,2023-05-08_2023-11-08
RDOR3.SA,BEAR_CALM,0.11140652775884549,1,END_CLOSED,14,2023-10-25,2023-11-08,0.4844316133767986,-0.0867292179302121,32.19332757431199,PRICE,TRAIN,2023-05-08_2023-11-08
RECV3.SA,BEAR_CALM,-0.051200000000000044,0,HARD_STOP,10,2023-09-25,2023-10-05,-1.7194179782500303,0.26194446391803006,6.236759389339871,PRICE,TRAIN,2023-05-08_2023-11-08
RENT3.SA,BEAR_VOLATILE,0.07188580392023333,1,END_CLOSED,16,2023-10-23,2023-11-08,-1.8500221055763835,0.6473705619765268,1000.0,PRICE,TRAIN,2023-05-08_2023-11-08
SANB11.SA,BEAR_CALM,-0.008690362394357852,0,TIME_STOP,12,2023-09-06,2023-09-18,-0.07945737313315487,0.3949314810488051,29.095920485623306,PRICE,TRAIN,2023-05-08_2023-11-08
SANB11.SA,BEAR_CALM,0.1010307704456391,1,BEAR_OPTIMIZED,29,2023-09-27,2023-10-26,-0.8880896332747522,0.6074680427950633,15.304873142087256,PRICE,TRAIN,2023-05-08_2023-11-08
TOTS3.SA,SIDEWAYS_CALM,0.04638462705554867,1,SIGNAL,14,2023-08-31,2023-09-14,-1.3186386680232731,0.16080133403306132,5.892477846126528,PRICE,TRAIN,2023-05-08_2023-11-08
TOTS3.SA,BEAR_CALM,0.1413726682212094,1,BEAR_OPTIMIZED,8,2023-10-30,2023-11-07,-0.011360329738392549,-0.49398358311941976,7.220753946137342,PRICE,TRAIN,2023-05-08_2023-11-08
USIM5.SA,SIDEWAYS_CALM,-0.008353031299989898,0,TIME_STOP,11,2023-09-04,2023-09-15,-1.2246267692598773,1.1011390580433154,6.08384206791512,PRICE,TRAIN,2023-05-08_2023-11-08
USIM5.SA,BEAR_CALM,-0.02930649343958771,0,TIME_STOP,12,2023-09-20,2023-10-02,-0.17993486893350158,0.5297595137526008,7.733023318363559,PRICE,TRAIN,2023-05-08_2023-11-08
USIM5.SA,BEAR_CALM,-0.051200000000000155,0,HARD_STOP,11,2023-10-09,2023-10-20,0.0392767869344723,0.06268469866569688,21.1552356192454,PRICE,TRAIN,2023-05-08_2023-11-08
USIM5.SA,BEAR_VOLATILE,0.15893632098878516,1,END_CLOSED,14,2023-10-25,2023-11-08,-1.7926618632473443,-0.7980036355687314,1000.0,PRICE,TRAIN,2023-05-08_2023-11-08
WEGE3.SA,BEAR_CALM,-0.07397518503894254,0,HARD_STOP,6,2023-10-19,2023-10-25,0.1859682557893537,-2.309677982180954,19.62355223696534,PRICE,TRAIN,2023-05-08_2023-11-08
WEGE3.SA,BEAR_VOLATILE,0.003444030833673929,1,END_CLOSED,9,2023-10-30,2023-11-08,0.11467337465909055,-2.39328250153952,9.428762793506149,PRICE,TRAIN,2023-05-08_2023-11-08
ABEV3.SA,BEAR_CALM,-0.05553973025063543,0,HARD_STOP,8,2023-10-10,2023-10-18,-1.0958318519052568,0.44920123085639596,24.83190298394632,PRICE,TRAIN,2023-06-08_2023-12-08
ABEV3.SA,BEAR_CALM,0.14349447855627492,1,BEAR_OPTIMIZED,41,2023-10-25,2023-12-05,-2.2332224688292395,-0.8146987561800972,34.30961849152067,PRICE,TRAIN,2023-06-08_2023-12-08
ASAI3.SA,BEAR_CALM,-0.059511559837521454,0,HARD_STOP,15,2023-10-03,2023-10-18,-0.8654215754227701,0.6753401721732296,9.186546072736407,PRICE,TRAIN,2023-06-08_2023-12-08
ASAI3.SA,BEAR_CALM,0.08492869949559187,1,END_CLOSED,44,2023-10-25,2023-12-08,-0.1635357287486091,0.35017132947576635,12.329881908885321,PRICE,TRAIN,2023-06-08_2023-12-08
AZUL4.SA,BEAR_CALM,-0.051200000000000155,0,HARD_STOP,6,2023-10-03,2023-10-09,-0.7180461370688003,-0.5466664693221157,11.64345124590996,PRICE,TRAIN,2023-06-08_2023-12-08
AZUL4.SA,BEAR_CALM,-0.051200000000000044,0,HARD_STOP,4,2023-10-19,2023-10-23,-1.3286425505842046,0.38589646584252507,9.89131147481606,PRICE,TRAIN,2023-06-08_2023-12-08
B3SA3.SA,BEAR_CALM,-0.02034697540811583,0,TIME_STOP,14,2023-10-03,2023-10-17,-0.7962834128200643,0.20271506505476877,1000.0,PRICE,TRAIN,2023-06-08_2023-12-08
B3SA3.SA,BEAR_CALM,0.07852259625061139,1,BEAR_OPTIMIZED,13,2023-10-25,2023-11-07,-1.7405666444622185,-0.1621408448619985,18.511668991376833,PRICE,TRAIN,2023-06-08_2023-12-08
BBDC3.SA,BEAR_CALM,-0.0038321556185607827,0,TIME_STOP,23,2023-10-02,2023-10-25,-1.0599895643970327,-0.43802329230937526,34.30961849152067,PRICE,TRAIN,2023-06-08_2023-12-08
BBDC3.SA,BEAR_CALM,0.09388791267704497,1,BEAR_OPTIMIZED,8,2023-10-31,2023-11-08,-1.3681678780703654,0.419705305874099,9.238825817505438,PRICE,TRAIN,2023-06-08_2023-12-08
BBDC4.SA,BEAR_CALM,0.11964466908737567,1,BEAR_OPTIMIZED,44,2023-10-03,2023-11-16,-1.5109882174411706,0.036815743509642694,27.500099994096423,PRICE,TRAIN,2023-06-08_2023-12-08
BEEF3.SA,BEAR_CALM,-0.10501076846160243,0,HARD_STOP,13,2023-10-27,2023-11-09,-1.604834643706979,0.3586383385450324,24.250244057655387,PRICE,TRAIN,2023-06-08_2023-12-08
BEEF3.SA,BEAR_CALM,0.027088515475118903,1,END_CLOSED,18,2023-11-20,2023-12-08,-1.5528979552125366,-2.3312980135104158,5.934165438442813,PRICE,TRAIN,2023-06-08_2023-12-08
BRKM5.SA,BEAR_VOLATILE,-0.051200000000000044,0,HARD_STOP,4,2023-10-02,2023-10-06,-0.9189684213726192,-0.17455352390650486,13.996667412682665,PRICE,TRAIN,2023-06-08_2023-12-08
BRKM5.SA,BEAR_VOLATILE,-0.051200000000000044,0,HARD_STOP,8,2023-10-11,2023-10-19,-0.8496738879562293,0.5340158472753013,22.678278043531805,PRICE,TRAIN,2023-06-08_2023-12-08
BRKM5.SA,BEAR_CALM,-0.08213131472984794,0,HARD_STOP,6,2023-10-24,2023-10-30,-1.6176967685210797,0.3481964311624597,34.30961849152067,PRICE,TRAIN,2023-06-08_2023-12-08
BRKM5.SA,BEAR_CALM,0.00880000000000001,1,STOP_TECNICO,25,2023-11-06,2023-12-01,-0.8125922797372305,-0.7878258143378365,34.30961849152067,PRICE,TRAIN,2023-06-08_2023-12-08
BRKM5.SA,BEAR_CALM,-0.004028118978852156,0,END_CLOSED,1,2023-12-07,2023-12-08,0.3413979201699513,-2.1488889354343765,7.306833568478358,PRICE,TRAIN,2023-06-08_2023-12-08
COGN3.SA,BEAR_CALM,-0.017728849519339084,0,TIME_STOP,13,2023-10-17,2023-10-30,-1.7583708373714708,0.7992708435944101,34.30961849152067,PRICE,TRAIN,2023-06-08_2023-12-08
CSAN3.SA,BEAR_CALM,0.11005009216784631,1,BEAR_OPTIMIZED,11,2023-10-27,2023-11-07,-0.09696558600975584,1.1235771132932217,15.6813249423628,PRICE,TRAIN,2023-06-08_2023-12-08
CVCB3.SA,BEAR_CALM,0.5050760446100097,1,END_CLOSED,66,2023-10-03,2023-12-08,-1.1016172870639873,1.3915997463114689,7.990566129045286,PRICE,TRAIN,2023-06-08_2023-12-08
ENEV3.SA,SIDEWAYS_CALM,-0.051200000000000044,0,HARD_STOP,5,2023-10-11,2023-10-16,-1.0407708009154404,-1.4164964233539152,11.152965403987075,PRICE,TRAIN,2023-06-08_2023-12-08
ENEV3.SA,SIDEWAYS_CALM,0.09241705374210438,1,SIGNAL,3,2023-11-13,2023-11-16,-1.364341077235497,0.33488912643444235,6.66993444488907,PRICE,TRAIN,2023-06-08_2023-12-08
GGBR4.SA,BEAR_CALM,0.01003083192951646,1,END_CLOSED,3,2023-12-05,2023-12-08,0.6556132071533812,-0.49507143793277697,10.368877817635871,PRICE,TRAIN,2023-06-08_2023-12-08
HAPV3.SA,BULL_CALM,0.012786038029835335,1,END_CLOSED,4,2023-12-04,2023-12-08,0.6482220786752727,-0.2723576263083698,6.109005092843337,PRICE,TRAIN,2023-06-08_2023-12-08
HYPE3.SA,BEAR_VOLATILE,-0.058525120105912286,0,HARD_STOP,11,2023-10-02,2023-10-13,-0.17030595468735094,0.16435178068137712,34.30961849152067,PRICE,TRAIN,2023-06-08_2023-12-08
HYPE3.SA,BEAR_CALM,-0.07555822955359096,0,HARD_STOP,9,2023-10-18,2023-10-27,-1.2824032215455352,-0.7481220139355158,34.30961849152067,PRICE,TRAIN,2023-06-08_2023-12-08
HYPE3.SA,BEAR_VOLATILE,0.15597573735113487,1,END_CLOSED,37,2023-11-01,2023-12-08,-0.3427301985661785,-1.2557571274741977,34.30961849152067,PRICE,TRAIN,2023-06-08_2023-12-08
LREN3.SA,BEAR_CALM,0.26808998843201637,1,END_CLOSED,28,2023-11-10,2023-12-08,-1.4908729294127785,0.523141711546901,16.365214009949234,PRICE,TRAIN,2023-06-08_2023-12-08
LWSA3.SA,BEAR_CALM,-0.05119999999999993,0,HARD_STOP,3,2023-10-17,2023-10-20,-1.34344457503841,-1.536690850541702,7.499312340491922,PRICE,TRAIN,2023-06-08_2023-12-08
LWSA3.SA,BEAR_CALM,-0.07140549789319231,0,HARD_STOP,5,2023-10-25,2023-10-30,-2.117189292786641,0.13762073679499076,8.740297164509713,PRICE,TRAIN,2023-06-08_2023-12-08
LWSA3.SA,SIDEWAYS_CALM,-0.05204740629765294,0,HARD_STOP,7,2023-11-06,2023-11-13,-1.509740854763228,-1.751348344656776,5.580761154168016,PRICE,TRAIN,2023-06-08_2023-12-08
LWSA3.SA,BEAR_CALM,-0.07503625570116482,0,HARD_STOP,4,2023-11-20,2023-11-24,-1.946385849309183,-0.5565815950393727,5.87380151482693,PRICE,TRAIN,2023-06-08_2023-12-08
MGLU3.SA,BEAR_VOLATILE,-0.05706585786743292,0,HARD_STOP,1,2023-10-16,2023-10-17,-0.8010359124135474,0.543308991838202,1000.0,PRICE,TRAIN,2023-06-08_2023-12-08
MGLU3.SA,BEAR_VOLATILE,-0.0674251545076934,0,HARD_STOP,1,2023-10-23,2023-10-24,0.029240442577102482,0.4234357924600378,1000.0,PRICE,TRAIN,2023-06-08_2023-12-08
MGLU3.SA,BEAR_VOLATILE,0.00880000000000001,1,STOP_TECNICO,4,2023-10-30,2023-11-03,-1.745019822699723,0.7197227504202677,1000.0,PRICE,TRAIN,2023-06-08_2023-12-08
MGLU3.SA,BEAR_VOLATILE,-0.051200000000000044,0,HARD_STOP,2,2023-11-07,2023-11-09,-0.7563525306790395,-0.9008303158709143,33.49885865077442,PRICE,TRAIN,2023-06-08_2023-12-08
MGLU3.SA,BEAR_CALM,0.00880000000000001,1,STOP_TECNICO,2,2023-11-14,2023-11-16,-0.33933828298201274,-0.8729607841238657,27.463178156099964,PRICE,TRAIN,2023-06-08_2023-12-08
MGLU3.SA,BEAR_VOLATILE,-0.05889233876603619,0,HARD_STOP,5,2023-11-22,2023-11-27,0.03856438552551225,-0.8258839325369879,12.921796331517296,PRICE,TRAIN,2023-06-08_2023-12-08
MGLU3.SA,BEAR_CALM,-0.05872216789930353,0,HARD_STOP,1,2023-12-07,2023-12-08,-0.807133288400655,-0.21753611124462718,9.853482071070655,PRICE,TRAIN,2023-06-08_2023-12-08
MRVE3.SA,BEAR_VOLATILE,-0.08305838210628472,0,HARD_STOP,5,2023-10-13,2023-10-18,-0.2392555627645039,0.522165772468263,1000.0,PRICE,TRAIN,2023-06-08_2023-12-08
MRVE3.SA,BEAR_VOLATILE,-0.051200000000000044,0,HARD_STOP,7,2023-10-23,2023-10-30,-0.8022563126912183,-1.6321770844937207,34.30961849152067,PRICE,TRAIN,2023-06-08_2023-12-08
MRVE3.SA,BEAR_CALM,0.11703200798599486,1,BEAR_OPTIMIZED,4,2023-11-06,2023-11-10,-0.5690920690300284,-0.2988314228691207,19.064609017836894,PRICE,TRAIN,2023-06-08_2023-12-08
PCAR3.SA,BEAR_VOLATILE,-0.07034893380923204,0,HARD_STOP,2,2023-10-16,2023-10-18,0.3534357964723527,0.2087359226973063,29.54605304127548,PRICE,TRAIN,2023-06-08_2023-12-08
PCAR3.SA,BEAR_CALM,-0.0038246694523468502,0,TIME_STOP,14,2023-11-06,2023-11-20,-0.0812148499526533,0.3436135037533408,10.263124740114842,PRICE,TRAIN,2023-06-08_2023-12-08
PCAR3.SA,BEAR_CALM,0.00880000000000001,1,STOP_TECNICO,8,2023-11-27,2023-12-05,-1.5450325318193825,-0.3604018290136462,8.26694383079299,PRICE,TRAIN,2023-06-08_2023-12-08
PCAR3.SA,BEAR_CALM,0.08673967410935987,1,END_CLOSED,2,2023-12-06,2023-12-08,-0.5086109263900429,-0.3152412031230645,5.256924943242732,PRICE,TRAIN,2023-06-08_2023-12-08
RAIZ4.SA,SIDEWAYS_CALM,0.024152231279091253,1,END_CLOSED,11,2023-11-27,2023-12-08,1.303063994432711,0.12876496209701221,3.7740701163491495,PRICE,TRAIN,2023-06-08_2023-12-08
RDOR3.SA,BEAR_CALM,0.18767388357131906,1,END_CLOSED,44,2023-10-25,2023-12-08,0.4844316133767986,-0.0867292179302121,32.19332757431199,PRICE,TRAIN,2023-06-08_2023-12-08
RENT3.SA,BEAR_VOLATILE,0.1395579040725484,1,BEAR_OPTIMIZED,22,2023-10-23,2023-11-14,-1.8500221055763835,0.6473705619765268,1000.0,PRICE,TRAIN,2023-06-08_2023-12-08
SANB11.SA,BEAR_CALM,0.08614717157765614,1,BEAR_OPTIMIZED,24,2023-10-02,2023-10-26,-0.5441639785335186,0.34195071806295607,16.5637443802827,PRICE,TRAIN,2023-06-08_2023-12-08
TOTS3.SA,BEAR_CALM,0.1413726682212094,1,BEAR_OPTIMIZED,8,2023-10-30,2023-11-07,-0.011360329738392549,-0.49398358311941976,7.220753946137342,PRICE,TRAIN,2023-06-08_2023-12-08
USIM5.SA,BEAR_CALM,-0.051200000000000044,0,HARD_STOP,7,2023-10-02,2023-10-09,-0.15512267109235708,0.3855722747749931,9.336151660707143,PRICE,TRAIN,2023-06-08_2023-12-08
USIM5.SA,BEAR_CALM,-0.052236724901105334,0,HARD_STOP,4,2023-10-16,2023-10-20,-0.6962965419389462,-0.14091701511604407,34.30961849152067,PRICE,TRAIN,2023-06-08_2023-12-08
USIM5.SA,BEAR_VOLATILE,0.2901117848914966,1,BEAR_OPTIMIZED,22,2023-10-25,2023-11-16,-1.7926618632473443,-0.7980036355687314,1000.0,PRICE,TRAIN,2023-06-08_2023-12-08
WEGE3.SA,BEAR_CALM,-0.07397518503894254,0,HARD_STOP,6,2023-10-19,2023-10-25,0.1859682557893537,-2.309677982180954,19.62355223696534,PRICE,TRAIN,2023-06-08_2023-12-08
WEGE3.SA,BEAR_VOLATILE,0.09167906806440404,1,BEAR_OPTIMIZED,36,2023-10-30,2023-12-05,0.11467337465909055,-2.39328250153952,9.428762793506149,PRICE,TRAIN,2023-06-08_2023-12-08
ABEV3.SA,BEAR_VOLATILE,0.09502782726922229,1,BEAR_OPTIMIZED,34,2023-11-01,2023-12-05,-2.125156009425372,-0.6057591644610888,13.408718415281326,PRICE,TRAIN,2023-07-08_2024-01-08
ASAI3.SA,BEAR_CALM,0.00880000000000001,1,STOP_TECNICO,35,2023-11-06,2023-12-11,0.08243844433022585,-0.07780356948085611,4.639454052693829,PRICE,TRAIN,2023-07-08_2024-01-08
ASAI3.SA,BEAR_CALM,0.17278512065105586,1,BEAR_OPTIMIZED,27,2023-12-12,2024-01-08,-1.485529669000414,-1.0041848516676732,5.632377869007937,PRICE,TRAIN,2023-07-08_2024-01-08
AZUL4.SA,BEAR_CALM,0.07466706496809747,1,END_CLOSED,4,2024-01-04,2024-01-08,-0.24273904536129506,-0.3973776282304891,12.482486673734424,PRICE,TRAIN,2023-07-08_2024-01-08
BBDC3.SA,BEAR_CALM,0.07894686661918757,1,BEAR_OPTIMIZED,7,2023-11-01,2023-11-08,-1.4003448847359925,0.6071709667571614,8.177885850103285,PRICE,TRAIN,2023-07-08_2024-01-08
BBDC4.SA,BEAR_CALM,0.10297536646193403,1,BEAR_OPTIMIZED,15,2023-11-01,2023-11-16,-2.1601143443060216,0.2204497821881972,6.57950408542705,PRICE,TRAIN,2023-07-08_2024-01-08
BEEF3.SA,BEAR_CALM,0.008700946693721213,1,END_CLOSED,49,2023-11-20,2024-01-08,-1.5528979552125366,-2.3312980135104158,5.934165438442813,PRICE,TRAIN,2023-07-08_2024-01-08
BRKM5.SA,BEAR_VOLATILE,0.00880000000000001,1,STOP_TECNICO,41,2023-11-01,2023-12-12,-1.878723893742712,-1.9156963352593002,1000.0,PRICE,TRAIN,2023-07-08_2024-01-08
CSAN3.SA,SIDEWAYS_CALM,0.06923951725352881,1,SIGNAL,6,2023-11-01,2023-11-07,0.12979427379114325,-0.6361467384203527,11.011561173753915,PRICE,TRAIN,2023-07-08_2024-01-08
CVCB3.SA,SIDEWAYS_CALM,-0.014577913620550408,0,STOP_TECNICO,5,2023-11-01,2023-11-06,-1.6373779981677978,-0.18345515743166843,3.6964199294581452,PRICE,TRAIN,2023-07-08_2024-01-08
CVCB3.SA,SIDEWAYS_CALM,0.00880000000000001,1,STOP_TECNICO,8,2023-11-13,2023-11-21,-1.7441815621614263,-0.5937006029346317,5.134271848856787,PRICE,TRAIN,2023-07-08_2024-01-08
CVCB3.SA,SIDEWAYS_CALM,0.00880000000000001,1,STOP_TECNICO,6,2023-11-22,2023-11-28,-2.581353969291357,0.4743872134646667,6.2363082325015995,PRICE,TRAIN,2023-07-08_2024-01-08
CVCB3.SA,BULL_CALM,-0.025009501846360326,0,STOP_TECNICO,33,2023-11-30,2024-01-02,-2.5296482230227073,0.737152704847312,12.754856565776189,PRICE,TRAIN,2023-07-08_2024-01-08
ENEV3.SA,SIDEWAYS_CALM,0.09241705374210438,1,SIGNAL,3,2023-11-13,2023-11-16,-1.364341077235497,0.33488912643444235,6.66993444488907,PRICE,TRAIN,2023-07-08_2024-01-08
GGBR4.SA,BEAR_CALM,0.0612437409011005,1,BEAR_OPTIMIZED,17,2023-12-05,2023-12-22,0.6556132071533812,-0.49507143793277697,10.368877817635871,PRICE,TRAIN,2023-07-08_2024-01-08
HAPV3.SA,BULL_CALM,-0.051200000000000044,0,HARD_STOP,8,2023-12-04,2023-12-12,0.6482220786752727,-0.2723576263083698,6.109005092843337,PRICE,TRAIN,2023-07-08_2024-01-08
HAPV3.SA,BULL_CALM,0.043611297838014186,1,END_CLOSED,5,2024-01-03,2024-01-08,-1.4748058828696444,-0.23430422891082253,5.390877561831177,PRICE,TRAIN,2023-07-08_2024-01-08
HYPE3.SA,BEAR_VOLATILE,0.18795187084776796,1,END_CLOSED,68,2023-11-01,2024-01-08,-0.3427301985661785,-1.2557571274741977,34.30961849152067,PRICE,TRAIN,2023-07-08_2024-01-08
LREN3.SA,BEAR_CALM,0.34563649056043466,1,END_CLOSED,59,2023-11-10,2024-01-08,-1.4908729294127785,0.523141711546901,16.365214009949234,PRICE,TRAIN,2023-07-08_2024-01-08
LWSA3.SA,BEAR_CALM,0.00880000000000001,1,STOP_TECNICO,12,2023-11-01,2023-11-13,-2.3806741570667977,-0.5946231366195821,8.586443960505022,PRICE,TRAIN,2023-07-08_2024-01-08
LWSA3.SA,BEAR_CALM,-0.05838948856458317,0,HARD_STOP,7,2023-11-17,2023-11-24,-1.4466050261512433,-0.7610179199616517,6.339723189639926,PRICE,TRAIN,2023-07-08_2024-01-08
MGLU3.SA,BEAR_VOLATILE,-0.051200000000000044,0,HARD_STOP,2,2023-11-07,2023-11-09,-0.7563525306790395,-0.9008303158709143,33.49885865077442,PRICE,TRAIN,2023-07-08_2024-01-08
MGLU3.SA,BEAR_CALM,0.00880000000000001,1,STOP_TECNICO,2,2023-11-14,2023-11-16,-0.33933828298201274,-0.8729607841238657,27.463178156099964,PRICE,TRAIN,2023-07-08_2024-01-08
MGLU3.SA,BEAR_VOLATILE,-0.05889233876603619,0,HARD_STOP,5,2023-11-22,2023-11-27,0.03856438552551225,-0.8258839325369879,12.921796331517296,PRICE,TRAIN,2023-07-08_2024-01-08
MGLU3.SA,BEAR_CALM,-0.05872216789930353,0,HARD_STOP,1,2023-12-07,2023-12-08,-0.807133288400655,-0.21753611124462718,9.853482071070655,PRICE,TRAIN,2023-07-08_2024-01-08
MGLU3.SA,BEAR_CALM,-0.052125934480258616,0,HARD_STOP,5,2023-12-28,2024-01-02,-2.4312245786664426,1.156671764629164,8.979205450280308,PRICE,TRAIN,2023-07-08_2024-01-08
MRVE3.SA,BEAR_CALM,0.19501747516867693,1,BEAR_OPTIMIZED,9,2023-11-01,2023-11-10,-0.6055376813245255,-1.3892878034649643,32.98614487143016,PRICE,TRAIN,2023-07-08_2024-01-08
PCAR3.SA,BEAR_CALM,-0.0038246694523468502,0,TIME_STOP,14,2023-11-06,2023-11-20,-0.0812148499526533,0.3436135037533408,10.263124740114842,PRICE,TRAIN,2023-07-08_2024-01-08
PCAR3.SA,BEAR_CALM,0.00880000000000001,1,STOP_TECNICO,8,2023-11-27,2023-12-05,-1.5450325318193825,-0.3604018290136462,8.26694383079299,PRICE,TRAIN,2023-07-08_2024-01-08
PCAR3.SA,BEAR_CALM,0.00880000000000001,1,STOP_TECNICO,5,2023-12-06,2023-12-11,-0.5086109263900429,-0.3152412031230645,5.256924943242732,PRICE,TRAIN,2023-07-08_2024-01-08
PCAR3.SA,BEAR_CALM,0.00865220749181659,1,STOP_TECNICO,24,2023-12-12,2024-01-05,0.3712876450275753,0.04306907826560947,3.1304517542058714,PRICE,TRAIN,2023-07-08_2024-01-08
PCAR3.SA,BEAR_CALM,-0.0012,0,END_CLOSED,0,2024-01-08,2024-01-08,-1.017247843694456,0.2949846227364118,4.252186787546728,PRICE,TRAIN,2023-07-08_2024-01-08
RAIZ4.SA,SIDEWAYS_CALM,-0.012467580892110107,0,TIME_STOP,14,2023-11-27,2023-12-11,1.303063994432711,0.12876496209701221,3.7740701163491495,PRICE,TRAIN,2023-07-08_2024-01-08
RDOR3.SA,BEAR_CALM,0.26427917957115354,1,END_CLOSED,68,2023-11-01,2024-01-08,-0.27371526577038685,0.03740099793943691,16.603467039295936,PRICE,TRAIN,2023-07-08_2024-01-08
RENT3.SA,BEAR_CALM,0.09119032595706997,1,BEAR_OPTIMIZED,8,2023-11-06,2023-11-14,-1.465424296835301,-0.22743732104396933,17.668788309884498,PRICE,TRAIN,2023-07-08_2024-01-08
WEGE3.SA,BEAR_VOLATILE,-0.012082540298513987,0,TIME_STOP,12,2023-11-01,2023-11-13,-0.6862611891458191,-2.4673075084816176,6.144864191776387,PRICE,TRAIN,2023-07-08_2024-01-08
WEGE3.SA,BEAR_CALM,0.0531606448513807,1,BEAR_OPTIMIZED,15,2023-11-20,2023-12-05,-0.2994134302066106,-1.4341768243530626,5.1378408767526755,PRICE,TRAIN,2023-07-08_2024-01-08
ABEV3.SA,SIDEWAYS_CALM,-0.010381405524485098,0,END_CLOSED,6,2024-02-02,2024-02-08,-0.9258965324217622,-0.5237399054531141,7.353913410952028,PRICE,TRAIN,2023-08-08_2024-02-08
ASAI3.SA,BEAR_CALM,0.00880000000000001,1,STOP_TECNICO,5,2023-12-08,2023-12-13,-0.4435853268614633,-0.5351131690538431,5.619037817161843,PRICE,TRAIN,2023-08-08_2024-02-08
ASAI3.SA,SIDEWAYS_CALM,0.10602609896039902,1,SIGNAL,28,2023-12-15,2024-01-12,-0.5777849364987895,0.6290808206437799,5.900950031241585,PRICE,TRAIN,2023-08-08_2024-02-08
AZUL4.SA,BEAR_CALM,-0.015650853111279693,0,TIME_STOP,11,2024-01-04,2024-01-15,-0.24273904536129506,-0.3973776282304891,12.482486673734424,PRICE,TRAIN,2023-08-08_2024-02-08
BBDC3.SA,BEAR_VOLATILE,-0.0012,0,END_CLOSED,0,2024-02-08,2024-02-08,-1.451550137589061,-6.4668587171107585,7.555246873412969,PRICE,TRAIN,2023-08-08_2024-02-08
BBDC4.SA,BEAR_VOLATILE,-0.0012,0,END_CLOSED,0,2024-02-08,2024-02-08,-1.4091732865853066,-4.460118021750557,5.643241501071965,PRICE,TRAIN,2023-08-08_2024-02-08
BEEF3.SA,BEAR_CALM,-0.05449594787400849,0,HARD_STOP,9,2024-01-23,2024-02-01,-1.047720313333807,-1.2287688516676978,3.3373223671656436,PRICE,TRAIN,2023-08-08_2024-02-08
BEEF3.SA,BEAR_CALM,-0.021818537153480165,0,END_CLOSED,2,2024-02-06,2024-02-08,-1.4950835279333958,-0.9617243804923489,1.927230989153263,PRICE,TRAIN,2023-08-08_2024-02-08
BRKM5.SA,BEAR_CALM,-0.05119999999999993,0,HARD_STOP,4,2023-12-07,2023-12-11,0.3413979201699513,-2.1488889354343765,7.306833568478358,PRICE,TRAIN,2023-08-08_2024-02-08
GGBR4.SA,BEAR_CALM,0.0612437409011005,1,BEAR_OPTIMIZED,17,2023-12-05,2023-12-22,0.6556132071533812,-0.49507143793277697,10.368877817635871,PRICE,TRAIN,2023-08-08_2024-02-08
GOAU4.SA,BEAR_VOLATILE,0.031755443142789865,1,END_CLOSED,17,2024-01-22,2024-02-08,1.5290562435889432,-1.4228639482336047,8.733113607389534,PRICE,TRAIN,2023-08-08_2024-02-08
HAPV3.SA,BULL_CALM,-0.051200000000000044,0,HARD_STOP,8,2023-12-04,2023-12-12,0.6482220786752727,-0.2723576263083698,6.109005092843337,PRICE,TRAIN,2023-08-08_2024-02-08
HAPV3.SA,BULL_CALM,-0.05780375095112524,0,HARD_STOP,15,2024-01-03,2024-01-18,-1.4748058828696444,-0.23430422891082253,5.390877561831177,PRICE,TRAIN,2023-08-08_2024-02-08
HAPV3.SA,BEAR_CALM,-0.02404261436507884,0,TIME_STOP,13,2024-01-23,2024-02-05,-0.6506526285444544,-0.29017341746029146,4.640117554922158,PRICE,TRAIN,2023-08-08_2024-02-08
HYPE3.SA,BEAR_CALM,-0.002599505211778784,0,TIME_STOP,23,2023-12-11,2024-01-03,-0.7754410358350479,0.08094707092552743,5.293705968483434,PRICE,TRAIN,2023-08-08_2024-02-08
LREN3.SA,SIDEWAYS_VOLATILE,-0.014775807322239397,0,TIME_STOP,28,2023-12-07,2024-01-04,0.3376948480904768,0.6033043176407721,28.00000199651736,PRICE,TRAIN,2023-08-08_2024-02-08
LREN3.SA,SIDEWAYS_CALM,-0.051200000000000044,0,HARD_STOP,12,2024-01-10,2024-01-22,-0.37892325755071443,0.6385126939704453,33.379231561850574,PRICE,TRAIN,2023-08-08_2024-02-08
LREN3.SA,SIDEWAYS_CALM,-0.06537431751476533,0,HARD_STOP,5,2024-01-31,2024-02-05,-0.14857809786447831,0.5817971452606888,6.7970132860851225,PRICE,TRAIN,2023-08-08_2024-02-08
MGLU3.SA,BEAR_CALM,-0.05872216789930353,0,HARD_STOP,1,2023-12-07,2023-12-08,-0.807133288400655,-0.21753611124462718,9.853482071070655,PRICE,TRAIN,2023-08-08_2024-02-08
MGLU3.SA,BEAR_CALM,-0.052125934480258616,0,HARD_STOP,5,2023-12-28,2024-01-02,-2.4312245786664426,1.156671764629164,8.979205450280308,PRICE,TRAIN,2023-08-08_2024-02-08
MGLU3.SA,BEAR_CALM,-0.08376875606688186,0,HARD_STOP,8,2024-01-10,2024-01-18,-0.1624631797989906,-0.5410804937319867,10.172278315794342,PRICE,TRAIN,2023-08-08_2024-02-08
MGLU3.SA,BEAR_CALM,-0.05119999999999993,0,HARD_STOP,1,2024-02-07,2024-02-08,-1.0135276980475274,0.2822573401257287,1.8682146645255566,PRICE,TRAIN,2023-08-08_2024-02-08
PCAR3.SA,BEAR_CALM,0.00880000000000001,1,STOP_TECNICO,6,2023-12-05,2023-12-11,-1.6667176667091455,-0.31913436439590104,5.4162564010058345,PRICE,TRAIN,2023-08-08_2024-02-08
PCAR3.SA,BEAR_CALM,0.00865220749181659,1,STOP_TECNICO,24,2023-12-12,2024-01-05,0.3712876450275753,0.04306907826560947,3.1304517542058714,PRICE,TRAIN,2023-08-08_2024-02-08
PCAR3.SA,BEAR_CALM,-0.07943964785402305,0,HARD_STOP,2,2024-01-08,2024-01-10,-1.017247843694456,0.2949846227364118,4.252186787546728,PRICE,TRAIN,2023-08-08_2024-02-08
PCAR3.SA,BEAR_CALM,-0.051200000000000044,0,HARD_STOP,1,2024-01-15,2024-01-16,-1.4466993351850417,-0.5054858013154736,6.966695824774779,PRICE,TRAIN,2023-08-08_2024-02-08
PCAR3.SA,BEAR_VOLATILE,-0.051200000000000155,0,HARD_STOP,3,2024-01-22,2024-01-25,-3.020234130681256,-0.7031971574657292,4.3570012341387505,PRICE,TRAIN,2023-08-08_2024-02-08
PCAR3.SA,BEAR_VOLATILE,0.003825120811725348,1,END_CLOSED,9,2024-01-30,2024-02-08,-0.6794295070380137,-0.8116626064855009,3.6026374732308133,PRICE,TRAIN,2023-08-08_2024-02-08
RAIZ4.SA,SIDEWAYS_CALM,0.15197917297430838,1,SIGNAL,14,2023-12-05,2023-12-19,0.5293447261727162,-0.9504476827646932,4.020953180115071,PRICE,TRAIN,2023-08-08_2024-02-08
RDOR3.SA,SIDEWAYS_CALM,-0.051200000000000155,0,HARD_STOP,4,2023-12-04,2023-12-08,0.5202113065906064,0.0875038021072036,8.644932436384307,PRICE,TRAIN,2023-08-08_2024-02-08
RDOR3.SA,BEAR_CALM,0.03808987445694543,1,END_CLOSED,17,2024-01-22,2024-02-08,-1.3739224499620792,-0.16567565090299566,10.683353376846084,PRICE,TRAIN,2023-08-08_2024-02-08
ABEV3.SA,SIDEWAYS_CALM,-0.012676676855687206,0,TIME_STOP,12,2024-02-02,2024-02-14,-0.9258965324217622,-0.5237399054531141,7.353913410952028,PRICE,TRAIN,2023-09-08_2024-03-08
ABEV3.SA,BEAR_CALM,0.04876087783921532,1,BEAR_OPTIMIZED,9,2024-02-19,2024-02-28,-0.9187543918036537,-1.3888780503566975,8.2860210192687,PRICE,TRAIN,2023-09-08_2024-03-08
ABEV3.SA,BEAR_CALM,0.0058588808741844925,1,END_CLOSED,3,2024-03-05,2024-03-08,-0.2925348995864149,-2.7403947525787964,7.657444177261912,PRICE,TRAIN,2023-09-08_2024-03-08
AZUL4.SA,BEAR_CALM,-0.051200000000000155,0,HARD_STOP,3,2024-01-12,2024-01-15,-0.2739589419180399,-0.1402414076432381,10.085742283298076,PRICE,TRAIN,2023-09-08_2024-03-08
AZUL4.SA,BEAR_CALM,-0.051200000000000044,0,HARD_STOP,3,2024-02-27,2024-03-01,-0.9324720525183423,0.5499451182697284,11.688078413503177,PRICE,TRAIN,2023-09-08_2024-03-08
AZUL4.SA,BEAR_CALM,-0.0028247325005610543,0,END_CLOSED,2,2024-03-06,2024-03-08,-2.073731649904836,0.6796964738796322,13.379638779752698,PRICE,TRAIN,2023-09-08_2024-03-08
BBDC3.SA,BEAR_VOLATILE,-0.017973180869847137,0,TIME_STOP,11,2024-02-08,2024-02-19,-1.451550137589061,-6.4668587171107585,7.555246873412969,PRICE,TRAIN,2023-09-08_2024-03-08
BBDC3.SA,BEAR_VOLATILE,-0.01513833534274691,0,TIME_STOP,11,2024-02-26,2024-03-08,0.7900669053344922,-3.5831308598798297,20.52105329166529,PRICE,TRAIN,2023-09-08_2024-03-08
BBDC4.SA,BEAR_VOLATILE,0.020854244604988505,1,END_CLOSED,29,2024-02-08,2024-03-08,-1.4091732865853066,-4.460118021750557,5.643241501071965,PRICE,TRAIN,2023-09-08_2024-03-08
BEEF3.SA,BEAR_CALM,-0.05449594787400849,0,HARD_STOP,9,2024-01-23,2024-02-01,-1.047720313333807,-1.2287688516676978,3.3373223671656436,PRICE,TRAIN,2023-09-08_2024-03-08
BEEF3.SA,BEAR_CALM,-0.06600118699446658,0,HARD_STOP,8,2024-02-06,2024-02-14,-1.4950835279333958,-0.9617243804923489,1.927230989153263,PRICE,TRAIN,2023-09-08_2024-03-08
BEEF3.SA,BEAR_CALM,0.02479389560940879,1,END_CLOSED,18,2024-02-19,2024-03-08,-1.2120327205318917,-0.4478555717783727,14.831854716043214,PRICE,TRAIN,2023-09-08_2024-03-08
BRAP4.SA,BEAR_CALM,-0.015115566916139377,0,END_CLOSED,7,2024-03-01,2024-03-08,-1.3691893149324001,1.0609745646349533,1000.0,PRICE,TRAIN,2023-09-08_2024-03-08
GGBR4.SA,BEAR_CALM,0.00517366071272405,1,END_CLOSED,11,2024-02-26,2024-03-08,0.1313277167400107,0.9099875931650949,11.499089581047691,PRICE,TRAIN,2023-09-08_2024-03-08
GOAU4.SA,BEAR_VOLATILE,0.06574081720651201,1,BEAR_OPTIMIZED,39,2024-01-22,2024-03-01,1.5290562435889432,-1.4228639482336047,8.733113607389534,PRICE,TRAIN,2023-09-08_2024-03-08
GOAU4.SA,BEAR_CALM,-0.0012,0,END_CLOSED,1,2024-03-07,2024-03-08,0.265760118329093,0.6767339168141246,8.532084961594158,PRICE,TRAIN,2023-09-08_2024-03-08
HAPV3.SA,SIDEWAYS_CALM,-0.051200000000000044,0,HARD_STOP,1,2024-01-18,2024-01-19,-0.03065666469253851,-0.7791397476030263,4.026835968357856,PRICE,TRAIN,2023-09-08_2024-03-08
HAPV3.SA,BEAR_CALM,-0.051200000000000044,0,HARD_STOP,6,2024-01-24,2024-01-30,0.012172920497382823,-0.2874089976915075,4.276096130615623,PRICE,TRAIN,2023-09-08_2024-03-08
HAPV3.SA,BEAR_VOLATILE,-0.051200000000000044,0,HARD_STOP,2,2024-02-05,2024-02-07,-0.040359836002141956,-0.8051103845667767,6.428395537781373,PRICE,TRAIN,2023-09-08_2024-03-08
HAPV3.SA,BEAR_CALM,-0.051200000000000044,0,HARD_STOP,2,2024-02-19,2024-02-21,0.2837389125253745,-0.7969061565484791,20.789517875094358,PRICE,TRAIN,2023-09-08_2024-03-08
HAPV3.SA,BEAR_CALM,0.08259888149099667,1,END_CLOSED,11,2024-02-26,2024-03-08,-1.5989267038770216,-0.99062918493563,14.500030944650929,PRICE,TRAIN,2023-09-08_2024-03-08
LREN3.SA,SIDEWAYS_CALM,-0.051200000000000044,0,HARD_STOP,12,2024-01-10,2024-01-22,-0.37892325755071443,0.6385126939704453,33.379231561850574,PRICE,TRAIN,2023-09-08_2024-03-08
LREN3.SA,SIDEWAYS_CALM,-0.06537431751476533,0,HARD_STOP,5,2024-01-31,2024-02-05,-0.14857809786447831,0.5817971452606888,6.7970132860851225,PRICE,TRAIN,2023-09-08_2024-03-08
LREN3.SA,BEAR_CALM,0.11044383149329948,1,END_CLOSED,23,2024-02-14,2024-03-08,-1.8449338378672266,0.41474996054842855,6.5744864822037385,PRICE,TRAIN,2023-09-08_2024-03-08
MGLU3.SA,BEAR_CALM,-0.08376875606688186,0,HARD_STOP,8,2024-01-10,2024-01-18,-0.1624631797989906,-0.5410804937319867,10.172278315794342,PRICE,TRAIN,2023-09-08_2024-03-08
MGLU3.SA,BEAR_CALM,-0.05119999999999993,0,HARD_STOP,1,2024-02-07,2024-02-08,-1.0135276980475274,0.2822573401257287,1.8682146645255566,PRICE,TRAIN,2023-09-08_2024-03-08
MGLU3.SA,BEAR_CALM,0.00880000000000001,1,STOP_TECNICO,21,2024-02-14,2024-03-06,-1.4094791806110456,-0.01823755147077112,1.2438512681239016,PRICE,TRAIN,2023-09-08_2024-03-08
MRVE3.SA,BEAR_CALM,-0.051200000000000044,0,HARD_STOP,4,2024-02-26,2024-03-01,-0.8132861542404697,-1.1839263969036877,29.59603966499335,PRICE,TRAIN,2023-09-08_2024-03-08
PCAR3.SA,BEAR_CALM,-0.06497550896283547,0,HARD_STOP,2,2024-01-09,2024-01-11,-1.1588250276341747,0.36063929484401686,4.036272650229657,PRICE,TRAIN,2023-09-08_2024-03-08
PCAR3.SA,BEAR_CALM,-0.08523362943984461,0,HARD_STOP,2,2024-01-16,2024-01-18,-2.6299854774786207,-0.5257750091766146,5.753168434978455,PRICE,TRAIN,2023-09-08_2024-03-08
PCAR3.SA,BEAR_VOLATILE,-0.05807198650482983,0,HARD_STOP,7,2024-01-23,2024-01-30,-2.561273670620715,-0.6104976144109371,4.212090163735556,PRICE,TRAIN,2023-09-08_2024-03-08
PCAR3.SA,BEAR_VOLATILE,-0.00883358037663464,0,TIME_STOP,11,2024-02-05,2024-02-16,-0.8779434284597336,-0.9135651931000859,3.700032725023406,PRICE,TRAIN,2023-09-08_2024-03-08
RDOR3.SA,BEAR_CALM,-0.0057332593556660635,0,TIME_STOP,23,2024-01-22,2024-02-14,-1.3739224499620792,-0.16567565090299566,10.683353376846084,PRICE,TRAIN,2023-09-08_2024-03-08
RDOR3.SA,BEAR_CALM,-0.02489655412968441,0,TIME_STOP,14,2024-02-19,2024-03-04,-1.5434705011854777,0.1062139849494139,4.063061362683137,PRICE,TRAIN,2023-09-08_2024-03-08
VALE3.SA,SIDEWAYS_CALM,-0.003778884763915323,0,TIME_STOP,17,2024-02-09,2024-02-26,0.9640070051881918,-0.15390467435324537,34.30961849152067,PRICE,TRAIN,2023-09-08_2024-03-08
VALE3.SA,SIDEWAYS_CALM,0.0012297620426039225,1,END_CLOSED,3,2024-03-05,2024-03-08,-0.6197614509274205,0.4578296751984023,34.30961849152067,PRICE,TRAIN,2023-09-08_2024-03-08
ABEV3.SA,BEAR_CALM,-0.01581534127948616,0,TIME_STOP,12,2024-02-07,2024-02-19,-0.8449550427469986,-0.24087443734429403,6.295213202993503,PRICE,TRAIN,2023-10-08_2024-04-08
ABEV3.SA,SIDEWAYS_CALM,0.030241649124822613,1,SIGNAL,2,2024-02-26,2024-02-28,1.2061942518907312,-1.2125779652463453,7.049241158428254,PRICE,TRAIN,2023-10-08_2024-04-08
ABEV3.SA,BEAR_CALM,-0.010611677047542754,0,TIME_STOP,13,2024-03-05,2024-03-18,-0.2925348995864149,-2.7403947525787964,7.657444177261912,PRICE,TRAIN,2023-10-08_2024-04-08
ABEV3.SA,BEAR_VOLATILE,-0.00610592325194783,0,TIME_STOP,14,2024-03-25,2024-04-08,0.008425672795612363,-1.6888284748870206,10.989567404991,PRICE,TRAIN,2023-10-08_2024-04-08
AZUL4.SA,BEAR_CALM,-0.051200000000000044,0,HARD_STOP,3,2024-02-27,2024-03-01,-0.9324720525183423,0.5499451182697284,11.688078413503177,PRICE,TRAIN,2023-10-08_2024-04-08
AZUL4.SA,BEAR_CALM,0.00880000000000001,1,STOP_TECNICO,9,2024-03-06,2024-03-15,-2.073731649904836,0.6796964738796322,13.379638779752698,PRICE,TRAIN,2023-10-08_2024-04-08
AZUL4.SA,BEAR_CALM,0.025034579597771646,1,END_CLOSED,3,2024-04-05,2024-04-08,-0.8215403138802998,-0.5602098754606187,4.199852888750586,PRICE,TRAIN,2023-10-08_2024-04-08
B3SA3.SA,BEAR_CALM,0.010476474138313964,1,END_CLOSED,11,2024-03-28,2024-04-08,-2.387842434867804,0.5126774839691185,12.374094812734553,PRICE,TRAIN,2023-10-08_2024-04-08
BBDC3.SA,BEAR_VOLATILE,-0.017973180869847137,0,TIME_STOP,11,2024-02-08,2024-02-19,-1.451550137589061,-6.4668587171107585,7.555246873412969,PRICE,TRAIN,2023-10-08_2024-04-08
BBDC3.SA,BEAR_VOLATILE,-0.01513833534274691,0,TIME_STOP,11,2024-02-26,2024-03-08,0.7900669053344922,-3.5831308598798297,20.52105329166529,PRICE,TRAIN,2023-10-08_2024-04-08
BBDC4.SA,BEAR_VOLATILE,0.07990735999817797,1,END_CLOSED,60,2024-02-08,2024-04-08,-1.4091732865853066,-4.460118021750557,5.643241501071965,PRICE,TRAIN,2023-10-08_2024-04-08
BEEF3.SA,BEAR_CALM,-0.06600118699446658,0,HARD_STOP,8,2024-02-06,2024-02-14,-1.4950835279333958,-0.9617243804923489,1.927230989153263,PRICE,TRAIN,2023-10-08_2024-04-08
BEEF3.SA,BEAR_CALM,0.006445289147784063,1,STOP_TECNICO,36,2024-02-19,2024-03-26,-1.2120327205318917,-0.4478555717783727,14.831854716043214,PRICE,TRAIN,2023-10-08_2024-04-08
BEEF3.SA,BEAR_CALM,-0.01759346242757722,0,TIME_STOP,12,2024-03-27,2024-04-08,-0.835330665265717,-2.141441329608211,2.980861888324157,PRICE,TRAIN,2023-10-08_2024-04-08
BRAP4.SA,BEAR_CALM,-0.033349765880081116,0,TIME_STOP,11,2024-03-01,2024-03-12,-1.3691893149324001,1.0609745646349533,1000.0,PRICE,TRAIN,2023-10-08_2024-04-08
BRAP4.SA,BEAR_CALM,0.042064553899487135,1,END_CLOSED,20,2024-03-19,2024-04-08,0.24766645166695095,0.17700875185738987,34.30961849152067,PRICE,TRAIN,2023-10-08_2024-04-08
COGN3.SA,BEAR_VOLATILE,-0.060522022466990254,0,HARD_STOP,6,2024-03-28,2024-04-03,0.6854614510521125,-2.1324839336354673,14.142543982670276,PRICE,TRAIN,2023-10-08_2024-04-08
COGN3.SA,BEAR_VOLATILE,-0.0012,0,END_CLOSED,0,2024-04-08,2024-04-08,0.7374314334307629,-1.897989757615196,10.774178281831558,PRICE,TRAIN,2023-10-08_2024-04-08
CSAN3.SA,BEAR_CALM,-0.051200000000000044,0,HARD_STOP,9,2024-03-25,2024-04-03,-0.8407031640341253,0.013438407576802853,28.46784644534191,PRICE,TRAIN,2023-10-08_2024-04-08
CSAN3.SA,BEAR_CALM,-0.0012,0,END_CLOSED,0,2024-04-08,2024-04-08,-1.9336576393669542,0.4524791733663253,20.677224430918116,PRICE,TRAIN,2023-10-08_2024-04-08
EZTC3.SA,BEAR_CALM,-0.0005506225911330531,0,END_CLOSED,5,2024-04-03,2024-04-08,-0.7826669404061914,1.035886776113802,4.394909846033309,PRICE,TRAIN,2023-10-08_2024-04-08
FLRY3.SA,BEAR_CALM,-0.0021814840543004296,0,TIME_STOP,23,2024-03-13,2024-04-05,0.6279323438312435,-0.4682182850172701,1000.0,PRICE,TRAIN,2023-10-08_2024-04-08
GGBR4.SA,BEAR_CALM,-0.01662175670649304,0,TIME_STOP,18,2024-02-26,2024-03-15,0.1313277167400107,0.9099875931650949,11.499089581047691,PRICE,TRAIN,2023-10-08_2024-04-08
GGBR4.SA,BEAR_CALM,0.0546353315095399,1,BEAR_OPTIMIZED,15,2024-03-20,2024-04-04,-0.6135645713107292,0.527947611841146,6.063891851490886,PRICE,TRAIN,2023-10-08_2024-04-08
GOAU4.SA,BEAR_CALM,0.0570225510797203,1,BEAR_OPTIMIZED,16,2024-02-14,2024-03-01,0.910546392474596,1.1842397862265093,8.539324558280985,PRICE,TRAIN,2023-10-08_2024-04-08
GOAU4.SA,BEAR_CALM,0.04267739102425159,1,BEAR_OPTIMIZED,14,2024-03-07,2024-03-21,0.265760118329093,0.6767339168141246,8.532084961594158,PRICE,TRAIN,2023-10-08_2024-04-08
HAPV3.SA,BEAR_VOLATILE,-0.051200000000000044,0,HARD_STOP,1,2024-02-06,2024-02-07,-0.3319771677620201,-0.5253669949087081,7.149078899528598,PRICE,TRAIN,2023-10-08_2024-04-08
HAPV3.SA,BEAR_CALM,-0.051200000000000044,0,HARD_STOP,2,2024-02-19,2024-02-21,0.2837389125253745,-0.7969061565484791,20.789517875094358,PRICE,TRAIN,2023-10-08_2024-04-08
HAPV3.SA,BEAR_CALM,0.11891167330734173,1,END_CLOSED,42,2024-02-26,2024-04-08,-1.5989267038770216,-0.99062918493563,14.500030944650929,PRICE,TRAIN,2023-10-08_2024-04-08
LREN3.SA,BEAR_CALM,-0.051200000000000044,0,HARD_STOP,2,2024-02-06,2024-02-08,-1.3844978121244624,-0.5495540235789661,7.034605313379662,PRICE,TRAIN,2023-10-08_2024-04-08
LREN3.SA,BEAR_CALM,0.1848768050807593,1,END_CLOSED,54,2024-02-14,2024-04-08,-1.8449338378672266,0.41474996054842855,6.5744864822037385,PRICE,TRAIN,2023-10-08_2024-04-08
LWSA3.SA,BEAR_CALM,-0.06294955296821017,0,HARD_STOP,10,2024-03-22,2024-04-01,-2.09098701151984,1.550731393158618,3.6342500781414357,PRICE,TRAIN,2023-10-08_2024-04-08
MGLU3.SA,BEAR_CALM,-0.05119999999999993,0,HARD_STOP,1,2024-02-07,2024-02-08,-1.0135276980475274,0.2822573401257287,1.8682146645255566,PRICE,TRAIN,2023-10-08_2024-04-08
MGLU3.SA,BEAR_CALM,0.00880000000000001,1,STOP_TECNICO,21,2024-02-14,2024-03-06,-1.4094791806110456,-0.01823755147077112,1.2438512681239016,PRICE,TRAIN,2023-10-08_2024-04-08
MGLU3.SA,BEAR_CALM,-0.051200000000000155,0,HARD_STOP,8,2024-03-14,2024-03-22,-0.8755793601442866,0.19062740279601428,2.165428730228423,PRICE,TRAIN,2023-10-08_2024-04-08
MGLU3.SA,BEAR_CALM,-0.051200000000000044,0,HARD_STOP,1,2024-04-02,2024-04-03,-1.223818107312961,-0.19486010650021832,3.8218738097129186,PRICE,TRAIN,2023-10-08_2024-04-08
MGLU3.SA,BEAR_CALM,-0.0012,0,END_CLOSED,0,2024-04-08,2024-04-08,-1.0892878756597613,0.5848303836007341,5.382732952829754,PRICE,TRAIN,2023-10-08_2024-04-08
MRVE3.SA,BEAR_CALM,-0.051200000000000044,0,HARD_STOP,4,2024-02-26,2024-03-01,-0.8132861542404697,-1.1839263969036877,29.59603966499335,PRICE,TRAIN,2023-10-08_2024-04-08
PCAR3.SA,BEAR_VOLATILE,-0.051200000000000044,0,HARD_STOP,8,2024-02-06,2024-02-14,-0.5045545357032213,-0.5485348437900245,3.658084427040861,PRICE,TRAIN,2023-10-08_2024-04-08
RAIZ4.SA,BEAR_CALM,-0.0012,0,END_CLOSED,5,2024-04-03,2024-04-08,-0.33348013996019904,0.4654311594254891,10.379864434239344,PRICE,TRAIN,2023-10-08_2024-04-08
RDOR3.SA,BEAR_CALM,-0.051200000000000044,0,HARD_STOP,9,2024-02-14,2024-02-23,-2.2211054517496454,0.4327251492382735,3.5418696901854627,PRICE,TRAIN,2023-10-08_2024-04-08
RDOR3.SA,BEAR_CALM,-0.051200000000000044,0,HARD_STOP,7,2024-03-01,2024-03-08,-1.6902928004614335,-0.13762172495488365,5.563785760010464,PRICE,TRAIN,2023-10-08_2024-04-08
RENT3.SA,BEAR_CALM,-0.038677058966476684,0,TIME_STOP,12,2024-03-20,2024-04-01,-0.5839028278988087,-0.3248250865368717,14.546631746729618,PRICE,TRAIN,2023-10-08_2024-04-08
TOTS3.SA,BEAR_VOLATILE,-0.0012,0,END_CLOSED,0,2024-04-08,2024-04-08,-1.1537161191930079,-0.2145701322354395,5.0267118508998365,PRICE,TRAIN,2023-10-08_2024-04-08
VALE3.SA,SIDEWAYS_CALM,-0.003778884763915323,0,TIME_STOP,17,2024-02-09,2024-02-26,0.9640070051881918,-0.15390467435324537,34.30961849152067,PRICE,TRAIN,2023-10-08_2024-04-08
VALE3.SA,SIDEWAYS_CALM,-0.05308799555965151,0,HARD_STOP,10,2024-03-05,2024-03-15,-0.6197614509274205,0.4578296751984023,34.30961849152067,PRICE,TRAIN,2023-10-08_2024-04-08
VALE3.SA,BEAR_CALM,0.04742619174627603,1,END_CLOSED,13,2024-03-26,2024-04-08,0.34888290425336266,-1.0762868944628894,11.326797239228364,PRICE,TRAIN,2023-10-08_2024-04-08
ABEV3.SA,BEAR_CALM,-0.0027809577750700573,0,TIME_STOP,11,2024-03-07,2024-03-18,0.6907524350825952,-2.7180105417015965,9.632223704575763,PRICE,TRAIN,2023-11-08_2024-05-08
ABEV3.SA,BEAR_VOLATILE,-0.00610592325194783,0,TIME_STOP,14,2024-03-25,2024-04-08,0.008425672795612363,-1.6888284748870206,10.989567404991,PRICE,TRAIN,2023-11-08_2024-05-08
ASAI3.SA,SIDEWAYS_CALM,0.03880001195073666,1,END_CLOSED,22,2024-04-16,2024-05-08,0.7040084928831185,0.38040951218643704,3.0165358246060388,PRICE,TRAIN,2023-11-08_2024-05-08
AZUL4.SA,BEAR_CALM,-0.07812310119423052,0,HARD_STOP,36,2024-03-07,2024-04-12,-1.3515157286689756,0.30570146220579847,11.653828829554707,PRICE,TRAIN,2023-11-08_2024-05-08
B3SA3.SA,BEAR_CALM,-0.0037019952342711923,0,TIME_STOP,13,2024-03-28,2024-04-10,-2.387842434867804,0.5126774839691185,12.374094812734553,PRICE,TRAIN,2023-11-08_2024-05-08
B3SA3.SA,BEAR_CALM,-0.051200000000000044,0,HARD_STOP,9,2024-04-15,2024-04-24,-1.7406839243095225,1.2490960292858364,10.762201792138088,PRICE,TRAIN,2023-11-08_2024-05-08
B3SA3.SA,BEAR_VOLATILE,0.05395379122449127,1,END_CLOSED,6,2024-05-02,2024-05-08,-1.6168398615163444,-0.021816480661916784,15.6279809841238,PRICE,TRAIN,2023-11-08_2024-05-08
BBDC4.SA,BEAR_CALM,0.0009785821924649175,1,END_CLOSED,1,2024-05-07,2024-05-08,0.8210893682869552,0.2669909391621653,6.081467855621725,PRICE,TRAIN,2023-11-08_2024-05-08
BEEF3.SA,BEAR_CALM,-0.01759346242757722,0,TIME_STOP,12,2024-03-27,2024-04-08,-0.835330665265717,-2.141441329608211,2.980861888324157,PRICE,TRAIN,2023-11-08_2024-05-08
BEEF3.SA,BEAR_VOLATILE,-0.006166843238520146,0,TIME_STOP,21,2024-04-15,2024-05-06,-0.3001800267292251,-1.1047091260640736,6.008194560645154,PRICE,TRAIN,2023-11-08_2024-05-08
BRAP4.SA,BEAR_CALM,0.05035141212644199,1,END_CLOSED,50,2024-03-19,2024-05-08,0.24766645166695095,0.17700875185738987,34.30961849152067,PRICE,TRAIN,2023-11-08_2024-05-08
BRKM5.SA,BEAR_CALM,-0.0006924710078179063,0,END_CLOSED,2,2024-05-06,2024-05-08,-0.44761133196070685,-1.9572699920137715,10.10402217081402,PRICE,TRAIN,2023-11-08_2024-05-08
COGN3.SA,BEAR_VOLATILE,-0.060522022466990254,0,HARD_STOP,6,2024-03-28,2024-04-03,0.6854614510521125,-2.1324839336354673,14.142543982670276,PRICE,TRAIN,2023-11-08_2024-05-08
COGN3.SA,BEAR_VOLATILE,-0.08416955652467653,0,HARD_STOP,7,2024-04-08,2024-04-15,0.7374314334307629,-1.897989757615196,10.774178281831558,PRICE,TRAIN,2023-11-08_2024-05-08
CSAN3.SA,BEAR_CALM,-0.051200000000000044,0,HARD_STOP,9,2024-03-25,2024-04-03,-0.8407031640341253,0.013438407576802853,28.46784644534191,PRICE,TRAIN,2023-11-08_2024-05-08
CSAN3.SA,BEAR_CALM,-0.051200000000000044,0,HARD_STOP,3,2024-04-08,2024-04-11,-1.9336576393669542,0.4524791733663253,20.677224430918116,PRICE,TRAIN,2023-11-08_2024-05-08
CSAN3.SA,BEAR_VOLATILE,0.04338602063765871,1,END_CLOSED,22,2024-04-16,2024-05-08,-0.2371547194360489,0.028372430075251965,1000.0,PRICE,TRAIN,2023-11-08_2024-05-08
ELET3.SA,BEAR_VOLATILE,0.05717916800389542,1,BEAR_OPTIMIZED,10,2024-04-23,2024-05-03,-0.07784741815668562,-2.4997837740442383,34.30961849152067,PRICE,TRAIN,2023-11-08_2024-05-08
ENEV3.SA,SIDEWAYS_CALM,0.05476710506383018,1,SIGNAL,10,2024-04-16,2024-04-26,-0.39191867188026824,-0.19347030807012633,2.082157349515694,PRICE,TRAIN,2023-11-08_2024-05-08
EZTC3.SA,BEAR_CALM,-0.06613499357635458,0,HARD_STOP,9,2024-04-03,2024-04-12,-0.7826669404061914,1.035886776113802,4.394909846033309,PRICE,TRAIN,2023-11-08_2024-05-08
FLRY3.SA,BEAR_CALM,-0.0021814840543004296,0,TIME_STOP,23,2024-03-13,2024-04-05,0.6279323438312435,-0.4682182850172701,1000.0,PRICE,TRAIN,2023-11-08_2024-05-08
FLRY3.SA,BEAR_CALM,0.06219030590973116,1,END_CLOSED,22,2024-04-16,2024-05-08,-0.8691300547832308,0.4799015981679653,34.30961849152067,PRICE,TRAIN,2023-11-08_2024-05-08
GGBR4.SA,BEAR_CALM,0.09424154950018168,1,BEAR_OPTIMIZED,28,2024-03-07,2024-04-04,0.38395642187347556,-0.5223980490592176,9.72499465069068,PRICE,TRAIN,2023-11-08_2024-05-08
GGBR4.SA,BEAR_CALM,0.06960597112284081,1,BEAR_OPTIMIZED,9,2024-04-24,2024-05-03,-1.2112486423766422,1.8017778419658377,4.554785551087371,PRICE,TRAIN,2023-11-08_2024-05-08
GOAU4.SA,BEAR_CALM,0.04267739102425159,1,BEAR_OPTIMIZED,14,2024-03-07,2024-03-21,0.265760118329093,0.6767339168141246,8.532084961594158,PRICE,TRAIN,2023-11-08_2024-05-08
HAPV3.SA,BEAR_CALM,-0.006449330692481346,0,TIME_STOP,19,2024-03-07,2024-03-26,-1.169772654779718,-0.5690694711131256,11.918296379498443,PRICE,TRAIN,2023-11-08_2024-05-08
HAPV3.SA,BEAR_CALM,-0.042331067248374786,0,TIME_STOP,13,2024-04-02,2024-04-15,-1.1583031210382475,-2.1967317018402177,8.533401776923434,PRICE,TRAIN,2023-11-08_2024-05-08
HYPE3.SA,BEAR_VOLATILE,-0.051200000000000044,0,HARD_STOP,6,2024-04-10,2024-04-16,0.381683019907049,-1.4140613002662261,3.2001747012882507,PRICE,TRAIN,2023-11-08_2024-05-08
HYPE3.SA,BEAR_CALM,-0.0012,0,END_CLOSED,0,2024-05-08,2024-05-08,0.48769801363446713,-0.8185283093131106,9.971966110270152,PRICE,TRAIN,2023-11-08_2024-05-08
LREN3.SA,SIDEWAYS_CALM,0.00880000000000001,1,STOP_TECNICO,22,2024-03-21,2024-04-12,-0.18459111353621427,-1.3447168432024064,4.854696926916619,PRICE,TRAIN,2023-11-08_2024-05-08
LWSA3.SA,BEAR_CALM,-0.06294955296821017,0,HARD_STOP,10,2024-03-22,2024-04-01,-2.09098701151984,1.550731393158618,3.6342500781414357,PRICE,TRAIN,2023-11-08_2024-05-08
MGLU3.SA,BEAR_CALM,-0.051200000000000155,0,HARD_STOP,8,2024-03-14,2024-03-22,-0.8755793601442866,0.19062740279601428,2.165428730228423,PRICE,TRAIN,2023-11-08_2024-05-08
MGLU3.SA,BEAR_CALM,-0.051200000000000044,0,HARD_STOP,1,2024-04-02,2024-04-03,-1.223818107312961,-0.19486010650021832,3.8218738097129186,PRICE,TRAIN,2023-11-08_2024-05-08
MGLU3.SA,BEAR_CALM,-0.06861568320946923,0,HARD_STOP,4,2024-04-08,2024-04-12,-1.0892878756597613,0.5848303836007341,5.382732952829754,PRICE,TRAIN,2023-11-08_2024-05-08
MGLU3.SA,BEAR_VOLATILE,-0.053831626568823364,0,HARD_STOP,6,2024-04-17,2024-04-23,-1.0612962872021348,-0.481618926313015,34.30961849152067,PRICE,TRAIN,2023-11-08_2024-05-08
MULT3.SA,BEAR_VOLATILE,0.03737816951622106,1,END_CLOSED,13,2024-04-25,2024-05-08,-0.5914826906887034,-0.36927766830428305,26.67673404016169,PRICE,TRAIN,2023-11-08_2024-05-08
RAIZ4.SA,BEAR_CALM,-0.0696523178082861,0,HARD_STOP,8,2024-04-03,2024-04-11,-0.33348013996019904,0.4654311594254891,10.379864434239344,PRICE,TRAIN,2023-11-08_2024-05-08
RAIZ4.SA,BEAR_VOLATILE,0.06364635306242969,1,END_CLOSED,20,2024-04-18,2024-05-08,-0.9262425344641296,0.6503086288563135,1000.0,PRICE,TRAIN,2023-11-08_2024-05-08
RENT3.SA,BEAR_CALM,-0.038677058966476684,0,TIME_STOP,12,2024-03-20,2024-04-01,-0.5839028278988087,-0.3248250865368717,14.546631746729618,PRICE,TRAIN,2023-11-08_2024-05-08
RENT3.SA,BEAR_CALM,-0.05187559960891743,0,HARD_STOP,4,2024-04-11,2024-04-15,0.04118946800813789,-0.03200334433103796,4.487683045823701,PRICE,TRAIN,2023-11-08_2024-05-08
SANB11.SA,BEAR_CALM,-0.009751960900835764,0,TIME_STOP,15,2024-04-10,2024-04-25,-1.420811217886323,-2.0091678916944806,3.547589938592404,PRICE,TRAIN,2023-11-08_2024-05-08
TOTS3.SA,BEAR_VOLATILE,-0.0546833991268473,0,HARD_STOP,7,2024-04-08,2024-04-15,-1.1537161191930079,-0.2145701322354395,5.0267118508998365,PRICE,TRAIN,2023-11-08_2024-05-08
VALE3.SA,BEAR_CALM,0.06441204590606872,1,END_CLOSED,43,2024-03-26,2024-05-08,0.34888290425336266,-1.0762868944628894,11.326797239228364,PRICE,TRAIN,2023-11-08_2024-05-08
ABEV3.SA,BEAR_CALM,-0.019277299227853616,0,TIME_STOP,11,2024-04-08,2024-04-19,-1.6599240653876497,0.136351145007291,6.68169316891791,PRICE,TRAIN,2023-12-08_2024-06-08
ASAI3.SA,SIDEWAYS_CALM,-0.004276941232849961,0,TIME_STOP,41,2024-04-16,2024-05-27,0.7040084928831185,0.38040951218643704,3.0165358246060388,PRICE,TRAIN,2023-12-08_2024-06-08
AZUL4.SA,BEAR_CALM,-0.06811731808716451,0,HARD_STOP,3,2024-04-08,2024-04-11,-1.381877497345256,-0.6836907671098854,3.9675411839774615,PRICE,TRAIN,2023-12-08_2024-06-08
B3SA3.SA,BEAR_CALM,-0.051200000000000044,0,HARD_STOP,5,2024-04-10,2024-04-15,-2.5067621967025655,0.9753798349312123,7.954967518662225,PRICE,TRAIN,2023-12-08_2024-06-08
B3SA3.SA,BEAR_CALM,-0.051200000000000044,0,HARD_STOP,8,2024-04-22,2024-04-30,-1.252281996965765,0.5974244581789288,11.983988325278899,PRICE,TRAIN,2023-12-08_2024-06-08
B3SA3.SA,BEAR_VOLATILE,-0.051200000000000044,0,HARD_STOP,4,2024-05-06,2024-05-10,-1.1583536704115354,-0.03865747689777181,9.80721473497307,PRICE,TRAIN,2023-12-08_2024-06-08
B3SA3.SA,BEAR_CALM,-0.06342614357470513,0,HARD_STOP,10,2024-05-21,2024-05-31,-1.0591635530129622,0.12826539776419543,8.707967157537562,PRICE,TRAIN,2023-12-08_2024-06-08
B3SA3.SA,BEAR_CALM,-0.0002689347555175014,0,END_CLOSED,2,2024-06-05,2024-06-07,-1.2937515074607573,-1.9554883422402007,10.462340662780607,PRICE,TRAIN,2023-12-08_2024-06-08
BBDC3.SA,BEAR_CALM,-0.02385113678717856,0,TIME_STOP,11,2024-05-13,2024-05-24,0.4480452332044298,0.06444486744902315,6.635142176972941,PRICE,TRAIN,2023-12-08_2024-06-08
BBDC3.SA,BEAR_CALM,-0.0014357575083841156,0,END_CLOSED,9,2024-05-29,2024-06-07,-0.2617382376096011,0.6048799936919695,34.30961849152067,PRICE,TRAIN,2023-12-08_2024-06-08
BBDC4.SA,BEAR_CALM,-0.033153663708511937,0,TIME_STOP,13,2024-05-07,2024-05-20,0.8210893682869552,0.2669909391621653,6.081467855621725,PRICE,TRAIN,2023-12-08_2024-06-08
BBDC4.SA,BEAR_CALM,0.0018394067817276494,1,END_CLOSED,11,2024-05-27,2024-06-07,-0.5499716955581014,0.7994088654014451,34.30961849152067,PRICE,TRAIN,2023-12-08_2024-06-08
BEEF3.SA,BEAR_CALM,-0.051200000000000044,0,HARD_STOP,4,2024-04-08,2024-04-12,-2.6553860370059863,-1.8687281727037142,2.7839202950989286,PRICE,TRAIN,2023-12-08_2024-06-08
BRAP4.SA,BEAR_CALM,-0.01550409161596402,0,TIME_STOP,49,2024-04-10,2024-05-29,0.1424490173361163,-1.0810540071515697,10.17005016481071,PRICE,TRAIN,2023-12-08_2024-06-08
BRKM5.SA,BEAR_CALM,-0.027088335488863156,0,TIME_STOP,11,2024-05-06,2024-05-17,-0.44761133196070685,-1.9572699920137715,10.10402217081402,PRICE,TRAIN,2023-12-08_2024-06-08
BRKM5.SA,BEAR_CALM,-0.05192828913221283,0,HARD_STOP,9,2024-05-22,2024-05-31,-1.697660269201091,-1.3754063678897697,13.82229273321287,PRICE,TRAIN,2023-12-08_2024-06-08
COGN3.SA,BEAR_VOLATILE,-0.08416955652467653,0,HARD_STOP,7,2024-04-08,2024-04-15,0.7374314334307629,-1.897989757615196,10.774178281831558,PRICE,TRAIN,2023-12-08_2024-06-08
CSAN3.SA,BEAR_CALM,-0.051200000000000044,0,HARD_STOP,3,2024-04-08,2024-04-11,-1.9336576393669542,0.4524791733663253,20.677224430918116,PRICE,TRAIN,2023-12-08_2024-06-08
CSAN3.SA,BEAR_VOLATILE,-0.005446307642110092,0,TIME_STOP,36,2024-04-16,2024-05-22,-0.2371547194360489,0.028372430075251965,1000.0,PRICE,TRAIN,2023-12-08_2024-06-08
CSAN3.SA,BEAR_CALM,-0.05237263712458142,0,HARD_STOP,8,2024-05-27,2024-06-04,-2.348468107164355,0.013776168208963588,16.732318742579867,PRICE,TRAIN,2023-12-08_2024-06-08
CSNA3.SA,BEAR_CALM,-0.02090057264223024,0,END_CLOSED,4,2024-06-03,2024-06-07,-2.030745837296781,1.5614119349013988,10.362469908863204,PRICE,TRAIN,2023-12-08_2024-06-08
CVCB3.SA,BEAR_CALM,-0.051200000000000155,0,HARD_STOP,5,2024-05-10,2024-05-15,0.8375180759392676,-0.775527216627965,34.30961849152067,PRICE,TRAIN,2023-12-08_2024-06-08
CVCB3.SA,BEAR_CALM,-0.026841061693801314,0,END_CLOSED,4,2024-06-03,2024-06-07,0.6723249323490693,0.28564415638512936,25.38089727857188,PRICE,TRAIN,2023-12-08_2024-06-08
ELET3.SA,BEAR_VOLATILE,0.05717916800389542,1,BEAR_OPTIMIZED,10,2024-04-23,2024-05-03,-0.07784741815668562,-2.4997837740442383,34.30961849152067,PRICE,TRAIN,2023-12-08_2024-06-08
ENEV3.SA,SIDEWAYS_CALM,0.05476710506383018,1,SIGNAL,10,2024-04-16,2024-04-26,-0.39191867188026824,-0.19347030807012633,2.082157349515694,PRICE,TRAIN,2023-12-08_2024-06-08
EZTC3.SA,BEAR_CALM,-0.06674180961472156,0,HARD_STOP,4,2024-04-08,2024-04-12,0.0823452997866913,0.6101521625496549,4.167809673361324,PRICE,TRAIN,2023-12-08_2024-06-08
EZTC3.SA,BEAR_CALM,-0.037171207531343974,0,TIME_STOP,12,2024-05-10,2024-05-22,-0.19238488149290978,0.6706431692709296,14.675158664729818,PRICE,TRAIN,2023-12-08_2024-06-08
EZTC3.SA,BEAR_CALM,0.03333559919431348,1,END_CLOSED,11,2024-05-27,2024-06-07,-0.29537661114799,-0.3105674342992354,17.403836291964833,PRICE,TRAIN,2023-12-08_2024-06-08
FLRY3.SA,BEAR_CALM,0.02586547470145182,1,END_CLOSED,52,2024-04-16,2024-06-07,-0.8691300547832308,0.4799015981679653,34.30961849152067,PRICE,TRAIN,2023-12-08_2024-06-08
GGBR4.SA,BEAR_CALM,0.06960597112284081,1,BEAR_OPTIMIZED,9,2024-04-24,2024-05-03,-1.2112486423766422,1.8017778419658377,4.554785551087371,PRICE,TRAIN,2023-12-08_2024-06-08
GGBR4.SA,SIDEWAYS_CALM,-0.051200000000000044,0,HARD_STOP,4,2024-05-31,2024-06-04,-0.769012216475119,-0.5357967906415867,4.493677112405773,PRICE,TRAIN,2023-12-08_2024-06-08
HAPV3.SA,BEAR_CALM,-0.05449945503401279,0,HARD_STOP,5,2024-04-10,2024-04-15,-1.2165654361871212,-2.312707703241178,4.172460143246945,PRICE,TRAIN,2023-12-08_2024-06-08
HYPE3.SA,BEAR_VOLATILE,-0.051200000000000044,0,HARD_STOP,6,2024-04-10,2024-04-16,0.381683019907049,-1.4140613002662261,3.2001747012882507,PRICE,TRAIN,2023-12-08_2024-06-08
HYPE3.SA,BEAR_CALM,-0.01105224692432396,0,TIME_STOP,13,2024-05-08,2024-05-21,0.48769801363446713,-0.8185283093131106,9.971966110270152,PRICE,TRAIN,2023-12-08_2024-06-08
HYPE3.SA,BEAR_CALM,0.009359547270036163,1,END_CLOSED,3,2024-06-04,2024-06-07,0.709407637172904,-2.5103174348530217,10.347023804705904,PRICE,TRAIN,2023-12-08_2024-06-08
LREN3.SA,SIDEWAYS_CALM,-0.07291054534864252,0,HARD_STOP,7,2024-05-14,2024-05-21,-0.2800785880908037,-2.731679526005422,2.5838657274504353,PRICE,TRAIN,2023-12-08_2024-06-08
LWSA3.SA,BEAR_CALM,-0.051200000000000044,0,HARD_STOP,1,2024-05-09,2024-05-10,-1.1552563315039688,-0.6755021601789967,12.193737417490793,PRICE,TRAIN,2023-12-08_2024-06-08
LWSA3.SA,BEAR_CALM,-0.051200000000000044,0,HARD_STOP,1,2024-05-15,2024-05-16,-1.2311440203687236,-0.4523514690715606,21.087716245298814,PRICE,TRAIN,2023-12-08_2024-06-08
LWSA3.SA,BEAR_CALM,-0.07310998209005329,0,HARD_STOP,1,2024-05-21,2024-05-22,-1.8551063049978143,-0.24934771920874824,34.30961849152067,PRICE,TRAIN,2023-12-08_2024-06-08
MGLU3.SA,BEAR_CALM,-0.11680688094513961,0,HARD_STOP,4,2024-04-11,2024-04-15,-2.1477179527295984,0.05353398687511195,5.808929297850134,PRICE,TRAIN,2023-12-08_2024-06-08
MGLU3.SA,BEAR_VOLATILE,-0.06002355207295531,0,HARD_STOP,1,2024-04-22,2024-04-23,-1.6157778809474566,-0.7032910687583299,32.377501461887476,PRICE,TRAIN,2023-12-08_2024-06-08
MGLU3.SA,BEAR_CALM,-0.051200000000000044,0,HARD_STOP,5,2024-05-16,2024-05-21,-1.2443486070711405,-0.6741068433295362,19.250040584626515,PRICE,TRAIN,2023-12-08_2024-06-08
MRVE3.SA,BEAR_CALM,-0.004073560462197666,0,TIME_STOP,11,2024-05-23,2024-06-03,0.02234260233466257,0.9819149822780538,7.837138246233765,PRICE,TRAIN,2023-12-08_2024-06-08
MULT3.SA,BEAR_VOLATILE,-0.008135553399530891,0,TIME_STOP,27,2024-04-25,2024-05-22,-0.5914826906887034,-0.36927766830428305,26.67673404016169,PRICE,TRAIN,2023-12-08_2024-06-08
MULT3.SA,BEAR_CALM,-0.009005870095766165,0,END_CLOSED,10,2024-05-28,2024-06-07,0.1773860969836911,-1.7448545717915132,12.56484581063082,PRICE,TRAIN,2023-12-08_2024-06-08
RAIL3.SA,BEAR_CALM,-0.018081852428605515,0,END_CLOSED,10,2024-05-28,2024-06-07,1.2124297805626238,-1.0623358670878449,14.374354388701706,PRICE,TRAIN,2023-12-08_2024-06-08
RAIZ4.SA,BEAR_CALM,-0.0696523178082861,0,HARD_STOP,3,2024-04-08,2024-04-11,-1.3449866467625307,0.3746388261556428,8.359041487360123,PRICE,TRAIN,2023-12-08_2024-06-08
RAIZ4.SA,BEAR_VOLATILE,0.00880000000000001,1,STOP_TECNICO,26,2024-04-18,2024-05-14,-0.9262425344641296,0.6503086288563135,1000.0,PRICE,TRAIN,2023-12-08_2024-06-08
RAIZ4.SA,BEAR_CALM,-0.07380727085397368,0,HARD_STOP,7,2024-05-15,2024-05-22,-2.0446654833225884,1.1733496624442468,12.582354398928427,PRICE,TRAIN,2023-12-08_2024-06-08
RAIZ4.SA,BEAR_CALM,-0.06671725895594696,0,HARD_STOP,8,2024-05-27,2024-06-04,-2.0864809557000963,-0.21573865325131084,18.188146349999343,PRICE,TRAIN,2023-12-08_2024-06-08
RENT3.SA,BEAR_CALM,-0.05187559960891743,0,HARD_STOP,4,2024-04-11,2024-04-15,0.04118946800813789,-0.03200334433103796,4.487683045823701,PRICE,TRAIN,2023-12-08_2024-06-08
RENT3.SA,BEAR_CALM,-0.020638269782286688,0,TIME_STOP,11,2024-05-13,2024-05-24,0.21849601118735185,-0.89572909097536,7.862034564157885,PRICE,TRAIN,2023-12-08_2024-06-08
RENT3.SA,BEAR_VOLATILE,-0.02960900049960182,0,END_CLOSED,9,2024-05-29,2024-06-07,-1.655531653900461,-1.5873516052634726,34.30961849152067,PRICE,TRAIN,2023-12-08_2024-06-08
SANB11.SA,BEAR_CALM,-0.009751960900835764,0,TIME_STOP,15,2024-04-10,2024-04-25,-1.420811217886323,-2.0091678916944806,3.547589938592404,PRICE,TRAIN,2023-12-08_2024-06-08
SUZB3.SA,BEAR_VOLATILE,-0.04270561907073891,0,TIME_STOP,13,2024-05-21,2024-06-03,-2.747337154324592,-2.622539434800541,1000.0,PRICE,TRAIN,2023-12-08_2024-06-08
TOTS3.SA,BEAR_VOLATILE,-0.0546833991268473,0,HARD_STOP,7,2024-04-08,2024-04-15,-1.1537161191930079,-0.2145701322354395,5.0267118508998365,PRICE,TRAIN,2023-12-08_2024-06-08
VALE3.SA,SIDEWAYS_CALM,-0.00647569561733765,0,TIME_STOP,16,2024-04-09,2024-04-25,-0.6643802079811703,-3.3048337369156675,4.712320800332919,PRICE,TRAIN,2023-12-08_2024-06-08
YDUQ3.SA,BEAR_VOLATILE,-0.051200000000000044,0,HARD_STOP,4,2024-05-23,2024-05-27,0.5344391620177544,-0.17061816183156092,22.630430137699197,PRICE,TRAIN,2023-12-08_2024-06-08
ASAI3.SA,BEAR_VOLATILE,-0.051200000000000044,0,HARD_STOP,4,2024-06-28,2024-07-02,-2.3613402729132815,-0.6089531684221454,1000.0,PRICE,TRAIN,2024-01-08_2024-07-08
AZUL4.SA,BEAR_VOLATILE,0.17937458030012818,1,END_CLOSED,12,2024-06-26,2024-07-08,0.39632106899539027,-0.1163780779052897,34.30961849152067,PRICE,TRAIN,2024-01-08_2024-07-08
B3SA3.SA,BEAR_VOLATILE,-0.0301728732127853,0,TIME_STOP,19,2024-05-03,2024-05-22,-1.6406054497898366,-0.03147639058456965,11.645370606022308,PRICE,TRAIN,2024-01-08_2024-07-08
B3SA3.SA,BEAR_CALM,-0.053593856381520276,0,HARD_STOP,13,2024-05-28,2024-06-10,-1.0666519697889805,-0.7380302254286688,8.933510923279236,PRICE,TRAIN,2024-01-08_2024-07-08
B3SA3.SA,BEAR_CALM,0.04478826293271885,1,END_CLOSED,12,2024-06-26,2024-07-08,-1.531473576032877,0.20807569429692846,10.270897637209703,PRICE,TRAIN,2024-01-08_2024-07-08
BBDC3.SA,BEAR_CALM,-0.02385113678717856,0,TIME_STOP,11,2024-05-13,2024-05-24,0.4480452332044298,0.06444486744902315,6.635142176972941,PRICE,TRAIN,2024-01-08_2024-07-08
BBDC3.SA,BEAR_CALM,-0.0162405756925992,0,TIME_STOP,14,2024-05-29,2024-06-12,-0.2617382376096011,0.6048799936919695,34.30961849152067,PRICE,TRAIN,2024-01-08_2024-07-08
BBDC3.SA,BEAR_CALM,0.024783562884788425,1,END_CLOSED,18,2024-06-20,2024-07-08,0.5616319078206246,0.27169482099347175,34.30961849152067,PRICE,TRAIN,2024-01-08_2024-07-08
BBDC4.SA,BEAR_CALM,-0.033153663708511937,0,TIME_STOP,13,2024-05-07,2024-05-20,0.8210893682869552,0.2669909391621653,6.081467855621725,PRICE,TRAIN,2024-01-08_2024-07-08
BBDC4.SA,BEAR_CALM,-0.005131120128360166,0,TIME_STOP,14,2024-05-27,2024-06-10,-0.5499716955581014,0.7994088654014451,34.30961849152067,PRICE,TRAIN,2024-01-08_2024-07-08
BBDC4.SA,BEAR_CALM,0.010088308966181049,1,END_CLOSED,13,2024-06-25,2024-07-08,0.6194583199668693,0.39477741646498843,25.810485446410212,PRICE,TRAIN,2024-01-08_2024-07-08
BRAP4.SA,BEAR_CALM,-0.014706420481411263,0,END_CLOSED,4,2024-07-04,2024-07-08,-0.19398127017667632,-1.1614207919931239,18.067951152641772,PRICE,TRAIN,2024-01-08_2024-07-08
BRKM5.SA,BEAR_CALM,-0.027088335488863156,0,TIME_STOP,11,2024-05-06,2024-05-17,-0.44761133196070685,-1.9572699920137715,10.10402217081402,PRICE,TRAIN,2024-01-08_2024-07-08
BRKM5.SA,BEAR_CALM,-0.05192828913221283,0,HARD_STOP,9,2024-05-22,2024-05-31,-1.697660269201091,-1.3754063678897697,13.82229273321287,PRICE,TRAIN,2024-01-08_2024-07-08
COGN3.SA,BEAR_CALM,-0.07262860987069589,0,HARD_STOP,1,2024-06-11,2024-06-12,-0.25426706707056873,-1.3785354877914027,7.283821812639017,PRICE,TRAIN,2024-01-08_2024-07-08
COGN3.SA,BEAR_VOLATILE,0.13460244767506543,1,END_CLOSED,21,2024-06-17,2024-07-08,0.306999144578308,-0.5930950745288771,14.987586324971087,PRICE,TRAIN,2024-01-08_2024-07-08
CSAN3.SA,BEAR_CALM,-0.031523965511880435,0,TIME_STOP,11,2024-05-16,2024-05-27,-0.26236795116594763,-0.2892600594920321,11.236147570709305,PRICE,TRAIN,2024-01-08_2024-07-08
CSAN3.SA,BEAR_CALM,-0.06488630316074764,0,HARD_STOP,9,2024-06-03,2024-06-12,-0.6454415404870771,-0.3404189628484953,33.560503548197865,PRICE,TRAIN,2024-01-08_2024-07-08
CSNA3.SA,BEAR_CALM,-0.06266576769725643,0,HARD_STOP,9,2024-06-03,2024-06-12,-2.030745837296781,1.5614119349013988,10.362469908863204,PRICE,TRAIN,2024-01-08_2024-07-08
CSNA3.SA,BEAR_VOLATILE,0.00880000000000001,1,STOP_TECNICO,1,2024-06-17,2024-06-18,-2.1536680063284117,0.5293556160485049,17.91853711330699,PRICE,TRAIN,2024-01-08_2024-07-08
CSNA3.SA,BEAR_CALM,0.03062181638181625,1,END_CLOSED,13,2024-06-25,2024-07-08,-1.7010692572584032,-2.113940334365618,6.422375465749439,PRICE,TRAIN,2024-01-08_2024-07-08
CVCB3.SA,BEAR_CALM,-0.051200000000000155,0,HARD_STOP,5,2024-05-10,2024-05-15,0.8375180759392676,-0.775527216627965,34.30961849152067,PRICE,TRAIN,2024-01-08_2024-07-08
CVCB3.SA,BEAR_CALM,-0.021712861581634567,0,TIME_STOP,15,2024-06-03,2024-06-18,0.6723249323490693,0.28564415638512936,25.38089727857188,PRICE,TRAIN,2024-01-08_2024-07-08
CVCB3.SA,BEAR_CALM,-0.06370000388051081,0,HARD_STOP,7,2024-06-25,2024-07-02,0.6047884563310363,0.3567138822898061,6.425464002187141,PRICE,TRAIN,2024-01-08_2024-07-08
CVCB3.SA,BEAR_CALM,-0.0012,0,END_CLOSED,0,2024-07-08,2024-07-08,0.1259370697504941,0.029880439311517206,2.9505555170494127,PRICE,TRAIN,2024-01-08_2024-07-08
EZTC3.SA,BEAR_CALM,-0.037171207531343974,0,TIME_STOP,12,2024-05-10,2024-05-22,-0.19238488149290978,0.6706431692709296,14.675158664729818,PRICE,TRAIN,2024-01-08_2024-07-08
EZTC3.SA,BEAR_CALM,-0.017316624300092308,0,TIME_STOP,16,2024-05-27,2024-06-12,-0.29537661114799,-0.3105674342992354,17.403836291964833,PRICE,TRAIN,2024-01-08_2024-07-08
EZTC3.SA,BEAR_CALM,-0.004281682783601769,0,TIME_STOP,11,2024-06-17,2024-06-28,-1.3491936060009784,-0.2985612529097944,7.099798444076337,PRICE,TRAIN,2024-01-08_2024-07-08
EZTC3.SA,BEAR_CALM,0.03649224065939292,1,END_CLOSED,5,2024-07-03,2024-07-08,-0.15169825244480722,0.2282896281033425,3.669315168243948,PRICE,TRAIN,2024-01-08_2024-07-08
FLRY3.SA,BEAR_CALM,-0.012964745900923912,0,TIME_STOP,13,2024-05-10,2024-05-23,-0.664823304241227,-0.9701924828835157,9.173587321358328,PRICE,TRAIN,2024-01-08_2024-07-08
FLRY3.SA,BEAR_CALM,-0.0289391743229074,0,TIME_STOP,11,2024-06-07,2024-06-18,-1.6548347624649062,0.9305143267060803,2.9379407313279784,PRICE,TRAIN,2024-01-08_2024-07-08
FLRY3.SA,BEAR_CALM,0.06913433313075998,1,BEAR_OPTIMIZED,7,2024-06-24,2024-07-01,-2.2074417284183965,-1.866953043538969,2.557720768633685,PRICE,TRAIN,2024-01-08_2024-07-08
GGBR4.SA,SIDEWAYS_CALM,-0.051200000000000044,0,HARD_STOP,4,2024-05-31,2024-06-04,-0.769012216475119,-0.5357967906415867,4.493677112405773,PRICE,TRAIN,2024-01-08_2024-07-08
HYPE3.SA,BEAR_CALM,-0.01105224692432396,0,TIME_STOP,13,2024-05-08,2024-05-21,0.48769801363446713,-0.8185283093131106,9.971966110270152,PRICE,TRAIN,2024-01-08_2024-07-08
HYPE3.SA,BEAR_CALM,0.013475091157484888,1,END_CLOSED,34,2024-06-04,2024-07-08,0.709407637172904,-2.5103174348530217,10.347023804705904,PRICE,TRAIN,2024-01-08_2024-07-08
LREN3.SA,SIDEWAYS_CALM,-0.07291054534864252,0,HARD_STOP,7,2024-05-14,2024-05-21,-0.2800785880908037,-2.731679526005422,2.5838657274504353,PRICE,TRAIN,2024-01-08_2024-07-08
LREN3.SA,BEAR_CALM,-0.019926456757040877,0,END_CLOSED,3,2024-07-05,2024-07-08,-0.7071963428765441,-1.0110474533924327,14.1014535695685,PRICE,TRAIN,2024-01-08_2024-07-08
LWSA3.SA,BEAR_CALM,-0.051200000000000044,0,HARD_STOP,1,2024-05-09,2024-05-10,-1.1552563315039688,-0.6755021601789967,12.193737417490793,PRICE,TRAIN,2024-01-08_2024-07-08
LWSA3.SA,BEAR_CALM,-0.051200000000000044,0,HARD_STOP,1,2024-05-15,2024-05-16,-1.2311440203687236,-0.4523514690715606,21.087716245298814,PRICE,TRAIN,2024-01-08_2024-07-08
LWSA3.SA,BEAR_CALM,-0.07310998209005329,0,HARD_STOP,1,2024-05-21,2024-05-22,-1.8551063049978143,-0.24934771920874824,34.30961849152067,PRICE,TRAIN,2024-01-08_2024-07-08
LWSA3.SA,BEAR_CALM,0.0680124488450656,1,END_CLOSED,4,2024-07-04,2024-07-08,-0.4569406705738105,-0.4911595887734784,7.684382820543178,PRICE,TRAIN,2024-01-08_2024-07-08
MGLU3.SA,BEAR_CALM,-0.051200000000000044,0,HARD_STOP,5,2024-05-16,2024-05-21,-1.2443486070711405,-0.6741068433295362,19.250040584626515,PRICE,TRAIN,2024-01-08_2024-07-08
MGLU3.SA,BEAR_VOLATILE,-0.051200000000000044,0,HARD_STOP,8,2024-06-10,2024-06-18,-1.7107873763158068,0.24324495209552263,30.284734430654627,PRICE,TRAIN,2024-01-08_2024-07-08
MRVE3.SA,BEAR_CALM,-0.004073560462197666,0,TIME_STOP,11,2024-05-23,2024-06-03,0.02234260233466257,0.9819149822780538,7.837138246233765,PRICE,TRAIN,2024-01-08_2024-07-08
MRVE3.SA,BEAR_CALM,-0.051200000000000044,0,HARD_STOP,11,2024-06-10,2024-06-21,-1.1129958466488405,-0.5273291997395145,5.92944900771854,PRICE,TRAIN,2024-01-08_2024-07-08
MRVE3.SA,BEAR_CALM,0.009185782498292917,1,END_CLOSED,12,2024-06-26,2024-07-08,-2.363529017112527,0.04078715166912861,2.977718685335534,PRICE,TRAIN,2024-01-08_2024-07-08
MULT3.SA,BEAR_CALM,-0.023810916670978254,0,TIME_STOP,13,2024-05-09,2024-05-22,-0.6386101125581185,-0.5726696856680388,9.867626100222145,PRICE,TRAIN,2024-01-08_2024-07-08
MULT3.SA,BEAR_CALM,-0.023316381082994185,0,TIME_STOP,13,2024-05-28,2024-06-10,0.1773860969836911,-1.7448545717915132,12.56484581063082,PRICE,TRAIN,2024-01-08_2024-07-08
MULT3.SA,BEAR_CALM,0.10119654589012858,1,BEAR_OPTIMIZED,18,2024-06-17,2024-07-05,-0.43366158708435626,-0.927308232579713,7.7796450628167975,PRICE,TRAIN,2024-01-08_2024-07-08
RAIL3.SA,BEAR_CALM,-0.028012225978202653,0,TIME_STOP,13,2024-05-28,2024-06-10,1.2124297805626238,-1.0623358670878449,14.374354388701706,PRICE,TRAIN,2024-01-08_2024-07-08
RAIL3.SA,BEAR_CALM,0.07482041930136737,1,BEAR_OPTIMIZED,7,2024-06-20,2024-06-27,0.46241236757682136,0.4477478882546669,13.369696184232337,PRICE,TRAIN,2024-01-08_2024-07-08
RAIZ4.SA,BEAR_CALM,-0.051200000000000155,0,HARD_STOP,6,2024-05-03,2024-05-09,-0.8248721909394351,-0.35263789810256835,18.535557447931783,PRICE,TRAIN,2024-01-08_2024-07-08
RAIZ4.SA,BEAR_CALM,-0.0645333524068197,0,HARD_STOP,8,2024-05-14,2024-05-22,-1.6028833673118836,0.8353502033647107,13.407595012225213,PRICE,TRAIN,2024-01-08_2024-07-08
RAIZ4.SA,BEAR_CALM,-0.06671725895594696,0,HARD_STOP,8,2024-05-27,2024-06-04,-2.0864809557000963,-0.21573865325131084,18.188146349999343,PRICE,TRAIN,2024-01-08_2024-07-08
RAIZ4.SA,BEAR_CALM,0.12012350008638281,1,END_CLOSED,28,2024-06-10,2024-07-08,-1.0297042604894557,-0.6475529257416393,22.153327256872966,PRICE,TRAIN,2024-01-08_2024-07-08
RECV3.SA,BEAR_CALM,0.09750553649352076,1,BEAR_OPTIMIZED,6,2024-06-26,2024-07-02,-1.4215723746668112,0.8535485229330206,3.1422706482417664,PRICE,TRAIN,2024-01-08_2024-07-08
RENT3.SA,BEAR_CALM,-0.020638269782286688,0,TIME_STOP,11,2024-05-13,2024-05-24,0.21849601118735185,-0.89572909097536,7.862034564157885,PRICE,TRAIN,2024-01-08_2024-07-08
RENT3.SA,BEAR_VOLATILE,-0.049836126224217424,0,TIME_STOP,12,2024-05-29,2024-06-10,-1.655531653900461,-1.5873516052634726,34.30961849152067,PRICE,TRAIN,2024-01-08_2024-07-08
RENT3.SA,BEAR_VOLATILE,0.05748798504433803,1,END_CLOSED,17,2024-06-21,2024-07-08,0.3267190107877487,-1.810601011270642,34.30961849152067,PRICE,TRAIN,2024-01-08_2024-07-08
SUZB3.SA,BEAR_VOLATILE,-0.04270561907073891,0,TIME_STOP,13,2024-05-21,2024-06-03,-2.747337154324592,-2.622539434800541,1000.0,PRICE,TRAIN,2024-01-08_2024-07-08
USIM5.SA,BEAR_VOLATILE,0.09796201861423123,1,END_CLOSED,25,2024-06-13,2024-07-08,-0.4391556756045489,0.7412622040826032,34.30961849152067,PRICE,TRAIN,2024-01-08_2024-07-08
YDUQ3.SA,BEAR_VOLATILE,-0.051200000000000044,0,HARD_STOP,4,2024-05-23,2024-05-27,0.5344391620177544,-0.17061816183156092,22.630430137699197,PRICE,TRAIN,2024-01-08_2024-07-08
YDUQ3.SA,BEAR_VOLATILE,-0.051200000000000044,0,HARD_STOP,8,2024-06-10,2024-06-18,0.4767920355390755,-2.4092666194747023,17.697915521236176,PRICE,TRAIN,2024-01-08_2024-07-08
YDUQ3.SA,BEAR_VOLATILE,-0.051200000000000044,0,HARD_STOP,2,2024-06-24,2024-06-26,0.7532307098075341,-0.10885360786127948,24.72815793528413,PRICE,TRAIN,2024-01-08_2024-07-08
ASAI3.SA,BEAR_VOLATILE,-0.051200000000000044,0,HARD_STOP,4,2024-06-28,2024-07-02,-2.3613402729132815,-0.6089531684221454,1000.0,PRICE,TRAIN,2024-02-08_2024-08-08
AURE3.SA,BEAR_VOLATILE,-0.019210273093959306,0,END_CLOSED,3,2024-08-05,2024-08-08,-0.525243085811536,-3.9182111227142555,2.7588548349558364,PRICE,TRAIN,2024-02-08_2024-08-08
AZUL4.SA,BEAR_VOLATILE,0.00880000000000001,1,STOP_TECNICO,40,2024-06-26,2024-08-05,0.39632106899539027,-0.1163780779052897,34.30961849152067,PRICE,TRAIN,2024-02-08_2024-08-08
AZUL4.SA,BEAR_CALM,-0.016624210688960382,0,END_CLOSED,2,2024-08-06,2024-08-08,1.0519835963021837,-0.379795178332685,8.525138807978395,PRICE,TRAIN,2024-02-08_2024-08-08
B3SA3.SA,BEAR_CALM,-0.05444923539529591,0,HARD_STOP,4,2024-06-06,2024-06-10,-1.715888255463848,-1.7738343461011585,7.520023590456633,PRICE,TRAIN,2024-02-08_2024-08-08
B3SA3.SA,BEAR_CALM,0.1093676445759025,1,END_CLOSED,43,2024-06-26,2024-08-08,-1.531473576032877,0.20807569429692846,10.270897637209703,PRICE,TRAIN,2024-02-08_2024-08-08
BBDC3.SA,BEAR_CALM,-0.013698577489576834,0,TIME_STOP,11,2024-06-07,2024-06-18,0.6891841578983364,-0.06649315983050243,34.30961849152067,PRICE,TRAIN,2024-02-08_2024-08-08
BBDC3.SA,BEAR_CALM,0.09477399467038036,1,BEAR_OPTIMIZED,42,2024-06-24,2024-08-05,1.2078665240762683,0.5407213830704886,17.42784974882311,PRICE,TRAIN,2024-02-08_2024-08-08
BBDC4.SA,BEAR_CALM,-0.006677748044551145,0,TIME_STOP,11,2024-06-10,2024-06-21,0.3780838284726653,0.31479111840656493,34.30961849152067,PRICE,TRAIN,2024-02-08_2024-08-08
BBDC4.SA,BEAR_CALM,0.11331722124886187,1,BEAR_OPTIMIZED,34,2024-07-02,2024-08-05,-0.028371790702227218,0.4197905677408206,14.268450113845171,PRICE,TRAIN,2024-02-08_2024-08-08
BRAP4.SA,BEAR_CALM,-0.018342737647267925,0,TIME_STOP,14,2024-07-04,2024-07-18,-0.19398127017667632,-1.1614207919931239,18.067951152641772,PRICE,TRAIN,2024-02-08_2024-08-08
BRKM5.SA,BEAR_CALM,-0.015299795084150379,0,TIME_STOP,14,2024-07-09,2024-07-23,-1.382190085151774,-0.48999647787041306,7.949463602665496,PRICE,TRAIN,2024-02-08_2024-08-08
COGN3.SA,BEAR_CALM,-0.07262860987069589,0,HARD_STOP,1,2024-06-11,2024-06-12,-0.25426706707056873,-1.3785354877914027,7.283821812639017,PRICE,TRAIN,2024-02-08_2024-08-08
COGN3.SA,BEAR_VOLATILE,0.00880000000000001,1,STOP_TECNICO,36,2024-06-17,2024-07-23,0.306999144578308,-0.5930950745288771,14.987586324971087,PRICE,TRAIN,2024-02-08_2024-08-08
CSAN3.SA,BEAR_CALM,0.00880000000000001,1,STOP_TECNICO,53,2024-06-13,2024-08-05,-1.8300037315789046,0.9059112655497515,27.559318611680794,PRICE,TRAIN,2024-02-08_2024-08-08
CSNA3.SA,BEAR_CALM,-0.06192560389038262,0,HARD_STOP,6,2024-06-06,2024-06-12,-1.8934801678391533,1.6905977501746288,14.8080076290873,PRICE,TRAIN,2024-02-08_2024-08-08
CSNA3.SA,BEAR_VOLATILE,0.00880000000000001,1,STOP_TECNICO,1,2024-06-17,2024-06-18,-2.1536680063284117,0.5293556160485049,17.91853711330699,PRICE,TRAIN,2024-02-08_2024-08-08
CSNA3.SA,BEAR_CALM,-0.04336390869834141,0,TIME_STOP,28,2024-06-25,2024-07-23,-1.7010692572584032,-2.113940334365618,6.422375465749439,PRICE,TRAIN,2024-02-08_2024-08-08
CVCB3.SA,BEAR_CALM,-0.06370000388051081,0,HARD_STOP,7,2024-06-25,2024-07-02,0.6047884563310363,0.3567138822898061,6.425464002187141,PRICE,TRAIN,2024-02-08_2024-08-08
CVCB3.SA,BEAR_CALM,-0.06619999761581422,0,HARD_STOP,10,2024-07-08,2024-07-18,0.1259370697504941,0.029880439311517206,2.9505555170494127,PRICE,TRAIN,2024-02-08_2024-08-08
CVCB3.SA,BEAR_CALM,-0.05554783805858867,0,HARD_STOP,13,2024-07-23,2024-08-05,0.20516481549536172,0.6550307931832251,4.93012153748003,PRICE,TRAIN,2024-02-08_2024-08-08
EZTC3.SA,BEAR_CALM,-0.05646886726950442,0,HARD_STOP,6,2024-06-06,2024-06-12,-1.2539033456164697,-0.2920857231607557,13.229112454065517,PRICE,TRAIN,2024-02-08_2024-08-08
EZTC3.SA,BEAR_CALM,-0.004281682783601769,0,TIME_STOP,11,2024-06-17,2024-06-28,-1.3491936060009784,-0.2985612529097944,7.099798444076337,PRICE,TRAIN,2024-02-08_2024-08-08
EZTC3.SA,BEAR_CALM,0.00495379866673238,1,STOP_TECNICO,27,2024-07-03,2024-07-30,-0.15169825244480722,0.2282896281033425,3.669315168243948,PRICE,TRAIN,2024-02-08_2024-08-08
EZTC3.SA,BEAR_CALM,-0.0012,0,END_CLOSED,0,2024-08-08,2024-08-08,-0.8903649739175632,-0.5086843429389792,3.5842779715769106,PRICE,TRAIN,2024-02-08_2024-08-08
FLRY3.SA,BEAR_CALM,-0.0289391743229074,0,TIME_STOP,11,2024-06-07,2024-06-18,-1.6548347624649062,0.9305143267060803,2.9379407313279784,PRICE,TRAIN,2024-02-08_2024-08-08
FLRY3.SA,BEAR_CALM,0.06913433313075998,1,BEAR_OPTIMIZED,7,2024-06-24,2024-07-01,-2.2074417284183965,-1.866953043538969,2.557720768633685,PRICE,TRAIN,2024-02-08_2024-08-08
GGBR4.SA,SIDEWAYS_CALM,-0.051200000000000044,0,HARD_STOP,6,2024-07-30,2024-08-05,-0.5781215076212478,-1.2805159791757996,8.388418014502301,PRICE,TRAIN,2024-02-08_2024-08-08
HYPE3.SA,BEAR_CALM,-0.01358811190654887,0,TIME_STOP,11,2024-06-06,2024-06-17,0.0693640071125265,-2.2476864242968317,9.131004313940187,PRICE,TRAIN,2024-02-08_2024-08-08
HYPE3.SA,BEAR_CALM,-0.051200000000000044,0,HARD_STOP,6,2024-07-26,2024-08-01,-1.2007208739973962,-0.6317770174644067,2.3368411768334725,PRICE,TRAIN,2024-02-08_2024-08-08
HYPE3.SA,BEAR_CALM,0.007303363212837734,1,END_CLOSED,2,2024-08-06,2024-08-08,-0.8781852744711443,-0.4508426278169225,1.7186725575093407,PRICE,TRAIN,2024-02-08_2024-08-08
LREN3.SA,BEAR_CALM,-0.015432097099378005,0,TIME_STOP,13,2024-07-05,2024-07-18,-0.7071963428765441,-1.0110474533924327,14.1014535695685,PRICE,TRAIN,2024-02-08_2024-08-08
LWSA3.SA,BEAR_CALM,0.00880000000000001,1,STOP_TECNICO,26,2024-07-04,2024-07-30,-0.4569406705738105,-0.4911595887734784,7.684382820543178,PRICE,TRAIN,2024-02-08_2024-08-08
MGLU3.SA,BEAR_VOLATILE,-0.051200000000000044,0,HARD_STOP,8,2024-06-10,2024-06-18,-1.7107873763158068,0.24324495209552263,30.284734430654627,PRICE,TRAIN,2024-02-08_2024-08-08
MRVE3.SA,BEAR_CALM,-0.06139152676670936,0,HARD_STOP,1,2024-06-06,2024-06-07,-1.9060757646695126,-0.1685155545659714,7.336651809590255,PRICE,TRAIN,2024-02-08_2024-08-08
MRVE3.SA,BEAR_CALM,-0.051200000000000155,0,HARD_STOP,1,2024-06-12,2024-06-13,-1.1207918400779036,-0.30103782532677675,4.493719062502795,PRICE,TRAIN,2024-02-08_2024-08-08
MRVE3.SA,BEAR_CALM,-0.03074206939861259,0,TIME_STOP,13,2024-06-18,2024-07-01,-0.9782695708474295,-0.4884628252651078,4.514205591838473,PRICE,TRAIN,2024-02-08_2024-08-08
MRVE3.SA,BEAR_CALM,-0.01147902676204806,0,TIME_STOP,11,2024-07-08,2024-07-19,-2.3307135927255827,0.4952161469356132,2.4567162249217795,PRICE,TRAIN,2024-02-08_2024-08-08
MRVE3.SA,BEAR_CALM,-0.03604848824195408,0,TIME_STOP,13,2024-07-24,2024-08-06,-0.7997975388087967,0.5710288623368022,1.9911549221188796,PRICE,TRAIN,2024-02-08_2024-08-08
MULT3.SA,BEAR_CALM,-0.05119999999999993,0,HARD_STOP,8,2024-06-06,2024-06-14,-1.0952877087965278,-1.3397303737080033,9.779673573694376,PRICE,TRAIN,2024-02-08_2024-08-08
MULT3.SA,BEAR_CALM,0.08308421386165174,1,BEAR_OPTIMIZED,16,2024-06-19,2024-07-05,0.03297156243385256,0.23827762011853862,7.405062013078979,PRICE,TRAIN,2024-02-08_2024-08-08
PCAR3.SA,BEAR_CALM,0.00880000000000001,1,STOP_TECNICO,1,2024-08-06,2024-08-07,-0.1048201066193233,-0.03687820462898101,2.990185439870571,PRICE,TRAIN,2024-02-08_2024-08-08
PCAR3.SA,BEAR_CALM,-0.0012,0,END_CLOSED,0,2024-08-08,2024-08-08,0.5205367434617464,0.2667878945588541,2.835952484459808,PRICE,TRAIN,2024-02-08_2024-08-08
RAIL3.SA,BEAR_CALM,0.07482041930136737,1,BEAR_OPTIMIZED,17,2024-06-10,2024-06-27,0.9129344222714496,0.08567429925889984,16.030707325989127,PRICE,TRAIN,2024-02-08_2024-08-08
RAIZ4.SA,BEAR_CALM,0.15630918086188758,1,END_CLOSED,63,2024-06-06,2024-08-08,-0.32624603048572876,-0.7848628176135444,26.668186095811233,PRICE,TRAIN,2024-02-08_2024-08-08
RECV3.SA,BEAR_CALM,0.09750553649352076,1,BEAR_OPTIMIZED,6,2024-06-26,2024-07-02,-1.4215723746668112,0.8535485229330206,3.1422706482417664,PRICE,TRAIN,2024-02-08_2024-08-08
RENT3.SA,BEAR_VOLATILE,-0.05119999999999993,0,HARD_STOP,5,2024-06-06,2024-06-11,0.22785665581222564,-0.34972564587204324,34.30961849152067,PRICE,TRAIN,2024-02-08_2024-08-08
RENT3.SA,BEAR_VOLATILE,0.1746617585201767,1,END_CLOSED,48,2024-06-21,2024-08-08,0.3267190107877487,-1.810601011270642,34.30961849152067,PRICE,TRAIN,2024-02-08_2024-08-08
TOTS3.SA,BEAR_VOLATILE,0.04127000432536385,1,END_CLOSED,7,2024-08-01,2024-08-08,-0.419553889277087,0.469278075050861,5.573334661521372,PRICE,TRAIN,2024-02-08_2024-08-08
USIM5.SA,BEAR_VOLATILE,0.1929341302996189,1,BEAR_OPTIMIZED,34,2024-06-13,2024-07-17,-0.4391556756045489,0.7412622040826032,34.30961849152067,PRICE,TRAIN,2024-02-08_2024-08-08
USIM5.SA,BEAR_VOLATILE,-0.053402310878841196,0,HARD_STOP,4,2024-08-01,2024-08-05,0.22334773347170628,-2.8426514879267653,10.582571701256455,PRICE,TRAIN,2024-02-08_2024-08-08
YDUQ3.SA,BEAR_VOLATILE,-0.051200000000000044,0,HARD_STOP,8,2024-06-10,2024-06-18,0.4767920355390755,-2.4092666194747023,17.697915521236176,PRICE,TRAIN,2024-02-08_2024-08-08
YDUQ3.SA,BEAR_VOLATILE,-0.051200000000000044,0,HARD_STOP,2,2024-06-24,2024-06-26,0.7532307098075341,-0.10885360786127948,24.72815793528413,PRICE,TRAIN,2024-02-08_2024-08-08
ASAI3.SA,BEAR_VOLATILE,-0.009771410340456609,0,STOP_TECNICO,15,2024-07-03,2024-07-18,-1.2416727476343619,-1.4444810383787656,34.30961849152067,PRICE,TRAIN,2024-03-08_2024-09-08
AURE3.SA,BEAR_VOLATILE,-0.012349248043906379,0,TIME_STOP,11,2024-08-05,2024-08-16,-0.525243085811536,-3.9182111227142555,2.7588548349558364,PRICE,TRAIN,2024-03-08_2024-09-08
AURE3.SA,BEAR_VOLATILE,-0.012474872051501683,0,TIME_STOP,12,2024-08-21,2024-09-02,-1.0286307721825643,-2.8020867769947935,10.031895309185272,PRICE,TRAIN,2024-03-08_2024-09-08
AZUL4.SA,BEAR_VOLATILE,0.00880000000000001,1,STOP_TECNICO,2,2024-07-03,2024-07-05,0.41728581184667707,-0.6112316591171736,14.838289443075668,PRICE,TRAIN,2024-03-08_2024-09-08
AZUL4.SA,BEAR_VOLATILE,-0.05218499747657559,0,HARD_STOP,10,2024-07-08,2024-07-18,0.6895989894828485,-0.0961346458138667,9.492179774569363,PRICE,TRAIN,2024-03-08_2024-09-08
AZUL4.SA,BEAR_CALM,-0.051200000000000044,0,HARD_STOP,4,2024-08-05,2024-08-09,1.3836374174175483,-0.7073069831534047,10.00159037778284,PRICE,TRAIN,2024-03-08_2024-09-08
AZUL4.SA,BEAR_CALM,-0.0218451416015625,0,TIME_STOP,12,2024-08-14,2024-08-26,-0.8299741826174863,-0.48039118608903825,6.156411512903273,PRICE,TRAIN,2024-03-08_2024-09-08
AZUL4.SA,BEAR_VOLATILE,-0.051200000000000044,0,HARD_STOP,1,2024-09-02,2024-09-03,0.8098205444938137,-2.2284037337906875,1000.0,PRICE,TRAIN,2024-03-08_2024-09-08
BBDC3.SA,BEAR_CALM,0.09502438576739189,1,BEAR_OPTIMIZED,33,2024-07-03,2024-08-05,0.33116907344748625,0.03247573142986618,9.137954851780657,PRICE,TRAIN,2024-03-08_2024-09-08
BBDC4.SA,BEAR_CALM,0.1096838463757018,1,BEAR_OPTIMIZED,33,2024-07-03,2024-08-05,0.3692778753982702,0.23956551336951137,11.099535822285572,PRICE,TRAIN,2024-03-08_2024-09-08
BRAP4.SA,BEAR_CALM,-0.018342737647267925,0,TIME_STOP,14,2024-07-04,2024-07-18,-0.19398127017667632,-1.1614207919931239,18.067951152641772,PRICE,TRAIN,2024-03-08_2024-09-08
BRKM5.SA,BEAR_CALM,-0.015299795084150379,0,TIME_STOP,14,2024-07-09,2024-07-23,-1.382190085151774,-0.48999647787041306,7.949463602665496,PRICE,TRAIN,2024-03-08_2024-09-08
COGN3.SA,BEAR_CALM,-0.06337613753474339,0,HARD_STOP,2,2024-07-15,2024-07-17,0.672865655742325,-1.435628637839098,12.247738078033938,PRICE,TRAIN,2024-03-08_2024-09-08
COGN3.SA,BEAR_CALM,-0.022782766131911346,0,TIME_STOP,12,2024-08-21,2024-09-02,0.8571840956902786,-1.310291560508868,15.127639213447726,PRICE,TRAIN,2024-03-08_2024-09-08
CSAN3.SA,BEAR_CALM,-0.051200000000000155,0,HARD_STOP,6,2024-07-30,2024-08-05,-0.4763846575166166,-0.42129470819572395,9.867085456817437,PRICE,TRAIN,2024-03-08_2024-09-08
CVCB3.SA,BEAR_CALM,0.00880000000000001,1,STOP_TECNICO,1,2024-07-04,2024-07-05,0.16335880163934383,0.015699710990195036,3.3039440140651966,PRICE,TRAIN,2024-03-08_2024-09-08
CVCB3.SA,BEAR_CALM,-0.06619999761581422,0,HARD_STOP,10,2024-07-08,2024-07-18,0.1259370697504941,0.029880439311517206,2.9505555170494127,PRICE,TRAIN,2024-03-08_2024-09-08
CVCB3.SA,BEAR_CALM,-0.05554783805858867,0,HARD_STOP,13,2024-07-23,2024-08-05,0.20516481549536172,0.6550307931832251,4.93012153748003,PRICE,TRAIN,2024-03-08_2024-09-08
CVCB3.SA,BEAR_CALM,0.00880000000000001,1,STOP_TECNICO,22,2024-08-12,2024-09-03,-0.4119871078764441,-1.800996930553744,2.8905488700673247,PRICE,TRAIN,2024-03-08_2024-09-08
CVCB3.SA,BEAR_CALM,-0.006435597192677299,0,END_CLOSED,1,2024-09-05,2024-09-06,0.14455161015375892,-0.2126634597251827,2.4944596824256857,PRICE,TRAIN,2024-03-08_2024-09-08
EZTC3.SA,BEAR_CALM,0.0002630667478086058,1,STOP_TECNICO,20,2024-07-04,2024-07-24,-0.554128372696416,0.12431587991602927,2.8442784432596966,PRICE,TRAIN,2024-03-08_2024-09-08
EZTC3.SA,BEAR_CALM,0.007373192777083794,1,STOP_TECNICO,25,2024-08-08,2024-09-02,-0.8903649739175632,-0.5086843429389792,3.5842779715769106,PRICE,TRAIN,2024-03-08_2024-09-08
EZTC3.SA,BEAR_CALM,0.0009850331999668794,1,END_CLOSED,3,2024-09-03,2024-09-06,-0.5234905708223951,0.48051282193231687,4.1906396332089555,PRICE,TRAIN,2024-03-08_2024-09-08
GGBR4.SA,SIDEWAYS_CALM,-0.051200000000000044,0,HARD_STOP,6,2024-07-30,2024-08-05,-0.5781215076212478,-1.2805159791757996,8.388418014502301,PRICE,TRAIN,2024-03-08_2024-09-08
HYPE3.SA,BEAR_CALM,-0.051200000000000044,0,HARD_STOP,6,2024-07-26,2024-08-01,-1.2007208739973962,-0.6317770174644067,2.3368411768334725,PRICE,TRAIN,2024-03-08_2024-09-08
HYPE3.SA,BEAR_CALM,0.09641913422021017,1,BEAR_OPTIMIZED,13,2024-08-06,2024-08-19,-0.8781852744711443,-0.4508426278169225,1.7186725575093407,PRICE,TRAIN,2024-03-08_2024-09-08
LREN3.SA,BEAR_CALM,-0.015432097099378005,0,TIME_STOP,13,2024-07-05,2024-07-18,-0.7071963428765441,-1.0110474533924327,14.1014535695685,PRICE,TRAIN,2024-03-08_2024-09-08
LWSA3.SA,BEAR_CALM,0.00880000000000001,1,STOP_TECNICO,26,2024-07-04,2024-07-30,-0.4569406705738105,-0.4911595887734784,7.684382820543178,PRICE,TRAIN,2024-03-08_2024-09-08
LWSA3.SA,BEAR_VOLATILE,-0.05721662563980547,0,HARD_STOP,8,2024-08-22,2024-08-30,-0.626590070814592,-3.668143520552076,5.520059091788435,PRICE,TRAIN,2024-03-08_2024-09-08
MRVE3.SA,BEAR_CALM,-0.01147902676204806,0,TIME_STOP,11,2024-07-08,2024-07-19,-2.3307135927255827,0.4952161469356132,2.4567162249217795,PRICE,TRAIN,2024-03-08_2024-09-08
MRVE3.SA,BEAR_CALM,-0.03604848824195408,0,TIME_STOP,13,2024-07-24,2024-08-06,-0.7997975388087967,0.5710288623368022,1.9911549221188796,PRICE,TRAIN,2024-03-08_2024-09-08
PCAR3.SA,BEAR_CALM,0.00880000000000001,1,STOP_TECNICO,1,2024-08-06,2024-08-07,-0.1048201066193233,-0.03687820462898101,2.990185439870571,PRICE,TRAIN,2024-03-08_2024-09-08
PCAR3.SA,BEAR_CALM,-0.004374600050953491,0,TIME_STOP,21,2024-08-08,2024-08-29,0.5205367434617464,0.2667878945588541,2.835952484459808,PRICE,TRAIN,2024-03-08_2024-09-08
PCAR3.SA,BEAR_CALM,0.029205376016702235,1,END_CLOSED,3,2024-09-03,2024-09-06,0.43117796125168206,0.3140634894856998,4.395251495406254,PRICE,TRAIN,2024-03-08_2024-09-08
RAIZ4.SA,BEAR_CALM,-0.00784451195677096,0,TIME_STOP,27,2024-07-03,2024-07-30,-0.9515327329473394,-1.878043674683014,5.562048505498896,PRICE,TRAIN,2024-03-08_2024-09-08
RENT3.SA,BEAR_CALM,-0.17594740442503734,0,HARD_STOP,6,2024-08-08,2024-08-14,0.20734968133512768,-1.5326660106081893,9.956412694949405,PRICE,TRAIN,2024-03-08_2024-09-08
RENT3.SA,BEAR_VOLATILE,-0.05340342021712987,0,HARD_STOP,3,2024-08-19,2024-08-22,0.2909779371079506,-2.658890512424206,3.428820136907101,PRICE,TRAIN,2024-03-08_2024-09-08
SLCE3.SA,BEAR_CALM,-0.004644328513600769,0,END_CLOSED,4,2024-09-02,2024-09-06,-0.5739002910261877,-0.10144909282349078,7.761413738363932,PRICE,TRAIN,2024-03-08_2024-09-08
TOTS3.SA,BEAR_VOLATILE,0.08033992611948956,1,BEAR_OPTIMIZED,8,2024-08-01,2024-08-09,-0.419553889277087,0.469278075050861,5.573334661521372,PRICE,TRAIN,2024-03-08_2024-09-08
USIM5.SA,BEAR_VOLATILE,-0.053402310878841196,0,HARD_STOP,4,2024-08-01,2024-08-05,0.22334773347170628,-2.8426514879267653,10.582571701256455,PRICE,TRAIN,2024-03-08_2024-09-08
USIM5.SA,BEAR_CALM,-0.0012,0,END_CLOSED,0,2024-09-06,2024-09-06,0.3416879024085275,0.44047139552577286,17.599379163016646,PRICE,TRAIN,2024-03-08_2024-09-08
YDUQ3.SA,BEAR_VOLATILE,-0.05250693252327112,0,HARD_STOP,7,2024-08-09,2024-08-16,0.3469351520666757,1.0029025555724143,8.385966388052287,PRICE,TRAIN,2024-03-08_2024-09-08
YDUQ3.SA,BEAR_CALM,-0.0022331692757172825,0,TIME_STOP,11,2024-08-22,2024-09-02,-0.2978191796427632,0.5500605883872974,5.262532985212171,PRICE,TRAIN,2024-03-08_2024-09-08
ASAI3.SA,BEAR_VOLATILE,-0.051200000000000044,0,HARD_STOP,10,2024-09-20,2024-09-30,-0.031781049724025116,-0.25190969050430223,1000.0,PRICE,TRAIN,2024-04-08_2024-10-08
ASAI3.SA,BEAR_VOLATILE,0.006185532210901547,1,END_CLOSED,1,2024-10-07,2024-10-08,-0.8406051616897572,0.6481138575358084,1000.0,PRICE,TRAIN,2024-04-08_2024-10-08
AURE3.SA,BEAR_VOLATILE,-0.012349248043906379,0,TIME_STOP,11,2024-08-05,2024-08-16,-0.525243085811536,-3.9182111227142555,2.7588548349558364,PRICE,TRAIN,2024-04-08_2024-10-08
AURE3.SA,BEAR_VOLATILE,-0.012474872051501683,0,TIME_STOP,12,2024-08-21,2024-09-02,-1.0286307721825643,-2.8020867769947935,10.031895309185272,PRICE,TRAIN,2024-04-08_2024-10-08
AZUL4.SA,BEAR_CALM,-0.051200000000000044,0,HARD_STOP,4,2024-08-05,2024-08-09,1.3836374174175483,-0.7073069831534047,10.00159037778284,PRICE,TRAIN,2024-04-08_2024-10-08
AZUL4.SA,BEAR_CALM,-0.0218451416015625,0,TIME_STOP,12,2024-08-14,2024-08-26,-0.8299741826174863,-0.48039118608903825,6.156411512903273,PRICE,TRAIN,2024-04-08_2024-10-08
AZUL4.SA,BEAR_VOLATILE,-0.051200000000000044,0,HARD_STOP,1,2024-09-02,2024-09-03,0.8098205444938137,-2.2284037337906875,1000.0,PRICE,TRAIN,2024-04-08_2024-10-08
AZUL4.SA,BEAR_VOLATILE,0.00880000000000001,1,STOP_TECNICO,4,2024-09-09,2024-09-13,0.8690760334233962,-2.1414572106451932,1000.0,PRICE,TRAIN,2024-04-08_2024-10-08
AZUL4.SA,BEAR_VOLATILE,0.00880000000000001,1,STOP_TECNICO,1,2024-09-16,2024-09-17,0.23380481656936264,-1.263807217114068,19.46573533552423,PRICE,TRAIN,2024-04-08_2024-10-08
B3SA3.SA,BEAR_VOLATILE,-0.0021337073263371295,0,END_CLOSED,7,2024-10-01,2024-10-08,1.30259864562519,-1.6323138814919291,13.955999604178258,PRICE,TRAIN,2024-04-08_2024-10-08
BEEF3.SA,BEAR_CALM,-0.04474583832757852,0,END_CLOSED,7,2024-10-01,2024-10-08,0.9884086879025361,0.8134127301012495,20.585883504493193,PRICE,TRAIN,2024-04-08_2024-10-08
BRAP4.SA,BEAR_CALM,0.08536384010611173,1,BEAR_OPTIMIZED,13,2024-09-13,2024-09-26,-0.0732464742540112,0.07113675918951667,4.687762508347569,PRICE,TRAIN,2024-04-08_2024-10-08
COGN3.SA,BEAR_CALM,-0.022782766131911346,0,TIME_STOP,12,2024-08-21,2024-09-02,0.8571840956902786,-1.310291560508868,15.127639213447726,PRICE,TRAIN,2024-04-08_2024-10-08
COGN3.SA,BEAR_CALM,-0.03769631644315143,0,STOP_TECNICO,11,2024-09-09,2024-09-20,0.048872332820282346,-0.3975631094913783,21.33267576702642,PRICE,TRAIN,2024-04-08_2024-10-08
COGN3.SA,BEAR_CALM,0.13480001723929522,1,END_CLOSED,13,2024-09-25,2024-10-08,0.1972011789403375,-0.4286898314518853,21.26318479080852,PRICE,TRAIN,2024-04-08_2024-10-08
CSAN3.SA,BEAR_CALM,-0.014971947643789528,0,TIME_STOP,36,2024-08-01,2024-09-06,-0.3989204218141127,-0.27516837025134944,8.7666955449525,PRICE,TRAIN,2024-04-08_2024-10-08
CSAN3.SA,BEAR_CALM,-0.047150167100969774,0,TIME_STOP,11,2024-09-12,2024-09-23,0.36017103714407867,-0.8652182276160549,4.70782968502097,PRICE,TRAIN,2024-04-08_2024-10-08
CSAN3.SA,BEAR_CALM,-0.035162249755859375,0,END_CLOSED,4,2024-10-04,2024-10-08,0.4113356479086107,0.02292991842565147,3.996351488387598,PRICE,TRAIN,2024-04-08_2024-10-08
CSNA3.SA,BEAR_CALM,-0.06590585660236817,0,HARD_STOP,7,2024-09-13,2024-09-20,-1.4689065873917857,-0.3589413892652713,8.676204519557858,PRICE,TRAIN,2024-04-08_2024-10-08
CVCB3.SA,BEAR_CALM,-0.051200000000000044,0,HARD_STOP,5,2024-07-31,2024-08-05,-0.14715778783701622,-0.21142739238215458,4.064119208476451,PRICE,TRAIN,2024-04-08_2024-10-08
CVCB3.SA,BEAR_CALM,0.00880000000000001,1,STOP_TECNICO,22,2024-08-12,2024-09-03,-0.4119871078764441,-1.800996930553744,2.8905488700673247,PRICE,TRAIN,2024-04-08_2024-10-08
CVCB3.SA,BEAR_CALM,-0.053556034340015234,0,HARD_STOP,4,2024-09-05,2024-09-09,0.14455161015375892,-0.2126634597251827,2.4944596824256857,PRICE,TRAIN,2024-04-08_2024-10-08
CVCB3.SA,BEAR_CALM,-0.0845333138546909,0,HARD_STOP,4,2024-09-16,2024-09-20,-0.28401607174553073,-0.956220110494091,2.357776059823518,PRICE,TRAIN,2024-04-08_2024-10-08
CVCB3.SA,BEAR_CALM,-0.012069554654186486,0,TIME_STOP,12,2024-09-25,2024-10-07,0.13491897930219446,-2.304559981825598,2.5833071634135414,PRICE,TRAIN,2024-04-08_2024-10-08
EZTC3.SA,BEAR_CALM,0.007373192777083794,1,STOP_TECNICO,25,2024-08-08,2024-09-02,-0.8903649739175632,-0.5086843429389792,3.5842779715769106,PRICE,TRAIN,2024-04-08_2024-10-08
EZTC3.SA,BEAR_CALM,-0.020864897979142948,0,STOP_TECNICO,17,2024-09-03,2024-09-20,-0.5234905708223951,0.48051282193231687,4.1906396332089555,PRICE,TRAIN,2024-04-08_2024-10-08
EZTC3.SA,BEAR_CALM,0.06209116621297848,1,END_CLOSED,13,2024-09-25,2024-10-08,-1.3272331877897825,-3.879402907783752,2.200020610636453,PRICE,TRAIN,2024-04-08_2024-10-08
GGBR4.SA,SIDEWAYS_CALM,0.04051355471509841,1,SIGNAL,1,2024-09-23,2024-09-24,-0.3638764660506456,0.6278637316734008,3.719328100746284,PRICE,TRAIN,2024-04-08_2024-10-08
HYPE3.SA,BEAR_CALM,0.11928617373855785,1,BEAR_OPTIMIZED,19,2024-07-31,2024-08-19,-0.8025531694318407,-0.9517627481248826,2.110692365944499,PRICE,TRAIN,2024-04-08_2024-10-08
HYPE3.SA,BEAR_CALM,0.047924109267074445,1,END_CLOSED,12,2024-09-26,2024-10-08,-0.3327231580525335,0.6937519322251207,10.727270014964938,PRICE,TRAIN,2024-04-08_2024-10-08
LWSA3.SA,BEAR_VOLATILE,-0.05721662563980547,0,HARD_STOP,8,2024-08-22,2024-08-30,-0.626590070814592,-3.668143520552076,5.520059091788435,PRICE,TRAIN,2024-04-08_2024-10-08
MRVE3.SA,BEAR_CALM,-0.051200000000000044,0,HARD_STOP,5,2024-07-31,2024-08-05,-2.7634488396688104,1.6582138378937366,2.237331790385187,PRICE,TRAIN,2024-04-08_2024-10-08
MRVE3.SA,SIDEWAYS_CALM,0.0650161844328779,1,END_CLOSED,18,2024-09-20,2024-10-08,-1.4448552443636704,0.5522265432357032,7.224037805786514,PRICE,TRAIN,2024-04-08_2024-10-08
PCAR3.SA,BEAR_CALM,0.00880000000000001,1,STOP_TECNICO,1,2024-08-06,2024-08-07,-0.1048201066193233,-0.03687820462898101,2.990185439870571,PRICE,TRAIN,2024-04-08_2024-10-08
PCAR3.SA,BEAR_CALM,-0.004374600050953491,0,TIME_STOP,21,2024-08-08,2024-08-29,0.5205367434617464,0.2667878945588541,2.835952484459808,PRICE,TRAIN,2024-04-08_2024-10-08
PCAR3.SA,BEAR_CALM,-0.0012,0,STOP_TECNICO,6,2024-09-03,2024-09-09,0.43117796125168206,0.3140634894856998,4.395251495406254,PRICE,TRAIN,2024-04-08_2024-10-08
PCAR3.SA,BEAR_CALM,-0.051200000000000044,0,HARD_STOP,3,2024-09-16,2024-09-19,0.23260970760163582,-0.2101905357102713,4.025879732392963,PRICE,TRAIN,2024-04-08_2024-10-08
PCAR3.SA,BEAR_CALM,-0.008144520329984493,0,TIME_STOP,13,2024-09-24,2024-10-07,-0.9775720106334835,-0.8538394896079111,3.041219382566811,PRICE,TRAIN,2024-04-08_2024-10-08
RAIL3.SA,BEAR_VOLATILE,-0.011774126963878494,0,END_CLOSED,7,2024-10-01,2024-10-08,0.26234725380571955,0.3406160344866354,34.30961849152067,PRICE,TRAIN,2024-04-08_2024-10-08
RECV3.SA,BEAR_CALM,0.01901343408061105,1,END_CLOSED,12,2024-09-26,2024-10-08,1.7277196547091156,-0.16807097681734331,1000.0,PRICE,TRAIN,2024-04-08_2024-10-08
RENT3.SA,BEAR_CALM,-0.17594740442503734,0,HARD_STOP,6,2024-08-08,2024-08-14,0.20734968133512768,-1.5326660106081893,9.956412694949405,PRICE,TRAIN,2024-04-08_2024-10-08
RENT3.SA,BEAR_VOLATILE,-0.05340342021712987,0,HARD_STOP,3,2024-08-19,2024-08-22,0.2909779371079506,-2.658890512424206,3.428820136907101,PRICE,TRAIN,2024-04-08_2024-10-08
RENT3.SA,BEAR_CALM,-0.03618004394435228,0,TIME_STOP,11,2024-09-20,2024-10-01,0.5906838145578797,-1.966618501886176,2.3052555630471483,PRICE,TRAIN,2024-04-08_2024-10-08
RENT3.SA,BEAR_CALM,0.033565825183661115,1,END_CLOSED,1,2024-10-07,2024-10-08,-0.2555275201063622,-0.6008280492716578,2.0942637995567774,PRICE,TRAIN,2024-04-08_2024-10-08
SLCE3.SA,BEAR_CALM,-0.01325520610508215,0,TIME_STOP,11,2024-09-02,2024-09-13,-0.5739002910261877,-0.10144909282349078,7.761413738363932,PRICE,TRAIN,2024-04-08_2024-10-08
SLCE3.SA,SIDEWAYS_VOLATILE,0.0033480541287588053,1,END_CLOSED,1,2024-10-07,2024-10-08,-0.852522539292324,-1.1041789743109687,6.451849585671173,PRICE,TRAIN,2024-04-08_2024-10-08
TOTS3.SA,BEAR_VOLATILE,0.08033992611948956,1,BEAR_OPTIMIZED,8,2024-08-01,2024-08-09,-0.419553889277087,0.469278075050861,5.573334661521372,PRICE,TRAIN,2024-04-08_2024-10-08
TOTS3.SA,BEAR_CALM,0.009875384586955117,1,END_CLOSED,4,2024-10-04,2024-10-08,-0.5034388517348715,0.25882751494938067,7.130723127469453,PRICE,TRAIN,2024-04-08_2024-10-08
USIM5.SA,BEAR_VOLATILE,-0.053402310878841196,0,HARD_STOP,4,2024-08-01,2024-08-05,0.22334773347170628,-2.8426514879267653,10.582571701256455,PRICE,TRAIN,2024-04-08_2024-10-08
USIM5.SA,BEAR_CALM,-0.019563883285543503,0,TIME_STOP,14,2024-09-06,2024-09-20,0.3416879024085275,0.44047139552577286,17.599379163016646,PRICE,TRAIN,2024-04-08_2024-10-08
USIM5.SA,BEAR_CALM,-0.004511255141196678,0,TIME_STOP,13,2024-09-25,2024-10-08,-0.2936096380729651,0.3624365784935147,10.61827700706316,PRICE,TRAIN,2024-04-08_2024-10-08
VALE3.SA,BEAR_CALM,-0.01118107868249276,0,TIME_STOP,11,2024-09-12,2024-09-23,-0.6372041138688787,-0.23496689095176648,5.868956410476342,PRICE,TRAIN,2024-04-08_2024-10-08
YDUQ3.SA,BEAR_VOLATILE,-0.05250693252327112,0,HARD_STOP,7,2024-08-09,2024-08-16,0.3469351520666757,1.0029025555724143,8.385966388052287,PRICE,TRAIN,2024-04-08_2024-10-08
YDUQ3.SA,BEAR_CALM,-0.0022331692757172825,0,TIME_STOP,11,2024-08-22,2024-09-02,-0.2978191796427632,0.5500605883872974,5.262532985212171,PRICE,TRAIN,2024-04-08_2024-10-08
YDUQ3.SA,BEAR_CALM,0.00880000000000001,1,STOP_TECNICO,2,2024-09-09,2024-09-11,0.21916194984631007,-0.24821268892618345,7.742170457266397,PRICE,TRAIN,2024-04-08_2024-10-08
YDUQ3.SA,BEAR_CALM,-0.09822217317624851,0,HARD_STOP,11,2024-09-12,2024-09-23,0.18547623033003757,-0.1493902589771844,5.920143012383273,PRICE,TRAIN,2024-04-08_2024-10-08
ASAI3.SA,BEAR_VOLATILE,-0.051200000000000044,0,HARD_STOP,10,2024-09-20,2024-09-30,-0.031781049724025116,-0.25190969050430223,1000.0,PRICE,TRAIN,2024-05-08_2024-11-08
ASAI3.SA,BEAR_VOLATILE,-0.051200000000000044,0,HARD_STOP,4,2024-10-07,2024-10-11,-0.8406051616897572,0.6481138575358084,1000.0,PRICE,TRAIN,2024-05-08_2024-11-08
ASAI3.SA,BEAR_VOLATILE,-0.051200000000000044,0,HARD_STOP,14,2024-10-24,2024-11-07,0.17486167190363974,-0.012607680405681622,34.30961849152067,PRICE,TRAIN,2024-05-08_2024-11-08
AURE3.SA,BEAR_CALM,-0.017925258822163247,0,TIME_STOP,11,2024-08-29,2024-09-09,-1.0288145093066625,-2.311380445890364,14.366936013546391,PRICE,TRAIN,2024-05-08_2024-11-08
AZUL4.SA,BEAR_VOLATILE,-0.19938184592507105,0,HARD_STOP,4,2024-08-29,2024-09-02,0.3087991088517541,-3.4637692132338374,10.63019620751091,PRICE,TRAIN,2024-05-08_2024-11-08
AZUL4.SA,BEAR_VOLATILE,0.00880000000000001,1,STOP_TECNICO,4,2024-09-09,2024-09-13,0.8690760334233962,-2.1414572106451932,1000.0,PRICE,TRAIN,2024-05-08_2024-11-08
AZUL4.SA,BEAR_VOLATILE,0.00880000000000001,1,STOP_TECNICO,1,2024-09-16,2024-09-17,0.23380481656936264,-1.263807217114068,19.46573533552423,PRICE,TRAIN,2024-05-08_2024-11-08
AZUL4.SA,BEAR_CALM,-0.07521312745261358,0,HARD_STOP,5,2024-10-17,2024-10-22,-1.7859654982177866,1.483597714220411,9.842065262235677,PRICE,TRAIN,2024-05-08_2024-11-08
AZUL4.SA,BEAR_CALM,-0.09039382293850132,0,HARD_STOP,3,2024-10-29,2024-11-01,0.08334161207959061,-0.1316533220913442,6.904932378475142,PRICE,TRAIN,2024-05-08_2024-11-08
AZUL4.SA,BEAR_CALM,-0.05119999999999993,0,HARD_STOP,1,2024-11-06,2024-11-07,-0.4157594558016733,-1.2592296938326413,5.739087154633891,PRICE,TRAIN,2024-05-08_2024-11-08
B3SA3.SA,BEAR_VOLATILE,-0.006802152873511401,0,TIME_STOP,17,2024-10-01,2024-10-18,1.30259864562519,-1.6323138814919291,13.955999604178258,PRICE,TRAIN,2024-05-08_2024-11-08
B3SA3.SA,BEAR_CALM,-0.011756719453696628,0,END_CLOSED,7,2024-11-01,2024-11-08,1.2275935816305399,-0.9153013137249761,34.30961849152067,PRICE,TRAIN,2024-05-08_2024-11-08
BEEF3.SA,BEAR_CALM,-0.07896049974315314,0,HARD_STOP,8,2024-10-01,2024-10-09,0.9884086879025361,0.8134127301012495,20.585883504493193,PRICE,TRAIN,2024-05-08_2024-11-08
BEEF3.SA,BEAR_VOLATILE,-0.01220916419804998,0,STOP_TECNICO,22,2024-10-17,2024-11-08,0.7317317314986828,0.3639535855387561,1000.0,PRICE,TRAIN,2024-05-08_2024-11-08
BRAP4.SA,BEAR_CALM,0.08536384010611173,1,BEAR_OPTIMIZED,13,2024-09-13,2024-09-26,-0.0732464742540112,0.07113675918951667,4.687762508347569,PRICE,TRAIN,2024-05-08_2024-11-08
BRAP4.SA,SIDEWAYS_VOLATILE,0.05333597889933093,1,SIGNAL,18,2024-10-17,2024-11-04,-0.3520726266025038,-1.2728798236018122,5.932525012434101,PRICE,TRAIN,2024-05-08_2024-11-08
BRKM5.SA,BEAR_CALM,-0.05224403552492198,0,HARD_STOP,6,2024-11-01,2024-11-07,0.08102858915471628,-1.0022036508787944,7.952689057464937,PRICE,TRAIN,2024-05-08_2024-11-08
COGN3.SA,BEAR_CALM,-0.022628517705697425,0,TIME_STOP,11,2024-08-29,2024-09-09,-0.03631318025978595,-0.3253077516235132,11.616774941617274,PRICE,TRAIN,2024-05-08_2024-11-08
COGN3.SA,BEAR_CALM,-0.05423038173252228,0,HARD_STOP,5,2024-09-20,2024-09-25,0.12914628106246742,-0.9935417850980247,15.329174112529078,PRICE,TRAIN,2024-05-08_2024-11-08
COGN3.SA,BEAR_CALM,0.06966615463729284,1,END_CLOSED,37,2024-10-02,2024-11-08,-0.7739929891474001,-0.5028336798689982,9.01862733992313,PRICE,TRAIN,2024-05-08_2024-11-08
CSAN3.SA,BEAR_CALM,-0.047150167100969774,0,TIME_STOP,11,2024-09-12,2024-09-23,0.36017103714407867,-0.8652182276160549,4.70782968502097,PRICE,TRAIN,2024-05-08_2024-11-08
CSAN3.SA,BEAR_CALM,-0.06233210714088291,0,HARD_STOP,5,2024-10-04,2024-10-09,0.4113356479086107,0.02292991842565147,3.996351488387598,PRICE,TRAIN,2024-05-08_2024-11-08
CSAN3.SA,BEAR_VOLATILE,-0.0036876190382803195,0,TIME_STOP,14,2024-10-16,2024-10-30,-0.10347910860967277,0.6400735556296621,7.164078692877987,PRICE,TRAIN,2024-05-08_2024-11-08
CSAN3.SA,BEAR_CALM,-0.03514038493390361,0,END_CLOSED,4,2024-11-04,2024-11-08,-1.1638501284898044,-0.642361997023376,11.098295208327247,PRICE,TRAIN,2024-05-08_2024-11-08
CSNA3.SA,BEAR_CALM,-0.06590585660236817,0,HARD_STOP,7,2024-09-13,2024-09-20,-1.4689065873917857,-0.3589413892652713,8.676204519557858,PRICE,TRAIN,2024-05-08_2024-11-08
CSNA3.SA,BEAR_VOLATILE,-0.002913869985385141,0,TIME_STOP,14,2024-10-18,2024-11-01,-0.41744908408313885,-1.4579079378875295,3.0819155228338375,PRICE,TRAIN,2024-05-08_2024-11-08
CSNA3.SA,BEAR_CALM,-0.015461729525599897,0,END_CLOSED,2,2024-11-06,2024-11-08,-1.3533589626144804,0.8964696818659104,2.850611577473445,PRICE,TRAIN,2024-05-08_2024-11-08
CVCB3.SA,BEAR_CALM,-0.053556034340015234,0,HARD_STOP,4,2024-09-05,2024-09-09,0.14455161015375892,-0.2126634597251827,2.4944596824256857,PRICE,TRAIN,2024-05-08_2024-11-08
CVCB3.SA,BEAR_CALM,-0.0845333138546909,0,HARD_STOP,4,2024-09-16,2024-09-20,-0.28401607174553073,-0.956220110494091,2.357776059823518,PRICE,TRAIN,2024-05-08_2024-11-08
CVCB3.SA,BEAR_CALM,-0.012069554654186486,0,TIME_STOP,12,2024-09-25,2024-10-07,0.13491897930219446,-2.304559981825598,2.5833071634135414,PRICE,TRAIN,2024-05-08_2024-11-08
ECOR3.SA,BEAR_VOLATILE,-0.004171771508570864,0,STOP_TECNICO,23,2024-10-09,2024-11-01,0.23774085177321713,-0.2292938802873978,6.700201235803003,PRICE,TRAIN,2024-05-08_2024-11-08
ECOR3.SA,BEAR_CALM,-0.0012,0,END_CLOSED,0,2024-11-08,2024-11-08,-1.565517200464725,-0.05443625337779712,4.356162318342839,PRICE,TRAIN,2024-05-08_2024-11-08
ELET3.SA,BEAR_CALM,-0.051200000000000044,0,HARD_STOP,3,2024-11-05,2024-11-08,-1.2119747508116574,0.10399335932190212,23.454467800763393,PRICE,TRAIN,2024-05-08_2024-11-08
ENGI11.SA,BEAR_CALM,-0.051200000000000044,0,HARD_STOP,11,2024-10-28,2024-11-08,0.25022529749385225,0.5700823172137737,16.486881611233045,PRICE,TRAIN,2024-05-08_2024-11-08
EZTC3.SA,BEAR_CALM,-0.02952856994195454,0,TIME_STOP,11,2024-08-29,2024-09-09,-1.4592545037443645,0.3719342352992657,4.506137805181948,PRICE,TRAIN,2024-05-08_2024-11-08
EZTC3.SA,BEAR_CALM,-0.004914827139392529,0,TIME_STOP,32,2024-09-20,2024-10-22,-1.0920188494772252,-4.125198901519726,2.496044795539827,PRICE,TRAIN,2024-05-08_2024-11-08
EZTC3.SA,BEAR_CALM,0.14239728181830844,1,BEAR_OPTIMIZED,7,2024-10-28,2024-11-04,-1.2991542329950843,-0.5221371538504086,1.9944891861014131,PRICE,TRAIN,2024-05-08_2024-11-08
FLRY3.SA,BEAR_CALM,-0.06520550766258296,0,HARD_STOP,3,2024-11-05,2024-11-08,-0.13720321500686092,-0.19870755379342833,34.30961849152067,PRICE,TRAIN,2024-05-08_2024-11-08
GGBR4.SA,SIDEWAYS_CALM,0.04051355471509841,1,SIGNAL,1,2024-09-23,2024-09-24,-0.3638764660506456,0.6278637316734008,3.719328100746284,PRICE,TRAIN,2024-05-08_2024-11-08
HAPV3.SA,BEAR_CALM,-0.051200000000000044,0,HARD_STOP,3,2024-11-04,2024-11-07,-0.989400240898254,-0.616099814380072,1000.0,PRICE,TRAIN,2024-05-08_2024-11-08
HYPE3.SA,BEAR_CALM,-0.013385902268371795,0,TIME_STOP,21,2024-09-26,2024-10-17,-0.3327231580525335,0.6937519322251207,10.727270014964938,PRICE,TRAIN,2024-05-08_2024-11-08
HYPE3.SA,BEAR_CALM,-0.08822298763079853,0,HARD_STOP,3,2024-10-25,2024-10-28,0.22923239148959038,-1.006605254277609,11.712823639638893,PRICE,TRAIN,2024-05-08_2024-11-08
IGTI11.SA,BEAR_CALM,-0.0159058353814834,0,END_CLOSED,7,2024-11-01,2024-11-08,0.3953111062351858,-0.2935939810194825,14.233677703615335,PRICE,TRAIN,2024-05-08_2024-11-08
LWSA3.SA,BEAR_CALM,0.00880000000000001,1,STOP_TECNICO,15,2024-10-09,2024-10-24,-0.5075498616120787,0.6611734970830189,5.2417533980321,PRICE,TRAIN,2024-05-08_2024-11-08
LWSA3.SA,BEAR_CALM,-0.05586968857475407,0,HARD_STOP,3,2024-10-28,2024-10-31,0.338076872963829,0.4749522969879681,5.201918039643604,PRICE,TRAIN,2024-05-08_2024-11-08
LWSA3.SA,BEAR_CALM,-0.05406331645053677,0,HARD_STOP,3,2024-11-05,2024-11-08,-0.12927373352906069,-0.2782056370870347,4.578439902777918,PRICE,TRAIN,2024-05-08_2024-11-08
MGLU3.SA,BEAR_VOLATILE,-0.010940274583120434,0,TIME_STOP,14,2024-10-09,2024-10-23,0.42382941363030163,-0.31384319698742913,27.281978724657943,PRICE,TRAIN,2024-05-08_2024-11-08
MGLU3.SA,BEAR_CALM,0.08232144394440541,1,END_CLOSED,7,2024-11-01,2024-11-08,-0.22882686016023737,0.558162839731149,34.30961849152067,PRICE,TRAIN,2024-05-08_2024-11-08
MRVE3.SA,SIDEWAYS_CALM,-0.006605400180747088,0,TIME_STOP,21,2024-09-20,2024-10-11,-1.4448552443636704,0.5522265432357032,7.224037805786514,PRICE,TRAIN,2024-05-08_2024-11-08
MRVE3.SA,SIDEWAYS_CALM,-0.051200000000000044,0,HARD_STOP,11,2024-10-28,2024-11-08,-1.6532946219454117,-0.22277305491884408,3.2924163690039445,PRICE,TRAIN,2024-05-08_2024-11-08
PCAR3.SA,BEAR_CALM,-0.05852486010942195,0,HARD_STOP,5,2024-08-29,2024-09-03,-0.2709778328096268,0.09884849515036465,4.4472302569916105,PRICE,TRAIN,2024-05-08_2024-11-08
PCAR3.SA,BEAR_CALM,-0.051200000000000044,0,HARD_STOP,11,2024-09-09,2024-09-20,0.21091953996749493,0.19936404400514543,4.095520252969402,PRICE,TRAIN,2024-05-08_2024-11-08
PCAR3.SA,BEAR_CALM,0.03049019553094432,1,END_CLOSED,44,2024-09-25,2024-11-08,-1.2893835125489523,-1.039899940309747,3.2190673817491784,PRICE,TRAIN,2024-05-08_2024-11-08
PRIO3.SA,BEAR_CALM,-0.0012,0,END_CLOSED,0,2024-11-08,2024-11-08,-0.013424449147178412,-0.6319709211609328,9.829455340882683,PRICE,TRAIN,2024-05-08_2024-11-08
RADL3.SA,BEAR_VOLATILE,-0.007300084079249446,0,TIME_STOP,15,2024-10-10,2024-10-25,-0.7583030035088852,-0.8653293034357163,20.031009750137244,PRICE,TRAIN,2024-05-08_2024-11-08
RAIL3.SA,BEAR_VOLATILE,-0.03946791589560208,0,TIME_STOP,13,2024-10-01,2024-10-14,0.26234725380571955,0.3406160344866354,34.30961849152067,PRICE,TRAIN,2024-05-08_2024-11-08
RAIL3.SA,BEAR_CALM,0.00880000000000001,1,STOP_TECNICO,18,2024-10-21,2024-11-08,-0.008986220982002496,0.6682231880823974,34.30961849152067,PRICE,TRAIN,2024-05-08_2024-11-08
RAIZ4.SA,BEAR_CALM,-0.07680138217227175,0,HARD_STOP,3,2024-11-05,2024-11-08,-0.18406408302761484,-1.0095393973381377,8.095809567679595,PRICE,TRAIN,2024-05-08_2024-11-08
RECV3.SA,BEAR_CALM,-0.009060715212902325,0,TIME_STOP,13,2024-09-26,2024-10-09,1.7277196547091156,-0.16807097681734331,1000.0,PRICE,TRAIN,2024-05-08_2024-11-08
RECV3.SA,BEAR_CALM,-0.03834283254431738,0,TIME_STOP,11,2024-10-17,2024-10-28,0.509337217825643,0.8276408799144194,34.30961849152067,PRICE,TRAIN,2024-05-08_2024-11-08
RECV3.SA,BEAR_CALM,0.02320442790663444,1,END_CLOSED,4,2024-11-04,2024-11-08,0.3817551463446052,0.8031637024259556,23.09125659779749,PRICE,TRAIN,2024-05-08_2024-11-08
RENT3.SA,BEAR_CALM,-0.03618004394435228,0,TIME_STOP,11,2024-09-20,2024-10-01,0.5906838145578797,-1.966618501886176,2.3052555630471483,PRICE,TRAIN,2024-05-08_2024-11-08
RENT3.SA,BEAR_CALM,-0.017134389076199817,0,TIME_STOP,25,2024-10-07,2024-11-01,-0.2555275201063622,-0.6008280492716578,2.0942637995567774,PRICE,TRAIN,2024-05-08_2024-11-08
SANB11.SA,BEAR_CALM,-0.005677563458836542,0,END_CLOSED,7,2024-11-01,2024-11-08,0.4698874189033872,-1.908286988871734,34.30961849152067,PRICE,TRAIN,2024-05-08_2024-11-08
SLCE3.SA,BEAR_CALM,-0.01325520610508215,0,TIME_STOP,11,2024-09-02,2024-09-13,-0.5739002910261877,-0.10144909282349078,7.761413738363932,PRICE,TRAIN,2024-05-08_2024-11-08
SLCE3.SA,SIDEWAYS_VOLATILE,-0.03189925384253691,0,TIME_STOP,11,2024-10-07,2024-10-18,-0.852522539292324,-1.1041789743109687,6.451849585671173,PRICE,TRAIN,2024-05-08_2024-11-08
SLCE3.SA,BEAR_CALM,-0.0012,0,END_CLOSED,0,2024-11-08,2024-11-08,-1.2522708145718762,0.69717239178015,3.1935586874899933,PRICE,TRAIN,2024-05-08_2024-11-08
TOTS3.SA,BEAR_CALM,0.0445306224710019,1,BEAR_OPTIMIZED,24,2024-10-04,2024-10-28,-0.5034388517348715,0.25882751494938067,7.130723127469453,PRICE,TRAIN,2024-05-08_2024-11-08
USIM5.SA,BEAR_CALM,-0.019563883285543503,0,TIME_STOP,14,2024-09-06,2024-09-20,0.3416879024085275,0.44047139552577286,17.599379163016646,PRICE,TRAIN,2024-05-08_2024-11-08
USIM5.SA,BEAR_CALM,-0.004511255141196678,0,TIME_STOP,13,2024-09-25,2024-10-08,-0.2936096380729651,0.3624365784935147,10.61827700706316,PRICE,TRAIN,2024-05-08_2024-11-08
USIM5.SA,BEAR_CALM,-0.004389789631156903,0,TIME_STOP,25,2024-10-14,2024-11-08,-0.8783820328495275,0.6064282678234298,2.3157463595539776,PRICE,TRAIN,2024-05-08_2024-11-08
VALE3.SA,BEAR_CALM,-0.01118107868249276,0,TIME_STOP,11,2024-09-12,2024-09-23,-0.6372041138688787,-0.23496689095176648,5.868956410476342,PRICE,TRAIN,2024-05-08_2024-11-08
YDUQ3.SA,BEAR_CALM,0.00880000000000001,1,STOP_TECNICO,9,2024-09-02,2024-09-11,0.02018045085944986,0.3560242968627637,6.690051187587571,PRICE,TRAIN,2024-05-08_2024-11-08
YDUQ3.SA,BEAR_CALM,-0.09822217317624851,0,HARD_STOP,11,2024-09-12,2024-09-23,0.18547623033003757,-0.1493902589771844,5.920143012383273,PRICE,TRAIN,2024-05-08_2024-11-08
YDUQ3.SA,BEAR_VOLATILE,-0.018641724598183494,0,TIME_STOP,21,2024-10-11,2024-11-01,0.2500049729524948,0.2655379363864499,3.125367315496794,PRICE,TRAIN,2024-05-08_2024-11-08
ALOS3.SA,BEAR_VOLATILE,-0.02686677397434669,0,END_CLOSED,8,2024-11-28,2024-12-06,0.6656267770256874,0.4619248096360516,18.405310420836674,PRICE,TRAIN,2024-06-08_2024-12-08
ASAI3.SA,BEAR_VOLATILE,-0.05854275648894427,0,HARD_STOP,1,2024-10-02,2024-10-03,-1.2179144384122342,1.6001343826297225,1000.0,PRICE,TRAIN,2024-06-08_2024-12-08
ASAI3.SA,BEAR_VOLATILE,-0.051200000000000155,0,HARD_STOP,2,2024-10-08,2024-10-10,-0.25803744014770313,0.2905737583159353,1000.0,PRICE,TRAIN,2024-06-08_2024-12-08
ASAI3.SA,BEAR_VOLATILE,0.00880000000000001,1,STOP_TECNICO,23,2024-10-15,2024-11-07,1.696970052285436,1.19818132640685,34.30961849152067,PRICE,TRAIN,2024-06-08_2024-12-08
ASAI3.SA,BEAR_CALM,-0.02569571624379898,0,STOP_TECNICO,7,2024-11-21,2024-11-28,-0.4069183997723021,-0.21284636497425674,13.784474229238723,PRICE,TRAIN,2024-06-08_2024-12-08
ASAI3.SA,BEAR_VOLATILE,-0.04319065335740848,0,END_CLOSED,3,2024-12-03,2024-12-06,-0.9963380030439024,0.16107272372056447,6.951538398602702,PRICE,TRAIN,2024-06-08_2024-12-08
AURE3.SA,BEAR_VOLATILE,-0.0012,0,END_CLOSED,0,2024-12-06,2024-12-06,0.16236586898336727,-0.01456886097363618,10.372830623741876,PRICE,TRAIN,2024-06-08_2024-12-08
AZUL4.SA,BEAR_CALM,-0.07521312745261358,0,HARD_STOP,5,2024-10-17,2024-10-22,-1.7859654982177866,1.483597714220411,9.842065262235677,PRICE,TRAIN,2024-06-08_2024-12-08
AZUL4.SA,BEAR_CALM,-0.09039382293850132,0,HARD_STOP,3,2024-10-29,2024-11-01,0.08334161207959061,-0.1316533220913442,6.904932378475142,PRICE,TRAIN,2024-06-08_2024-12-08
AZUL4.SA,BEAR_CALM,-0.05119999999999993,0,HARD_STOP,1,2024-11-06,2024-11-07,-0.4157594558016733,-1.2592296938326413,5.739087154633891,PRICE,TRAIN,2024-06-08_2024-12-08
AZUL4.SA,BEAR_CALM,-0.05119999999999993,0,HARD_STOP,6,2024-11-12,2024-11-18,-1.4661587567421928,-1.8851844165671348,4.510621410505014,PRICE,TRAIN,2024-06-08_2024-12-08
AZUL4.SA,BEAR_CALM,-0.051200000000000044,0,HARD_STOP,2,2024-11-25,2024-11-27,-1.7531847017261106,-0.6705672248639367,3.940265268964155,PRICE,TRAIN,2024-06-08_2024-12-08
AZUL4.SA,BEAR_CALM,-0.03864495104016665,0,END_CLOSED,4,2024-12-02,2024-12-06,-2.0565349633690735,-0.3539394778709516,4.890049690346066,PRICE,TRAIN,2024-06-08_2024-12-08
B3SA3.SA,BEAR_VOLATILE,-0.006802152873511401,0,TIME_STOP,17,2024-10-01,2024-10-18,1.30259864562519,-1.6323138814919291,13.955999604178258,PRICE,TRAIN,2024-06-08_2024-12-08
B3SA3.SA,BEAR_CALM,-0.011756719453696628,0,TIME_STOP,11,2024-11-01,2024-11-12,1.2275935816305399,-0.9153013137249761,34.30961849152067,PRICE,TRAIN,2024-06-08_2024-12-08
B3SA3.SA,BEAR_CALM,-0.08619995219975743,0,HARD_STOP,10,2024-11-18,2024-11-28,0.7647147746752954,0.46689604678265445,19.567967780579153,PRICE,TRAIN,2024-06-08_2024-12-08
B3SA3.SA,BEAR_VOLATILE,0.04848290088075822,1,END_CLOSED,3,2024-12-03,2024-12-06,0.0024491676282914184,-1.336812454916226,18.4882763078819,PRICE,TRAIN,2024-06-08_2024-12-08
BBDC3.SA,BEAR_VOLATILE,-0.009437053729845511,0,END_CLOSED,8,2024-11-28,2024-12-06,0.12561076901249674,0.5694889598538191,1000.0,PRICE,TRAIN,2024-06-08_2024-12-08
BBDC4.SA,SIDEWAYS_VOLATILE,-0.05300175229397188,0,HARD_STOP,2,2024-11-27,2024-11-29,0.34470403902743635,-0.10155604853561608,34.30961849152067,PRICE,TRAIN,2024-06-08_2024-12-08
BBDC4.SA,BEAR_VOLATILE,-0.010846242124871973,0,END_CLOSED,2,2024-12-04,2024-12-06,0.3019468588218259,0.4156045670164755,1000.0,PRICE,TRAIN,2024-06-08_2024-12-08
BEEF3.SA,BEAR_CALM,-0.07896049974315314,0,HARD_STOP,8,2024-10-01,2024-10-09,0.9884086879025361,0.8134127301012495,20.585883504493193,PRICE,TRAIN,2024-06-08_2024-12-08
BEEF3.SA,BEAR_VOLATILE,-0.01220916419804998,0,STOP_TECNICO,22,2024-10-17,2024-11-08,0.7317317314986828,0.3639535855387561,1000.0,PRICE,TRAIN,2024-06-08_2024-12-08
BEEF3.SA,BEAR_CALM,-0.021019843195327813,0,TIME_STOP,15,2024-11-13,2024-11-28,1.4430496171794944,0.33979666316548507,20.95851887440825,PRICE,TRAIN,2024-06-08_2024-12-08
BEEF3.SA,BEAR_CALM,-0.025952491218445582,0,END_CLOSED,3,2024-12-03,2024-12-06,-2.3583620805844605,0.05350026328794711,11.078009419945234,PRICE,TRAIN,2024-06-08_2024-12-08
BRAP4.SA,SIDEWAYS_VOLATILE,0.05333597889933093,1,SIGNAL,18,2024-10-17,2024-11-04,-0.3520726266025038,-1.2728798236018122,5.932525012434101,PRICE,TRAIN,2024-06-08_2024-12-08
BRAP4.SA,SIDEWAYS_CALM,-0.002859403490467781,0,TIME_STOP,11,2024-11-11,2024-11-22,-0.9146190137388656,-0.05880232669951374,3.160602984751229,PRICE,TRAIN,2024-06-08_2024-12-08
BRAP4.SA,SIDEWAYS_VOLATILE,-0.03224218837073558,0,END_CLOSED,8,2024-11-28,2024-12-06,-0.5266782642966096,0.03348269455278772,3.732524516959444,PRICE,TRAIN,2024-06-08_2024-12-08
BRKM5.SA,BEAR_CALM,-0.05224403552492198,0,HARD_STOP,6,2024-11-01,2024-11-07,0.08102858915471628,-1.0022036508787944,7.952689057464937,PRICE,TRAIN,2024-06-08_2024-12-08
BRKM5.SA,BEAR_CALM,-0.051200000000000044,0,HARD_STOP,7,2024-11-12,2024-11-19,-2.315351421413046,-0.6292796939207804,34.30961849152067,PRICE,TRAIN,2024-06-08_2024-12-08
BRKM5.SA,BEAR_VOLATILE,-0.051200000000000044,0,HARD_STOP,2,2024-11-25,2024-11-27,-2.162214939715056,-0.07910054390836728,34.30961849152067,PRICE,TRAIN,2024-06-08_2024-12-08
BRKM5.SA,BEAR_CALM,-0.05864126187797649,0,HARD_STOP,4,2024-12-02,2024-12-06,-0.5636927772657188,0.6048813219838598,34.30961849152067,PRICE,TRAIN,2024-06-08_2024-12-08
COGN3.SA,BEAR_CALM,0.00880000000000001,1,STOP_TECNICO,57,2024-10-02,2024-11-28,-0.7739929891474001,-0.5028336798689982,9.01862733992313,PRICE,TRAIN,2024-06-08_2024-12-08
COGN3.SA,BEAR_CALM,-0.07096745289689657,0,HARD_STOP,7,2024-11-29,2024-12-06,-2.2062901812464553,0.21740608328738406,1.8138512090004686,PRICE,TRAIN,2024-06-08_2024-12-08
CSAN3.SA,BEAR_CALM,-0.06233210714088291,0,HARD_STOP,5,2024-10-04,2024-10-09,0.4113356479086107,0.02292991842565147,3.996351488387598,PRICE,TRAIN,2024-06-08_2024-12-08
CSAN3.SA,BEAR_VOLATILE,-0.0036876190382803195,0,TIME_STOP,14,2024-10-16,2024-10-30,-0.10347910860967277,0.6400735556296621,7.164078692877987,PRICE,TRAIN,2024-06-08_2024-12-08
CSAN3.SA,BEAR_CALM,-0.051200000000000044,0,HARD_STOP,7,2024-11-04,2024-11-11,-1.1638501284898044,-0.642361997023376,11.098295208327247,PRICE,TRAIN,2024-06-08_2024-12-08
CSAN3.SA,BEAR_CALM,-0.05187877013126609,0,HARD_STOP,3,2024-11-18,2024-11-21,-1.128566570143792,-1.790297434476107,14.460240568622483,PRICE,TRAIN,2024-06-08_2024-12-08
CSAN3.SA,BEAR_VOLATILE,-0.12290754993017652,0,HARD_STOP,2,2024-11-26,2024-11-28,-2.062297358812918,-0.1611303408686826,13.039208591804961,PRICE,TRAIN,2024-06-08_2024-12-08
CSAN3.SA,BEAR_VOLATILE,-0.05552595419005082,0,HARD_STOP,3,2024-12-03,2024-12-06,-2.0831000408200984,-1.6123824806462321,34.30961849152067,PRICE,TRAIN,2024-06-08_2024-12-08
CSNA3.SA,BEAR_VOLATILE,-0.002913869985385141,0,TIME_STOP,14,2024-10-18,2024-11-01,-0.41744908408313885,-1.4579079378875295,3.0819155228338375,PRICE,TRAIN,2024-06-08_2024-12-08
CSNA3.SA,BEAR_CALM,-0.05405240053327156,0,HARD_STOP,5,2024-11-06,2024-11-11,-1.3533589626144804,0.8964696818659104,2.850611577473445,PRICE,TRAIN,2024-06-08_2024-12-08
CSNA3.SA,BEAR_CALM,0.0050771785631059455,1,END_CLOSED,17,2024-11-19,2024-12-06,-0.3812074427118264,-0.4907471237528859,3.10006978832324,PRICE,TRAIN,2024-06-08_2024-12-08
CVCB3.SA,BEAR_CALM,-0.022705355669564907,0,TIME_STOP,11,2024-09-30,2024-10-11,-0.2834970068803065,-2.1812216114367153,2.804398385667766,PRICE,TRAIN,2024-06-08_2024-12-08
CYRE3.SA,BEAR_VOLATILE,0.006408751746879694,1,END_CLOSED,2,2024-12-04,2024-12-06,-0.02508920734042524,-1.6140526331715872,16.892980169998307,PRICE,TRAIN,2024-06-08_2024-12-08
ECOR3.SA,BEAR_VOLATILE,-0.004171771508570864,0,STOP_TECNICO,23,2024-10-09,2024-11-01,0.23774085177321713,-0.2292938802873978,6.700201235803003,PRICE,TRAIN,2024-06-08_2024-12-08
ECOR3.SA,BEAR_CALM,-0.027906189036638128,0,TIME_STOP,13,2024-11-08,2024-11-21,-1.565517200464725,-0.05443625337779712,4.356162318342839,PRICE,TRAIN,2024-06-08_2024-12-08
ECOR3.SA,BEAR_CALM,-0.19910104711889068,0,HARD_STOP,1,2024-11-27,2024-11-28,-1.4977030606617725,-0.3145228323898643,4.002067412214986,PRICE,TRAIN,2024-06-08_2024-12-08
ECOR3.SA,BEAR_VOLATILE,-0.055203784637821184,0,HARD_STOP,3,2024-12-03,2024-12-06,-0.6685050923630231,-2.684904560030737,13.852708650301196,PRICE,TRAIN,2024-06-08_2024-12-08
EGIE3.SA,BEAR_VOLATILE,-0.022933394586195054,0,TIME_STOP,11,2024-11-21,2024-12-02,-0.6120203435979586,-0.5240987655827132,1000.0,PRICE,TRAIN,2024-06-08_2024-12-08
ELET3.SA,BEAR_CALM,-0.051200000000000044,0,HARD_STOP,3,2024-11-05,2024-11-08,-1.2119747508116574,0.10399335932190212,23.454467800763393,PRICE,TRAIN,2024-06-08_2024-12-08
ELET3.SA,BEAR_VOLATILE,-0.009047589533327204,0,TIME_STOP,13,2024-11-14,2024-11-27,-0.1222330073672314,-2.0611927906243546,34.30961849152067,PRICE,TRAIN,2024-06-08_2024-12-08
ELET3.SA,BEAR_CALM,0.05528910061000212,1,END_CLOSED,4,2024-12-02,2024-12-06,-1.0236968130362412,0.05646037448390017,22.71052647707841,PRICE,TRAIN,2024-06-08_2024-12-08
ELET6.SA,BEAR_CALM,0.04078850923146269,1,END_CLOSED,8,2024-11-28,2024-12-06,-1.1450928128541975,1.4861651484630396,34.30961849152067,PRICE,TRAIN,2024-06-08_2024-12-08
ENGI11.SA,BEAR_CALM,-0.051200000000000044,0,HARD_STOP,11,2024-10-28,2024-11-08,0.25022529749385225,0.5700823172137737,16.486881611233045,PRICE,TRAIN,2024-06-08_2024-12-08
ENGI11.SA,BEAR_CALM,-0.01456907996578096,0,TIME_STOP,15,2024-11-13,2024-11-28,0.3423542490291991,0.5519011885855101,29.068327496971705,PRICE,TRAIN,2024-06-08_2024-12-08
ENGI11.SA,BEAR_CALM,-0.01954637903299685,0,END_CLOSED,3,2024-12-03,2024-12-06,-0.8726675897122669,0.5747007567159313,19.004545723118838,PRICE,TRAIN,2024-06-08_2024-12-08
EZTC3.SA,BEAR_CALM,-0.010069166974640796,0,TIME_STOP,22,2024-09-30,2024-10-22,-0.4672159172087681,-4.356916337759728,2.4316187674061442,PRICE,TRAIN,2024-06-08_2024-12-08
EZTC3.SA,BEAR_CALM,0.14239728181830844,1,BEAR_OPTIMIZED,7,2024-10-28,2024-11-04,-1.2991542329950843,-0.5221371538504086,1.9944891861014131,PRICE,TRAIN,2024-06-08_2024-12-08
FLRY3.SA,BEAR_CALM,-0.06520550766258296,0,HARD_STOP,3,2024-11-05,2024-11-08,-0.13720321500686092,-0.19870755379342833,34.30961849152067,PRICE,TRAIN,2024-06-08_2024-12-08
FLRY3.SA,BEAR_VOLATILE,-0.0026367834148757416,0,TIME_STOP,12,2024-11-13,2024-11-25,-0.5355275299675184,-2.0371469550489367,34.30961849152067,PRICE,TRAIN,2024-06-08_2024-12-08
FLRY3.SA,BEAR_VOLATILE,-0.01252923658853957,0,END_CLOSED,4,2024-12-02,2024-12-06,-0.2736468005214218,0.3860605892091921,33.583558749132905,PRICE,TRAIN,2024-06-08_2024-12-08
HAPV3.SA,BEAR_CALM,-0.051200000000000044,0,HARD_STOP,3,2024-11-04,2024-11-07,-0.989400240898254,-0.616099814380072,1000.0,PRICE,TRAIN,2024-06-08_2024-12-08
HAPV3.SA,BEAR_VOLATILE,-0.06464406558698058,0,HARD_STOP,1,2024-11-12,2024-11-13,-2.012536916399654,1.2718518031603847,34.30961849152067,PRICE,TRAIN,2024-06-08_2024-12-08
HAPV3.SA,BEAR_VOLATILE,-0.05845190950839032,0,HARD_STOP,2,2024-12-04,2024-12-06,-1.3652944839276122,0.8349714768400386,1000.0,PRICE,TRAIN,2024-06-08_2024-12-08
HYPE3.SA,BEAR_CALM,-0.08822298763079853,0,HARD_STOP,3,2024-10-25,2024-10-28,0.22923239148959038,-1.006605254277609,11.712823639638893,PRICE,TRAIN,2024-06-08_2024-12-08
HYPE3.SA,BEAR_VOLATILE,-0.051200000000000155,0,HARD_STOP,3,2024-11-26,2024-11-29,0.1607858337514669,-1.4206904050007463,34.30961849152067,PRICE,TRAIN,2024-06-08_2024-12-08
IGTI11.SA,BEAR_CALM,-0.016886314743941443,0,TIME_STOP,11,2024-11-01,2024-11-12,0.3953111062351858,-0.2935939810194825,14.233677703615335,PRICE,TRAIN,2024-06-08_2024-12-08
IGTI11.SA,BEAR_CALM,-0.051200000000000044,0,HARD_STOP,11,2024-11-18,2024-11-29,-0.839315837367532,-1.6672893232965522,8.868942731885054,PRICE,TRAIN,2024-06-08_2024-12-08
IGTI11.SA,BEAR_VOLATILE,0.023827173673668024,1,END_CLOSED,2,2024-12-04,2024-12-06,-0.6920461244930376,-1.6257093274570937,34.30961849152067,PRICE,TRAIN,2024-06-08_2024-12-08
LREN3.SA,BEAR_VOLATILE,0.07673100248780748,1,END_CLOSED,8,2024-11-28,2024-12-06,-1.274079180082051,-0.5297245729353588,34.30961849152067,PRICE,TRAIN,2024-06-08_2024-12-08
LWSA3.SA,BEAR_CALM,0.00880000000000001,1,STOP_TECNICO,15,2024-10-09,2024-10-24,-0.5075498616120787,0.6611734970830189,5.2417533980321,PRICE,TRAIN,2024-06-08_2024-12-08
LWSA3.SA,BEAR_CALM,-0.05586968857475407,0,HARD_STOP,3,2024-10-28,2024-10-31,0.338076872963829,0.4749522969879681,5.201918039643604,PRICE,TRAIN,2024-06-08_2024-12-08
LWSA3.SA,BEAR_CALM,-0.05406331645053677,0,HARD_STOP,3,2024-11-05,2024-11-08,-0.12927373352906069,-0.2782056370870347,4.578439902777918,PRICE,TRAIN,2024-06-08_2024-12-08
LWSA3.SA,BEAR_CALM,-0.05519058797279521,0,HARD_STOP,8,2024-11-13,2024-11-21,-0.5714865592685445,-0.28342482332932606,3.1225947210382374,PRICE,TRAIN,2024-06-08_2024-12-08
LWSA3.SA,SIDEWAYS_CALM,-0.09251404675266109,0,HARD_STOP,1,2024-11-26,2024-11-27,-2.007959246030271,-0.39060354236877237,2.221557603928433,PRICE,TRAIN,2024-06-08_2024-12-08
LWSA3.SA,BEAR_VOLATILE,-0.051200000000000044,0,HARD_STOP,1,2024-12-02,2024-12-03,-0.5715209183360717,-0.7064469682735796,4.256536570346411,PRICE,TRAIN,2024-06-08_2024-12-08
MGLU3.SA,BEAR_VOLATILE,-0.010940274583120434,0,TIME_STOP,14,2024-10-09,2024-10-23,0.42382941363030163,-0.31384319698742913,27.281978724657943,PRICE,TRAIN,2024-06-08_2024-12-08
MGLU3.SA,BEAR_CALM,0.00880000000000001,1,STOP_TECNICO,27,2024-11-01,2024-11-28,-0.22882686016023737,0.558162839731149,34.30961849152067,PRICE,TRAIN,2024-06-08_2024-12-08
MGLU3.SA,BEAR_CALM,-0.05546351360539594,0,HARD_STOP,7,2024-11-29,2024-12-06,-0.7294796088737601,-0.5623179762551719,5.6334126124358095,PRICE,TRAIN,2024-06-08_2024-12-08
MRVE3.SA,SIDEWAYS_CALM,-0.051200000000000044,0,HARD_STOP,11,2024-10-28,2024-11-08,-1.6532946219454117,-0.22277305491884408,3.2924163690039445,PRICE,TRAIN,2024-06-08_2024-12-08
MRVE3.SA,BEAR_CALM,-0.071907039430856,0,HARD_STOP,1,2024-11-13,2024-11-14,-1.228970165591038,-0.6796804461416952,4.2989749204870735,PRICE,TRAIN,2024-06-08_2024-12-08
MRVE3.SA,BEAR_CALM,-0.1531999694824219,0,HARD_STOP,9,2024-11-19,2024-11-28,-1.9214146777273713,0.3774624235972767,15.288923670389794,PRICE,TRAIN,2024-06-08_2024-12-08
MRVE3.SA,BEAR_VOLATILE,-0.04500952744256883,0,END_CLOSED,3,2024-12-03,2024-12-06,-1.882958228902838,-2.375098825331085,1000.0,PRICE,TRAIN,2024-06-08_2024-12-08
MULT3.SA,BEAR_CALM,-0.024749179066342573,0,END_CLOSED,8,2024-11-28,2024-12-06,1.058790681642467,-0.42087946112212915,7.075214189848434,PRICE,TRAIN,2024-06-08_2024-12-08
PCAR3.SA,BEAR_CALM,0.00880000000000001,1,STOP_TECNICO,43,2024-09-30,2024-11-12,-1.6755804688997322,-1.355467347196766,4.366431829068111,PRICE,TRAIN,2024-06-08_2024-12-08
PCAR3.SA,BEAR_CALM,-0.051200000000000044,0,HARD_STOP,5,2024-11-13,2024-11-18,0.2895068790697728,-0.7513839037822274,3.527136583078629,PRICE,TRAIN,2024-06-08_2024-12-08
PCAR3.SA,BEAR_CALM,-0.051559664721725594,0,HARD_STOP,4,2024-11-25,2024-11-29,-0.9165034792571026,-0.562500153860369,5.22961575518125,PRICE,TRAIN,2024-06-08_2024-12-08
PCAR3.SA,BEAR_CALM,-0.06812916490042922,0,HARD_STOP,2,2024-12-04,2024-12-06,-1.536201084953656,0.9290747004600658,22.149803165731917,PRICE,TRAIN,2024-06-08_2024-12-08
PRIO3.SA,BEAR_CALM,0.017532345890933866,1,END_CLOSED,28,2024-11-08,2024-12-06,-0.013424449147178412,-0.6319709211609328,9.829455340882683,PRICE,TRAIN,2024-06-08_2024-12-08
RADL3.SA,BEAR_VOLATILE,-0.007300084079249446,0,TIME_STOP,15,2024-10-10,2024-10-25,-0.7583030035088852,-0.8653293034357163,20.031009750137244,PRICE,TRAIN,2024-06-08_2024-12-08
RADL3.SA,BEAR_CALM,-0.02387215787107313,0,END_CLOSED,1,2024-12-05,2024-12-06,-3.416698177843868,1.552479916015369,5.11908277896389,PRICE,TRAIN,2024-06-08_2024-12-08
RAIL3.SA,BEAR_VOLATILE,-0.03946791589560208,0,TIME_STOP,13,2024-10-01,2024-10-14,0.26234725380571955,0.3406160344866354,34.30961849152067,PRICE,TRAIN,2024-06-08_2024-12-08
RAIL3.SA,BEAR_CALM,0.00880000000000001,1,STOP_TECNICO,18,2024-10-21,2024-11-08,-0.008986220982002496,0.6682231880823974,34.30961849152067,PRICE,TRAIN,2024-06-08_2024-12-08
RAIL3.SA,BEAR_VOLATILE,-0.016412909790175866,0,TIME_STOP,17,2024-11-11,2024-11-28,0.2713395255370118,-0.6974242213698613,10.74352026375641,PRICE,TRAIN,2024-06-08_2024-12-08
RAIL3.SA,BEAR_VOLATILE,0.022254229033320617,1,END_CLOSED,3,2024-12-03,2024-12-06,-1.1274360366252887,-1.77899456075403,5.174738839019556,PRICE,TRAIN,2024-06-08_2024-12-08
RAIZ4.SA,BEAR_CALM,-0.07680138217227175,0,HARD_STOP,3,2024-11-05,2024-11-08,-0.18406408302761484,-1.0095393973381377,8.095809567679595,PRICE,TRAIN,2024-06-08_2024-12-08
RAIZ4.SA,BEAR_VOLATILE,-0.031969202554013275,0,TIME_STOP,11,2024-11-22,2024-12-03,-0.9194293140506088,0.2898099832580527,17.324890829680555,PRICE,TRAIN,2024-06-08_2024-12-08
RDOR3.SA,BEAR_CALM,0.036678684038028965,1,END_CLOSED,3,2024-12-03,2024-12-06,-0.336315416139388,-0.30359979346682914,34.30961849152067,PRICE,TRAIN,2024-06-08_2024-12-08
RECV3.SA,BEAR_CALM,-0.011922209591548681,0,TIME_STOP,15,2024-09-30,2024-10-15,0.9901808369438769,-0.16769630820399112,1000.0,PRICE,TRAIN,2024-06-08_2024-12-08
RECV3.SA,BEAR_CALM,-0.041897793989202035,0,TIME_STOP,11,2024-10-21,2024-11-01,0.5955400321728739,1.1062676356729926,34.30961849152067,PRICE,TRAIN,2024-06-08_2024-12-08
RECV3.SA,BEAR_CALM,-0.011932770252148138,0,TIME_STOP,30,2024-11-06,2024-12-06,0.7440324555133097,0.6806904532571887,18.04643729098353,PRICE,TRAIN,2024-06-08_2024-12-08
RENT3.SA,BEAR_CALM,-0.051200000000000044,0,HARD_STOP,56,2024-10-03,2024-11-28,-0.22011809179620884,-1.3791617176730877,2.3626621191529824,PRICE,TRAIN,2024-06-08_2024-12-08
SANB11.SA,BEAR_CALM,-0.02582682777416103,0,TIME_STOP,11,2024-11-01,2024-11-12,0.4698874189033872,-1.908286988871734,34.30961849152067,PRICE,TRAIN,2024-06-08_2024-12-08
SANB11.SA,BEAR_VOLATILE,0.00631280968109036,1,END_CLOSED,3,2024-12-03,2024-12-06,-0.05313423437276166,-1.634067569076218,20.823529337500077,PRICE,TRAIN,2024-06-08_2024-12-08
SLCE3.SA,SIDEWAYS_VOLATILE,-0.03189925384253691,0,TIME_STOP,11,2024-10-07,2024-10-18,-0.852522539292324,-1.1041789743109687,6.451849585671173,PRICE,TRAIN,2024-06-08_2024-12-08
SLCE3.SA,BEAR_CALM,-0.01964375248540475,0,TIME_STOP,11,2024-11-08,2024-11-19,-1.2522708145718762,0.69717239178015,3.1935586874899933,PRICE,TRAIN,2024-06-08_2024-12-08
SMFT3.SA,BEAR_VOLATILE,-0.028991909911400902,0,TIME_STOP,13,2024-11-14,2024-11-27,0.8054724538575906,0.6702006881388731,7.575881087684343,PRICE,TRAIN,2024-06-08_2024-12-08
SMFT3.SA,BEAR_VOLATILE,0.011437391758696382,1,END_CLOSED,4,2024-12-02,2024-12-06,-0.4833871345295242,1.0741112772566774,34.30961849152067,PRICE,TRAIN,2024-06-08_2024-12-08
TOTS3.SA,BEAR_CALM,0.0445306224710019,1,BEAR_OPTIMIZED,24,2024-10-04,2024-10-28,-0.5034388517348715,0.25882751494938067,7.130723127469453,PRICE,TRAIN,2024-06-08_2024-12-08
TOTS3.SA,BEAR_VOLATILE,0.02046609271007891,1,END_CLOSED,3,2024-12-03,2024-12-06,-0.17666673117341591,-0.5601729850776191,6.9688226426501165,PRICE,TRAIN,2024-06-08_2024-12-08
USIM5.SA,BEAR_CALM,-0.02043075159625831,0,TIME_STOP,14,2024-10-01,2024-10-15,-0.6298195897943539,0.3580255250470346,8.208580163693721,PRICE,TRAIN,2024-06-08_2024-12-08
USIM5.SA,BEAR_CALM,-0.004389789631156903,0,TIME_STOP,18,2024-10-21,2024-11-08,-1.951508885555088,0.6927547313557711,1.9690941448606127,PRICE,TRAIN,2024-06-08_2024-12-08
USIM5.SA,BEAR_CALM,-0.0061261427022463386,0,TIME_STOP,15,2024-11-13,2024-11-28,-1.2225713823119018,0.9055595861500354,2.1929546074538906,PRICE,TRAIN,2024-06-08_2024-12-08
USIM5.SA,BEAR_CALM,-0.017647352942006832,0,END_CLOSED,3,2024-12-03,2024-12-06,-2.0343906134681458,0.3955369695319837,1.9740974426524944,PRICE,TRAIN,2024-06-08_2024-12-08
VALE3.SA,SIDEWAYS_CALM,-0.00921362342801648,0,TIME_STOP,11,2024-11-11,2024-11-22,-0.964567919943846,0.7206799780850917,5.023101532795309,PRICE,TRAIN,2024-06-08_2024-12-08
VALE3.SA,BEAR_VOLATILE,-0.0137151256872843,0,END_CLOSED,8,2024-11-28,2024-12-06,-0.4106572168450217,-0.5431186345536947,6.2603877423519,PRICE,TRAIN,2024-06-08_2024-12-08
YDUQ3.SA,BEAR_VOLATILE,-0.018641724598183494,0,TIME_STOP,21,2024-10-11,2024-11-01,0.2500049729524948,0.2655379363864499,3.125367315496794,PRICE,TRAIN,2024-06-08_2024-12-08
YDUQ3.SA,BEAR_CALM,-0.05228796150020667,0,HARD_STOP,1,2024-11-26,2024-11-27,-0.38957254008879755,0.9258879874955072,3.2738745476716384,PRICE,TRAIN,2024-06-08_2024-12-08
YDUQ3.SA,BEAR_CALM,-0.0790642551620099,0,HARD_STOP,4,2024-12-02,2024-12-06,-0.604065957650648,0.9977879708888551,4.144250540942527,PRICE,TRAIN,2024-06-08_2024-12-08
ALOS3.SA,BEAR_VOLATILE,-0.02737003212743285,0,TIME_STOP,11,2024-11-28,2024-12-09,0.6656267770256874,0.4619248096360516,18.405310420836674,PRICE,TRAIN,2024-07-08_2025-01-08
ASAI3.SA,BEAR_CALM,-0.051200000000000044,0,HARD_STOP,9,2024-10-29,2024-11-07,0.8729182361758049,-0.8174171457796027,30.548620585679057,PRICE,TRAIN,2024-07-08_2025-01-08
ASAI3.SA,BEAR_CALM,-0.02569571624379898,0,STOP_TECNICO,7,2024-11-21,2024-11-28,-0.4069183997723021,-0.21284636497425674,13.784474229238723,PRICE,TRAIN,2024-07-08_2025-01-08
ASAI3.SA,BEAR_VOLATILE,-0.05874276956540849,0,HARD_STOP,6,2024-12-03,2024-12-09,-0.9963380030439024,0.16107272372056447,6.951538398602702,PRICE,TRAIN,2024-07-08_2025-01-08
ASAI3.SA,BEAR_VOLATILE,-0.051200000000000155,0,HARD_STOP,2,2024-12-16,2024-12-18,0.3817877138018614,-0.31201741572394015,16.916245159322393,PRICE,TRAIN,2024-07-08_2025-01-08
AURE3.SA,BEAR_VOLATILE,-0.038197980025964105,0,TIME_STOP,11,2024-12-06,2024-12-17,0.16236586898336727,-0.01456886097363618,10.372830623741876,PRICE,TRAIN,2024-07-08_2025-01-08
AZUL4.SA,BEAR_CALM,-0.09039382293850132,0,HARD_STOP,3,2024-10-29,2024-11-01,0.08334161207959061,-0.1316533220913442,6.904932378475142,PRICE,TRAIN,2024-07-08_2025-01-08
AZUL4.SA,BEAR_CALM,-0.05119999999999993,0,HARD_STOP,1,2024-11-06,2024-11-07,-0.4157594558016733,-1.2592296938326413,5.739087154633891,PRICE,TRAIN,2024-07-08_2025-01-08
AZUL4.SA,BEAR_CALM,-0.05119999999999993,0,HARD_STOP,6,2024-11-12,2024-11-18,-1.4661587567421928,-1.8851844165671348,4.510621410505014,PRICE,TRAIN,2024-07-08_2025-01-08
AZUL4.SA,BEAR_CALM,-0.051200000000000044,0,HARD_STOP,2,2024-11-25,2024-11-27,-1.7531847017261106,-0.6705672248639367,3.940265268964155,PRICE,TRAIN,2024-07-08_2025-01-08
AZUL4.SA,BEAR_CALM,-0.051200000000000044,0,HARD_STOP,9,2024-12-02,2024-12-11,-2.0565349633690735,-0.3539394778709516,4.890049690346066,PRICE,TRAIN,2024-07-08_2025-01-08
AZUL4.SA,BEAR_VOLATILE,-0.10593822711716874,0,HARD_STOP,2,2024-12-16,2024-12-18,-1.4538713743812182,0.09616546351430688,25.652074705929298,PRICE,TRAIN,2024-07-08_2025-01-08
B3SA3.SA,BEAR_CALM,-0.011756719453696628,0,TIME_STOP,11,2024-11-01,2024-11-12,1.2275935816305399,-0.9153013137249761,34.30961849152067,PRICE,TRAIN,2024-07-08_2025-01-08
B3SA3.SA,BEAR_CALM,-0.08619995219975743,0,HARD_STOP,10,2024-11-18,2024-11-28,0.7647147746752954,0.46689604678265445,19.567967780579153,PRICE,TRAIN,2024-07-08_2025-01-08
B3SA3.SA,BEAR_VOLATILE,0.09439305387885319,1,END_CLOSED,36,2024-12-03,2025-01-08,0.0024491676282914184,-1.336812454916226,18.4882763078819,PRICE,TRAIN,2024-07-08_2025-01-08
BBDC3.SA,BEAR_VOLATILE,-0.010328685357643773,0,TIME_STOP,11,2024-11-28,2024-12-09,0.12561076901249674,0.5694889598538191,1000.0,PRICE,TRAIN,2024-07-08_2025-01-08
BBDC3.SA,BEAR_VOLATILE,-0.01963331221972555,0,TIME_STOP,11,2024-12-16,2024-12-27,0.14930360293671543,0.18597383571474846,1000.0,PRICE,TRAIN,2024-07-08_2025-01-08
BBDC3.SA,BEAR_CALM,0.006551957949867938,1,END_CLOSED,5,2025-01-03,2025-01-08,-0.0785355971329534,0.5498161008887493,34.30961849152067,PRICE,TRAIN,2024-07-08_2025-01-08
BBDC4.SA,SIDEWAYS_VOLATILE,-0.05300175229397188,0,HARD_STOP,2,2024-11-27,2024-11-29,0.34470403902743635,-0.10155604853561608,34.30961849152067,PRICE,TRAIN,2024-07-08_2025-01-08
BBDC4.SA,BEAR_VOLATILE,-0.04460834225334034,0,TIME_STOP,12,2024-12-04,2024-12-16,0.3019468588218259,0.4156045670164755,1000.0,PRICE,TRAIN,2024-07-08_2025-01-08
BEEF3.SA,BEAR_CALM,-0.07188970875280612,0,HARD_STOP,8,2024-10-31,2024-11-08,1.4647216887114067,0.07932895771335913,34.30961849152067,PRICE,TRAIN,2024-07-08_2025-01-08
BEEF3.SA,BEAR_CALM,-0.021019843195327813,0,TIME_STOP,15,2024-11-13,2024-11-28,1.4430496171794944,0.33979666316548507,20.95851887440825,PRICE,TRAIN,2024-07-08_2025-01-08
BEEF3.SA,BEAR_CALM,-0.07050694393724757,0,HARD_STOP,9,2024-12-03,2024-12-12,-2.3583620805844605,0.05350026328794711,11.078009419945234,PRICE,TRAIN,2024-07-08_2025-01-08
BEEF3.SA,BEAR_CALM,-0.08725852064101683,0,HARD_STOP,1,2024-12-17,2024-12-18,-2.468410668111645,-0.6293465549747146,5.069405612763006,PRICE,TRAIN,2024-07-08_2025-01-08
BEEF3.SA,BEAR_VOLATILE,-0.05119999999999993,0,HARD_STOP,4,2024-12-23,2024-12-27,-0.23729257268538442,0.3779388328993903,3.3644744988287165,PRICE,TRAIN,2024-07-08_2025-01-08
BPAC11.SA,BEAR_VOLATILE,-0.035953418073548925,0,TIME_STOP,11,2024-12-16,2024-12-27,-1.319922551006996,1.5552618038215045,9.800237270681732,PRICE,TRAIN,2024-07-08_2025-01-08
BPAC11.SA,BEAR_VOLATILE,0.03481124430941827,1,END_CLOSED,6,2025-01-02,2025-01-08,-1.7091382779274273,0.24767408613299494,34.30961849152067,PRICE,TRAIN,2024-07-08_2025-01-08
BRAP4.SA,SIDEWAYS_CALM,-0.002859403490467781,0,TIME_STOP,11,2024-11-11,2024-11-22,-0.9146190137388656,-0.05880232669951374,3.160602984751229,PRICE,TRAIN,2024-07-08_2025-01-08
BRAP4.SA,SIDEWAYS_VOLATILE,-0.010069264086422745,0,TIME_STOP,14,2024-11-28,2024-12-12,-0.5266782642966096,0.03348269455278772,3.732524516959444,PRICE,TRAIN,2024-07-08_2025-01-08
BRAP4.SA,BEAR_CALM,-0.040860659864564684,0,TIME_STOP,13,2024-12-17,2024-12-30,-1.1424154034763767,-0.5578928853083949,3.086154710579892,PRICE,TRAIN,2024-07-08_2025-01-08
BRAP4.SA,BEAR_VOLATILE,-0.02795785000175268,0,END_CLOSED,2,2025-01-06,2025-01-08,0.4620736863554884,-1.8585188560095285,16.881879352351604,PRICE,TRAIN,2024-07-08_2025-01-08
BRKM5.SA,BEAR_CALM,-0.05224403552492198,0,HARD_STOP,6,2024-11-01,2024-11-07,0.08102858915471628,-1.0022036508787944,7.952689057464937,PRICE,TRAIN,2024-07-08_2025-01-08
BRKM5.SA,BEAR_CALM,-0.051200000000000044,0,HARD_STOP,7,2024-11-12,2024-11-19,-2.315351421413046,-0.6292796939207804,34.30961849152067,PRICE,TRAIN,2024-07-08_2025-01-08
BRKM5.SA,BEAR_VOLATILE,-0.051200000000000044,0,HARD_STOP,2,2024-11-25,2024-11-27,-2.162214939715056,-0.07910054390836728,34.30961849152067,PRICE,TRAIN,2024-07-08_2025-01-08
BRKM5.SA,BEAR_CALM,-0.05864126187797649,0,HARD_STOP,4,2024-12-02,2024-12-06,-0.5636927772657188,0.6048813219838598,34.30961849152067,PRICE,TRAIN,2024-07-08_2025-01-08
BRKM5.SA,BEAR_CALM,-0.05566193806898969,0,HARD_STOP,1,2024-12-11,2024-12-12,-0.870888937746234,-0.29492292111969476,34.30961849152067,PRICE,TRAIN,2024-07-08_2025-01-08
BRKM5.SA,BEAR_CALM,-0.051200000000000044,0,HARD_STOP,1,2024-12-17,2024-12-18,-0.6794775175804673,-0.5011534547343798,1000.0,PRICE,TRAIN,2024-07-08_2025-01-08
COGN3.SA,BEAR_CALM,-0.06326897541711732,0,HARD_STOP,4,2024-10-28,2024-11-01,-1.1028036195743052,-0.9737762343968274,2.215610594446322,PRICE,TRAIN,2024-07-08_2025-01-08
COGN3.SA,BEAR_CALM,-0.07309545412677856,0,HARD_STOP,1,2024-11-06,2024-11-07,-2.0644471170912007,-0.32343419791674294,2.0152301563265627,PRICE,TRAIN,2024-07-08_2025-01-08
COGN3.SA,BEAR_CALM,-0.05834277218575414,0,HARD_STOP,9,2024-11-12,2024-11-21,-1.9645237422552047,1.0859284686135977,1.777331188799061,PRICE,TRAIN,2024-07-08_2025-01-08
COGN3.SA,BEAR_CALM,-0.0556217670076611,0,HARD_STOP,1,2024-11-26,2024-11-27,-1.4366448423601392,0.2130846975882178,1.8765901238564415,PRICE,TRAIN,2024-07-08_2025-01-08
COGN3.SA,BEAR_CALM,-0.08120002742615165,0,HARD_STOP,7,2024-12-02,2024-12-09,-2.607926362395671,0.21780219695700778,1.9621919177609224,PRICE,TRAIN,2024-07-08_2025-01-08
CSAN3.SA,BEAR_VOLATILE,-0.034339985803131266,0,TIME_STOP,11,2024-10-28,2024-11-08,0.11039803847646558,0.05490148306521338,12.567624166868697,PRICE,TRAIN,2024-07-08_2025-01-08
CSAN3.SA,BEAR_CALM,-0.08343976456343241,0,HARD_STOP,8,2024-11-13,2024-11-21,-0.7584116713717787,-2.176831038136334,11.338537740160483,PRICE,TRAIN,2024-07-08_2025-01-08
CSAN3.SA,BEAR_VOLATILE,-0.12290754993017652,0,HARD_STOP,2,2024-11-26,2024-11-28,-2.062297358812918,-0.1611303408686826,13.039208591804961,PRICE,TRAIN,2024-07-08_2025-01-08
CSAN3.SA,BEAR_VOLATILE,-0.05552595419005082,0,HARD_STOP,3,2024-12-03,2024-12-06,-2.0831000408200984,-1.6123824806462321,34.30961849152067,PRICE,TRAIN,2024-07-08_2025-01-08
CSAN3.SA,BEAR_VOLATILE,-0.051200000000000044,0,HARD_STOP,1,2024-12-11,2024-12-12,-0.5240882970202341,-0.1252256334435676,34.30961849152067,PRICE,TRAIN,2024-07-08_2025-01-08
CSAN3.SA,BEAR_VOLATILE,-0.0544879058522302,0,HARD_STOP,1,2024-12-17,2024-12-18,-1.6962817628832185,0.16334105708506771,1000.0,PRICE,TRAIN,2024-07-08_2025-01-08
CSAN3.SA,BEAR_VOLATILE,-0.051200000000000155,0,HARD_STOP,7,2024-12-23,2024-12-30,-1.2695166514347715,-0.2813109389979439,1000.0,PRICE,TRAIN,2024-07-08_2025-01-08
CSNA3.SA,BEAR_CALM,-0.051200000000000044,0,HARD_STOP,11,2024-11-01,2024-11-12,-0.9462443419705082,-0.03341965458430066,2.809144243722009,PRICE,TRAIN,2024-07-08_2025-01-08
CSNA3.SA,BEAR_CALM,-0.037301902897126225,0,TIME_STOP,24,2024-11-19,2024-12-13,-0.3812074427118264,-0.4907471237528859,3.10006978832324,PRICE,TRAIN,2024-07-08_2025-01-08
CVCB3.SA,BEAR_VOLATILE,-0.051200000000000044,0,HARD_STOP,4,2024-12-13,2024-12-17,-0.2555165593890952,-0.2905330646301618,10.055086799563169,PRICE,TRAIN,2024-07-08_2025-01-08
CYRE3.SA,BEAR_VOLATILE,-0.03272167786137461,0,TIME_STOP,12,2024-12-04,2024-12-16,-0.02508920734042524,-1.6140526331715872,16.892980169998307,PRICE,TRAIN,2024-07-08_2025-01-08
CYRE3.SA,BEAR_VOLATILE,-0.051200000000000044,0,HARD_STOP,10,2024-12-23,2025-01-02,-0.3910323826662299,0.05181138766149086,34.30961849152067,PRICE,TRAIN,2024-07-08_2025-01-08
CYRE3.SA,BEAR_VOLATILE,-0.03562135464323959,0,END_CLOSED,1,2025-01-07,2025-01-08,-0.5868816366926047,-0.975643588878629,34.30961849152067,PRICE,TRAIN,2024-07-08_2025-01-08
ECOR3.SA,BEAR_CALM,0.09268974722011167,1,BEAR_OPTIMIZED,5,2024-11-01,2024-11-06,-1.6070007463592937,1.3176713459782199,6.002745439233079,PRICE,TRAIN,2024-07-08_2025-01-08
ECOR3.SA,BEAR_CALM,-0.027906189036638128,0,TIME_STOP,13,2024-11-08,2024-11-21,-1.565517200464725,-0.05443625337779712,4.356162318342839,PRICE,TRAIN,2024-07-08_2025-01-08
ECOR3.SA,BEAR_CALM,-0.19910104711889068,0,HARD_STOP,1,2024-11-27,2024-11-28,-1.4977030606617725,-0.3145228323898643,4.002067412214986,PRICE,TRAIN,2024-07-08_2025-01-08
ECOR3.SA,BEAR_VOLATILE,-0.055203784637821184,0,HARD_STOP,3,2024-12-03,2024-12-06,-0.6685050923630231,-2.684904560030737,13.852708650301196,PRICE,TRAIN,2024-07-08_2025-01-08
ECOR3.SA,BEAR_VOLATILE,-0.11252806025366471,0,HARD_STOP,1,2024-12-11,2024-12-12,0.05667157936067896,-2.814889427097468,21.825175723320168,PRICE,TRAIN,2024-07-08_2025-01-08
EGIE3.SA,BEAR_VOLATILE,-0.022933394586195054,0,TIME_STOP,11,2024-11-21,2024-12-02,-0.6120203435979586,-0.5240987655827132,1000.0,PRICE,TRAIN,2024-07-08_2025-01-08
EGIE3.SA,BEAR_CALM,-0.03689441610660995,0,TIME_STOP,11,2024-12-12,2024-12-23,-1.4903250833006507,0.8381156292213693,24.910810558462824,PRICE,TRAIN,2024-07-08_2025-01-08
EGIE3.SA,BEAR_VOLATILE,-0.004602337617808282,0,END_CLOSED,2,2025-01-06,2025-01-08,-1.4178050345817323,0.33436143565071713,34.30961849152067,PRICE,TRAIN,2024-07-08_2025-01-08
ELET3.SA,BEAR_CALM,-0.051200000000000044,0,HARD_STOP,3,2024-11-05,2024-11-08,-1.2119747508116574,0.10399335932190212,23.454467800763393,PRICE,TRAIN,2024-07-08_2025-01-08
ELET3.SA,BEAR_VOLATILE,-0.009047589533327204,0,TIME_STOP,13,2024-11-14,2024-11-27,-0.1222330073672314,-2.0611927906243546,34.30961849152067,PRICE,TRAIN,2024-07-08_2025-01-08
ELET3.SA,BEAR_CALM,-0.0026483795659816498,0,TIME_STOP,16,2024-12-02,2024-12-18,-1.0236968130362412,0.05646037448390017,22.71052647707841,PRICE,TRAIN,2024-07-08_2025-01-08
ELET3.SA,BEAR_CALM,-0.011325710729861903,0,TIME_STOP,11,2024-12-23,2025-01-03,-0.03127709016701222,0.22617929597872793,9.37559068890082,PRICE,TRAIN,2024-07-08_2025-01-08
ELET3.SA,BEAR_CALM,-0.0012,0,END_CLOSED,0,2025-01-08,2025-01-08,-1.2626608316047825,0.15049586944331883,7.976546108168857,PRICE,TRAIN,2024-07-08_2025-01-08
ELET6.SA,BEAR_CALM,-0.0027456888282812106,0,TIME_STOP,20,2024-11-28,2024-12-18,-1.1450928128541975,1.4861651484630396,34.30961849152067,PRICE,TRAIN,2024-07-08_2025-01-08
ELET6.SA,BEAR_CALM,-0.005321362871726153,0,TIME_STOP,11,2024-12-23,2025-01-03,-0.5311731377672118,0.9832240727832052,6.951342165971233,PRICE,TRAIN,2024-07-08_2025-01-08
ENEV3.SA,BEAR_VOLATILE,-0.007766575593452084,0,END_CLOSED,2,2025-01-06,2025-01-08,0.8878018964608557,-0.3855943214796707,27.015443644571672,PRICE,TRAIN,2024-07-08_2025-01-08
ENGI11.SA,BEAR_CALM,-0.03313985772080221,0,TIME_STOP,13,2024-10-29,2024-11-11,-0.03893150236461788,0.670641913190043,21.240546886473908,PRICE,TRAIN,2024-07-08_2025-01-08
ENGI11.SA,BEAR_CALM,-0.01927064828300875,0,TIME_STOP,11,2024-11-18,2024-11-29,-0.08595991983660989,0.9523961107614053,29.473010603038798,PRICE,TRAIN,2024-07-08_2025-01-08
ENGI11.SA,BEAR_VOLATILE,-0.051200000000000044,0,HARD_STOP,12,2024-12-04,2024-12-16,-0.7841463176353273,0.5690917751106666,20.90517398784011,PRICE,TRAIN,2024-07-08_2025-01-08
ENGI11.SA,BEAR_VOLATILE,-0.051200000000000044,0,HARD_STOP,11,2024-12-23,2025-01-03,-1.190947319188637,0.5422080959113815,18.458736836169077,PRICE,TRAIN,2024-07-08_2025-01-08
ENGI11.SA,BEAR_VOLATILE,-0.0012,0,END_CLOSED,0,2025-01-08,2025-01-08,-1.9178513390394787,0.38895979651987594,19.342870307949426,PRICE,TRAIN,2024-07-08_2025-01-08
EQTL3.SA,BEAR_VOLATILE,0.009508331240859792,1,END_CLOSED,6,2025-01-02,2025-01-08,-2.0842558751873366,0.6884955985138558,1000.0,PRICE,TRAIN,2024-07-08_2025-01-08
EZTC3.SA,BEAR_CALM,0.14239728181830844,1,BEAR_OPTIMIZED,7,2024-10-28,2024-11-04,-1.2991542329950843,-0.5221371538504086,1.9944891861014131,PRICE,TRAIN,2024-07-08_2025-01-08
FLRY3.SA,BEAR_CALM,-0.06520550766258296,0,HARD_STOP,3,2024-11-05,2024-11-08,-0.13720321500686092,-0.19870755379342833,34.30961849152067,PRICE,TRAIN,2024-07-08_2025-01-08
FLRY3.SA,BEAR_VOLATILE,-0.0026367834148757416,0,TIME_STOP,12,2024-11-13,2024-11-25,-0.5355275299675184,-2.0371469550489367,34.30961849152067,PRICE,TRAIN,2024-07-08_2025-01-08
FLRY3.SA,BEAR_VOLATILE,-0.009508167391165577,0,TIME_STOP,11,2024-12-02,2024-12-13,-0.2736468005214218,0.3860605892091921,33.583558749132905,PRICE,TRAIN,2024-07-08_2025-01-08
FLRY3.SA,BEAR_VOLATILE,-0.005311814609851216,0,TIME_STOP,13,2024-12-26,2025-01-08,-0.39233215319677045,0.5793461875912251,26.73038469418136,PRICE,TRAIN,2024-07-08_2025-01-08
HAPV3.SA,BEAR_CALM,-0.051200000000000044,0,HARD_STOP,3,2024-11-04,2024-11-07,-0.989400240898254,-0.616099814380072,1000.0,PRICE,TRAIN,2024-07-08_2025-01-08
HAPV3.SA,BEAR_VOLATILE,-0.06464406558698058,0,HARD_STOP,1,2024-11-12,2024-11-13,-2.012536916399654,1.2718518031603847,34.30961849152067,PRICE,TRAIN,2024-07-08_2025-01-08
HAPV3.SA,BEAR_VOLATILE,-0.05845190950839032,0,HARD_STOP,2,2024-12-04,2024-12-06,-1.3652944839276122,0.8349714768400386,1000.0,PRICE,TRAIN,2024-07-08_2025-01-08
HAPV3.SA,BEAR_VOLATILE,-0.06786672318070022,0,HARD_STOP,11,2024-12-23,2025-01-03,-1.4140701357767052,0.28578989699783447,34.30961849152067,PRICE,TRAIN,2024-07-08_2025-01-08
HYPE3.SA,BEAR_VOLATILE,-0.051200000000000155,0,HARD_STOP,3,2024-11-26,2024-11-29,0.1607858337514669,-1.4206904050007463,34.30961849152067,PRICE,TRAIN,2024-07-08_2025-01-08
HYPE3.SA,BEAR_CALM,-0.05185980552126881,0,HARD_STOP,7,2024-12-09,2024-12-16,-0.4338561177947182,0.5728203420966834,34.30961849152067,PRICE,TRAIN,2024-07-08_2025-01-08
HYPE3.SA,BEAR_VOLATILE,-0.024590055548438537,0,TIME_STOP,11,2024-12-23,2025-01-03,-1.5567845772881164,0.5720742076797587,34.30961849152067,PRICE,TRAIN,2024-07-08_2025-01-08
IGTI11.SA,BEAR_CALM,-0.016886314743941443,0,TIME_STOP,11,2024-11-01,2024-11-12,0.3953111062351858,-0.2935939810194825,14.233677703615335,PRICE,TRAIN,2024-07-08_2025-01-08
IGTI11.SA,BEAR_CALM,-0.051200000000000044,0,HARD_STOP,11,2024-11-18,2024-11-29,-0.839315837367532,-1.6672893232965522,8.868942731885054,PRICE,TRAIN,2024-07-08_2025-01-08
IGTI11.SA,BEAR_VOLATILE,-0.012625511906033136,0,TIME_STOP,12,2024-12-04,2024-12-16,-0.6920461244930376,-1.6257093274570937,34.30961849152067,PRICE,TRAIN,2024-07-08_2025-01-08
IGTI11.SA,BEAR_VOLATILE,-0.015097022321441854,0,END_CLOSED,9,2024-12-30,2025-01-08,-1.1541585717734444,0.2031456702359607,34.30961849152067,PRICE,TRAIN,2024-07-08_2025-01-08
LREN3.SA,BEAR_VOLATILE,0.004731090389726057,1,STOP_TECNICO,18,2024-11-28,2024-12-16,-1.274079180082051,-0.5297245729353588,34.30961849152067,PRICE,TRAIN,2024-07-08_2025-01-08
LREN3.SA,BEAR_VOLATILE,-0.05879148242391565,0,HARD_STOP,1,2024-12-17,2024-12-18,-0.8011205428176439,-0.4415909206796123,20.401187170800906,PRICE,TRAIN,2024-07-08_2025-01-08
LREN3.SA,BEAR_VOLATILE,-0.051200000000000044,0,HARD_STOP,10,2024-12-23,2025-01-02,-1.3021342850746034,0.5483747404698343,34.30961849152067,PRICE,TRAIN,2024-07-08_2025-01-08
LREN3.SA,BEAR_VOLATILE,-0.016502198609292716,0,END_CLOSED,1,2025-01-07,2025-01-08,-0.9625963193104994,0.5851639671919531,21.130902997911413,PRICE,TRAIN,2024-07-08_2025-01-08
LWSA3.SA,BEAR_CALM,-0.05586968857475407,0,HARD_STOP,3,2024-10-28,2024-10-31,0.338076872963829,0.4749522969879681,5.201918039643604,PRICE,TRAIN,2024-07-08_2025-01-08
LWSA3.SA,BEAR_CALM,-0.05406331645053677,0,HARD_STOP,3,2024-11-05,2024-11-08,-0.12927373352906069,-0.2782056370870347,4.578439902777918,PRICE,TRAIN,2024-07-08_2025-01-08
LWSA3.SA,BEAR_CALM,-0.05519058797279521,0,HARD_STOP,8,2024-11-13,2024-11-21,-0.5714865592685445,-0.28342482332932606,3.1225947210382374,PRICE,TRAIN,2024-07-08_2025-01-08
LWSA3.SA,SIDEWAYS_CALM,-0.09251404675266109,0,HARD_STOP,1,2024-11-26,2024-11-27,-2.007959246030271,-0.39060354236877237,2.221557603928433,PRICE,TRAIN,2024-07-08_2025-01-08
LWSA3.SA,BEAR_VOLATILE,-0.051200000000000044,0,HARD_STOP,1,2024-12-02,2024-12-03,-0.5715209183360717,-0.7064469682735796,4.256536570346411,PRICE,TRAIN,2024-07-08_2025-01-08
LWSA3.SA,BEAR_VOLATILE,-0.051200000000000044,0,HARD_STOP,9,2024-12-09,2024-12-18,-1.0157778567987024,-0.7339783062082647,8.836826997602191,PRICE,TRAIN,2024-07-08_2025-01-08
LWSA3.SA,BEAR_VOLATILE,-0.05691849314137178,0,HARD_STOP,4,2024-12-23,2024-12-27,-0.31943328181424613,-0.8660549797412944,16.05939758057344,PRICE,TRAIN,2024-07-08_2025-01-08
LWSA3.SA,BEAR_CALM,0.048030806497550184,1,END_CLOSED,6,2025-01-02,2025-01-08,-1.4013473665996214,0.037344040780297315,32.64696656308423,PRICE,TRAIN,2024-07-08_2025-01-08
MGLU3.SA,BEAR_CALM,0.00880000000000001,1,STOP_TECNICO,27,2024-11-01,2024-11-28,-0.22882686016023737,0.558162839731149,34.30961849152067,PRICE,TRAIN,2024-07-08_2025-01-08
MGLU3.SA,BEAR_CALM,-0.05546351360539594,0,HARD_STOP,7,2024-11-29,2024-12-06,-0.7294796088737601,-0.5623179762551719,5.6334126124358095,PRICE,TRAIN,2024-07-08_2025-01-08
MGLU3.SA,BEAR_CALM,-0.09131944825141061,0,HARD_STOP,1,2024-12-11,2024-12-12,-0.9147535760623763,0.06397906204326811,2.7111733521409573,PRICE,TRAIN,2024-07-08_2025-01-08
MRVE3.SA,SIDEWAYS_CALM,-0.051200000000000044,0,HARD_STOP,11,2024-10-28,2024-11-08,-1.6532946219454117,-0.22277305491884408,3.2924163690039445,PRICE,TRAIN,2024-07-08_2025-01-08
MRVE3.SA,BEAR_CALM,-0.071907039430856,0,HARD_STOP,1,2024-11-13,2024-11-14,-1.228970165591038,-0.6796804461416952,4.2989749204870735,PRICE,TRAIN,2024-07-08_2025-01-08
MRVE3.SA,BEAR_CALM,-0.1531999694824219,0,HARD_STOP,9,2024-11-19,2024-11-28,-1.9214146777273713,0.3774624235972767,15.288923670389794,PRICE,TRAIN,2024-07-08_2025-01-08
MRVE3.SA,BEAR_VOLATILE,-0.06786664850144156,0,HARD_STOP,6,2024-12-03,2024-12-09,-1.882958228902838,-2.375098825331085,1000.0,PRICE,TRAIN,2024-07-08_2025-01-08
MRVE3.SA,BEAR_CALM,-0.00869062934645095,0,TIME_STOP,13,2024-12-26,2025-01-08,-1.3449796543029837,-1.1189536475031137,34.30961849152067,PRICE,TRAIN,2024-07-08_2025-01-08
MULT3.SA,BEAR_CALM,-0.022226086124416587,0,TIME_STOP,11,2024-11-28,2024-12-09,1.058790681642467,-0.42087946112212915,7.075214189848434,PRICE,TRAIN,2024-07-08_2025-01-08
MULT3.SA,BEAR_VOLATILE,-0.040703556613011414,0,TIME_STOP,13,2024-12-17,2024-12-30,0.8199852959285819,0.42761060798549166,34.30961849152067,PRICE,TRAIN,2024-07-08_2025-01-08
MULT3.SA,BEAR_VOLATILE,-0.024133522306054277,0,END_CLOSED,2,2025-01-06,2025-01-08,-0.04184532831590909,0.6262503325040734,34.30961849152067,PRICE,TRAIN,2024-07-08_2025-01-08
PCAR3.SA,SIDEWAYS_CALM,-0.06807899080607874,0,HARD_STOP,2,2024-11-06,2024-11-08,-0.6965315187843347,0.655910988582052,3.739878596621876,PRICE,TRAIN,2024-07-08_2025-01-08
PCAR3.SA,BEAR_CALM,-0.051200000000000044,0,HARD_STOP,5,2024-11-13,2024-11-18,0.2895068790697728,-0.7513839037822274,3.527136583078629,PRICE,TRAIN,2024-07-08_2025-01-08
PCAR3.SA,BEAR_CALM,-0.051559664721725594,0,HARD_STOP,4,2024-11-25,2024-11-29,-0.9165034792571026,-0.562500153860369,5.22961575518125,PRICE,TRAIN,2024-07-08_2025-01-08
PCAR3.SA,BEAR_CALM,-0.06812916490042922,0,HARD_STOP,2,2024-12-04,2024-12-06,-1.536201084953656,0.9290747004600658,22.149803165731917,PRICE,TRAIN,2024-07-08_2025-01-08
PCAR3.SA,BEAR_CALM,-0.11143621086415281,0,HARD_STOP,1,2024-12-11,2024-12-12,-0.8146720735960332,-0.6302462768241982,15.247219492711261,PRICE,TRAIN,2024-07-08_2025-01-08
PRIO3.SA,BEAR_CALM,0.06115566407641846,1,END_CLOSED,61,2024-11-08,2025-01-08,-0.013424449147178412,-0.6319709211609328,9.829455340882683,PRICE,TRAIN,2024-07-08_2025-01-08
RADL3.SA,BEAR_CALM,-0.0578803551688253,0,HARD_STOP,11,2024-12-05,2024-12-16,-3.416698177843868,1.552479916015369,5.11908277896389,PRICE,TRAIN,2024-07-08_2025-01-08
RADL3.SA,BEAR_VOLATILE,-0.051200000000000044,0,HARD_STOP,10,2024-12-23,2025-01-02,-1.3931525886376384,0.6224747144704801,5.118736589651314,PRICE,TRAIN,2024-07-08_2025-01-08
RAIL3.SA,BEAR_CALM,-0.018876617161953345,0,TIME_STOP,11,2024-10-28,2024-11-08,0.22532920857783587,-0.3059967277766801,34.30961849152067,PRICE,TRAIN,2024-07-08_2025-01-08
RAIL3.SA,BEAR_CALM,-0.03406852658742623,0,TIME_STOP,15,2024-11-13,2024-11-28,-0.0076969867733290695,-0.6894243453140058,8.430565498878074,PRICE,TRAIN,2024-07-08_2025-01-08
RAIL3.SA,BEAR_VOLATILE,-0.015059307512004814,0,TIME_STOP,13,2024-12-03,2024-12-16,-1.1274360366252887,-1.77899456075403,5.174738839019556,PRICE,TRAIN,2024-07-08_2025-01-08
RAIL3.SA,BEAR_VOLATILE,-0.034185107057588614,0,TIME_STOP,11,2024-12-23,2025-01-03,-0.9355765501165559,0.06837142313945255,4.029953797904652,PRICE,TRAIN,2024-07-08_2025-01-08
RAIL3.SA,BEAR_VOLATILE,-0.0012,0,END_CLOSED,0,2025-01-08,2025-01-08,-1.1474194615357391,0.20366772537403513,7.602607496526993,PRICE,TRAIN,2024-07-08_2025-01-08
RAIZ4.SA,BEAR_CALM,-0.07680138217227175,0,HARD_STOP,3,2024-11-05,2024-11-08,-0.18406408302761484,-1.0095393973381377,8.095809567679595,PRICE,TRAIN,2024-07-08_2025-01-08
RAIZ4.SA,BEAR_VOLATILE,-0.031969202554013275,0,TIME_STOP,11,2024-11-22,2024-12-03,-0.9194293140506088,0.2898099832580527,17.324890829680555,PRICE,TRAIN,2024-07-08_2025-01-08
RAIZ4.SA,BEAR_CALM,-0.051200000000000044,0,HARD_STOP,8,2024-12-09,2024-12-17,-0.5057868919320369,-0.7678113989097776,34.30961849152067,PRICE,TRAIN,2024-07-08_2025-01-08
RAIZ4.SA,BEAR_VOLATILE,-0.024135757240897802,0,TIME_STOP,11,2024-12-23,2025-01-03,-1.3460041715703666,-0.570164240017713,34.30961849152067,PRICE,TRAIN,2024-07-08_2025-01-08
RAIZ4.SA,BEAR_VOLATILE,-0.0012,0,END_CLOSED,0,2025-01-08,2025-01-08,-0.7082210391162919,-0.11724251338838924,34.30961849152067,PRICE,TRAIN,2024-07-08_2025-01-08
RDOR3.SA,BEAR_CALM,-0.009912156602174503,0,TIME_STOP,15,2024-12-03,2024-12-18,-0.336315416139388,-0.30359979346682914,34.30961849152067,PRICE,TRAIN,2024-07-08_2025-01-08
RDOR3.SA,BEAR_CALM,-0.051200000000000155,0,HARD_STOP,7,2024-12-23,2024-12-30,-0.8315561635225153,0.04235378833767054,13.499025624758751,PRICE,TRAIN,2024-07-08_2025-01-08
RDOR3.SA,BEAR_CALM,0.01225123430595474,1,END_CLOSED,2,2025-01-06,2025-01-08,-1.3417326809432442,0.15542775865866176,15.225169718417387,PRICE,TRAIN,2024-07-08_2025-01-08
RECV3.SA,BEAR_CALM,-0.007908978282018107,0,TIME_STOP,32,2024-11-04,2024-12-06,0.3817551463446052,0.8031637024259556,23.09125659779749,PRICE,TRAIN,2024-07-08_2025-01-08
RECV3.SA,BEAR_CALM,-0.05820422187206877,0,HARD_STOP,7,2024-12-11,2024-12-18,-0.14663572779980363,0.8520320671317393,3.8725249179465004,PRICE,TRAIN,2024-07-08_2025-01-08
RECV3.SA,BEAR_CALM,0.05970376334376746,1,END_CLOSED,16,2024-12-23,2025-01-08,-0.5212369642305127,0.5330943178260344,3.323694096937153,PRICE,TRAIN,2024-07-08_2025-01-08
RENT3.SA,BEAR_CALM,0.00880000000000001,1,STOP_TECNICO,21,2024-10-31,2024-11-21,-0.3854731345720547,0.6345666582918551,1.5155717478093307,PRICE,TRAIN,2024-07-08_2025-01-08
RENT3.SA,SIDEWAYS_CALM,-0.05859582849190883,0,HARD_STOP,1,2024-11-26,2024-11-27,-1.2321787960875106,-0.36162097161836526,1.9730689187571737,PRICE,TRAIN,2024-07-08_2025-01-08
SANB11.SA,BEAR_CALM,-0.02582682777416103,0,TIME_STOP,11,2024-11-01,2024-11-12,0.4698874189033872,-1.908286988871734,34.30961849152067,PRICE,TRAIN,2024-07-08_2025-01-08
SANB11.SA,BEAR_VOLATILE,-0.054185278684296366,0,HARD_STOP,13,2024-12-03,2024-12-16,-0.05313423437276166,-1.634067569076218,20.823529337500077,PRICE,TRAIN,2024-07-08_2025-01-08
SANB11.SA,BEAR_VOLATILE,-0.006297737083231135,0,TIME_STOP,11,2024-12-23,2025-01-03,-1.0225140372308241,0.0016598033327203082,34.30961849152067,PRICE,TRAIN,2024-07-08_2025-01-08
SLCE3.SA,BEAR_CALM,-0.01964375248540475,0,TIME_STOP,11,2024-11-08,2024-11-19,-1.2522708145718762,0.69717239178015,3.1935586874899933,PRICE,TRAIN,2024-07-08_2025-01-08
SMFT3.SA,BEAR_VOLATILE,-0.028991909911400902,0,TIME_STOP,13,2024-11-14,2024-11-27,0.8054724538575906,0.6702006881388731,7.575881087684343,PRICE,TRAIN,2024-07-08_2025-01-08
SMFT3.SA,BEAR_VOLATILE,-0.04607881467291488,0,TIME_STOP,16,2024-12-02,2024-12-18,-0.4833871345295242,1.0741112772566774,34.30961849152067,PRICE,TRAIN,2024-07-08_2025-01-08
SMFT3.SA,BEAR_CALM,0.01823463498269482,1,END_CLOSED,12,2024-12-27,2025-01-08,-0.6522581291678107,-0.8234715226482431,34.30961849152067,PRICE,TRAIN,2024-07-08_2025-01-08
TOTS3.SA,BEAR_VOLATILE,0.07874021725817823,1,BEAR_OPTIMIZED,7,2024-12-03,2024-12-10,-0.17666673117341591,-0.5601729850776191,6.9688226426501165,PRICE,TRAIN,2024-07-08_2025-01-08
TOTS3.SA,BEAR_VOLATILE,-0.051200000000000044,0,HARD_STOP,3,2024-12-16,2024-12-19,-0.16809341600636185,0.09989372289135894,4.488449830906275,PRICE,TRAIN,2024-07-08_2025-01-08
TOTS3.SA,BEAR_VOLATILE,-0.051200000000000044,0,HARD_STOP,7,2024-12-26,2025-01-02,-0.33642943079709703,0.52912613583756,4.756471223163138,PRICE,TRAIN,2024-07-08_2025-01-08
USIM5.SA,BEAR_CALM,-0.051200000000000044,0,HARD_STOP,4,2024-10-28,2024-11-01,-1.5009745369845011,0.8826969449799799,2.3623297546978175,PRICE,TRAIN,2024-07-08_2025-01-08
USIM5.SA,BEAR_CALM,-0.05709122234974697,0,HARD_STOP,2,2024-11-06,2024-11-08,-2.04990673991823,0.7587985640272393,2.3695368131527967,PRICE,TRAIN,2024-07-08_2025-01-08
USIM5.SA,BEAR_CALM,-0.0061261427022463386,0,TIME_STOP,15,2024-11-13,2024-11-28,-1.2225713823119018,0.9055595861500354,2.1929546074538906,PRICE,TRAIN,2024-07-08_2025-01-08
USIM5.SA,BEAR_CALM,-0.042318421568599794,0,TIME_STOP,13,2024-12-03,2024-12-16,-2.0343906134681458,0.3955369695319837,1.9740974426524944,PRICE,TRAIN,2024-07-08_2025-01-08
USIM5.SA,BEAR_VOLATILE,-0.0756274586871544,0,HARD_STOP,11,2024-12-23,2025-01-03,-1.0867295909625871,0.5003005684210482,31.260114360644945,PRICE,TRAIN,2024-07-08_2025-01-08
VALE3.SA,SIDEWAYS_CALM,-0.00921362342801648,0,TIME_STOP,11,2024-11-11,2024-11-22,-0.964567919943846,0.7206799780850917,5.023101532795309,PRICE,TRAIN,2024-07-08_2025-01-08
VALE3.SA,BEAR_VOLATILE,-0.006655176521393379,0,TIME_STOP,14,2024-11-28,2024-12-12,-0.4106572168450217,-0.5431186345536947,6.2603877423519,PRICE,TRAIN,2024-07-08_2025-01-08
VBBR3.SA,BEAR_VOLATILE,-0.056030260970515465,0,HARD_STOP,2,2024-12-16,2024-12-18,-2.5825230781469255,0.14918365166539724,34.30961849152067,PRICE,TRAIN,2024-07-08_2025-01-08
VBBR3.SA,BEAR_VOLATILE,-0.036710815810852025,0,TIME_STOP,11,2024-12-23,2025-01-03,-1.4251797563483513,0.5702903486845446,34.30961849152067,PRICE,TRAIN,2024-07-08_2025-01-08
VBBR3.SA,BEAR_VOLATILE,-0.0012,0,END_CLOSED,0,2025-01-08,2025-01-08,-0.4863522442467461,0.3423220869860935,34.30961849152067,PRICE,TRAIN,2024-07-08_2025-01-08
YDUQ3.SA,BEAR_CALM,-0.06491182454008185,0,HARD_STOP,4,2024-10-28,2024-11-01,-0.3509165888891526,0.30519162732519795,2.7348012023462633,PRICE,TRAIN,2024-07-08_2025-01-08
YDUQ3.SA,BEAR_CALM,-0.05228796150020667,0,HARD_STOP,1,2024-11-26,2024-11-27,-0.38957254008879755,0.9258879874955072,3.2738745476716384,PRICE,TRAIN,2024-07-08_2025-01-08
YDUQ3.SA,BEAR_CALM,-0.0790642551620099,0,HARD_STOP,4,2024-12-02,2024-12-06,-0.604065957650648,0.9977879708888551,4.144250540942527,PRICE,TRAIN,2024-07-08_2025-01-08
YDUQ3.SA,BEAR_CALM,0.08860582655825752,1,END_CLOSED,13,2024-12-26,2025-01-08,-0.5998740270956188,-0.23089584750214232,12.774091945517632,PRICE,TRAIN,2024-07-08_2025-01-08
ABEV3.SA,BEAR_VOLATILE,-0.012020583008008921,0,TIME_STOP,12,2025-01-17,2025-01-29,0.21823573222573098,0.11081607055503288,16.392608746479002,PRICE,TRAIN,2024-08-08_2025-02-08
ABEV3.SA,BEAR_CALM,-0.0012,0,END_CLOSED,0,2025-02-07,2025-02-07,-0.36730296929136685,0.7135216363724213,25.046340505123684,PRICE,TRAIN,2024-08-08_2025-02-08
ALOS3.SA,BEAR_VOLATILE,-0.026122096879389066,0,TIME_STOP,12,2024-12-04,2024-12-16,-0.2631465233294677,-1.0377989344346434,1000.0,PRICE,TRAIN,2024-08-08_2025-02-08
ALOS3.SA,BEAR_CALM,0.04547333228507875,1,END_CLOSED,23,2025-01-15,2025-02-07,-1.5733173340530193,0.17947653867451716,29.00510337641033,PRICE,TRAIN,2024-08-08_2025-02-08
ASAI3.SA,BEAR_VOLATILE,-0.05350770219003222,0,HARD_STOP,4,2024-12-02,2024-12-06,-1.5853525425262123,0.2619585567105904,7.082989588251039,PRICE,TRAIN,2024-08-08_2025-02-08
ASAI3.SA,BEAR_VOLATILE,-0.06456936254019532,0,HARD_STOP,1,2024-12-11,2024-12-12,0.7650574241732356,-1.2631636091024747,5.171487812996273,PRICE,TRAIN,2024-08-08_2025-02-08
ASAI3.SA,BEAR_VOLATILE,-0.06835072028263603,0,HARD_STOP,1,2024-12-17,2024-12-18,0.6269909757407441,-0.3106135572319615,22.972661239889295,PRICE,TRAIN,2024-08-08_2025-02-08
ASAI3.SA,BEAR_VOLATILE,0.010261314914728016,1,END_CLOSED,1,2025-02-06,2025-02-07,-1.0226881739212987,-0.6574099946529536,8.655651729197011,PRICE,TRAIN,2024-08-08_2025-02-08
AURE3.SA,BEAR_VOLATILE,-0.038197980025964105,0,TIME_STOP,11,2024-12-06,2024-12-17,0.16236586898336727,-0.01456886097363618,10.372830623741876,PRICE,TRAIN,2024-08-08_2025-02-08
AURE3.SA,BEAR_VOLATILE,0.04641908880549326,1,END_CLOSED,18,2025-01-20,2025-02-07,-1.6802809934461445,1.3605542381355107,1000.0,PRICE,TRAIN,2024-08-08_2025-02-08
AZUL4.SA,BEAR_CALM,-0.051200000000000044,0,HARD_STOP,9,2024-12-02,2024-12-11,-2.0565349633690735,-0.3539394778709516,4.890049690346066,PRICE,TRAIN,2024-08-08_2025-02-08
AZUL4.SA,BEAR_VOLATILE,-0.10593822711716874,0,HARD_STOP,2,2024-12-16,2024-12-18,-1.4538713743812182,0.09616546351430688,25.652074705929298,PRICE,TRAIN,2024-08-08_2025-02-08
AZUL4.SA,BEAR_VOLATILE,0.006046427723635707,1,STOP_TECNICO,25,2025-01-10,2025-02-04,-0.15393622685076058,-2.0549474258635514,17.0209900323273,PRICE,TRAIN,2024-08-08_2025-02-08
B3SA3.SA,BEAR_VOLATILE,0.18975419629173115,1,BEAR_OPTIMIZED,59,2024-12-02,2025-01-30,0.3042204344597402,-1.1127696555227684,15.920723264082357,PRICE,TRAIN,2024-08-08_2025-02-08
BBDC3.SA,BEAR_VOLATILE,-0.011484585682349023,0,TIME_STOP,14,2024-12-02,2024-12-16,0.007682025219645224,0.4280642605223764,1000.0,PRICE,TRAIN,2024-08-08_2025-02-08
BBDC3.SA,BEAR_CALM,-0.0018274417562192046,0,TIME_STOP,11,2024-12-23,2025-01-03,-0.5192259518295114,0.889494081297852,1000.0,PRICE,TRAIN,2024-08-08_2025-02-08
BBDC3.SA,BEAR_CALM,0.04659581832912072,1,END_CLOSED,30,2025-01-08,2025-02-07,-0.5040475083004267,0.6297755529098986,34.30961849152067,PRICE,TRAIN,2024-08-08_2025-02-08
BBDC4.SA,BEAR_VOLATILE,-0.02073024903780265,0,TIME_STOP,11,2024-12-02,2024-12-13,-0.2450491524990761,0.6097083296066452,1000.0,PRICE,TRAIN,2024-08-08_2025-02-08
BBDC4.SA,BEAR_CALM,0.0729392159975649,1,END_CLOSED,28,2025-01-10,2025-02-07,-0.35101547364995683,0.7419704103331327,34.30961849152067,PRICE,TRAIN,2024-08-08_2025-02-08
BEEF3.SA,BEAR_CALM,-0.06276411785446459,0,HARD_STOP,10,2024-12-02,2024-12-12,-3.6010478219161883,0.24078522713669492,10.122074097373522,PRICE,TRAIN,2024-08-08_2025-02-08
BEEF3.SA,BEAR_CALM,-0.08725852064101683,0,HARD_STOP,1,2024-12-17,2024-12-18,-2.468410668111645,-0.6293465549747146,5.069405612763006,PRICE,TRAIN,2024-08-08_2025-02-08
BEEF3.SA,BEAR_VOLATILE,-0.05119999999999993,0,HARD_STOP,4,2024-12-23,2024-12-27,-0.23729257268538442,0.3779388328993903,3.3644744988287165,PRICE,TRAIN,2024-08-08_2025-02-08
BEEF3.SA,BEAR_VOLATILE,-0.054349603342816265,0,HARD_STOP,3,2025-01-10,2025-01-13,0.5242479703764412,-0.33898982590828936,5.452151640209764,PRICE,TRAIN,2024-08-08_2025-02-08
BEEF3.SA,BEAR_VOLATILE,-0.10160160604116289,0,HARD_STOP,3,2025-01-20,2025-01-23,-0.5527564086409895,0.09669188898044005,7.701663933256792,PRICE,TRAIN,2024-08-08_2025-02-08
BEEF3.SA,BEAR_CALM,-0.051200000000000044,0,HARD_STOP,8,2025-01-28,2025-02-05,-1.6940435792456592,-0.607652245502953,9.11635705907103,PRICE,TRAIN,2024-08-08_2025-02-08
BPAC11.SA,BEAR_VOLATILE,-0.035953418073548925,0,TIME_STOP,11,2024-12-16,2024-12-27,-1.319922551006996,1.5552618038215045,9.800237270681732,PRICE,TRAIN,2024-08-08_2025-02-08
BPAC11.SA,BEAR_VOLATILE,0.14501733011588422,1,BEAR_OPTIMIZED,20,2025-01-02,2025-01-22,-1.7091382779274273,0.24767408613299494,34.30961849152067,PRICE,TRAIN,2024-08-08_2025-02-08
BRAP4.SA,BEAR_CALM,-0.017630594764223816,0,TIME_STOP,12,2024-12-04,2024-12-16,-1.3043761119278479,0.5932468014161013,3.585684710544665,PRICE,TRAIN,2024-08-08_2025-02-08
BRAP4.SA,BEAR_VOLATILE,-0.044210716909945956,0,TIME_STOP,11,2024-12-23,2025-01-03,-0.453564546836147,-0.5855889845066342,6.055909976661481,PRICE,TRAIN,2024-08-08_2025-02-08
BRAP4.SA,BEAR_VOLATILE,0.06977179581581491,1,END_CLOSED,30,2025-01-08,2025-02-07,-0.3509369438406869,-2.1182034808709393,34.30961849152067,PRICE,TRAIN,2024-08-08_2025-02-08
BRKM5.SA,BEAR_CALM,-0.05864126187797649,0,HARD_STOP,4,2024-12-02,2024-12-06,-0.5636927772657188,0.6048813219838598,34.30961849152067,PRICE,TRAIN,2024-08-08_2025-02-08
BRKM5.SA,BEAR_CALM,-0.05566193806898969,0,HARD_STOP,1,2024-12-11,2024-12-12,-0.870888937746234,-0.29492292111969476,34.30961849152067,PRICE,TRAIN,2024-08-08_2025-02-08
BRKM5.SA,BEAR_CALM,-0.051200000000000044,0,HARD_STOP,1,2024-12-17,2024-12-18,-0.6794775175804673,-0.5011534547343798,1000.0,PRICE,TRAIN,2024-08-08_2025-02-08
COGN3.SA,BEAR_CALM,-0.08120002742615165,0,HARD_STOP,7,2024-12-02,2024-12-09,-2.607926362395671,0.21780219695700778,1.9621919177609224,PRICE,TRAIN,2024-08-08_2025-02-08
COGN3.SA,SIDEWAYS_CALM,-0.0012,0,END_CLOSED,0,2025-02-07,2025-02-07,-2.427832177417311,-0.5806101807035089,12.673108270524581,PRICE,TRAIN,2024-08-08_2025-02-08
CSAN3.SA,BEAR_VOLATILE,-0.060259075686230255,0,HARD_STOP,4,2024-12-02,2024-12-06,-1.3802082385210375,-1.4240432634732807,26.553220066597426,PRICE,TRAIN,2024-08-08_2025-02-08
CSAN3.SA,BEAR_VOLATILE,-0.051200000000000044,0,HARD_STOP,1,2024-12-11,2024-12-12,-0.5240882970202341,-0.1252256334435676,34.30961849152067,PRICE,TRAIN,2024-08-08_2025-02-08
CSAN3.SA,BEAR_VOLATILE,-0.0544879058522302,0,HARD_STOP,1,2024-12-17,2024-12-18,-1.6962817628832185,0.16334105708506771,1000.0,PRICE,TRAIN,2024-08-08_2025-02-08
CSAN3.SA,BEAR_VOLATILE,-0.051200000000000155,0,HARD_STOP,7,2024-12-23,2024-12-30,-1.2695166514347715,-0.2813109389979439,1000.0,PRICE,TRAIN,2024-08-08_2025-02-08
CSAN3.SA,BEAR_VOLATILE,-0.05894279052868725,0,HARD_STOP,10,2025-01-28,2025-02-07,-1.597318515618774,-0.43818063509404526,33.39657234400173,PRICE,TRAIN,2024-08-08_2025-02-08
CVCB3.SA,BEAR_VOLATILE,-0.051200000000000044,0,HARD_STOP,4,2024-12-13,2024-12-17,-0.2555165593890952,-0.2905330646301618,10.055086799563169,PRICE,TRAIN,2024-08-08_2025-02-08
CYRE3.SA,BEAR_VOLATILE,-0.03272167786137461,0,TIME_STOP,12,2024-12-04,2024-12-16,-0.02508920734042524,-1.6140526331715872,16.892980169998307,PRICE,TRAIN,2024-08-08_2025-02-08
CYRE3.SA,BEAR_VOLATILE,-0.051200000000000044,0,HARD_STOP,10,2024-12-23,2025-01-02,-0.3910323826662299,0.05181138766149086,34.30961849152067,PRICE,TRAIN,2024-08-08_2025-02-08
CYRE3.SA,BEAR_VOLATILE,0.20829541574342567,1,BEAR_OPTIMIZED,23,2025-01-07,2025-01-30,-0.5868816366926047,-0.975643588878629,34.30961849152067,PRICE,TRAIN,2024-08-08_2025-02-08
ECOR3.SA,BEAR_VOLATILE,-0.054130022281954536,0,HARD_STOP,7,2024-12-02,2024-12-09,-0.143360459644225,-2.5111770887933345,13.104401498463776,PRICE,TRAIN,2024-08-08_2025-02-08
EGIE3.SA,BEAR_VOLATILE,-0.008962337591715629,0,TIME_STOP,11,2024-12-02,2024-12-13,-1.776507715478355,0.9614625566195936,34.30961849152067,PRICE,TRAIN,2024-08-08_2025-02-08
EGIE3.SA,BEAR_CALM,-0.024143010026335253,0,TIME_STOP,11,2024-12-19,2024-12-30,-2.7004991137204004,0.6018370642024302,22.958116985400352,PRICE,TRAIN,2024-08-08_2025-02-08
EGIE3.SA,BEAR_VOLATILE,-0.0031846310161452104,0,TIME_STOP,11,2025-01-06,2025-01-17,-1.4178050345817323,0.33436143565071713,34.30961849152067,PRICE,TRAIN,2024-08-08_2025-02-08
EGIE3.SA,BEAR_CALM,0.01634875771592568,1,END_CLOSED,16,2025-01-22,2025-02-07,-1.6251015533948843,-1.3304182943124856,20.68142839739195,PRICE,TRAIN,2024-08-08_2025-02-08
ELET3.SA,BEAR_CALM,-0.0026483795659816498,0,TIME_STOP,16,2024-12-02,2024-12-18,-1.0236968130362412,0.05646037448390017,22.71052647707841,PRICE,TRAIN,2024-08-08_2025-02-08
ELET3.SA,BEAR_CALM,-0.011325710729861903,0,TIME_STOP,11,2024-12-23,2025-01-03,-0.03127709016701222,0.22617929597872793,9.37559068890082,PRICE,TRAIN,2024-08-08_2025-02-08
ELET3.SA,BEAR_CALM,0.017562803240118365,1,END_CLOSED,30,2025-01-08,2025-02-07,-1.2626608316047825,0.15049586944331883,7.976546108168857,PRICE,TRAIN,2024-08-08_2025-02-08
ELET6.SA,BEAR_CALM,-0.006843894180746733,0,TIME_STOP,16,2024-12-02,2024-12-18,-1.0789234829518908,0.9826680714877123,21.627341877134114,PRICE,TRAIN,2024-08-08_2025-02-08
ELET6.SA,BEAR_CALM,-0.005321362871726153,0,TIME_STOP,11,2024-12-23,2025-01-03,-0.5311731377672118,0.9832240727832052,6.951342165971233,PRICE,TRAIN,2024-08-08_2025-02-08
ELET6.SA,BEAR_CALM,0.057498451354518344,1,BEAR_OPTIMIZED,17,2025-01-10,2025-01-27,-1.811900419816761,0.1466087711985001,5.6455300540867,PRICE,TRAIN,2024-08-08_2025-02-08
ENEV3.SA,BEAR_VOLATILE,-0.0021381077884595964,0,TIME_STOP,14,2025-01-06,2025-01-20,0.8878018964608557,-0.3855943214796707,27.015443644571672,PRICE,TRAIN,2024-08-08_2025-02-08
ENEV3.SA,BEAR_VOLATILE,0.04083929342800694,1,END_CLOSED,10,2025-01-28,2025-02-07,1.6676693272952023,-1.264692654958726,6.444393655643159,PRICE,TRAIN,2024-08-08_2025-02-08
ENGI11.SA,BEAR_CALM,-0.030104716508841188,0,TIME_STOP,11,2024-12-02,2024-12-13,-0.5017575703746868,-0.15696969873716488,23.703652488228474,PRICE,TRAIN,2024-08-08_2025-02-08
ENGI11.SA,BEAR_VOLATILE,-0.018176470140095956,0,TIME_STOP,12,2024-12-18,2024-12-30,-0.7548927514096728,-0.7209379113498919,34.30961849152067,PRICE,TRAIN,2024-08-08_2025-02-08
ENGI11.SA,BEAR_VOLATILE,-0.0074263468157124354,0,TIME_STOP,11,2025-01-06,2025-01-17,-1.6038575143294889,0.14870867210751196,20.281721337339725,PRICE,TRAIN,2024-08-08_2025-02-08
ENGI11.SA,BEAR_CALM,0.08286955635801094,1,END_CLOSED,16,2025-01-22,2025-02-07,-1.61114992237188,0.5690094391601432,11.46666370864865,PRICE,TRAIN,2024-08-08_2025-02-08
EQTL3.SA,BEAR_VOLATILE,0.1515381767154199,1,BEAR_OPTIMIZED,35,2025-01-02,2025-02-06,-2.0842558751873366,0.6884955985138558,1000.0,PRICE,TRAIN,2024-08-08_2025-02-08
FLRY3.SA,BEAR_VOLATILE,-0.009508167391165577,0,TIME_STOP,11,2024-12-02,2024-12-13,-0.2736468005214218,0.3860605892091921,33.583558749132905,PRICE,TRAIN,2024-08-08_2025-02-08
FLRY3.SA,BEAR_VOLATILE,-0.005311814609851216,0,TIME_STOP,13,2024-12-26,2025-01-08,-0.39233215319677045,0.5793461875912251,26.73038469418136,PRICE,TRAIN,2024-08-08_2025-02-08
FLRY3.SA,BEAR_VOLATILE,-0.00552897530387899,0,TIME_STOP,16,2025-01-13,2025-01-29,-2.1414416656561395,0.5269847319318279,34.30961849152067,PRICE,TRAIN,2024-08-08_2025-02-08
FLRY3.SA,BEAR_CALM,-0.0012,0,END_CLOSED,0,2025-02-07,2025-02-07,-2.316053596960596,0.7613810950873721,8.209428074772086,PRICE,TRAIN,2024-08-08_2025-02-08
HAPV3.SA,BEAR_VOLATILE,-0.05845190950839032,0,HARD_STOP,2,2024-12-04,2024-12-06,-1.3652944839276122,0.8349714768400386,1000.0,PRICE,TRAIN,2024-08-08_2025-02-08
HAPV3.SA,BEAR_VOLATILE,-0.06786672318070022,0,HARD_STOP,11,2024-12-23,2025-01-03,-1.4140701357767052,0.28578989699783447,34.30961849152067,PRICE,TRAIN,2024-08-08_2025-02-08
HAPV3.SA,BEAR_VOLATILE,0.00880000000000001,1,STOP_TECNICO,10,2025-01-10,2025-01-20,-2.329838674667115,0.6358494449481262,34.30961849152067,PRICE,TRAIN,2024-08-08_2025-02-08
HAPV3.SA,BEAR_CALM,-0.005586009430779158,0,TIME_STOP,16,2025-01-21,2025-02-06,-1.1151405771834204,0.27376030803222456,18.668014105692887,PRICE,TRAIN,2024-08-08_2025-02-08
HYPE3.SA,BEAR_CALM,-0.05185980552126881,0,HARD_STOP,7,2024-12-09,2024-12-16,-0.4338561177947182,0.5728203420966834,34.30961849152067,PRICE,TRAIN,2024-08-08_2025-02-08
HYPE3.SA,BEAR_VOLATILE,-0.024590055548438537,0,TIME_STOP,11,2024-12-23,2025-01-03,-1.5567845772881164,0.5720742076797587,34.30961849152067,PRICE,TRAIN,2024-08-08_2025-02-08
HYPE3.SA,BEAR_CALM,-0.0233402183178947,0,END_CLOSED,2,2025-02-05,2025-02-07,0.014611026000279706,0.1574009056947859,6.277151436612009,PRICE,TRAIN,2024-08-08_2025-02-08
IGTI11.SA,BEAR_VOLATILE,-0.012625511906033136,0,TIME_STOP,12,2024-12-04,2024-12-16,-0.6920461244930376,-1.6257093274570937,34.30961849152067,PRICE,TRAIN,2024-08-08_2025-02-08
IGTI11.SA,BEAR_VOLATILE,-0.02841495440793431,0,TIME_STOP,11,2024-12-30,2025-01-10,-1.1541585717734444,0.2031456702359607,34.30961849152067,PRICE,TRAIN,2024-08-08_2025-02-08
IGTI11.SA,BEAR_CALM,0.07354524244984958,1,END_CLOSED,23,2025-01-15,2025-02-07,-0.608519529623716,0.35202587376441025,21.433898928214596,PRICE,TRAIN,2024-08-08_2025-02-08
LREN3.SA,BEAR_VOLATILE,-0.028151242627169303,0,TIME_STOP,14,2024-12-02,2024-12-16,-0.14610725210059258,-0.5222239417037695,16.357887256825812,PRICE,TRAIN,2024-08-08_2025-02-08
LREN3.SA,BEAR_VOLATILE,-0.051200000000000044,0,HARD_STOP,10,2024-12-23,2025-01-02,-1.3021342850746034,0.5483747404698343,34.30961849152067,PRICE,TRAIN,2024-08-08_2025-02-08
LREN3.SA,BEAR_VOLATILE,-0.05169734650602611,0,HARD_STOP,9,2025-01-07,2025-01-16,-0.9625963193104994,0.5851639671919531,21.130902997911413,PRICE,TRAIN,2024-08-08_2025-02-08
LREN3.SA,BEAR_CALM,0.00880000000000001,1,STOP_TECNICO,17,2025-01-21,2025-02-07,0.07733539067503571,-1.20014773826278,13.366574166629357,PRICE,TRAIN,2024-08-08_2025-02-08
LWSA3.SA,BEAR_VOLATILE,-0.051200000000000044,0,HARD_STOP,1,2024-12-02,2024-12-03,-0.5715209183360717,-0.7064469682735796,4.256536570346411,PRICE,TRAIN,2024-08-08_2025-02-08
LWSA3.SA,BEAR_VOLATILE,-0.051200000000000044,0,HARD_STOP,9,2024-12-09,2024-12-18,-1.0157778567987024,-0.7339783062082647,8.836826997602191,PRICE,TRAIN,2024-08-08_2025-02-08
LWSA3.SA,BEAR_VOLATILE,-0.05691849314137178,0,HARD_STOP,4,2024-12-23,2024-12-27,-0.31943328181424613,-0.8660549797412944,16.05939758057344,PRICE,TRAIN,2024-08-08_2025-02-08
LWSA3.SA,BEAR_CALM,-0.041199979194619284,0,TIME_STOP,14,2025-01-02,2025-01-16,-1.4013473665996214,0.037344040780297315,32.64696656308423,PRICE,TRAIN,2024-08-08_2025-02-08
LWSA3.SA,BEAR_CALM,-0.028472679373680608,0,TIME_STOP,12,2025-01-23,2025-02-04,-2.573578370892991,0.234586064937368,16.950384585780593,PRICE,TRAIN,2024-08-08_2025-02-08
MGLU3.SA,BEAR_CALM,-0.072939060564472,0,HARD_STOP,4,2024-12-02,2024-12-06,-1.455762509843816,-0.944321658439213,4.527325434279061,PRICE,TRAIN,2024-08-08_2025-02-08
MGLU3.SA,BEAR_CALM,-0.09131944825141061,0,HARD_STOP,1,2024-12-11,2024-12-12,-0.9147535760623763,0.06397906204326811,2.7111733521409573,PRICE,TRAIN,2024-08-08_2025-02-08
MGLU3.SA,BEAR_VOLATILE,0.19507754386411089,1,END_CLOSED,24,2025-01-14,2025-02-07,-2.023072582007242,0.2357735451743988,34.30961849152067,PRICE,TRAIN,2024-08-08_2025-02-08
MRVE3.SA,BEAR_VOLATILE,-0.057076677968350274,0,HARD_STOP,7,2024-12-02,2024-12-09,-1.256989344446953,-1.6256287069114468,1000.0,PRICE,TRAIN,2024-08-08_2025-02-08
MRVE3.SA,BEAR_CALM,-0.00869062934645095,0,TIME_STOP,13,2024-12-26,2025-01-08,-1.3449796543029837,-1.1189536475031137,34.30961849152067,PRICE,TRAIN,2024-08-08_2025-02-08
MRVE3.SA,BEAR_CALM,-0.0084859678543995,0,END_CLOSED,2,2025-02-05,2025-02-07,-1.26992738666386,-1.2868765637840365,6.4583541182213295,PRICE,TRAIN,2024-08-08_2025-02-08
MULT3.SA,BEAR_VOLATILE,-0.04252935842318841,0,TIME_STOP,11,2024-12-02,2024-12-13,1.5591752188204049,-0.4110463256047306,12.62178387365423,PRICE,TRAIN,2024-08-08_2025-02-08
MULT3.SA,BEAR_VOLATILE,-0.017190206976017385,0,TIME_STOP,12,2024-12-18,2024-12-30,0.9071682969477141,0.29536786856960173,1000.0,PRICE,TRAIN,2024-08-08_2025-02-08
MULT3.SA,BEAR_VOLATILE,-0.02031128420286179,0,TIME_STOP,11,2025-01-06,2025-01-17,-0.04184532831590909,0.6262503325040734,34.30961849152067,PRICE,TRAIN,2024-08-08_2025-02-08
MULT3.SA,BEAR_CALM,0.023405327767894592,1,END_CLOSED,11,2025-01-27,2025-02-07,-0.1608214231240001,0.1736910341785255,17.903549170683654,PRICE,TRAIN,2024-08-08_2025-02-08
PCAR3.SA,BEAR_CALM,-0.10347280629403346,0,HARD_STOP,4,2024-12-02,2024-12-06,-1.7337541689151412,-0.5290762059453118,9.36684978363257,PRICE,TRAIN,2024-08-08_2025-02-08
PCAR3.SA,BEAR_CALM,-0.11143621086415281,0,HARD_STOP,1,2024-12-11,2024-12-12,-0.8146720735960332,-0.6302462768241982,15.247219492711261,PRICE,TRAIN,2024-08-08_2025-02-08
PCAR3.SA,BEAR_CALM,-0.051379164300996004,0,HARD_STOP,7,2025-01-27,2025-02-03,-1.7797035336279368,1.1137387607120428,4.222949592032781,PRICE,TRAIN,2024-08-08_2025-02-08
RADL3.SA,BEAR_CALM,-0.0578803551688253,0,HARD_STOP,11,2024-12-05,2024-12-16,-3.416698177843868,1.552479916015369,5.11908277896389,PRICE,TRAIN,2024-08-08_2025-02-08
RADL3.SA,BEAR_VOLATILE,-0.051200000000000044,0,HARD_STOP,10,2024-12-23,2025-01-02,-1.3931525886376384,0.6224747144704801,5.118736589651314,PRICE,TRAIN,2024-08-08_2025-02-08
RADL3.SA,BEAR_VOLATILE,-0.006007655315623216,0,TIME_STOP,11,2025-01-16,2025-01-27,-1.7339612969250429,-1.3731202135423226,28.76916410011685,PRICE,TRAIN,2024-08-08_2025-02-08
RAIL3.SA,BEAR_VOLATILE,-0.020288093283173735,0,TIME_STOP,14,2024-12-02,2024-12-16,-1.0318373750063283,-1.7963721884096948,5.04270573177672,PRICE,TRAIN,2024-08-08_2025-02-08
RAIL3.SA,BEAR_VOLATILE,-0.034185107057588614,0,TIME_STOP,11,2024-12-23,2025-01-03,-0.9355765501165559,0.06837142313945255,4.029953797904652,PRICE,TRAIN,2024-08-08_2025-02-08
RAIL3.SA,BEAR_VOLATILE,-0.051200000000000155,0,HARD_STOP,5,2025-01-08,2025-01-13,-1.1474194615357391,0.20366772537403513,7.602607496526993,PRICE,TRAIN,2024-08-08_2025-02-08
RAIL3.SA,BEAR_VOLATILE,0.0847329490715952,1,END_CLOSED,16,2025-01-22,2025-02-07,-2.175953318738102,-0.7978333379112835,25.43492565607065,PRICE,TRAIN,2024-08-08_2025-02-08
RAIZ4.SA,BEAR_CALM,-0.051200000000000044,0,HARD_STOP,8,2024-12-09,2024-12-17,-0.5057868919320369,-0.7678113989097776,34.30961849152067,PRICE,TRAIN,2024-08-08_2025-02-08
RAIZ4.SA,BEAR_VOLATILE,-0.024135757240897802,0,TIME_STOP,11,2024-12-23,2025-01-03,-1.3460041715703666,-0.570164240017713,34.30961849152067,PRICE,TRAIN,2024-08-08_2025-02-08
RAIZ4.SA,BEAR_VOLATILE,-0.055121576648068514,0,HARD_STOP,12,2025-01-08,2025-01-20,-0.7082210391162919,-0.11724251338838924,34.30961849152067,PRICE,TRAIN,2024-08-08_2025-02-08
RAIZ4.SA,BEAR_VOLATILE,-0.051200000000000044,0,HARD_STOP,7,2025-01-27,2025-02-03,-1.0251198265123178,-0.20795993685751793,28.53127501914406,PRICE,TRAIN,2024-08-08_2025-02-08
RDOR3.SA,BEAR_CALM,-0.009912156602174503,0,TIME_STOP,15,2024-12-03,2024-12-18,-0.336315416139388,-0.30359979346682914,34.30961849152067,PRICE,TRAIN,2024-08-08_2025-02-08
RDOR3.SA,BEAR_CALM,-0.051200000000000155,0,HARD_STOP,7,2024-12-23,2024-12-30,-0.8315561635225153,0.04235378833767054,13.499025624758751,PRICE,TRAIN,2024-08-08_2025-02-08
RDOR3.SA,BEAR_CALM,0.09680161551165697,1,BEAR_OPTIMIZED,21,2025-01-06,2025-01-27,-1.3417326809432442,0.15542775865866176,15.225169718417387,PRICE,TRAIN,2024-08-08_2025-02-08
RECV3.SA,BEAR_CALM,-0.022528462965007122,0,TIME_STOP,11,2024-12-02,2024-12-13,0.7895667074151552,0.569647013947902,3.889590519344645,PRICE,TRAIN,2024-08-08_2025-02-08
RECV3.SA,BEAR_CALM,0.007160120857744402,1,STOP_TECNICO,37,2024-12-18,2025-01-24,-0.9839693106204531,0.38206920845427195,2.978293251281002,PRICE,TRAIN,2024-08-08_2025-02-08
RECV3.SA,BEAR_CALM,-0.03207587289799898,0,END_CLOSED,7,2025-01-31,2025-02-07,0.20321888317221742,0.5438232552123683,1.9283708639606743,PRICE,TRAIN,2024-08-08_2025-02-08
RENT3.SA,BEAR_CALM,-0.051200000000000044,0,HARD_STOP,1,2025-01-09,2025-01-10,-0.4366930732419289,-0.1582621268464857,34.30961849152067,PRICE,TRAIN,2024-08-08_2025-02-08
RENT3.SA,BEAR_CALM,-0.026708448938356798,0,TIME_STOP,14,2025-01-15,2025-01-29,-0.6573366979016045,-0.15539377137086002,34.30961849152067,PRICE,TRAIN,2024-08-08_2025-02-08
SANB11.SA,BEAR_VOLATILE,-0.054185278684296366,0,HARD_STOP,13,2024-12-03,2024-12-16,-0.05313423437276166,-1.634067569076218,20.823529337500077,PRICE,TRAIN,2024-08-08_2025-02-08
SANB11.SA,BEAR_VOLATILE,-0.006297737083231135,0,TIME_STOP,11,2024-12-23,2025-01-03,-1.0225140372308241,0.0016598033327203082,34.30961849152067,PRICE,TRAIN,2024-08-08_2025-02-08
SANB11.SA,BEAR_VOLATILE,0.0607609051170924,1,BEAR_OPTIMIZED,1,2025-02-04,2025-02-05,-1.0604596823863153,-0.9092307863506498,6.142271784410783,PRICE,TRAIN,2024-08-08_2025-02-08
SMFT3.SA,BEAR_VOLATILE,-0.04607881467291488,0,TIME_STOP,16,2024-12-02,2024-12-18,-0.4833871345295242,1.0741112772566774,34.30961849152067,PRICE,TRAIN,2024-08-08_2025-02-08
SMFT3.SA,BEAR_CALM,0.0812499346163987,1,END_CLOSED,42,2024-12-27,2025-02-07,-0.6522581291678107,-0.8234715226482431,34.30961849152067,PRICE,TRAIN,2024-08-08_2025-02-08
TIMS3.SA,BEAR_VOLATILE,0.11095648291144253,1,BEAR_OPTIMIZED,12,2025-01-10,2025-01-22,-1.829500940277412,0.05764707317347493,30.60648939149774,PRICE,TRAIN,2024-08-08_2025-02-08
TOTS3.SA,BEAR_VOLATILE,0.07874021725817823,1,BEAR_OPTIMIZED,7,2024-12-03,2024-12-10,-0.17666673117341591,-0.5601729850776191,6.9688226426501165,PRICE,TRAIN,2024-08-08_2025-02-08
TOTS3.SA,BEAR_VOLATILE,-0.051200000000000044,0,HARD_STOP,3,2024-12-16,2024-12-19,-0.16809341600636185,0.09989372289135894,4.488449830906275,PRICE,TRAIN,2024-08-08_2025-02-08
TOTS3.SA,BEAR_VOLATILE,-0.051200000000000044,0,HARD_STOP,7,2024-12-26,2025-01-02,-0.33642943079709703,0.52912613583756,4.756471223163138,PRICE,TRAIN,2024-08-08_2025-02-08
USIM5.SA,BEAR_CALM,-0.05144310193619064,0,HARD_STOP,11,2024-12-02,2024-12-13,-1.5028519248541534,0.39722907518404504,2.0101158378009907,PRICE,TRAIN,2024-08-08_2025-02-08
USIM5.SA,BEAR_CALM,-0.05705592954288754,0,HARD_STOP,5,2024-12-18,2024-12-23,-2.209914205146246,0.9162224085735713,2.438488633700761,PRICE,TRAIN,2024-08-08_2025-02-08
USIM5.SA,BEAR_VOLATILE,0.1777473483436985,1,END_CLOSED,25,2025-01-13,2025-02-07,-1.163918033932997,-0.061608094109688566,1000.0,PRICE,TRAIN,2024-08-08_2025-02-08
VALE3.SA,BEAR_CALM,0.046773964390879864,1,END_CLOSED,15,2025-01-23,2025-02-07,-0.6202264875246374,-0.8069149309644925,20.82099585053902,PRICE,TRAIN,2024-08-08_2025-02-08
VBBR3.SA,BEAR_VOLATILE,-0.056030260970515465,0,HARD_STOP,2,2024-12-16,2024-12-18,-2.5825230781469255,0.14918365166539724,34.30961849152067,PRICE,TRAIN,2024-08-08_2025-02-08
VBBR3.SA,BEAR_VOLATILE,-0.036710815810852025,0,TIME_STOP,11,2024-12-23,2025-01-03,-1.4251797563483513,0.5702903486845446,34.30961849152067,PRICE,TRAIN,2024-08-08_2025-02-08
VBBR3.SA,BEAR_VOLATILE,-0.025548784490561992,0,TIME_STOP,12,2025-01-08,2025-01-20,-0.4863522442467461,0.3423220869860935,34.30961849152067,PRICE,TRAIN,2024-08-08_2025-02-08
VBBR3.SA,BEAR_CALM,-0.059927543502417156,0,HARD_STOP,2,2025-01-27,2025-01-29,-1.03657862113806,-0.6160240631858016,26.13114406118256,PRICE,TRAIN,2024-08-08_2025-02-08
YDUQ3.SA,BEAR_VOLATILE,-0.07803736897487215,0,HARD_STOP,3,2024-12-03,2024-12-06,-1.0087961598551751,0.7165228849728239,4.402794405941187,PRICE,TRAIN,2024-08-08_2025-02-08
YDUQ3.SA,BEAR_CALM,0.2730718909964004,1,END_CLOSED,43,2024-12-26,2025-02-07,-0.5998740270956188,-0.23089584750214232,12.774091945517632,PRICE,TRAIN,2024-08-08_2025-02-08
ABEV3.SA,BEAR_VOLATILE,-0.012020583008008921,0,TIME_STOP,12,2025-01-17,2025-01-29,0.21823573222573098,0.11081607055503288,16.392608746479002,PRICE,TRAIN,2024-09-08_2025-03-08
ABEV3.SA,BEAR_CALM,0.13428368523651688,1,BEAR_OPTIMIZED,20,2025-02-07,2025-02-27,-0.36730296929136685,0.7135216363724213,25.046340505123684,PRICE,TRAIN,2024-09-08_2025-03-08
ALOS3.SA,BEAR_CALM,0.005331658613984304,1,STOP_TECNICO,43,2025-01-15,2025-02-27,-1.5733173340530193,0.17947653867451716,29.00510337641033,PRICE,TRAIN,2024-09-08_2025-03-08
ASAI3.SA,BEAR_VOLATILE,-0.0012,0,STOP_TECNICO,14,2025-02-06,2025-02-20,-1.0226881739212987,-0.6574099946529536,8.655651729197011,PRICE,TRAIN,2024-09-08_2025-03-08
AURE3.SA,BEAR_VOLATILE,0.0013739881030892865,1,STOP_TECNICO,39,2025-01-20,2025-02-28,-1.6802809934461445,1.3605542381355107,1000.0,PRICE,TRAIN,2024-09-08_2025-03-08
AZUL4.SA,BEAR_VOLATILE,0.006046427723635707,1,STOP_TECNICO,25,2025-01-10,2025-02-04,-0.15393622685076058,-2.0549474258635514,17.0209900323273,PRICE,TRAIN,2024-09-08_2025-03-08
B3SA3.SA,BEAR_CALM,0.13043256715824655,1,BEAR_OPTIMIZED,20,2025-01-10,2025-01-30,0.6314471932517053,-1.3542813104933948,6.313977340242428,PRICE,TRAIN,2024-09-08_2025-03-08
BBDC3.SA,BEAR_CALM,-0.012520784195574251,0,TIME_STOP,16,2025-01-07,2025-01-23,0.007491387849424579,0.4162555125211762,32.90962786857211,PRICE,TRAIN,2024-09-08_2025-03-08
BBDC3.SA,BEAR_CALM,-0.005766244521848839,0,TIME_STOP,15,2025-02-04,2025-02-19,-0.9222858785622317,0.3635801800140773,7.1418229345382285,PRICE,TRAIN,2024-09-08_2025-03-08
BBDC3.SA,BEAR_CALM,0.005152987074516037,1,END_CLOSED,11,2025-02-24,2025-03-07,-2.8484350716436317,-0.13465083371768022,2.148433647300823,PRICE,TRAIN,2024-09-08_2025-03-08
BBDC4.SA,BEAR_CALM,0.005749519936817694,1,STOP_TECNICO,49,2025-01-10,2025-02-28,-0.35101547364995683,0.7419704103331327,34.30961849152067,PRICE,TRAIN,2024-09-08_2025-03-08
BBDC4.SA,BEAR_CALM,0.01970394843485055,1,END_CLOSED,2,2025-03-05,2025-03-07,-0.937978994254455,-1.0044091973762852,3.3657518196980956,PRICE,TRAIN,2024-09-08_2025-03-08
BEEF3.SA,BEAR_VOLATILE,-0.054349603342816265,0,HARD_STOP,3,2025-01-10,2025-01-13,0.5242479703764412,-0.33898982590828936,5.452151640209764,PRICE,TRAIN,2024-09-08_2025-03-08
BEEF3.SA,BEAR_VOLATILE,-0.10160160604116289,0,HARD_STOP,3,2025-01-20,2025-01-23,-0.5527564086409895,0.09669188898044005,7.701663933256792,PRICE,TRAIN,2024-09-08_2025-03-08
BEEF3.SA,BEAR_CALM,-0.051200000000000044,0,HARD_STOP,8,2025-01-28,2025-02-05,-1.6940435792456592,-0.607652245502953,9.11635705907103,PRICE,TRAIN,2024-09-08_2025-03-08
BEEF3.SA,BEAR_CALM,-0.025753601126357516,0,TIME_STOP,14,2025-02-10,2025-02-24,-2.0237234422886807,0.04136001547527388,14.724998600973098,PRICE,TRAIN,2024-09-08_2025-03-08
BPAC11.SA,BEAR_VOLATILE,0.10044047457234381,1,BEAR_OPTIMIZED,15,2025-01-07,2025-01-22,-0.9514027559839431,0.35621173944575546,24.29041262066163,PRICE,TRAIN,2024-09-08_2025-03-08
BRAP4.SA,BEAR_VOLATILE,0.09470782673519515,1,END_CLOSED,58,2025-01-08,2025-03-07,-0.3509369438406869,-2.1182034808709393,34.30961849152067,PRICE,TRAIN,2024-09-08_2025-03-08
COGN3.SA,SIDEWAYS_CALM,-0.0012,0,STOP_TECNICO,21,2025-02-07,2025-02-28,-2.427832177417311,-0.5806101807035089,12.673108270524581,PRICE,TRAIN,2024-09-08_2025-03-08
CSAN3.SA,BEAR_VOLATILE,-0.05894279052868725,0,HARD_STOP,10,2025-01-28,2025-02-07,-1.597318515618774,-0.43818063509404526,33.39657234400173,PRICE,TRAIN,2024-09-08_2025-03-08
CSAN3.SA,BEAR_VOLATILE,-0.051200000000000044,0,HARD_STOP,12,2025-02-12,2025-02-24,-1.9932205131637686,0.6580261786271497,14.995794705010706,PRICE,TRAIN,2024-09-08_2025-03-08
CVCB3.SA,BEAR_CALM,0.061300008466569,1,END_CLOSED,11,2025-02-24,2025-03-07,-0.5704650923490949,-0.043196574707320114,5.451144858144642,PRICE,TRAIN,2024-09-08_2025-03-08
CYRE3.SA,BEAR_VOLATILE,0.20829541574342567,1,BEAR_OPTIMIZED,23,2025-01-07,2025-01-30,-0.5868816366926047,-0.975643588878629,34.30961849152067,PRICE,TRAIN,2024-09-08_2025-03-08
EGIE3.SA,BEAR_VOLATILE,-0.008507529186199368,0,TIME_STOP,13,2025-01-07,2025-01-20,-1.5052684650070032,0.32700283867982377,26.48556582537249,PRICE,TRAIN,2024-09-08_2025-03-08
EGIE3.SA,BEAR_CALM,-0.0064573648119979,0,TIME_STOP,11,2025-01-27,2025-02-07,-1.0858327660663298,-0.800381919178062,14.871816543617726,PRICE,TRAIN,2024-09-08_2025-03-08
EGIE3.SA,BEAR_CALM,0.053533338325414494,1,END_CLOSED,23,2025-02-12,2025-03-07,-2.2064686342170394,-1.461542679429858,6.735521342827735,PRICE,TRAIN,2024-09-08_2025-03-08
ELET3.SA,BEAR_CALM,0.09935698959608605,1,BEAR_OPTIMIZED,37,2025-01-08,2025-02-14,-1.2626608316047825,0.15049586944331883,7.976546108168857,PRICE,TRAIN,2024-09-08_2025-03-08
ELET6.SA,BEAR_CALM,0.057498451354518344,1,BEAR_OPTIMIZED,17,2025-01-10,2025-01-27,-1.811900419816761,0.1466087711985001,5.6455300540867,PRICE,TRAIN,2024-09-08_2025-03-08
ENEV3.SA,BEAR_VOLATILE,0.08377314698867541,1,END_CLOSED,38,2025-01-28,2025-03-07,1.6676693272952023,-1.264692654958726,6.444393655643159,PRICE,TRAIN,2024-09-08_2025-03-08
ENGI11.SA,BEAR_VOLATILE,0.11533692593198727,1,END_CLOSED,58,2025-01-08,2025-03-07,-1.9178513390394787,0.38895979651987594,19.342870307949426,PRICE,TRAIN,2024-09-08_2025-03-08
FLRY3.SA,BEAR_VOLATILE,-0.05119999999999993,0,HARD_STOP,6,2025-01-08,2025-01-14,-1.1659304995123225,0.4687593432820452,23.050478625110173,PRICE,TRAIN,2024-09-08_2025-03-08
FLRY3.SA,BEAR_VOLATILE,-0.02074114884859548,0,TIME_STOP,16,2025-01-20,2025-02-05,-2.149490470003198,0.36104478951990115,21.407261521735492,PRICE,TRAIN,2024-09-08_2025-03-08
FLRY3.SA,BEAR_CALM,-0.013815648951670555,0,TIME_STOP,11,2025-02-10,2025-02-21,-1.9850533875013945,0.7655861383928397,11.673407866347002,PRICE,TRAIN,2024-09-08_2025-03-08
FLRY3.SA,BEAR_VOLATILE,0.029484118226038004,1,END_CLOSED,9,2025-02-26,2025-03-07,0.019879207154025816,0.23335885167897089,6.325468344255768,PRICE,TRAIN,2024-09-08_2025-03-08
HAPV3.SA,BEAR_VOLATILE,0.00880000000000001,1,STOP_TECNICO,10,2025-01-10,2025-01-20,-2.329838674667115,0.6358494449481262,34.30961849152067,PRICE,TRAIN,2024-09-08_2025-03-08
HAPV3.SA,BEAR_CALM,-0.005586009430779158,0,TIME_STOP,16,2025-01-21,2025-02-06,-1.1151405771834204,0.27376030803222456,18.668014105692887,PRICE,TRAIN,2024-09-08_2025-03-08
HAPV3.SA,BEAR_CALM,-0.07291307071395428,0,HARD_STOP,1,2025-02-11,2025-02-12,-2.394583014324137,0.7273869583048512,6.448749178122119,PRICE,TRAIN,2024-09-08_2025-03-08
HAPV3.SA,BEAR_CALM,-0.051200000000000044,0,HARD_STOP,2,2025-02-17,2025-02-19,-2.403988485633037,-0.8014627942465301,5.061388226369079,PRICE,TRAIN,2024-09-08_2025-03-08
HAPV3.SA,BEAR_CALM,-0.05949604262516397,0,HARD_STOP,2,2025-02-24,2025-02-26,-1.978466860490536,-0.42989482438418913,2.605343380273326,PRICE,TRAIN,2024-09-08_2025-03-08
HYPE3.SA,BEAR_CALM,0.00880000000000001,1,STOP_TECNICO,19,2025-02-05,2025-02-24,0.014611026000279706,0.1574009056947859,6.277151436612009,PRICE,TRAIN,2024-09-08_2025-03-08
HYPE3.SA,BEAR_CALM,0.016508230318688623,1,END_CLOSED,10,2025-02-25,2025-03-07,-0.45468115215798993,0.2836952940139735,6.018296122150209,PRICE,TRAIN,2024-09-08_2025-03-08
IGTI11.SA,BEAR_VOLATILE,-0.010421925040577061,0,TIME_STOP,13,2025-01-07,2025-01-20,-0.7619314600666289,-1.08202023120424,33.25161175477132,PRICE,TRAIN,2024-09-08_2025-03-08
IGTI11.SA,BEAR_CALM,-0.051200000000000155,0,HARD_STOP,4,2025-02-21,2025-02-25,-1.1560560380898872,0.0027479335631659177,6.373012639088845,PRICE,TRAIN,2024-09-08_2025-03-08
LREN3.SA,BEAR_VOLATILE,-0.051200000000000044,0,HARD_STOP,9,2025-01-08,2025-01-17,-1.2978468450887504,0.2120273821040428,21.26267106936709,PRICE,TRAIN,2024-09-08_2025-03-08
LREN3.SA,BEAR_CALM,-0.009577689891268969,0,TIME_STOP,14,2025-01-22,2025-02-05,-1.4884987153840206,-1.1903887399244144,11.680514151064026,PRICE,TRAIN,2024-09-08_2025-03-08
LREN3.SA,BEAR_CALM,-0.05124240960619022,0,HARD_STOP,3,2025-02-21,2025-02-24,-1.1946372140077304,-2.537883604203168,2.2786036491493094,PRICE,TRAIN,2024-09-08_2025-03-08
LREN3.SA,BEAR_VOLATILE,0.06308575288456483,1,END_CLOSED,2,2025-03-05,2025-03-07,-0.3437622268673363,-2.6286197168125267,5.717335179157959,PRICE,TRAIN,2024-09-08_2025-03-08
LWSA3.SA,BEAR_CALM,-0.051200000000000044,0,HARD_STOP,6,2025-01-07,2025-01-13,-1.144702651697179,-0.4167306424961406,18.07097188672507,PRICE,TRAIN,2024-09-08_2025-03-08
LWSA3.SA,BEAR_CALM,0.00880000000000001,1,STOP_TECNICO,2,2025-01-20,2025-01-22,-0.3560274012193102,0.231440796902742,23.24656800303079,PRICE,TRAIN,2024-09-08_2025-03-08
LWSA3.SA,BEAR_CALM,-0.028472679373680608,0,TIME_STOP,12,2025-01-23,2025-02-04,-2.573578370892991,0.234586064937368,16.950384585780593,PRICE,TRAIN,2024-09-08_2025-03-08
LWSA3.SA,BEAR_CALM,-0.051200000000000044,0,HARD_STOP,1,2025-02-17,2025-02-18,-1.1992096716374658,-0.6207814407068133,6.183068239704128,PRICE,TRAIN,2024-09-08_2025-03-08
MGLU3.SA,BEAR_VOLATILE,0.3287492520788148,1,END_CLOSED,52,2025-01-14,2025-03-07,-2.023072582007242,0.2357735451743988,34.30961849152067,PRICE,TRAIN,2024-09-08_2025-03-08
MRVE3.SA,BEAR_CALM,-0.02670088749039814,0,STOP_TECNICO,19,2025-02-05,2025-02-24,-1.26992738666386,-1.2868765637840365,6.4583541182213295,PRICE,TRAIN,2024-09-08_2025-03-08
MULT3.SA,BEAR_VOLATILE,-0.008394170855726933,0,TIME_STOP,13,2025-01-07,2025-01-20,-0.08654250111945458,0.6245371870980367,34.30961849152067,PRICE,TRAIN,2024-09-08_2025-03-08
MULT3.SA,BEAR_CALM,-0.005378175607363443,0,TIME_STOP,30,2025-01-27,2025-02-26,-0.1608214231240001,0.1736910341785255,17.903549170683654,PRICE,TRAIN,2024-09-08_2025-03-08
PCAR3.SA,BEAR_CALM,-0.051379164300996004,0,HARD_STOP,7,2025-01-27,2025-02-03,-1.7797035336279368,1.1137387607120428,4.222949592032781,PRICE,TRAIN,2024-09-08_2025-03-08
PCAR3.SA,BEAR_CALM,-0.05286055458800034,0,HARD_STOP,5,2025-02-21,2025-02-26,-1.3557495802572572,-0.13494499642711047,3.047676894936076,PRICE,TRAIN,2024-09-08_2025-03-08
PRIO3.SA,BEAR_CALM,-0.00995336404181437,0,TIME_STOP,12,2025-02-21,2025-03-05,-1.3553823111256686,0.504932237623685,5.681980447597756,PRICE,TRAIN,2024-09-08_2025-03-08
RADL3.SA,BEAR_VOLATILE,-0.006007655315623216,0,TIME_STOP,11,2025-01-16,2025-01-27,-1.7339612969250429,-1.3731202135423226,28.76916410011685,PRICE,TRAIN,2024-09-08_2025-03-08
RAIL3.SA,BEAR_VOLATILE,-0.051200000000000155,0,HARD_STOP,5,2025-01-08,2025-01-13,-1.1474194615357391,0.20366772537403513,7.602607496526993,PRICE,TRAIN,2024-09-08_2025-03-08
RAIL3.SA,BEAR_VOLATILE,-0.004731425268854193,0,STOP_TECNICO,37,2025-01-22,2025-02-28,-2.175953318738102,-0.7978333379112835,25.43492565607065,PRICE,TRAIN,2024-09-08_2025-03-08
RAIZ4.SA,BEAR_VOLATILE,-0.05236285052796965,0,HARD_STOP,1,2025-01-07,2025-01-08,-1.8260743158716588,0.0785361400771315,32.59072729504217,PRICE,TRAIN,2024-09-08_2025-03-08
RAIZ4.SA,BEAR_VOLATILE,-0.07775501109673125,0,HARD_STOP,5,2025-01-15,2025-01-20,-0.251854019118441,-0.3926613983065495,25.393729255252314,PRICE,TRAIN,2024-09-08_2025-03-08
RAIZ4.SA,BEAR_VOLATILE,-0.051200000000000044,0,HARD_STOP,7,2025-01-27,2025-02-03,-1.0251198265123178,-0.20795993685751793,28.53127501914406,PRICE,TRAIN,2024-09-08_2025-03-08
RAIZ4.SA,BEAR_VOLATILE,-0.051200000000000044,0,HARD_STOP,7,2025-02-10,2025-02-17,-2.395585695646242,0.8961558448808907,24.26272250017578,PRICE,TRAIN,2024-09-08_2025-03-08
RAIZ4.SA,BEAR_VOLATILE,0.02232938866532872,1,END_CLOSED,11,2025-02-24,2025-03-07,-0.30670018070965904,-2.1313442989848745,18.720548157521442,PRICE,TRAIN,2024-09-08_2025-03-08
RDOR3.SA,BEAR_CALM,0.08222816935203112,1,BEAR_OPTIMIZED,19,2025-01-08,2025-01-27,-1.3678675352720204,0.6111940692459882,11.976726004932418,PRICE,TRAIN,2024-09-08_2025-03-08
RECV3.SA,BEAR_CALM,-0.034818579898743506,0,TIME_STOP,16,2025-01-07,2025-01-23,-0.8399919167063848,1.2465456079477961,2.2476749108647343,PRICE,TRAIN,2024-09-08_2025-03-08
RECV3.SA,BEAR_CALM,-0.018213226956994698,0,TIME_STOP,12,2025-01-31,2025-02-12,0.20321888317221742,0.5438232552123683,1.9283708639606743,PRICE,TRAIN,2024-09-08_2025-03-08
RECV3.SA,BEAR_CALM,-0.003084386135367344,0,TIME_STOP,11,2025-02-17,2025-02-28,1.0128522115183867,0.16748201403229107,2.0706008960730835,PRICE,TRAIN,2024-09-08_2025-03-08
RECV3.SA,BEAR_CALM,0.028039734480306368,1,END_CLOSED,2,2025-03-05,2025-03-07,-1.3772429775558048,0.3211710645000162,1.100279141991536,PRICE,TRAIN,2024-09-08_2025-03-08
RENT3.SA,BEAR_CALM,-0.051200000000000044,0,HARD_STOP,1,2025-01-09,2025-01-10,-0.4366930732419289,-0.1582621268464857,34.30961849152067,PRICE,TRAIN,2024-09-08_2025-03-08
RENT3.SA,BEAR_CALM,-0.026708448938356798,0,TIME_STOP,14,2025-01-15,2025-01-29,-0.6573366979016045,-0.15539377137086002,34.30961849152067,PRICE,TRAIN,2024-09-08_2025-03-08
SANB11.SA,BEAR_VOLATILE,0.0607609051170924,1,BEAR_OPTIMIZED,1,2025-02-04,2025-02-05,-1.0604596823863153,-0.9092307863506498,6.142271784410783,PRICE,TRAIN,2024-09-08_2025-03-08
SANB11.SA,BEAR_VOLATILE,0.03699175198038649,1,BEAR_OPTIMIZED,1,2025-02-13,2025-02-14,-0.6569832647099679,-1.5109336662030959,6.259746430112337,PRICE,TRAIN,2024-09-08_2025-03-08
SANB11.SA,BEAR_CALM,0.028573731900372358,1,END_CLOSED,7,2025-02-28,2025-03-07,-0.8796164210528795,-2.220012043914455,8.331557273198264,PRICE,TRAIN,2024-09-08_2025-03-08
SMFT3.SA,BEAR_CALM,-0.007907781075012131,0,STOP_TECNICO,34,2025-01-07,2025-02-10,-0.09429736025894103,-0.5881442595582876,16.53594748413399,PRICE,TRAIN,2024-09-08_2025-03-08
SMFT3.SA,BEAR_CALM,-0.051200000000000044,0,HARD_STOP,4,2025-02-24,2025-02-28,-0.8428097160744586,-1.016477835700531,3.446086928219276,PRICE,TRAIN,2024-09-08_2025-03-08
SMFT3.SA,BEAR_VOLATILE,0.05166609017961563,1,END_CLOSED,2,2025-03-05,2025-03-07,-1.0143477435857768,-2.189427219417167,4.773421646489896,PRICE,TRAIN,2024-09-08_2025-03-08
TIMS3.SA,BEAR_VOLATILE,0.11095648291144253,1,BEAR_OPTIMIZED,12,2025-01-10,2025-01-22,-1.829500940277412,0.05764707317347493,30.60648939149774,PRICE,TRAIN,2024-09-08_2025-03-08
UGPA3.SA,BEAR_CALM,-0.003650885515537071,0,TIME_STOP,12,2025-02-12,2025-02-24,-1.1416486250556968,1.3687817416771213,4.316489321830201,PRICE,TRAIN,2024-09-08_2025-03-08
UGPA3.SA,BEAR_CALM,0.02646347000018432,1,END_CLOSED,2,2025-03-05,2025-03-07,-1.2916589278481179,0.8738551867680592,2.811750128662264,PRICE,TRAIN,2024-09-08_2025-03-08
USIM5.SA,BEAR_VOLATILE,0.2661684170371609,1,END_CLOSED,53,2025-01-13,2025-03-07,-1.163918033932997,-0.061608094109688566,1000.0,PRICE,TRAIN,2024-09-08_2025-03-08
VALE3.SA,BEAR_CALM,0.11042070302355075,1,BEAR_OPTIMIZED,29,2025-01-23,2025-02-21,-0.6202264875246374,-0.8069149309644925,20.82099585053902,PRICE,TRAIN,2024-09-08_2025-03-08
VALE3.SA,SIDEWAYS_CALM,-0.002076102613635465,0,END_CLOSED,10,2025-02-25,2025-03-07,-0.5915797604427515,-0.8440905092945373,7.085303530389887,PRICE,TRAIN,2024-09-08_2025-03-08
VBBR3.SA,BEAR_VOLATILE,-0.051200000000000044,0,HARD_STOP,9,2025-01-07,2025-01-16,-0.5457052154680746,-0.11266418415176332,34.30961849152067,PRICE,TRAIN,2024-09-08_2025-03-08
VBBR3.SA,BEAR_CALM,-0.0567870921956888,0,HARD_STOP,13,2025-01-21,2025-02-03,-1.1224504612668729,-1.556929255778444,34.30961849152067,PRICE,TRAIN,2024-09-08_2025-03-08
VBBR3.SA,BEAR_CALM,-0.010405965049062237,0,TIME_STOP,13,2025-02-11,2025-02-24,-1.9501840931840435,-0.03148039423080736,13.13646656430407,PRICE,TRAIN,2024-09-08_2025-03-08
YDUQ3.SA,BEAR_CALM,-0.05687933136527403,0,HARD_STOP,6,2025-01-08,2025-01-14,-1.4502594875476087,0.17193686185340362,9.287203878788315,PRICE,TRAIN,2024-09-08_2025-03-08
YDUQ3.SA,BEAR_CALM,0.3531306286685093,1,BEAR_OPTIMIZED,28,2025-01-20,2025-02-17,-0.599219148752878,0.7220984274393836,8.976713547225293,PRICE,TRAIN,2024-09-08_2025-03-08
YDUQ3.SA,BULL_CALM,-0.05119999999999993,0,HARD_STOP,3,2025-02-25,2025-02-28,-0.2589078211058209,0.3662504989698528,13.862357865296618,PRICE,TRAIN,2024-09-08_2025-03-08
ABEV3.SA,BEAR_CALM,0.13428368523651688,1,BEAR_OPTIMIZED,20,2025-02-07,2025-02-27,-0.36730296929136685,0.7135216363724213,25.046340505123684,PRICE,TRAIN,2024-10-08_2025-04-08
ASAI3.SA,BEAR_VOLATILE,-0.0012,0,STOP_TECNICO,14,2025-02-06,2025-02-20,-1.0226881739212987,-0.6574099946529536,8.655651729197011,PRICE,TRAIN,2024-10-08_2025-04-08
ASAI3.SA,SIDEWAYS_CALM,-0.051200000000000044,0,HARD_STOP,5,2025-04-02,2025-04-07,-0.5571445556320433,0.3424749370787601,15.332260777840437,PRICE,TRAIN,2024-10-08_2025-04-08
AURE3.SA,BEAR_VOLATILE,-0.020962859848650116,0,TIME_STOP,17,2025-03-14,2025-03-31,-0.7564170326194397,0.6163195191304425,8.686426955281012,PRICE,TRAIN,2024-10-08_2025-04-08
AURE3.SA,BEAR_CALM,0.0014666516471234304,1,END_CLOSED,1,2025-04-07,2025-04-08,0.4568859413128144,-0.7138365430503214,5.712913638349724,PRICE,TRAIN,2024-10-08_2025-04-08
BBDC3.SA,BEAR_CALM,-0.051200000000000155,0,HARD_STOP,7,2025-02-05,2025-02-12,-0.44267206916904284,0.20112672401044632,6.650986335896412,PRICE,TRAIN,2024-10-08_2025-04-08
BBDC3.SA,BEAR_CALM,-0.051200000000000044,0,HARD_STOP,9,2025-02-17,2025-02-26,-2.213033005091847,0.23825134508272933,4.177646351795514,PRICE,TRAIN,2024-10-08_2025-04-08
BBDC3.SA,BEAR_CALM,-0.0012,0,END_CLOSED,0,2025-04-08,2025-04-08,-1.0302921173205393,-0.07206195817245672,4.5833641894436985,PRICE,TRAIN,2024-10-08_2025-04-08
BBDC4.SA,BEAR_CALM,-0.051200000000000044,0,HARD_STOP,7,2025-02-05,2025-02-12,-1.2254192423456358,-0.590872193726294,9.817486166876202,PRICE,TRAIN,2024-10-08_2025-04-08
BBDC4.SA,BEAR_CALM,-0.051200000000000044,0,HARD_STOP,7,2025-02-17,2025-02-24,-1.9773673926187538,-0.4912454174378113,5.748101859261551,PRICE,TRAIN,2024-10-08_2025-04-08
BBDC4.SA,BEAR_CALM,0.1218816837778732,1,BEAR_OPTIMIZED,20,2025-03-05,2025-03-25,-0.937978994254455,-1.0044091973762852,3.3657518196980956,PRICE,TRAIN,2024-10-08_2025-04-08
BEEF3.SA,BEAR_CALM,-0.06655951650583716,0,HARD_STOP,8,2025-02-05,2025-02-13,-1.1969045135204144,-0.051684466687247854,10.559440112894732,PRICE,TRAIN,2024-10-08_2025-04-08
BRAP4.SA,BEAR_CALM,-0.015451831280375104,0,TIME_STOP,11,2025-02-17,2025-02-28,-0.9498311971929887,-0.29605005585748473,10.333732175157959,PRICE,TRAIN,2024-10-08_2025-04-08
COGN3.SA,SIDEWAYS_CALM,-0.0012,0,STOP_TECNICO,21,2025-02-07,2025-02-28,-2.427832177417311,-0.5806101807035089,12.673108270524581,PRICE,TRAIN,2024-10-08_2025-04-08
CSAN3.SA,BEAR_VOLATILE,0.00880000000000001,1,STOP_TECNICO,14,2025-02-07,2025-02-21,-2.428022272123538,0.34780914799688933,16.64710765622417,PRICE,TRAIN,2024-10-08_2025-04-08
CSNA3.SA,BEAR_VOLATILE,-0.051200000000000044,0,HARD_STOP,6,2025-03-25,2025-03-31,0.8107022301102126,-1.7515936719197651,9.472743782353849,PRICE,TRAIN,2024-10-08_2025-04-08
CVCB3.SA,BEAR_CALM,0.2828909106302854,1,BEAR_OPTIMIZED,29,2025-02-24,2025-03-25,-0.5704650923490949,-0.043196574707320114,5.451144858144642,PRICE,TRAIN,2024-10-08_2025-04-08
ECOR3.SA,BEAR_CALM,-0.008108470610246242,0,END_CLOSED,1,2025-04-07,2025-04-08,-2.1162286851993977,0.6490581833347628,4.2910904979283515,PRICE,TRAIN,2024-10-08_2025-04-08
EGIE3.SA,BEAR_CALM,0.0913307180031396,1,BEAR_OPTIMIZED,42,2025-02-06,2025-03-20,-1.8324406109996425,-0.14267073129472688,7.506497306126752,PRICE,TRAIN,2024-10-08_2025-04-08
ENEV3.SA,BEAR_VOLATILE,-0.0054265588383199045,0,TIME_STOP,16,2025-02-12,2025-02-28,0.9030751093258457,-0.4809037889107045,4.513904913107023,PRICE,TRAIN,2024-10-08_2025-04-08
ENEV3.SA,BEAR_CALM,0.057774405581717404,1,BEAR_OPTIMIZED,8,2025-03-05,2025-03-13,0.1142543078992126,-0.40456834026023697,6.001695087112552,PRICE,TRAIN,2024-10-08_2025-04-08
ENEV3.SA,BEAR_CALM,0.0013167561056358424,1,END_CLOSED,4,2025-04-04,2025-04-08,0.678909532357837,-0.0322233180463636,6.241844259037635,PRICE,TRAIN,2024-10-08_2025-04-08
ENGI11.SA,BEAR_VOLATILE,-0.0097659879419403,0,TIME_STOP,18,2025-02-06,2025-02-24,-0.7634805720768586,-0.6153719830556775,6.760606863901553,PRICE,TRAIN,2024-10-08_2025-04-08
FLRY3.SA,BEAR_CALM,-0.002055389492041114,0,TIME_STOP,17,2025-02-07,2025-02-24,-2.316053596960596,0.7613810950873721,8.209428074772086,PRICE,TRAIN,2024-10-08_2025-04-08
FLRY3.SA,BEAR_VOLATILE,0.04981404085625716,1,END_CLOSED,34,2025-03-05,2025-04-08,-1.8189624225789645,-0.26260114584192074,4.884723346728431,PRICE,TRAIN,2024-10-08_2025-04-08
GGBR4.SA,BEAR_CALM,-0.018070462287193688,0,TIME_STOP,11,2025-03-17,2025-03-28,-0.060234790140776755,-0.5810622752004628,5.185979548122776,PRICE,TRAIN,2024-10-08_2025-04-08
GGBR4.SA,BEAR_CALM,-0.07629157860854288,0,HARD_STOP,2,2025-04-02,2025-04-04,-0.5488929949384262,0.18388824149611516,2.332272203331697,PRICE,TRAIN,2024-10-08_2025-04-08
GOAU4.SA,BEAR_CALM,-0.07373889141046289,0,HARD_STOP,4,2025-03-27,2025-03-31,-0.01829498476714796,0.12084597688633335,3.3392442807438503,PRICE,TRAIN,2024-10-08_2025-04-08
HAPV3.SA,BEAR_CALM,0.003110388769180218,1,STOP_TECNICO,7,2025-02-05,2025-02-12,-0.889964775486137,-0.7193532453886388,8.12885198717229,PRICE,TRAIN,2024-10-08_2025-04-08
HAPV3.SA,BEAR_CALM,0.00880000000000001,1,STOP_TECNICO,1,2025-02-13,2025-02-14,-1.620667975012223,-0.33068044327404017,5.595150045100649,PRICE,TRAIN,2024-10-08_2025-04-08
HAPV3.SA,BEAR_CALM,-0.051200000000000044,0,HARD_STOP,2,2025-02-17,2025-02-19,-2.403988485633037,-0.8014627942465301,5.061388226369079,PRICE,TRAIN,2024-10-08_2025-04-08
HAPV3.SA,BEAR_CALM,-0.05949604262516397,0,HARD_STOP,2,2025-02-24,2025-02-26,-1.978466860490536,-0.42989482438418913,2.605343380273326,PRICE,TRAIN,2024-10-08_2025-04-08
HYPE3.SA,BEAR_CALM,0.00880000000000001,1,STOP_TECNICO,43,2025-02-06,2025-03-21,-0.8531697720955658,0.15881785873164114,5.829555551720803,PRICE,TRAIN,2024-10-08_2025-04-08
HYPE3.SA,BEAR_CALM,-0.05862082382239244,0,HARD_STOP,5,2025-04-03,2025-04-08,-0.7059594371318515,0.5976680263080938,11.04336140936926,PRICE,TRAIN,2024-10-08_2025-04-08
IGTI11.SA,BEAR_CALM,-0.051200000000000155,0,HARD_STOP,4,2025-02-21,2025-02-25,-1.1560560380898872,0.0027479335631659177,6.373012639088845,PRICE,TRAIN,2024-10-08_2025-04-08
IGTI11.SA,BEAR_CALM,-0.008226908868988712,0,END_CLOSED,1,2025-04-07,2025-04-08,-0.034023553323664066,-2.7480437138376486,4.809797830143331,PRICE,TRAIN,2024-10-08_2025-04-08
KLBN11.SA,BEAR_CALM,-0.051200000000000044,0,HARD_STOP,11,2025-03-28,2025-04-08,-1.3875059140317856,-0.23985740370719483,31.663646137211444,PRICE,TRAIN,2024-10-08_2025-04-08
LREN3.SA,BEAR_CALM,-0.05124240960619022,0,HARD_STOP,3,2025-02-21,2025-02-24,-1.1946372140077304,-2.537883604203168,2.2786036491493094,PRICE,TRAIN,2024-10-08_2025-04-08
LREN3.SA,BEAR_VOLATILE,0.0854510912078564,1,END_CLOSED,34,2025-03-05,2025-04-08,-0.3437622268673363,-2.6286197168125267,5.717335179157959,PRICE,TRAIN,2024-10-08_2025-04-08
LWSA3.SA,BEAR_CALM,-0.051200000000000044,0,HARD_STOP,1,2025-02-17,2025-02-18,-1.1992096716374658,-0.6207814407068133,6.183068239704128,PRICE,TRAIN,2024-10-08_2025-04-08
LWSA3.SA,BEAR_VOLATILE,-0.051200000000000044,0,HARD_STOP,2,2025-03-19,2025-03-21,-1.0429388936206612,-0.4992430310912497,9.185881305056247,PRICE,TRAIN,2024-10-08_2025-04-08
MGLU3.SA,BEAR_CALM,0.00880000000000001,1,STOP_TECNICO,7,2025-02-28,2025-03-07,-1.7948281618499466,-0.22964822783256245,6.3738438251595015,PRICE,TRAIN,2024-10-08_2025-04-08
MGLU3.SA,BEAR_CALM,0.0630423465915769,1,END_CLOSED,29,2025-03-10,2025-04-08,-1.1667427833705406,0.004830477941608472,5.856618833120439,PRICE,TRAIN,2024-10-08_2025-04-08
MRVE3.SA,BEAR_CALM,-0.02670088749039814,0,STOP_TECNICO,19,2025-02-05,2025-02-24,-1.26992738666386,-1.2868765637840365,6.4583541182213295,PRICE,TRAIN,2024-10-08_2025-04-08
MULT3.SA,BEAR_VOLATILE,-0.006132678960744119,0,TIME_STOP,11,2025-02-10,2025-02-21,-0.10857139861592541,-0.10874161705862263,12.459586903979794,PRICE,TRAIN,2024-10-08_2025-04-08
PCAR3.SA,BEAR_CALM,-0.05286055458800034,0,HARD_STOP,5,2025-02-21,2025-02-26,-1.3557495802572572,-0.13494499642711047,3.047676894936076,PRICE,TRAIN,2024-10-08_2025-04-08
PRIO3.SA,BEAR_CALM,-0.00995336404181437,0,TIME_STOP,12,2025-02-21,2025-03-05,-1.3553823111256686,0.504932237623685,5.681980447597756,PRICE,TRAIN,2024-10-08_2025-04-08
PRIO3.SA,BEAR_CALM,-0.019851664561959324,0,STOP_TECNICO,24,2025-03-10,2025-04-03,-0.7821454961479135,-1.4339330977802875,10.002163051855767,PRICE,TRAIN,2024-10-08_2025-04-08
RAIZ4.SA,BEAR_VOLATILE,-0.051200000000000044,0,HARD_STOP,10,2025-02-07,2025-02-17,-1.961459764949408,0.6726582881272889,21.187680651965028,PRICE,TRAIN,2024-10-08_2025-04-08
RAIZ4.SA,BEAR_VOLATILE,-0.00708234716633218,0,STOP_TECNICO,42,2025-02-24,2025-04-07,-0.30670018070965904,-2.1313442989848745,18.720548157521442,PRICE,TRAIN,2024-10-08_2025-04-08
RECV3.SA,BEAR_CALM,0.006457928183445018,1,STOP_TECNICO,19,2025-02-05,2025-02-24,0.8179208909204535,-0.4609594439783604,2.115484646256259,PRICE,TRAIN,2024-10-08_2025-04-08
RECV3.SA,BEAR_CALM,-0.0075816499683859714,0,TIME_STOP,15,2025-02-25,2025-03-12,-1.4728937384677547,-0.8926932502206085,1.2326827712105721,PRICE,TRAIN,2024-10-08_2025-04-08
RECV3.SA,BEAR_CALM,-0.010329589841616048,0,TIME_STOP,15,2025-03-17,2025-04-01,-1.8484701486248107,-0.059925649322692634,1.2446526321879332,PRICE,TRAIN,2024-10-08_2025-04-08
RECV3.SA,BEAR_VOLATILE,-0.02115716736102593,0,END_CLOSED,1,2025-04-07,2025-04-08,-0.05435417957187632,-1.2433618784008527,2.9694382152147925,PRICE,TRAIN,2024-10-08_2025-04-08
RENT3.SA,BEAR_VOLATILE,0.08707114238252997,1,END_CLOSED,14,2025-03-25,2025-04-08,0.047776249921429176,0.06818580389377425,4.8657420643121165,PRICE,TRAIN,2024-10-08_2025-04-08
SANB11.SA,BEAR_VOLATILE,0.03699175198038649,1,BEAR_OPTIMIZED,1,2025-02-13,2025-02-14,-0.6569832647099679,-1.5109336662030959,6.259746430112337,PRICE,TRAIN,2024-10-08_2025-04-08
SANB11.SA,BEAR_CALM,-0.007551755019610938,0,TIME_STOP,11,2025-02-28,2025-03-11,-0.8796164210528795,-2.220012043914455,8.331557273198264,PRICE,TRAIN,2024-10-08_2025-04-08
SMFT3.SA,BEAR_CALM,-0.003893907953603913,0,TIME_STOP,13,2025-02-12,2025-02-25,-1.4984952391294017,0.10689326421154705,3.9763701863312098,PRICE,TRAIN,2024-10-08_2025-04-08
SMFT3.SA,BEAR_VOLATILE,0.1479375516775455,1,BEAR_OPTIMIZED,14,2025-03-05,2025-03-19,-1.0143477435857768,-2.189427219417167,4.773421646489896,PRICE,TRAIN,2024-10-08_2025-04-08
SUZB3.SA,BEAR_CALM,-0.008249160221319628,0,END_CLOSED,5,2025-04-03,2025-04-08,-1.3026378788541761,-0.3449960165208036,1000.0,PRICE,TRAIN,2024-10-08_2025-04-08
UGPA3.SA,BEAR_CALM,-0.003650885515537071,0,TIME_STOP,12,2025-02-12,2025-02-24,-1.1416486250556968,1.3687817416771213,4.316489321830201,PRICE,TRAIN,2024-10-08_2025-04-08
UGPA3.SA,BEAR_CALM,0.06054744534918819,1,END_CLOSED,34,2025-03-05,2025-04-08,-1.2916589278481179,0.8738551867680592,2.811750128662264,PRICE,TRAIN,2024-10-08_2025-04-08
USIM5.SA,BEAR_CALM,-0.07238060902036794,0,HARD_STOP,1,2025-04-03,2025-04-04,-0.9667849222487981,0.09282534663270062,10.742627821348643,PRICE,TRAIN,2024-10-08_2025-04-08
VALE3.SA,BEAR_CALM,0.04352781432697359,1,BEAR_OPTIMIZED,7,2025-02-14,2025-02-21,-0.9027941659567396,0.11858322516758242,8.068213880156135,PRICE,TRAIN,2024-10-08_2025-04-08
VALE3.SA,SIDEWAYS_CALM,-0.018246008003611112,0,TIME_STOP,13,2025-02-25,2025-03-10,-0.5915797604427515,-0.8440905092945373,7.085303530389887,PRICE,TRAIN,2024-10-08_2025-04-08
VALE3.SA,SIDEWAYS_VOLATILE,-0.051200000000000044,0,HARD_STOP,1,2025-04-03,2025-04-04,-0.7382709004431675,-0.013221803841891427,10.773315768052472,PRICE,TRAIN,2024-10-08_2025-04-08
VBBR3.SA,BEAR_CALM,-0.010405965049062237,0,TIME_STOP,13,2025-02-11,2025-02-24,-1.9501840931840435,-0.03148039423080736,13.13646656430407,PRICE,TRAIN,2024-10-08_2025-04-08
VBBR3.SA,BEAR_VOLATILE,0.06339473243378033,1,END_CLOSED,27,2025-03-12,2025-04-08,-0.8923676654162522,-0.7683916501815088,3.984325735683243,PRICE,TRAIN,2024-10-08_2025-04-08
YDUQ3.SA,BEAR_CALM,0.20521294143853872,1,BEAR_OPTIMIZED,12,2025-02-05,2025-02-17,-0.5994652762907972,-0.46559159412881945,5.614805788428775,PRICE,TRAIN,2024-10-08_2025-04-08
YDUQ3.SA,BULL_CALM,-0.05119999999999993,0,HARD_STOP,3,2025-02-25,2025-02-28,-0.2589078211058209,0.3662504989698528,13.862357865296618,PRICE,TRAIN,2024-10-08_2025-04-08
ASAI3.SA,SIDEWAYS_CALM,-0.051200000000000044,0,HARD_STOP,5,2025-04-02,2025-04-07,-0.5571445556320433,0.3424749370787601,15.332260777840437,PRICE,TRAIN,2024-11-08_2025-05-08
AURE3.SA,BEAR_VOLATILE,-0.020962859848650116,0,TIME_STOP,17,2025-03-14,2025-03-31,-0.7564170326194397,0.6163195191304425,8.686426955281012,PRICE,TRAIN,2024-11-08_2025-05-08
AURE3.SA,BEAR_CALM,0.24844004299002917,1,END_CLOSED,31,2025-04-07,2025-05-08,0.4568859413128144,-0.7138365430503214,5.712913638349724,PRICE,TRAIN,2024-11-08_2025-05-08
AZUL4.SA,BEAR_CALM,-0.051200000000000044,0,HARD_STOP,1,2025-04-09,2025-04-10,-1.4679500844193698,0.35798206596866516,27.413193083558223,PRICE,TRAIN,2024-11-08_2025-05-08
AZUL4.SA,BEAR_CALM,-0.24235756440464154,0,HARD_STOP,9,2025-04-15,2025-04-24,-1.303710244109806,-0.8212443651135214,13.998084596226247,PRICE,TRAIN,2024-11-08_2025-05-08
AZUL4.SA,BEAR_VOLATILE,-0.15637240198084737,0,HARD_STOP,1,2025-04-29,2025-04-30,0.03979506866573878,-0.7389248759277844,1000.0,PRICE,TRAIN,2024-11-08_2025-05-08
BBDC3.SA,BEAR_CALM,0.05554395708207225,1,BEAR_OPTIMIZED,6,2025-04-08,2025-04-14,-1.0302921173205393,-0.07206195817245672,4.5833641894436985,PRICE,TRAIN,2024-11-08_2025-05-08
BBDC4.SA,BEAR_CALM,0.12194387832285244,1,BEAR_OPTIMIZED,13,2025-03-12,2025-03-25,-0.879297033454094,0.0879192954065518,3.0408521835247573,PRICE,TRAIN,2024-11-08_2025-05-08
BRAP4.SA,BEAR_VOLATILE,0.06479292678089807,1,BEAR_OPTIMIZED,8,2025-04-16,2025-04-24,-0.5927678339023995,-0.9673397653877914,5.650110882914594,PRICE,TRAIN,2024-11-08_2025-05-08
BRAP4.SA,SIDEWAYS_VOLATILE,-0.007994379987218768,0,END_CLOSED,8,2025-04-30,2025-05-08,-0.32978443565331883,-0.9375016932597232,4.8422982037693005,PRICE,TRAIN,2024-11-08_2025-05-08
BRKM5.SA,BEAR_VOLATILE,-0.05119999999999993,0,HARD_STOP,1,2025-04-14,2025-04-15,0.18213873113861698,-0.3644450445243693,25.446496117453908,PRICE,TRAIN,2024-11-08_2025-05-08
CSNA3.SA,BEAR_VOLATILE,-0.051200000000000044,0,HARD_STOP,6,2025-03-25,2025-03-31,0.8107022301102126,-1.7515936719197651,9.472743782353849,PRICE,TRAIN,2024-11-08_2025-05-08
CSNA3.SA,BEAR_VOLATILE,0.14386543271867266,1,END_CLOSED,29,2025-04-09,2025-05-08,1.0209522978777965,-1.7342629036870343,5.476189634665692,PRICE,TRAIN,2024-11-08_2025-05-08
ECOR3.SA,BEAR_CALM,-0.051200000000000044,0,HARD_STOP,2,2025-04-07,2025-04-09,-2.1162286851993977,0.6490581833347628,4.2910904979283515,PRICE,TRAIN,2024-11-08_2025-05-08
EGIE3.SA,BEAR_CALM,0.048893807929199264,1,BEAR_OPTIMIZED,7,2025-03-13,2025-03-20,-2.744909951640826,0.19473759368055255,4.036563388551229,PRICE,TRAIN,2024-11-08_2025-05-08
ENEV3.SA,BEAR_CALM,0.03403490550383679,1,BEAR_OPTIMIZED,5,2025-04-04,2025-04-09,0.678909532357837,-0.0322233180463636,6.241844259037635,PRICE,TRAIN,2024-11-08_2025-05-08
FLRY3.SA,BEAR_VOLATILE,0.21055372649232548,1,BEAR_OPTIMIZED,43,2025-03-12,2025-04-24,-1.5547188112265506,-1.0795316670964805,4.1741356670106455,PRICE,TRAIN,2024-11-08_2025-05-08
GGBR4.SA,BEAR_CALM,-0.018070462287193688,0,TIME_STOP,11,2025-03-17,2025-03-28,-0.060234790140776755,-0.5810622752004628,5.185979548122776,PRICE,TRAIN,2024-11-08_2025-05-08
GGBR4.SA,BEAR_CALM,-0.07629157860854288,0,HARD_STOP,2,2025-04-02,2025-04-04,-0.5488929949384262,0.18388824149611516,2.332272203331697,PRICE,TRAIN,2024-11-08_2025-05-08
GGBR4.SA,BEAR_VOLATILE,0.023559219733283766,1,END_CLOSED,28,2025-04-10,2025-05-08,-0.5621389407559374,-0.45209577530044626,20.289775554261432,PRICE,TRAIN,2024-11-08_2025-05-08
GOAU4.SA,BEAR_CALM,-0.07373889141046289,0,HARD_STOP,4,2025-03-27,2025-03-31,-0.01829498476714796,0.12084597688633335,3.3392442807438503,PRICE,TRAIN,2024-11-08_2025-05-08
GOAU4.SA,BEAR_VOLATILE,0.03606714937195075,1,END_CLOSED,28,2025-04-10,2025-05-08,-0.1796620192346863,0.02911944310177063,26.018971035327816,PRICE,TRAIN,2024-11-08_2025-05-08
HAPV3.SA,BEAR_CALM,0.1376888987003538,1,END_CLOSED,29,2025-04-09,2025-05-08,-1.7169774490417595,-0.005024063815707222,2.89514209659016,PRICE,TRAIN,2024-11-08_2025-05-08
HYPE3.SA,BEAR_CALM,-0.05862082382239244,0,HARD_STOP,5,2025-04-03,2025-04-08,-0.7059594371318515,0.5976680263080938,11.04336140936926,PRICE,TRAIN,2024-11-08_2025-05-08
HYPE3.SA,BEAR_CALM,0.1955545992436046,1,BEAR_OPTIMIZED,10,2025-04-14,2025-04-24,-1.856569259517207,0.13942381416968264,5.184547656104773,PRICE,TRAIN,2024-11-08_2025-05-08
IGTI11.SA,BEAR_CALM,0.0701513642766741,1,BEAR_OPTIMIZED,10,2025-04-07,2025-04-17,-0.034023553323664066,-2.7480437138376486,4.809797830143331,PRICE,TRAIN,2024-11-08_2025-05-08
KLBN11.SA,BEAR_CALM,-0.051200000000000044,0,HARD_STOP,11,2025-03-28,2025-04-08,-1.3875059140317856,-0.23985740370719483,31.663646137211444,PRICE,TRAIN,2024-11-08_2025-05-08
KLBN11.SA,BEAR_VOLATILE,0.07794838915093946,1,END_CLOSED,24,2025-04-14,2025-05-08,-0.16860232561129976,-0.20883521591236812,34.30961849152067,PRICE,TRAIN,2024-11-08_2025-05-08
LWSA3.SA,BEAR_VOLATILE,-0.051200000000000044,0,HARD_STOP,2,2025-03-19,2025-03-21,-1.0429388936206612,-0.4992430310912497,9.185881305056247,PRICE,TRAIN,2024-11-08_2025-05-08
MGLU3.SA,SIDEWAYS_CALM,0.00880000000000001,1,STOP_TECNICO,1,2025-04-23,2025-04-24,0.16516318478111233,-0.2746064661497929,11.66166684297687,PRICE,TRAIN,2024-11-08_2025-05-08
MGLU3.SA,SIDEWAYS_CALM,-0.051200000000000044,0,HARD_STOP,5,2025-04-30,2025-05-05,-0.9994554070443877,-2.1896845334688493,13.45830334337811,PRICE,TRAIN,2024-11-08_2025-05-08
PRIO3.SA,BEAR_CALM,-0.0025557276467590637,0,STOP_TECNICO,22,2025-03-12,2025-04-03,-0.6621429974481454,-1.4651543257734818,13.61694564304429,PRICE,TRAIN,2024-11-08_2025-05-08
PRIO3.SA,BEAR_CALM,-0.009585214039901556,0,END_CLOSED,2,2025-05-06,2025-05-08,-1.3870468936693778,0.35657876042185527,5.090920169715194,PRICE,TRAIN,2024-11-08_2025-05-08
RADL3.SA,BEAR_VOLATILE,-0.051200000000000044,0,HARD_STOP,7,2025-04-17,2025-04-24,-0.9685358605569107,-1.124384938855594,5.080496046238937,PRICE,TRAIN,2024-11-08_2025-05-08
RAIZ4.SA,BEAR_CALM,0.00880000000000001,1,STOP_TECNICO,23,2025-03-12,2025-04-04,-1.5574235194035178,-1.8224935889444462,9.457336454271767,PRICE,TRAIN,2024-11-08_2025-05-08
RECV3.SA,BEAR_CALM,0.007149382489108548,1,STOP_TECNICO,22,2025-03-12,2025-04-03,-0.9659865232785108,0.1750379150339751,1.1906144566775578,PRICE,TRAIN,2024-11-08_2025-05-08
RECV3.SA,BEAR_VOLATILE,-0.051200000000000155,0,HARD_STOP,4,2025-04-04,2025-04-08,-0.2079709890333218,-1.8231353672965895,1.8331557188284586,PRICE,TRAIN,2024-11-08_2025-05-08
RENT3.SA,BEAR_VOLATILE,0.1745596643069963,1,BEAR_OPTIMIZED,17,2025-03-25,2025-04-11,0.047776249921429176,0.06818580389377425,4.8657420643121165,PRICE,TRAIN,2024-11-08_2025-05-08
SUZB3.SA,BEAR_CALM,-0.00550783673424262,0,TIME_STOP,25,2025-04-03,2025-04-28,-1.3026378788541761,-0.3449960165208036,1000.0,PRICE,TRAIN,2024-11-08_2025-05-08
SUZB3.SA,BEAR_CALM,0.019220353331428,1,END_CLOSED,2,2025-05-06,2025-05-08,-1.1709404090138829,-0.6832005923639485,20.973825411692776,PRICE,TRAIN,2024-11-08_2025-05-08
UGPA3.SA,BEAR_CALM,0.03130481591460397,1,END_CLOSED,57,2025-03-12,2025-05-08,-1.3337978313793595,0.6500625275249079,1.6492937942313795,PRICE,TRAIN,2024-11-08_2025-05-08
USIM5.SA,BEAR_CALM,-0.07238060902036794,0,HARD_STOP,1,2025-04-03,2025-04-04,-0.9667849222487981,0.09282534663270062,10.742627821348643,PRICE,TRAIN,2024-11-08_2025-05-08
USIM5.SA,BEAR_VOLATILE,0.00880000000000001,1,STOP_TECNICO,21,2025-04-11,2025-05-02,-0.6014095468011388,0.14485313643467868,4.490785476123865,PRICE,TRAIN,2024-11-08_2025-05-08
USIM5.SA,BEAR_CALM,-0.0012,0,END_CLOSED,0,2025-05-08,2025-05-08,-0.813415855074203,0.3852154234215962,2.642861894718907,PRICE,TRAIN,2024-11-08_2025-05-08
VALE3.SA,SIDEWAYS_VOLATILE,-0.051200000000000044,0,HARD_STOP,1,2025-04-03,2025-04-04,-0.7382709004431675,-0.013221803841891427,10.773315768052472,PRICE,TRAIN,2024-11-08_2025-05-08
VALE3.SA,BEAR_VOLATILE,-0.0015782041507923716,0,TIME_STOP,13,2025-04-17,2025-04-30,-0.7145659824577562,-1.3458159380356947,6.079536431232509,PRICE,TRAIN,2024-11-08_2025-05-08
VBBR3.SA,BEAR_VOLATILE,0.20827625468864416,1,BEAR_OPTIMIZED,43,2025-03-12,2025-04-24,-0.8923676654162522,-0.7683916501815088,3.984325735683243,PRICE,TRAIN,2024-11-08_2025-05-08
ASAI3.SA,BULL_CALM,0.18725627736599634,1,SIGNAL,30,2025-04-09,2025-05-09,0.20254215021839922,0.41658174473931747,8.745505823014762,PRICE,TRAIN,2024-12-08_2025-06-08
AURE3.SA,BEAR_CALM,0.2732289581502375,1,BEAR_OPTIMIZED,36,2025-04-08,2025-05-14,0.3854591945190782,-0.9160107920153661,5.828618922346569,PRICE,TRAIN,2024-12-08_2025-06-08
AZUL4.SA,BEAR_CALM,-0.051200000000000044,0,HARD_STOP,1,2025-04-09,2025-04-10,-1.4679500844193698,0.35798206596866516,27.413193083558223,PRICE,TRAIN,2024-12-08_2025-06-08
AZUL4.SA,BEAR_CALM,-0.24235756440464154,0,HARD_STOP,9,2025-04-15,2025-04-24,-1.303710244109806,-0.8212443651135214,13.998084596226247,PRICE,TRAIN,2024-12-08_2025-06-08
AZUL4.SA,BEAR_VOLATILE,-0.15637240198084737,0,HARD_STOP,1,2025-04-29,2025-04-30,0.03979506866573878,-0.7389248759277844,1000.0,PRICE,TRAIN,2024-12-08_2025-06-08
AZUL4.SA,BEAR_VOLATILE,0.00880000000000001,1,STOP_TECNICO,1,2025-06-02,2025-06-03,-0.7898351678655734,0.139356769983125,1000.0,PRICE,TRAIN,2024-12-08_2025-06-08
AZUL4.SA,BEAR_VOLATILE,-0.031503061318608826,0,END_CLOSED,2,2025-06-04,2025-06-06,-0.41340592945148963,0.8938769015753172,34.30961849152067,PRICE,TRAIN,2024-12-08_2025-06-08
BBDC3.SA,BEAR_CALM,0.05554395708207225,1,BEAR_OPTIMIZED,6,2025-04-08,2025-04-14,-1.0302921173205393,-0.07206195817245672,4.5833641894436985,PRICE,TRAIN,2024-12-08_2025-06-08
BRAP4.SA,BEAR_VOLATILE,0.06479292678089807,1,BEAR_OPTIMIZED,8,2025-04-16,2025-04-24,-0.5927678339023995,-0.9673397653877914,5.650110882914594,PRICE,TRAIN,2024-12-08_2025-06-08
BRAP4.SA,SIDEWAYS_VOLATILE,-0.004906109337576979,0,TIME_STOP,22,2025-04-30,2025-05-22,-0.32978443565331883,-0.9375016932597232,4.8422982037693005,PRICE,TRAIN,2024-12-08_2025-06-08
BRAP4.SA,BEAR_VOLATILE,0.006419037260065742,1,END_CLOSED,2,2025-06-04,2025-06-06,-0.7496922919896849,-1.4957726705712817,5.538580410262819,PRICE,TRAIN,2024-12-08_2025-06-08
BRKM5.SA,BEAR_VOLATILE,-0.05119999999999993,0,HARD_STOP,1,2025-04-14,2025-04-15,0.18213873113861698,-0.3644450445243693,25.446496117453908,PRICE,TRAIN,2024-12-08_2025-06-08
BRKM5.SA,BEAR_CALM,-0.009980502691501546,0,TIME_STOP,13,2025-05-09,2025-05-22,0.038692818179767365,0.16935393401607723,7.229660271531299,PRICE,TRAIN,2024-12-08_2025-06-08
BRKM5.SA,BEAR_CALM,-0.07994020543963135,0,HARD_STOP,6,2025-05-27,2025-06-02,-0.3660125627542072,-0.9737635848747722,2.3331886225342906,PRICE,TRAIN,2024-12-08_2025-06-08
CSNA3.SA,BEAR_VOLATILE,0.00880000000000001,1,STOP_TECNICO,49,2025-04-09,2025-05-28,1.0209522978777965,-1.7342629036870343,5.476189634665692,PRICE,TRAIN,2024-12-08_2025-06-08
CSNA3.SA,BEAR_CALM,-0.05119999999999993,0,HARD_STOP,4,2025-05-29,2025-06-02,0.32981256908939965,-1.1703564069428094,4.5616087398176015,PRICE,TRAIN,2024-12-08_2025-06-08
ECOR3.SA,BEAR_CALM,0.09966959224412228,1,BEAR_OPTIMIZED,6,2025-04-08,2025-04-14,-0.9285168327775873,0.30185197114400997,4.410232209834164,PRICE,TRAIN,2024-12-08_2025-06-08
GGBR4.SA,BEAR_VOLATILE,0.15598750449976814,1,END_CLOSED,57,2025-04-10,2025-06-06,-0.5621389407559374,-0.45209577530044626,20.289775554261432,PRICE,TRAIN,2024-12-08_2025-06-08
GOAU4.SA,BEAR_VOLATILE,0.15522113877410657,1,END_CLOSED,57,2025-04-10,2025-06-06,-0.1796620192346863,0.02911944310177063,26.018971035327816,PRICE,TRAIN,2024-12-08_2025-06-08
HAPV3.SA,BEAR_CALM,0.2305902057640786,1,END_CLOSED,58,2025-04-09,2025-06-06,-1.7169774490417595,-0.005024063815707222,2.89514209659016,PRICE,TRAIN,2024-12-08_2025-06-08
HYPE3.SA,BEAR_CALM,0.21717888622647039,1,BEAR_OPTIMIZED,16,2025-04-08,2025-04-24,-1.9154949743823295,0.6184539423410199,5.875768062213368,PRICE,TRAIN,2024-12-08_2025-06-08
IGTI11.SA,BEAR_CALM,0.07773292763491577,1,BEAR_OPTIMIZED,9,2025-04-08,2025-04-17,-0.2281458538450502,-3.9319593053843818,4.193566569057065,PRICE,TRAIN,2024-12-08_2025-06-08
KLBN11.SA,BEAR_VOLATILE,-0.02646085568093872,0,TIME_STOP,12,2025-04-10,2025-04-22,-0.25664172030610266,-0.22227103306942336,34.30961849152067,PRICE,TRAIN,2024-12-08_2025-06-08
KLBN11.SA,BEAR_CALM,0.0053537076524180285,1,END_CLOSED,7,2025-05-30,2025-06-06,-1.3015438391148226,-0.3645404494923987,7.25894001889554,PRICE,TRAIN,2024-12-08_2025-06-08
MGLU3.SA,SIDEWAYS_CALM,0.00880000000000001,1,STOP_TECNICO,1,2025-04-23,2025-04-24,0.16516318478111233,-0.2746064661497929,11.66166684297687,PRICE,TRAIN,2024-12-08_2025-06-08
MGLU3.SA,SIDEWAYS_CALM,-0.051200000000000044,0,HARD_STOP,5,2025-04-30,2025-05-05,-0.9994554070443877,-2.1896845334688493,13.45830334337811,PRICE,TRAIN,2024-12-08_2025-06-08
MGLU3.SA,BEAR_CALM,0.00880000000000001,1,STOP_TECNICO,11,2025-05-12,2025-05-23,0.16928279851503614,-0.7650075234974041,9.835429644566949,PRICE,TRAIN,2024-12-08_2025-06-08
PRIO3.SA,BEAR_CALM,0.10645483935141273,1,BEAR_OPTIMIZED,28,2025-05-06,2025-06-03,-1.3870468936693778,0.35657876042185527,5.090920169715194,PRICE,TRAIN,2024-12-08_2025-06-08
RADL3.SA,BEAR_VOLATILE,-0.051200000000000044,0,HARD_STOP,7,2025-04-17,2025-04-24,-0.9685358605569107,-1.124384938855594,5.080496046238937,PRICE,TRAIN,2024-12-08_2025-06-08
RAIL3.SA,BEAR_VOLATILE,0.07695084889524448,1,BEAR_OPTIMIZED,15,2025-05-19,2025-06-03,0.5670871006909151,-0.7767191498691765,4.9876481893132265,PRICE,TRAIN,2024-12-08_2025-06-08
RAIZ4.SA,BEAR_CALM,-0.04120002145767212,0,TIME_STOP,11,2025-05-22,2025-06-02,-1.177104639000677,-1.0695006760481307,2.7173671713735743,PRICE,TRAIN,2024-12-08_2025-06-08
SUZB3.SA,BEAR_CALM,-0.017580658591727992,0,TIME_STOP,11,2025-04-25,2025-05-06,-1.3298876465958243,-0.002102756904370627,16.339644280343176,PRICE,TRAIN,2024-12-08_2025-06-08
SUZB3.SA,BEAR_CALM,0.03992252463810373,1,END_CLOSED,10,2025-05-27,2025-06-06,-1.4167581771073046,-1.0697973147887465,6.365111959802609,PRICE,TRAIN,2024-12-08_2025-06-08
UGPA3.SA,BEAR_CALM,-0.019976418056209776,0,STOP_TECNICO,30,2025-04-08,2025-05-08,-1.3692828703981659,0.04622478841363471,3.9225649186964886,PRICE,TRAIN,2024-12-08_2025-06-08
UGPA3.SA,BEAR_CALM,-0.030202932747647758,0,TIME_STOP,11,2025-05-22,2025-06-02,-0.3971361610869674,-2.2360263748462255,4.046661544449877,PRICE,TRAIN,2024-12-08_2025-06-08
USIM5.SA,BEAR_VOLATILE,0.00880000000000001,1,STOP_TECNICO,21,2025-04-11,2025-05-02,-0.6014095468011388,0.14485313643467868,4.490785476123865,PRICE,TRAIN,2024-12-08_2025-06-08
USIM5.SA,BEAR_CALM,-0.051200000000000044,0,HARD_STOP,1,2025-05-08,2025-05-09,-0.813415855074203,0.3852154234215962,2.642861894718907,PRICE,TRAIN,2024-12-08_2025-06-08
USIM5.SA,BEAR_CALM,-0.051200000000000044,0,HARD_STOP,4,2025-05-19,2025-05-23,-0.6192009150687362,-0.5643577134183333,3.1589332508910237,PRICE,TRAIN,2024-12-08_2025-06-08
USIM5.SA,BEAR_CALM,-0.010760265880022123,0,END_CLOSED,8,2025-05-29,2025-06-06,-0.7390569137290245,0.49947837602297107,3.172742990815261,PRICE,TRAIN,2024-12-08_2025-06-08
VALE3.SA,BEAR_VOLATILE,-0.0015782041507923716,0,TIME_STOP,13,2025-04-17,2025-04-30,-0.7145659824577562,-1.3458159380356947,6.079536431232509,PRICE,TRAIN,2024-12-08_2025-06-08
WEGE3.SA,BEAR_VOLATILE,-0.003353521362762367,0,TIME_STOP,25,2025-05-09,2025-06-03,-0.23805940153416183,-1.6754476810038688,9.462912556644795,PRICE,TRAIN,2024-12-08_2025-06-08
AURE3.SA,SIDEWAYS_VOLATILE,0.10497557362014795,1,SIGNAL,38,2025-05-09,2025-06-16,-0.3545595321156375,-0.12256931072940801,21.292691556185563,PRICE,TRAIN,2025-01-08_2025-07-08
AZUL4.SA,BEAR_VOLATILE,0.00880000000000001,1,STOP_TECNICO,1,2025-06-02,2025-06-03,-0.7898351678655734,0.139356769983125,1000.0,PRICE,TRAIN,2025-01-08_2025-07-08
AZUL4.SA,BEAR_VOLATILE,-0.05170506205987393,0,HARD_STOP,8,2025-06-04,2025-06-12,-0.41340592945148963,0.8938769015753172,34.30961849152067,PRICE,TRAIN,2025-01-08_2025-07-08
AZUL4.SA,BEAR_CALM,-0.05170506205987393,0,HARD_STOP,6,2025-06-17,2025-06-23,0.1438981626271281,-0.2660779135243903,34.30961849152067,PRICE,TRAIN,2025-01-08_2025-07-08
BRAP4.SA,SIDEWAYS_CALM,-0.011150194520040756,0,TIME_STOP,18,2025-05-08,2025-05-26,-1.0872883174404773,-0.34732372309434384,4.52888851133427,PRICE,TRAIN,2025-01-08_2025-07-08
BRAP4.SA,BEAR_VOLATILE,-0.017073046990112827,0,TIME_STOP,13,2025-06-04,2025-06-17,-0.7496922919896849,-1.4957726705712817,5.538580410262819,PRICE,TRAIN,2025-01-08_2025-07-08
BRKM5.SA,BEAR_CALM,-0.009980502691501546,0,TIME_STOP,13,2025-05-09,2025-05-22,0.038692818179767365,0.16935393401607723,7.229660271531299,PRICE,TRAIN,2025-01-08_2025-07-08
BRKM5.SA,BEAR_CALM,-0.07994020543963135,0,HARD_STOP,6,2025-05-27,2025-06-02,-0.3660125627542072,-0.9737635848747722,2.3331886225342906,PRICE,TRAIN,2025-01-08_2025-07-08
BRKM5.SA,BEAR_CALM,-0.044974301649235014,0,TIME_STOP,11,2025-06-09,2025-06-20,-1.213521648706961,-2.3003094493003196,2.5651225433779508,PRICE,TRAIN,2025-01-08_2025-07-08
BRKM5.SA,BEAR_VOLATILE,0.03213335452609587,1,END_CLOSED,13,2025-06-25,2025-07-08,-0.42671050961238954,0.8581345622553876,3.3915489382189534,PRICE,TRAIN,2025-01-08_2025-07-08
CSNA3.SA,BEAR_CALM,-0.053944862554383265,0,HARD_STOP,8,2025-05-14,2025-05-22,0.02645806452032406,-1.855667557631047,4.53976077822779,PRICE,TRAIN,2025-01-08_2025-07-08
CSNA3.SA,BEAR_CALM,-0.051200000000000155,0,HARD_STOP,1,2025-05-27,2025-05-28,0.24983497137036226,-1.9088182586910634,4.360746932596726,PRICE,TRAIN,2025-01-08_2025-07-08
CSNA3.SA,BEAR_CALM,-0.037607733280433674,0,TIME_STOP,11,2025-06-02,2025-06-13,-0.21712487466740024,-0.5605600484991365,4.939262660129491,PRICE,TRAIN,2025-01-08_2025-07-08
CSNA3.SA,BEAR_CALM,-0.051200000000000044,0,HARD_STOP,1,2025-06-24,2025-06-25,-0.7338411876672064,0.6905102663101726,5.802240784840287,PRICE,TRAIN,2025-01-08_2025-07-08
GGBR4.SA,BEAR_CALM,0.22427534275412828,1,BEAR_OPTIMIZED,33,2025-05-07,2025-06-09,-0.3762601323761911,0.0447531227891881,16.91767277802686,PRICE,TRAIN,2025-01-08_2025-07-08
GOAU4.SA,BEAR_CALM,0.19755561332710866,1,BEAR_OPTIMIZED,33,2025-05-07,2025-06-09,-0.44769963772107935,-0.030988995559932588,14.869677194963733,PRICE,TRAIN,2025-01-08_2025-07-08
KLBN11.SA,BEAR_CALM,-0.007207618896662903,0,TIME_STOP,12,2025-05-30,2025-06-11,-1.3015438391148226,-0.3645404494923987,7.25894001889554,PRICE,TRAIN,2025-01-08_2025-07-08
KLBN11.SA,BEAR_CALM,-0.051200000000000044,0,HARD_STOP,4,2025-06-16,2025-06-20,-1.9812431227465557,-0.3887478339469146,5.064953988913979,PRICE,TRAIN,2025-01-08_2025-07-08
MGLU3.SA,SIDEWAYS_CALM,-0.07104479849983439,0,HARD_STOP,1,2025-05-08,2025-05-09,-0.24149469101180565,-3.844467456096096,11.475305549284068,PRICE,TRAIN,2025-01-08_2025-07-08
MGLU3.SA,SIDEWAYS_CALM,0.00880000000000001,1,STOP_TECNICO,24,2025-06-13,2025-07-07,-0.21141183385434104,-0.26238921643207563,2.124312108801159,PRICE,TRAIN,2025-01-08_2025-07-08
MGLU3.SA,SIDEWAYS_CALM,-0.0012,0,END_CLOSED,0,2025-07-08,2025-07-08,-0.9854461335226302,-1.1020852964047878,1.9586989501022505,PRICE,TRAIN,2025-01-08_2025-07-08
MRVE3.SA,SIDEWAYS_VOLATILE,-0.013064435683033303,0,TIME_STOP,11,2025-06-12,2025-06-23,0.27654105349962493,-1.071438880053856,7.1072446845418575,PRICE,TRAIN,2025-01-08_2025-07-08
PRIO3.SA,BEAR_CALM,0.14489575392052764,1,BEAR_OPTIMIZED,27,2025-05-07,2025-06-03,-1.7251213531190868,-0.041095754298809815,5.266095729182194,PRICE,TRAIN,2025-01-08_2025-07-08
RADL3.SA,BEAR_CALM,-0.057624117391522976,0,HARD_STOP,4,2025-06-09,2025-06-13,-0.8716543185145018,0.09271011428273139,34.30961849152067,PRICE,TRAIN,2025-01-08_2025-07-08
RAIL3.SA,BEAR_VOLATILE,0.07695084889524448,1,BEAR_OPTIMIZED,15,2025-05-19,2025-06-03,0.5670871006909151,-0.7767191498691765,4.9876481893132265,PRICE,TRAIN,2025-01-08_2025-07-08
RAIZ4.SA,BEAR_CALM,-0.04120002145767212,0,TIME_STOP,11,2025-05-22,2025-06-02,-1.177104639000677,-1.0695006760481307,2.7173671713735743,PRICE,TRAIN,2025-01-08_2025-07-08
SUZB3.SA,BEAR_CALM,0.049151247694077284,1,BEAR_OPTIMIZED,8,2025-05-07,2025-05-15,-0.987969769323186,-0.13143915241592416,16.565885515795998,PRICE,TRAIN,2025-01-08_2025-07-08
SUZB3.SA,BEAR_CALM,0.053370242878965614,1,BEAR_OPTIMIZED,17,2025-05-27,2025-06-13,-1.4167581771073046,-1.0697973147887465,6.365111959802609,PRICE,TRAIN,2025-01-08_2025-07-08
UGPA3.SA,BEAR_CALM,-0.015468683942453175,0,TIME_STOP,14,2025-05-07,2025-05-21,-1.395096428505694,-0.65992628256825,4.456240926785387,PRICE,TRAIN,2025-01-08_2025-07-08
UGPA3.SA,BEAR_CALM,0.06889069719719884,1,END_CLOSED,35,2025-06-03,2025-07-08,-0.5326458290058275,-1.9794303642534308,3.013719579219794,PRICE,TRAIN,2025-01-08_2025-07-08
USIM5.SA,BEAR_CALM,-0.051200000000000044,0,HARD_STOP,1,2025-05-08,2025-05-09,-0.813415855074203,0.3852154234215962,2.642861894718907,PRICE,TRAIN,2025-01-08_2025-07-08
USIM5.SA,BEAR_CALM,-0.051200000000000044,0,HARD_STOP,4,2025-05-19,2025-05-23,-0.6192009150687362,-0.5643577134183333,3.1589332508910237,PRICE,TRAIN,2025-01-08_2025-07-08
USIM5.SA,BEAR_CALM,-0.01267226435195503,0,TIME_STOP,12,2025-05-29,2025-06-10,-0.7390569137290245,0.49947837602297107,3.172742990815261,PRICE,TRAIN,2025-01-08_2025-07-08
USIM5.SA,BEAR_CALM,-0.07016545387209686,0,HARD_STOP,1,2025-06-16,2025-06-17,-0.7716744096471095,-0.16549054252971304,5.121998561008558,PRICE,TRAIN,2025-01-08_2025-07-08
WEGE3.SA,BEAR_VOLATILE,-0.003353521362762367,0,TIME_STOP,25,2025-05-09,2025-06-03,-0.23805940153416183,-1.6754476810038688,9.462912556644795,PRICE,TRAIN,2025-01-08_2025-07-08
AZUL4.SA,BEAR_VOLATILE,-0.051200000000000044,0,HARD_STOP,3,2025-06-09,2025-06-12,-0.5824063514972593,-0.0001399006231942091,34.30961849152067,PRICE,TRAIN,2025-02-08_2025-08-08
AZUL4.SA,BEAR_CALM,-0.05170506205987393,0,HARD_STOP,6,2025-06-17,2025-06-23,0.1438981626271281,-0.2660779135243903,34.30961849152067,PRICE,TRAIN,2025-02-08_2025-08-08
BRAP4.SA,SIDEWAYS_CALM,-0.012928430432486947,0,END_CLOSED,10,2025-07-29,2025-08-08,-0.29161451256815946,-0.19992321971415333,7.158831557664468,PRICE,TRAIN,2025-02-08_2025-08-08
BRKM5.SA,BEAR_CALM,-0.044974301649235014,0,TIME_STOP,11,2025-06-09,2025-06-20,-1.213521648706961,-2.3003094493003196,2.5651225433779508,PRICE,TRAIN,2025-02-08_2025-08-08
BRKM5.SA,BEAR_VOLATILE,-0.005644440205891964,0,STOP_TECNICO,22,2025-06-25,2025-07-17,-0.42671050961238954,0.8581345622553876,3.3915489382189534,PRICE,TRAIN,2025-02-08_2025-08-08
BRKM5.SA,BEAR_CALM,-0.019506619176448713,0,TIME_STOP,13,2025-07-22,2025-08-04,-0.5647657108913117,-0.881473525965597,9.129963901154465,PRICE,TRAIN,2025-02-08_2025-08-08
CSNA3.SA,BEAR_CALM,-0.06652068714385875,0,HARD_STOP,4,2025-06-16,2025-06-20,-0.437298132235148,0.2790462659320945,5.202684262496021,PRICE,TRAIN,2025-02-08_2025-08-08
CSNA3.SA,BEAR_CALM,-0.0025793419147359872,0,STOP_TECNICO,41,2025-06-25,2025-08-05,-0.6271139000353978,1.0917761816150477,7.907628087658949,PRICE,TRAIN,2025-02-08_2025-08-08
GGBR4.SA,BEAR_CALM,0.04845848613018831,1,BEAR_OPTIMIZED,4,2025-07-18,2025-07-22,0.1124484564738802,-0.06697350724363124,7.795554230638593,PRICE,TRAIN,2025-02-08_2025-08-08
GGBR4.SA,BEAR_CALM,0.019983854218303156,1,END_CLOSED,7,2025-08-01,2025-08-08,-0.2419358149171322,-0.5311008414778663,4.0852138346001325,PRICE,TRAIN,2025-02-08_2025-08-08
GOAU4.SA,BEAR_CALM,0.06054197508535029,1,BEAR_OPTIMIZED,6,2025-07-17,2025-07-23,0.5894486568059942,0.00276620521989084,7.592002662038135,PRICE,TRAIN,2025-02-08_2025-08-08
GOAU4.SA,BEAR_CALM,0.007639743272908152,1,END_CLOSED,4,2025-08-04,2025-08-08,-0.6483700521225534,0.4352967494734265,4.243921633136005,PRICE,TRAIN,2025-02-08_2025-08-08
HAPV3.SA,BEAR_CALM,0.1136311041543677,1,END_CLOSED,15,2025-07-24,2025-08-08,-1.3017126272543273,0.03020592254353655,27.501323328317074,PRICE,TRAIN,2025-02-08_2025-08-08
KLBN11.SA,BEAR_CALM,-0.0605264518054788,0,HARD_STOP,11,2025-06-09,2025-06-20,-1.0344159397870676,-1.1188902587656633,6.871315399048897,PRICE,TRAIN,2025-02-08_2025-08-08
MGLU3.SA,SIDEWAYS_CALM,0.00880000000000001,1,STOP_TECNICO,24,2025-06-13,2025-07-07,-0.21141183385434104,-0.26238921643207563,2.124312108801159,PRICE,TRAIN,2025-02-08_2025-08-08
MGLU3.SA,SIDEWAYS_CALM,-0.06412129100505062,0,HARD_STOP,2,2025-07-08,2025-07-10,-0.9854461335226302,-1.1020852964047878,1.9586989501022505,PRICE,TRAIN,2025-02-08_2025-08-08
MGLU3.SA,BEAR_CALM,-0.06408529884520733,0,HARD_STOP,5,2025-07-16,2025-07-21,-1.0954104756019245,0.4645006818889327,3.5602966931350273,PRICE,TRAIN,2025-02-08_2025-08-08
MRVE3.SA,SIDEWAYS_VOLATILE,-0.013064435683033303,0,TIME_STOP,11,2025-06-12,2025-06-23,0.27654105349962493,-1.071438880053856,7.1072446845418575,PRICE,TRAIN,2025-02-08_2025-08-08
RADL3.SA,BEAR_CALM,-0.057624117391522976,0,HARD_STOP,4,2025-06-09,2025-06-13,-0.8716543185145018,0.09271011428273139,34.30961849152067,PRICE,TRAIN,2025-02-08_2025-08-08
RAIL3.SA,SIDEWAYS_CALM,-0.051600870957043375,0,HARD_STOP,9,2025-07-09,2025-07-18,-1.573678159752292,-0.5733479576280521,2.1064397023597876,PRICE,TRAIN,2025-02-08_2025-08-08
RAIL3.SA,BEAR_CALM,-0.07375143267936116,0,HARD_STOP,8,2025-07-31,2025-08-08,-0.7399088283810367,0.5116423887718591,5.355108137700803,PRICE,TRAIN,2025-02-08_2025-08-08
RAIZ4.SA,BEAR_VOLATILE,-0.0338797080073582,0,TIME_STOP,11,2025-07-14,2025-07-25,-1.6934721115403968,-0.3635596390337409,12.93489864484522,PRICE,TRAIN,2025-02-08_2025-08-08
RAIZ4.SA,BEAR_VOLATILE,-0.06413700522411805,0,HARD_STOP,7,2025-07-30,2025-08-06,-0.6027349491612982,-2.097905076138664,34.30961849152067,PRICE,TRAIN,2025-02-08_2025-08-08
RECV3.SA,BEAR_CALM,-0.017424207980889415,0,TIME_STOP,11,2025-07-21,2025-08-01,-0.12950918806044445,-1.239977775778094,9.912360749742172,PRICE,TRAIN,2025-02-08_2025-08-08
RECV3.SA,BEAR_CALM,0.007918532443044059,1,END_CLOSED,2,2025-08-06,2025-08-08,-0.6888902605276758,0.012670845454637047,11.496544007580871,PRICE,TRAIN,2025-02-08_2025-08-08
RENT3.SA,BEAR_CALM,0.028767982554663486,1,END_CLOSED,7,2025-08-01,2025-08-08,-1.8301940097344904,0.6116817853153843,25.711767484420882,PRICE,TRAIN,2025-02-08_2025-08-08
UGPA3.SA,BEAR_CALM,-0.0035543486466608418,0,TIME_STOP,12,2025-06-13,2025-06-25,-0.9847855327705596,-1.4233172899396789,3.137175795191961,PRICE,TRAIN,2025-02-08_2025-08-08
USIM5.SA,BEAR_CALM,-0.0926285750616164,0,HARD_STOP,4,2025-06-09,2025-06-13,-0.6634056563109366,-0.48283335143264566,3.7515188448499104,PRICE,TRAIN,2025-02-08_2025-08-08
USIM5.SA,BEAR_VOLATILE,-0.051200000000000044,0,HARD_STOP,5,2025-06-18,2025-06-23,-0.3186538689820694,-0.21855389881126197,14.26348389173924,PRICE,TRAIN,2025-02-08_2025-08-08
USIM5.SA,BEAR_CALM,0.0056337609842266115,1,END_CLOSED,7,2025-08-01,2025-08-08,-0.8407077638509941,0.07555578807460381,16.654354151101565,PRICE,TRAIN,2025-02-08_2025-08-08
