ticker,regime,return,win,reason,days_held,hurst_entrada,entropy_entrada,halflife_entrada,sinal_tipo,phase,window
ABEV3.SA,SIDEWAYS_CALM,-0.014749020057369465,0,TIME_STOP,27,0.5,0.5,1000.0,PRICE,TRAIN,2021-12
ABEV3.SA,BEAR_VOLATILE,-0.010073667595117429,0,TIME_STOP,23,0.5,-0.10800952172597807,1000.0,PRICE,TRAIN,2021-12
ABEV3.SA,BEAR_CALM,-0.051200000000000044,0,HARD_STOP,12,0.5,-1.914427372586796,10.036442339278242,PRICE,TEST,2021-12
ABEV3.SA,BEAR_VOLATILE,0.04488287371348796,1,END_CLOSED,30,0.5,-1.8019713215155997,22.651220771077895,PRICE,TEST,2021-12
AURE3.SA,BEAR_VOLATILE,0.0065847847293244235,1,BEAR_OPTIMIZED,1,0.5,0.3901422346638339,1000.0,PRICE,TRAIN,2021-12
AURE3.SA,BEAR_VOLATILE,-0.005349370955194742,0,BEAR_OPTIMIZED,3,0.5,0.5394885568505225,1000.0,PRICE,TRAIN,2021-12
AURE3.SA,BEAR_CALM,-0.0005013026128831909,0,BEAR_OPTIMIZED,1,0.5,-1.834108010911729,1000.0,PRICE,TRAIN,2021-12
AURE3.SA,BEAR_CALM,-0.016020104496253372,0,BEAR_OPTIMIZED,1,0.5,-1.8376878885267494,1000.0,PRICE,TRAIN,2021-12
AURE3.SA,BEAR_CALM,0.02167816114262764,1,BEAR_OPTIMIZED,1,0.5,-0.9397402353186854,1000.0,PRICE,TRAIN,2021-12
AURE3.SA,BEAR_CALM,-0.008946409313868385,0,BEAR_OPTIMIZED,1,0.5,-0.7346238648519455,1000.0,PRICE,TRAIN,2021-12
AURE3.SA,BEAR_VOLATILE,0.041754053775578594,1,BEAR_OPTIMIZED,1,0.5,-0.3964821427407603,1000.0,PRICE,TRAIN,2021-12
AURE3.SA,BEAR_VOLATILE,0.012283123933292873,1,BEAR_OPTIMIZED,3,0.5,0.011829148814351383,1000.0,PRICE,TRAIN,2021-12
AURE3.SA,BEAR_CALM,0.008372855705156869,1,BEAR_OPTIMIZED,1,0.5,0.29441970324515243,1000.0,PRICE,TRAIN,2021-12
AURE3.SA,BEAR_CALM,-0.015191200249244051,0,BEAR_OPTIMIZED,1,0.5,-0.0020189353317660768,9.038821832541796,PRICE,TRAIN,2021-12
AURE3.SA,BEAR_CALM,-0.002666303014235892,0,BEAR_OPTIMIZED,1,0.5,0.3795295778208438,8.4686894664332,PRICE,TRAIN,2021-12
AURE3.SA,BEAR_CALM,0.003962293403660368,1,BEAR_OPTIMIZED,1,0.5,-1.4615503501895182,7.382359659625293,PRICE,TRAIN,2021-12
AURE3.SA,BEAR_CALM,-0.010532331805986693,0,BEAR_OPTIMIZED,1,0.5,-1.0857453116080271,4.506076373175084,PRICE,TRAIN,2021-12
AURE3.SA,SIDEWAYS_CALM,-0.051200000000000044,0,HARD_STOP,9,0.5,0.09706868390624322,2.949782022671389,PRICE,TRAIN,2021-12
AURE3.SA,BEAR_CALM,0.0153468537739637,1,BEAR_OPTIMIZED,1,0.5,0.49204827562151954,2.811042902846445,PRICE,TRAIN,2021-12
AURE3.SA,SIDEWAYS_CALM,0.00880000000000001,1,STOP_TECNICO,26,0.5,-0.41316735602246396,2.731057503914292,PRICE,TRAIN,2021-12
AURE3.SA,BULL_CALM,-0.022033353789154518,0,TIME_STOP,11,0.5,-3.234291790921548,2.5983839595217493,PRICE,TRAIN,2021-12
AURE3.SA,SIDEWAYS_VOLATILE,-0.05255325858827966,0,HARD_STOP,10,0.5,-2.6864375468891786,2.725439151102497,PRICE,TRAIN,2021-12
AURE3.SA,SIDEWAYS_CALM,-0.009656817437095809,0,TIME_STOP,15,0.5,-1.678731264259946,1.803787745204969,PRICE,TRAIN,2021-12
AURE3.SA,SIDEWAYS_CALM,-0.0053782664857328286,0,TIME_STOP,14,0.5,0.2801782088190489,1.6293208727344997,PRICE,TRAIN,2021-12
AURE3.SA,BEAR_VOLATILE,0.005307581305810639,1,BEAR_OPTIMIZED,2,0.5,0.7482677960730829,2.0821964542840687,PRICE,TRAIN,2021-12
AURE3.SA,BEAR_VOLATILE,0.002444338412411186,1,BEAR_OPTIMIZED,1,0.5,0.7422356946044912,2.2283101557762297,PRICE,TRAIN,2021-12
AURE3.SA,SIDEWAYS_VOLATILE,-0.064394399292006,0,HARD_STOP,2,0.5,-0.6043572814117698,2.0373496393941326,PRICE,TRAIN,2021-12
AURE3.SA,SIDEWAYS_VOLATILE,-0.051200000000000044,0,HARD_STOP,8,0.5,0.044237505865817775,1.9873537066136735,PRICE,TRAIN,2021-12
AURE3.SA,SIDEWAYS_CALM,-0.005278851280265194,0,TIME_STOP,42,0.5,0.5719334875186988,3.370265057290759,PRICE,TEST,2021-12
ALOS3.SA,SIDEWAYS_CALM,-0.012084999322514743,0,TIME_STOP,11,0.5,0.5,1000.0,PRICE,TRAIN,2021-12
ALOS3.SA,BEAR_VOLATILE,0.0507164822976117,1,BEAR_OPTIMIZED,2,0.5,0.5,1000.0,PRICE,TRAIN,2021-12
ALOS3.SA,SIDEWAYS_CALM,-0.051200000000000044,0,HARD_STOP,4,0.5,0.5,1000.0,PRICE,TRAIN,2021-12
ALOS3.SA,BEAR_VOLATILE,0.22225133476069256,1,BEAR_OPTIMIZED,15,0.5,1.1462516866007428,1000.0,PRICE,TRAIN,2021-12
ASAI3.SA,SIDEWAYS_CALM,-0.00963889775152018,0,TIME_STOP,11,0.5,0.5,1000.0,PRICE,TRAIN,2021-12
ASAI3.SA,BEAR_VOLATILE,-0.051200000000000044,0,HARD_STOP,1,0.5,0.5,1000.0,PRICE,TRAIN,2021-12
ASAI3.SA,BEAR_VOLATILE,-0.05858993923712388,0,HARD_STOP,2,0.5,0.5,1000.0,PRICE,TRAIN,2021-12
ASAI3.SA,BEAR_VOLATILE,0.25720709692104926,1,BEAR_OPTIMIZED,67,0.5,-0.9999999999999887,1000.0,PRICE,TRAIN,2021-12
ASAI3.SA,BULL_VOLATILE,-0.002261027768370137,0,TIME_STOP,15,0.5,-0.5437060242099628,3.2471425504716644,PRICE,TEST,2021-12
ASAI3.SA,SIDEWAYS_VOLATILE,-0.051200000000000044,0,HARD_STOP,2,0.5,-2.4723339983315054,5.424056899557134,PRICE,TEST,2021-12
ASAI3.SA,SIDEWAYS_CALM,0.020896454860686565,1,END_CLOSED,2,0.5,-1.125802244625971,11.572612601791699,PRICE,TEST,2021-12
BBAS3.SA,SIDEWAYS_CALM,-0.051200000000000044,0,HARD_STOP,8,0.5,0.5,1000.0,PRICE,TRAIN,2021-12
BBAS3.SA,BEAR_VOLATILE,-0.0185881657760101,0,TIME_STOP,12,0.5,0.5,1000.0,PRICE,TRAIN,2021-12
BBAS3.SA,BEAR_CALM,0.12075960206056421,1,BEAR_OPTIMIZED,17,0.5,-1.154700538379245,1000.0,PRICE,TRAIN,2021-12
B3SA3.SA,SIDEWAYS_CALM,-0.017864628433897488,0,TIME_STOP,12,0.5,0.5,1000.0,PRICE,TRAIN,2021-12
B3SA3.SA,BEAR_VOLATILE,-0.05119999999999993,0,HARD_STOP,8,0.5,0.5,1000.0,PRICE,TRAIN,2021-12
B3SA3.SA,SIDEWAYS_VOLATILE,0.21883575944741138,1,SIGNAL,11,0.5,-0.5773502691896238,1000.0,PRICE,TRAIN,2021-12
AZUL4.SA,SIDEWAYS_CALM,-0.051200000000000044,0,HARD_STOP,5,0.5,0.5,1000.0,PRICE,TRAIN,2021-12
AZUL4.SA,BEAR_VOLATILE,0.07754338176878214,1,BEAR_OPTIMIZED,1,0.5,0.5,1000.0,PRICE,TRAIN,2021-12
AZUL4.SA,BULL_VOLATILE,-0.051200000000000044,0,HARD_STOP,6,0.5,0.5,1000.0,PRICE,TRAIN,2021-12
AZUL4.SA,BEAR_VOLATILE,-0.08555706222385132,0,HARD_STOP,2,0.5,0.5,1000.0,PRICE,TRAIN,2021-12
AZUL4.SA,BEAR_VOLATILE,0.10121219476266105,1,BEAR_OPTIMIZED,3,0.5,0.8532742688636745,1000.0,PRICE,TRAIN,2021-12
AZUL4.SA,BULL_VOLATILE,0.047413774795079446,1,SIGNAL,7,0.5,0.9238675873093403,1000.0,PRICE,TRAIN,2021-12
AZUL4.SA,BEAR_CALM,-0.0012,0,END_CLOSED,0,0.5,-0.7783222085715483,34.30961849152067,PRICE,TRAIN,2021-12
AZUL4.SA,BEAR_VOLATILE,-0.052208338031942046,0,HARD_STOP,1,0.5,-0.2037168165725077,15.072920272878,PRICE,TEST,2021-12
AZUL4.SA,BEAR_VOLATILE,-0.06378504001572075,0,HARD_STOP,7,0.5,1.1192104103215932,1000.0,PRICE,TEST,2021-12
BBDC3.SA,SIDEWAYS_CALM,-0.040734710476786916,0,TIME_STOP,11,0.5,0.5,1000.0,PRICE,TRAIN,2021-12
BBDC3.SA,SIDEWAYS_VOLATILE,0.07361072044191816,1,SIGNAL,28,0.5,0.5,1000.0,PRICE,TRAIN,2021-12
BBDC3.SA,BEAR_VOLATILE,-0.032850392260000326,0,STOP_TECNICO,1,0.5,-2.402164033598307,8.813365293081837,PRICE,TRAIN,2021-12
BBDC3.SA,BEAR_VOLATILE,0.002415454346232339,1,STOP_TECNICO,1,0.5,-2.162362272609024,34.30961849152067,PRICE,TRAIN,2021-12
BBDC3.SA,BEAR_VOLATILE,-0.00981141339155358,0,TIME_STOP,14,0.5,-1.968426559474222,34.30961849152067,PRICE,TRAIN,2021-12
BBDC3.SA,BEAR_CALM,-0.00148374308959489,0,TIME_STOP,22,0.5,0.1887699009821321,34.30961849152067,PRICE,TEST,2021-12
BBSE3.SA,SIDEWAYS_CALM,-0.035780587613276425,0,TIME_STOP,11,0.5,0.5,1000.0,PRICE,TRAIN,2021-12
BBSE3.SA,SIDEWAYS_CALM,-0.046983147586328065,0,TIME_STOP,11,0.5,0.5,1000.0,PRICE,TRAIN,2021-12
BBSE3.SA,BEAR_VOLATILE,0.1679907220437674,1,BEAR_OPTIMIZED,15,0.5,-1.2953084868345517,1000.0,PRICE,TRAIN,2021-12
BBDC4.SA,SIDEWAYS_CALM,-0.051200000000000044,0,HARD_STOP,11,0.5,0.5,1000.0,PRICE,TRAIN,2021-12
BBDC4.SA,SIDEWAYS_VOLATILE,0.0944087006550117,1,SIGNAL,28,0.5,0.5,1000.0,PRICE,TRAIN,2021-12
BBDC4.SA,BEAR_VOLATILE,-0.030516398906906182,0,STOP_TECNICO,1,0.5,-2.547880914083247,1000.0,PRICE,TRAIN,2021-12
BBDC4.SA,BEAR_VOLATILE,0.020496340557200156,1,STOP_TECNICO,1,0.5,-2.178298926115393,1000.0,PRICE,TRAIN,2021-12
BBDC4.SA,BEAR_VOLATILE,-0.011941130288343337,0,STOP_TECNICO,3,0.5,-2.1224152677622445,34.30961849152067,PRICE,TRAIN,2021-12
BBDC4.SA,BEAR_VOLATILE,-0.03458145372179613,0,STOP_TECNICO,7,0.5,-2.7881534171591102,34.30961849152067,PRICE,TRAIN,2021-12
BBDC4.SA,BEAR_CALM,-0.009825798605457979,0,TIME_STOP,22,0.5,0.4022561901600051,34.30961849152067,PRICE,TEST,2021-12
BEEF3.SA,SIDEWAYS_CALM,0.16290829763791356,1,SIGNAL,43,0.5,0.5,1000.0,PRICE,TRAIN,2021-12
BEEF3.SA,BEAR_VOLATILE,0.041782514413613116,1,END_CLOSED,14,0.5,-3.0711037305680584,31.53513447474756,PRICE,TEST,2021-12
BRAP4.SA,SIDEWAYS_CALM,0.2559629136887708,1,SIGNAL,43,0.5,0.5,1000.0,PRICE,TRAIN,2021-12
BRAP4.SA,BULL_CALM,-0.051200000000000044,0,HARD_STOP,7,0.5,0.35336738926847605,6.169225858827616,PRICE,TEST,2021-12
BRAP4.SA,BULL_VOLATILE,-0.017374478806916803,0,TIME_STOP,13,0.5,1.0954656720315494,6.641790986213325,PRICE,TEST,2021-12
BRKM5.SA,BEAR_CALM,-0.005459259082341926,0,TIME_STOP,27,0.5,0.5,1000.0,PRICE,TRAIN,2021-12
BRKM5.SA,BEAR_CALM,-0.051200000000000044,0,HARD_STOP,4,0.5,-1.1547005383792515,1000.0,PRICE,TRAIN,2021-12
BRKM5.SA,BEAR_VOLATILE,-0.05587482466690321,0,HARD_STOP,8,0.5,0.8198746249113182,1000.0,PRICE,TRAIN,2021-12
BRKM5.SA,BEAR_CALM,-0.008665500414504777,0,STOP_TECNICO,1,0.5,-1.4288186324037209,7.383421355308234,PRICE,TRAIN,2021-12
BRKM5.SA,BEAR_VOLATILE,-0.09735383439750558,0,HARD_STOP,4,0.5,1.2389899250823024,12.776631374796587,PRICE,TEST,2021-12
BRKM5.SA,BEAR_VOLATILE,-0.01604940118801037,0,TIME_STOP,12,0.5,0.17472264397974088,24.802777420183983,PRICE,TEST,2021-12
BRKM5.SA,BEAR_CALM,-0.06276471416353582,0,HARD_STOP,10,0.5,1.1759703672737052,34.30961849152067,PRICE,TEST,2021-12
BPAC11.SA,SIDEWAYS_CALM,-0.02857663482450159,0,TIME_STOP,19,0.5,0.5,1000.0,PRICE,TRAIN,2021-12
BPAC11.SA,BEAR_VOLATILE,-0.0663092886952559,0,HARD_STOP,2,0.5,0.5,1000.0,PRICE,TRAIN,2021-12
BPAC11.SA,BEAR_VOLATILE,0.16313202506545207,1,BEAR_OPTIMIZED,10,0.5,-0.5773502691895996,1000.0,PRICE,TRAIN,2021-12
BPAC11.SA,BEAR_CALM,0.06639557971032026,1,END_CLOSED,6,0.5,0.35564173250508785,4.631653351477086,PRICE,TEST,2021-12
COGN3.SA,SIDEWAYS_CALM,0.00880000000000001,1,STOP_TECNICO,1,0.5,0.5,1000.0,PRICE,TRAIN,2021-12
COGN3.SA,SIDEWAYS_CALM,-0.051200000000000044,0,HARD_STOP,2,0.5,0.5,1000.0,PRICE,TRAIN,2021-12
COGN3.SA,BEAR_CALM,-0.051200000000000044,0,HARD_STOP,7,0.5,0.5,1000.0,PRICE,TRAIN,2021-12
COGN3.SA,BEAR_CALM,-0.10580246630439996,0,HARD_STOP,2,0.5,0.5,1000.0,PRICE,TRAIN,2021-12
COGN3.SA,BEAR_VOLATILE,0.2888000153047715,1,BEAR_OPTIMIZED,21,0.5,0.5,1000.0,PRICE,TRAIN,2021-12
CMIG4.SA,SIDEWAYS_CALM,-0.002646143449753467,0,TIME_STOP,12,0.5,0.5,1000.0,PRICE,TRAIN,2021-12
CMIG4.SA,SIDEWAYS_VOLATILE,-0.05439152940861538,0,HARD_STOP,9,0.5,0.5,1000.0,PRICE,TRAIN,2021-12
CMIG4.SA,BEAR_VOLATILE,0.00880000000000001,1,STOP_TECNICO,56,0.5,-1.0452582192385669,1000.0,PRICE,TRAIN,2021-12
CMIG4.SA,BEAR_CALM,-0.007963035224320202,0,BEAR_OPTIMIZED,1,0.5,0.3277669394131186,5.963205658106247,PRICE,TEST,2021-12
CMIN3.SA,BULL_VOLATILE,-0.002592611972209856,0,TIME_STOP,12,0.5,-2.783378549346616,1000.0,PRICE,TRAIN,2021-12
CMIN3.SA,SIDEWAYS_CALM,-0.07423366423308256,0,HARD_STOP,4,0.5,0.2586798541726456,1000.0,PRICE,TRAIN,2021-12
CMIN3.SA,BEAR_CALM,-0.04035656810108681,0,BEAR_OPTIMIZED,1,0.5,-2.162347216233246,1000.0,PRICE,TRAIN,2021-12
CMIN3.SA,BEAR_VOLATILE,-0.02196684055867639,0,BEAR_OPTIMIZED,1,0.5,-0.4319665102449444,1000.0,PRICE,TRAIN,2021-12
CMIN3.SA,BEAR_VOLATILE,0.021948017243421526,1,BEAR_OPTIMIZED,1,0.5,-0.8466630579833869,1000.0,PRICE,TRAIN,2021-12
CMIN3.SA,SIDEWAYS_VOLATILE,-0.051200000000000044,0,HARD_STOP,6,0.5,-1.0554882350143189,1000.0,PRICE,TRAIN,2021-12
CMIN3.SA,BEAR_VOLATILE,-0.009941067027737137,0,BEAR_OPTIMIZED,1,0.5,1.500918896988968,10.295872856125142,PRICE,TRAIN,2021-12
CMIN3.SA,BEAR_VOLATILE,0.008524459274048858,1,BEAR_OPTIMIZED,1,0.5,1.0872465866322452,8.365002205606718,PRICE,TRAIN,2021-12
CMIN3.SA,BEAR_VOLATILE,0.0037102135562308916,1,BEAR_OPTIMIZED,1,0.5,0.8889048877231897,9.295519939026814,PRICE,TRAIN,2021-12
CMIN3.SA,BEAR_VOLATILE,-0.010956216378019155,0,BEAR_OPTIMIZED,3,0.5,0.3203801497852438,9.39370897819926,PRICE,TRAIN,2021-12
CMIN3.SA,BEAR_CALM,-0.039909753855320605,0,BEAR_OPTIMIZED,1,0.5,-0.7402621110768066,14.673317907076129,PRICE,TRAIN,2021-12
CMIN3.SA,BEAR_CALM,-0.013124991091073367,0,BEAR_OPTIMIZED,1,0.5,-2.819580394351257,16.263545347744493,PRICE,TRAIN,2021-12
CMIN3.SA,BEAR_CALM,-0.0012,0,BEAR_OPTIMIZED,1,0.5,-0.6988685602187412,13.215096010253681,PRICE,TRAIN,2021-12
CMIN3.SA,BEAR_VOLATILE,-0.05176175433780807,0,HARD_STOP,1,0.5,-1.6528213534584422,25.378039816849494,PRICE,TRAIN,2021-12
CMIN3.SA,BEAR_VOLATILE,0.04012220805570852,1,BEAR_OPTIMIZED,1,0.5,0.4007587715431108,17.661146935090095,PRICE,TRAIN,2021-12
CMIN3.SA,BEAR_VOLATILE,-0.06799401726448509,0,HARD_STOP,1,0.5,0.018958596465810246,9.95049407484144,PRICE,TRAIN,2021-12
CMIN3.SA,BEAR_VOLATILE,0.010482126339668475,1,BEAR_OPTIMIZED,1,0.5,2.1681179442136123,34.30961849152067,PRICE,TRAIN,2021-12
CMIN3.SA,BEAR_VOLATILE,0.034599525673074984,1,BEAR_OPTIMIZED,1,0.5,2.0349699181685863,1000.0,PRICE,TRAIN,2021-12
CMIN3.SA,BEAR_VOLATILE,-0.012774218006374925,0,BEAR_OPTIMIZED,1,0.5,1.3236091209526135,34.30961849152067,PRICE,TRAIN,2021-12
CMIN3.SA,BEAR_VOLATILE,-0.005510334692680939,0,BEAR_OPTIMIZED,1,0.5,1.09271803464186,17.477289894470246,PRICE,TRAIN,2021-12
CMIN3.SA,BEAR_VOLATILE,0.013505925357399341,1,BEAR_OPTIMIZED,1,0.5,0.645325572801618,11.98836327208552,PRICE,TRAIN,2021-12
CMIN3.SA,BEAR_VOLATILE,-0.022642514997154216,0,BEAR_OPTIMIZED,1,0.5,-1.4396109335207354,7.881437168473105,PRICE,TRAIN,2021-12
CMIN3.SA,BEAR_VOLATILE,-0.054454377717348755,0,HARD_STOP,1,0.5,-1.4470560897483056,10.799740865563992,PRICE,TRAIN,2021-12
CMIN3.SA,BEAR_VOLATILE,-0.010416480807948457,0,BEAR_OPTIMIZED,1,0.5,-0.4751102687636916,10.670085478365438,PRICE,TRAIN,2021-12
CMIN3.SA,BEAR_VOLATILE,-0.010656242067843678,0,BEAR_OPTIMIZED,1,0.5,0.13443920290590466,10.188520034814825,PRICE,TRAIN,2021-12
CMIN3.SA,BEAR_VOLATILE,-0.051200000000000044,0,HARD_STOP,1,0.5,0.7773167641870862,29.858449845636827,PRICE,TRAIN,2021-12
CMIN3.SA,BEAR_VOLATILE,-0.0040409021074574655,0,BEAR_OPTIMIZED,1,0.5,0.6504559482982034,34.30961849152067,PRICE,TRAIN,2021-12
CMIN3.SA,BEAR_VOLATILE,0.03183306763807323,1,BEAR_OPTIMIZED,1,0.5,-0.143283075005946,1000.0,PRICE,TRAIN,2021-12
CMIN3.SA,BEAR_VOLATILE,-0.0012,0,BEAR_OPTIMIZED,1,0.5,0.4419387221901208,34.30961849152067,PRICE,TRAIN,2021-12
CMIN3.SA,BEAR_VOLATILE,0.04758048500737897,1,BEAR_OPTIMIZED,1,0.5,-0.716618962238655,34.30961849152067,PRICE,TRAIN,2021-12
CMIN3.SA,BEAR_CALM,-0.012499513682534123,0,BEAR_OPTIMIZED,1,0.5,0.10350570677684506,21.11886940001738,PRICE,TRAIN,2021-12
CMIN3.SA,BEAR_CALM,0.04153504456720789,1,BEAR_OPTIMIZED,1,0.5,0.06327122042022293,34.30961849152067,PRICE,TRAIN,2021-12
CMIN3.SA,BEAR_CALM,-0.022647868819125637,0,BEAR_OPTIMIZED,3,0.5,0.7760997808972001,25.77790593207468,PRICE,TRAIN,2021-12
CMIN3.SA,BEAR_CALM,-0.0460548736711506,0,BEAR_OPTIMIZED,1,0.5,-1.1097087483865142,11.28932736006739,PRICE,TRAIN,2021-12
CMIN3.SA,BEAR_CALM,-0.025925420101972983,0,BEAR_OPTIMIZED,1,0.5,-0.1514553739622339,5.66819769282987,PRICE,TRAIN,2021-12
CMIN3.SA,BEAR_CALM,-0.027725038269404666,0,BEAR_OPTIMIZED,1,0.5,-0.9940990564837908,5.277022650730585,PRICE,TRAIN,2021-12
CMIN3.SA,BEAR_CALM,-0.006818068955897004,0,BEAR_OPTIMIZED,1,0.5,-0.45983077269236516,5.004125347129195,PRICE,TRAIN,2021-12
CMIN3.SA,BEAR_CALM,-0.004175959545133522,0,BEAR_OPTIMIZED,1,0.5,0.5264528861484578,4.961156997313173,PRICE,TRAIN,2021-12
CMIN3.SA,BEAR_CALM,0.05308580089025781,1,BEAR_OPTIMIZED,1,0.5,1.102979191718954,5.279643200120275,PRICE,TRAIN,2021-12
CMIN3.SA,BEAR_CALM,0.004220040938325155,1,BEAR_OPTIMIZED,1,0.5,0.8697858748641152,5.255684207369731,PRICE,TRAIN,2021-12
CMIN3.SA,BEAR_CALM,-0.00928623368985173,0,BEAR_OPTIMIZED,3,0.5,1.0808168075018534,4.8965538010299365,PRICE,TRAIN,2021-12
CMIN3.SA,BEAR_CALM,0.0263229874987446,1,BEAR_OPTIMIZED,1,0.5,1.8442299651595144,5.970209197991176,PRICE,TRAIN,2021-12
CMIN3.SA,BEAR_CALM,0.020076544652648166,1,BEAR_OPTIMIZED,1,0.5,1.097772998451693,5.5176292044361235,PRICE,TRAIN,2021-12
CMIN3.SA,BEAR_CALM,-0.021372862546834924,0,BEAR_OPTIMIZED,3,0.5,0.860023726661001,5.118981150585658,PRICE,TRAIN,2021-12
CMIN3.SA,BEAR_CALM,0.07455750839256611,1,BEAR_OPTIMIZED,1,0.5,0.3857731948907433,7.502927258947013,PRICE,TRAIN,2021-12
CMIN3.SA,BEAR_CALM,0.050082032044316584,1,BEAR_OPTIMIZED,1,0.5,-1.130982997980728,5.651219451437195,PRICE,TRAIN,2021-12
CMIN3.SA,BEAR_VOLATILE,0.07485647736443254,1,BEAR_OPTIMIZED,1,0.5,-0.1679366361230972,11.770791193502316,PRICE,TRAIN,2021-12
CMIN3.SA,BULL_CALM,0.09836695318491903,1,END_CLOSED,12,0.5,-0.8902823220825096,17.3928384927453,PRICE,TEST,2021-12
CPFE3.SA,SIDEWAYS_CALM,-0.003925692869124385,0,TIME_STOP,20,0.5,0.5,1000.0,PRICE,TRAIN,2021-12
CPFE3.SA,BEAR_VOLATILE,-0.051200000000000044,0,HARD_STOP,4,0.5,0.5,1000.0,PRICE,TRAIN,2021-12
CPFE3.SA,SIDEWAYS_VOLATILE,0.03003808291878416,1,SIGNAL,9,0.5,0.8282305864240692,1000.0,PRICE,TRAIN,2021-12
CPFE3.SA,BEAR_VOLATILE,0.03493247340169212,1,BEAR_OPTIMIZED,1,0.5,0.015508430682727734,5.89127704793992,PRICE,TEST,2021-12
CPFE3.SA,BEAR_VOLATILE,-0.027740048831249385,0,TIME_STOP,11,0.5,-1.8088695034084874,4.144362032280116,PRICE,TEST,2021-12
CPLE6.SA,BULL_CALM,-0.019432967168952063,0,TIME_STOP,14,0.5,0.7501803839935718,1000.0,PRICE,TRAIN,2021-12
CPLE6.SA,BULL_CALM,0.00880000000000001,1,STOP_TECNICO,15,0.5,-1.2358683614593642,29.16231753223025,PRICE,TRAIN,2021-12
CPLE6.SA,BULL_VOLATILE,-0.017200026004976186,0,TIME_STOP,12,0.5,-1.7024667598679863,19.79336795161514,PRICE,TRAIN,2021-12
CPLE6.SA,BULL_CALM,-0.013152171579305948,0,TIME_STOP,11,0.5,-2.8323164108332755,3.9572605314127203,PRICE,TRAIN,2021-12
CPLE6.SA,BULL_CALM,0.00880000000000001,1,STOP_TECNICO,40,0.5,0.28324150113512775,3.720566630768743,PRICE,TRAIN,2021-12
CPLE6.SA,BULL_VOLATILE,-0.008446353558846618,0,TIME_STOP,15,0.5,0.816939441699446,6.480633539886135,PRICE,TRAIN,2021-12
CPLE6.SA,SIDEWAYS_CALM,-0.008477996235662831,0,TIME_STOP,14,0.5,0.68305295871007,7.680162344524728,PRICE,TRAIN,2021-12
CPLE6.SA,SIDEWAYS_CALM,-0.008499246479550603,0,TIME_STOP,49,0.5,0.1193926323114851,8.538619038426344,PRICE,TRAIN,2021-12
CPLE6.SA,SIDEWAYS_CALM,-0.057412908321517485,0,HARD_STOP,8,0.5,-0.12061046068258735,3.2708607966682317,PRICE,TRAIN,2021-12
CPLE6.SA,SIDEWAYS_VOLATILE,-0.07722331701634846,0,HARD_STOP,10,0.5,0.004491302559974163,4.602220377037837,PRICE,TRAIN,2021-12
CPLE6.SA,BEAR_VOLATILE,0.023453369202260356,1,BEAR_OPTIMIZED,1,0.5,1.2114537531170064,7.90447718427192,PRICE,TRAIN,2021-12
CPLE6.SA,BULL_CALM,-0.02350961238876461,0,TIME_STOP,11,0.5,-0.5642280128120913,1.6908454224671023,PRICE,TEST,2021-12
CPLE6.SA,BULL_CALM,-0.051200000000000044,0,HARD_STOP,9,0.5,0.5783824017535398,2.7776760425334737,PRICE,TEST,2021-12
CPLE6.SA,SIDEWAYS_VOLATILE,0.007359267466038412,1,END_CLOSED,7,0.5,1.3103854425519896,4.31264539789307,PRICE,TEST,2021-12
CSAN3.SA,SIDEWAYS_CALM,-0.015446625015068792,0,TIME_STOP,12,0.5,0.5,1000.0,PRICE,TRAIN,2021-12
CSAN3.SA,SIDEWAYS_VOLATILE,-0.055847408475110626,0,HARD_STOP,9,0.5,0.5,1000.0,PRICE,TRAIN,2021-12
CSAN3.SA,BEAR_VOLATILE,0.11233271238326967,1,BEAR_OPTIMIZED,9,0.5,1.1547005383792344,1000.0,PRICE,TRAIN,2021-12
CSAN3.SA,BULL_VOLATILE,-0.01994992822577448,0,SIGNAL,1,0.5,0.8839798289212256,1000.0,PRICE,TRAIN,2021-12
CSAN3.SA,BEAR_CALM,-0.01438051888973315,0,STOP_TECNICO,1,0.5,1.0381684309183945,14.83999266843308,PRICE,TRAIN,2021-12
CSAN3.SA,BEAR_CALM,-0.07627508952396081,0,HARD_STOP,3,0.5,0.2562036466223167,11.319120722856669,PRICE,TRAIN,2021-12
CSNA3.SA,BULL_VOLATILE,-0.031879477914879016,0,STOP_TECNICO,27,0.5,1.2645523208584197,1000.0,PRICE,TRAIN,2021-12
CSNA3.SA,SIDEWAYS_VOLATILE,-0.05119999999999993,0,HARD_STOP,1,0.5,-0.10555789001309678,1000.0,PRICE,TRAIN,2021-12
CSNA3.SA,BULL_VOLATILE,-0.10293227640319494,0,HARD_STOP,12,0.5,-0.7567632119299303,1000.0,PRICE,TRAIN,2021-12
CSNA3.SA,SIDEWAYS_VOLATILE,-0.008413345116099612,0,TIME_STOP,11,0.5,1.2307593925720235,4.2318441622157925,PRICE,TRAIN,2021-12
CSNA3.SA,SIDEWAYS_CALM,-0.01238672254815256,0,TIME_STOP,12,0.5,1.1144622847466277,3.0150981548184888,PRICE,TRAIN,2021-12
CSNA3.SA,BEAR_VOLATILE,-0.06419585494454352,0,HARD_STOP,1,0.5,0.4578675773930071,9.50520910216479,PRICE,TRAIN,2021-12
CSNA3.SA,BEAR_VOLATILE,0.04323331788372351,1,BEAR_OPTIMIZED,1,0.5,0.9557079541868682,22.53508088355044,PRICE,TRAIN,2021-12
CSNA3.SA,BEAR_VOLATILE,-0.06035225987777384,0,HARD_STOP,1,0.5,0.7991304686531422,11.700922075812205,PRICE,TRAIN,2021-12
CSNA3.SA,BEAR_VOLATILE,0.014947123580967815,1,BEAR_OPTIMIZED,1,0.5,2.186163270919515,34.30961849152067,PRICE,TRAIN,2021-12
CSNA3.SA,BEAR_VOLATILE,0.03824313161572022,1,BEAR_OPTIMIZED,1,0.5,1.7625618936170842,1000.0,PRICE,TRAIN,2021-12
CSNA3.SA,BEAR_VOLATILE,0.01619133460997988,1,BEAR_OPTIMIZED,1,0.5,1.5106018411247168,34.30961849152067,PRICE,TRAIN,2021-12
CSNA3.SA,BEAR_VOLATILE,0.07083633196012493,1,BEAR_OPTIMIZED,1,0.5,0.9018236929630206,34.30961849152067,PRICE,TRAIN,2021-12
CSNA3.SA,BEAR_CALM,0.03861849598361564,1,BEAR_OPTIMIZED,3,0.5,-0.26300205408527655,21.311306636416745,PRICE,TRAIN,2021-12
CSNA3.SA,BEAR_CALM,0.0007085871144695067,1,BEAR_OPTIMIZED,1,0.5,0.6244825886787027,18.531663614243595,PRICE,TRAIN,2021-12
CSNA3.SA,BEAR_VOLATILE,-0.0677398854215793,0,HARD_STOP,1,0.5,0.9656197769489301,15.612737684773732,PRICE,TRAIN,2021-12
CSNA3.SA,BEAR_VOLATILE,-0.011679747501315084,0,BEAR_OPTIMIZED,1,0.5,1.6954543590374516,23.24598000704489,PRICE,TRAIN,2021-12
CSNA3.SA,BEAR_VOLATILE,-0.007728152673565435,0,BEAR_OPTIMIZED,1,0.5,0.4522319712458488,32.10567796823435,PRICE,TRAIN,2021-12
CSNA3.SA,BEAR_VOLATILE,0.004692776800260347,1,BEAR_OPTIMIZED,1,0.5,0.5216914026320678,17.32709160979356,PRICE,TRAIN,2021-12
CSNA3.SA,BEAR_VOLATILE,-0.06544238630927016,0,HARD_STOP,1,0.5,1.1638338725200958,18.95302592962998,PRICE,TRAIN,2021-12
CSNA3.SA,BEAR_VOLATILE,0.004257011974144166,1,BEAR_OPTIMIZED,1,0.5,0.33524430515183734,34.30961849152067,PRICE,TRAIN,2021-12
CSNA3.SA,BEAR_VOLATILE,-0.03148349124008611,0,BEAR_OPTIMIZED,1,0.5,0.507515735550533,19.092219818397126,PRICE,TRAIN,2021-12
CSNA3.SA,BEAR_CALM,-0.06522219801790954,0,HARD_STOP,1,0.5,0.9530251771399588,23.903420746217837,PRICE,TRAIN,2021-12
CSNA3.SA,BEAR_CALM,0.005076158578227387,1,BEAR_OPTIMIZED,1,0.5,1.7086826215856163,34.30961849152067,PRICE,TRAIN,2021-12
CSNA3.SA,BEAR_CALM,-0.004657829256972355,0,BEAR_OPTIMIZED,1,0.5,1.4788822202462757,34.30961849152067,PRICE,TRAIN,2021-12
CSNA3.SA,BEAR_CALM,0.010396266614969597,1,BEAR_OPTIMIZED,1,0.5,0.6435973616033921,29.884832524149015,PRICE,TRAIN,2021-12
CSNA3.SA,BEAR_CALM,0.015077357046421415,1,BEAR_OPTIMIZED,1,0.5,0.666911422421409,34.30961849152067,PRICE,TRAIN,2021-12
CSNA3.SA,BEAR_CALM,0.057415937170695354,1,BEAR_OPTIMIZED,1,0.5,0.66326155216973,34.30961849152067,PRICE,TRAIN,2021-12
CSNA3.SA,BEAR_CALM,0.00880000000000001,1,STOP_TECNICO,1,0.5,0.12942615814791414,12.779239159313706,PRICE,TRAIN,2021-12
CSNA3.SA,BEAR_CALM,-0.03517732938561371,0,BEAR_OPTIMIZED,3,0.5,1.0836593106345664,6.61773055870869,PRICE,TRAIN,2021-12
CSNA3.SA,BEAR_VOLATILE,-0.03772306336374156,0,BEAR_OPTIMIZED,1,0.5,0.019286757001675193,4.563367168976156,PRICE,TRAIN,2021-12
CSNA3.SA,BEAR_VOLATILE,-0.04834993904012843,0,BEAR_OPTIMIZED,1,0.5,-1.0359711815969566,4.827982370479458,PRICE,TRAIN,2021-12
CSNA3.SA,BEAR_CALM,-0.04008483777409368,0,BEAR_OPTIMIZED,1,0.5,-0.06272568261299036,5.515816336006554,PRICE,TRAIN,2021-12
CSNA3.SA,BEAR_CALM,-0.01905715075626515,0,STOP_TECNICO,1,0.5,-0.7273192995828824,9.66320008876944,PRICE,TRAIN,2021-12
CSNA3.SA,BEAR_CALM,-0.008193015136218083,0,BEAR_OPTIMIZED,3,0.5,1.1716710584800774,9.77610949298959,PRICE,TRAIN,2021-12
CSNA3.SA,BEAR_CALM,-0.010402429950541546,0,BEAR_OPTIMIZED,1,0.5,0.4539136286942967,7.742286664442904,PRICE,TRAIN,2021-12
CSNA3.SA,BEAR_CALM,0.045217069296754266,1,BEAR_OPTIMIZED,1,0.5,-1.211905315812,9.516093044806189,PRICE,TRAIN,2021-12
CSNA3.SA,BEAR_CALM,0.062180462622165235,1,BEAR_OPTIMIZED,1,0.5,-1.7659632587549166,7.743589623202638,PRICE,TRAIN,2021-12
CVCB3.SA,SIDEWAYS_CALM,-0.051200000000000044,0,HARD_STOP,5,0.5,0.5,1000.0,PRICE,TRAIN,2021-12
CVCB3.SA,BEAR_VOLATILE,-0.05314807940874491,0,HARD_STOP,9,0.5,0.5,1000.0,PRICE,TRAIN,2021-12
CVCB3.SA,BEAR_VOLATILE,-0.06646809976996162,0,HARD_STOP,1,0.5,0.5,1000.0,PRICE,TRAIN,2021-12
CVCB3.SA,BEAR_VOLATILE,0.00880000000000001,1,STOP_TECNICO,10,0.5,0.5773502691896091,1000.0,PRICE,TRAIN,2021-12
CVCB3.SA,BEAR_CALM,5.246305872273044e-05,1,STOP_TECNICO,1,0.5,0.1278573306864967,3.8644340936428248,PRICE,TRAIN,2021-12
CVCB3.SA,BEAR_VOLATILE,0.3608070976198311,1,END_CLOSED,6,0.5,0.012913775516421424,1000.0,PRICE,TEST,2021-12
CXSE3.SA,SIDEWAYS_CALM,-0.051200000000000044,0,HARD_STOP,6,0.5,0.5,1000.0,PRICE,TRAIN,2021-12
CXSE3.SA,BEAR_VOLATILE,-0.019448325519804487,0,TIME_STOP,14,0.5,0.5,1000.0,PRICE,TRAIN,2021-12
CXSE3.SA,BEAR_CALM,0.13660028006201705,1,BEAR_OPTIMIZED,21,0.5,0.11185201417921203,1000.0,PRICE,TRAIN,2021-12
CYRE3.SA,SIDEWAYS_CALM,-0.012805346962364482,0,TIME_STOP,11,0.5,0.5,1000.0,PRICE,TRAIN,2021-12
CYRE3.SA,SIDEWAYS_CALM,-0.05650248187965392,0,HARD_STOP,7,0.5,0.5,1000.0,PRICE,TRAIN,2021-12
CYRE3.SA,BEAR_VOLATILE,0.19251342059157203,1,BEAR_OPTIMIZED,15,0.5,0.5773502691896258,1000.0,PRICE,TRAIN,2021-12
ECOR3.SA,SIDEWAYS_CALM,-0.07336486938198652,0,HARD_STOP,5,0.5,0.5,1000.0,PRICE,TRAIN,2021-12
ECOR3.SA,BEAR_VOLATILE,-0.042866637597492784,0,TIME_STOP,14,0.5,0.5,1000.0,PRICE,TRAIN,2021-12
ECOR3.SA,BEAR_CALM,0.00880000000000001,1,STOP_TECNICO,28,0.5,-1.1547005383792464,1000.0,PRICE,TRAIN,2021-12
ECOR3.SA,BEAR_CALM,0.0012752813296207156,1,STOP_TECNICO,22,0.5,-0.5986673006158191,10.626617794583895,PRICE,TEST,2021-12
DIRR3.SA,SIDEWAYS_CALM,0.00880000000000001,1,STOP_TECNICO,1,0.5,0.5,1000.0,PRICE,TRAIN,2021-12
DIRR3.SA,SIDEWAYS_CALM,-0.051200000000000044,0,HARD_STOP,2,0.5,0.5,1000.0,PRICE,TRAIN,2021-12
DIRR3.SA,SIDEWAYS_CALM,-0.028421863124286427,0,TIME_STOP,14,0.5,0.5,1000.0,PRICE,TRAIN,2021-12
DIRR3.SA,BEAR_VOLATILE,0.2045693062396364,1,BEAR_OPTIMIZED,15,0.5,-1.1547005383792481,1000.0,PRICE,TRAIN,2021-12
EGIE3.SA,SIDEWAYS_CALM,-0.004534193751536429,0,TIME_STOP,11,0.5,0.5,1000.0,PRICE,TRAIN,2021-12
EGIE3.SA,SIDEWAYS_VOLATILE,-0.03299030755636225,0,TIME_STOP,11,0.5,0.5,1000.0,PRICE,TRAIN,2021-12
EGIE3.SA,SIDEWAYS_VOLATILE,0.030395763489716156,1,SIGNAL,9,0.5,-1.424828806188397,1000.0,PRICE,TRAIN,2021-12
ELET3.SA,SIDEWAYS_CALM,-0.051200000000000044,0,HARD_STOP,6,0.5,0.5,1000.0,PRICE,TRAIN,2021-12
ELET3.SA,BEAR_VOLATILE,-0.0057759075378092314,0,TIME_STOP,14,0.5,0.5,1000.0,PRICE,TRAIN,2021-12
ELET3.SA,BEAR_VOLATILE,0.18943782396481587,1,BEAR_OPTIMIZED,16,0.5,1.1480906822295571,1000.0,PRICE,TRAIN,2021-12
ELET3.SA,BEAR_CALM,-0.07251580617750578,0,HARD_STOP,11,0.5,0.5488100131333842,5.846668564298654,PRICE,TEST,2021-12
ELET3.SA,BEAR_VOLATILE,-0.051200000000000044,0,HARD_STOP,7,0.5,1.1728944776395709,34.30961849152067,PRICE,TEST,2021-12
ELET3.SA,BEAR_VOLATILE,0.0009211842045958386,1,END_CLOSED,2,0.5,0.8978775236660438,1000.0,PRICE,TEST,2021-12
ELET6.SA,SIDEWAYS_CALM,-0.051200000000000044,0,HARD_STOP,6,0.5,0.5,1000.0,PRICE,TRAIN,2021-12
ELET6.SA,BEAR_VOLATILE,-0.003054184246097734,0,TIME_STOP,14,0.5,0.5,1000.0,PRICE,TRAIN,2021-12
ELET6.SA,BEAR_VOLATILE,0.17509078349588267,1,BEAR_OPTIMIZED,18,0.5,0.5773502691896354,1000.0,PRICE,TRAIN,2021-12
ELET6.SA,BEAR_CALM,-0.07196778225232817,0,HARD_STOP,11,0.5,-0.04154764020030979,7.964065789312273,PRICE,TEST,2021-12
ELET6.SA,BEAR_VOLATILE,-0.051200000000000044,0,HARD_STOP,7,0.5,0.966620366748432,34.30961849152067,PRICE,TEST,2021-12
ELET6.SA,BEAR_VOLATILE,0.0019626402550986036,1,END_CLOSED,2,0.5,0.7353993527314276,34.30961849152067,PRICE,TEST,2021-12
EMBR3.SA,SIDEWAYS_CALM,-0.05119999999999993,0,HARD_STOP,11,0.5,0.5,1000.0,PRICE,TRAIN,2021-12
EMBR3.SA,BULL_VOLATILE,-0.051200000000000044,0,HARD_STOP,10,0.5,0.5,1000.0,PRICE,TRAIN,2021-12
EMBR3.SA,SIDEWAYS_VOLATILE,-0.05826986281664539,0,HARD_STOP,2,0.5,-1.373309486564206,1000.0,PRICE,TRAIN,2021-12
EMBR3.SA,BEAR_CALM,-0.051200000000000155,0,HARD_STOP,6,0.5,0.5417985865548534,1000.0,PRICE,TRAIN,2021-12
ENGI11.SA,SIDEWAYS_CALM,-0.007055048574323729,0,STOP_TECNICO,154,0.5,-1.5872156792254544,1000.0,PRICE,TRAIN,2021-12
ENGI11.SA,BEAR_VOLATILE,-0.008824135872647874,0,BEAR_OPTIMIZED,1,0.5,0.7422151564498984,21.070814217171478,PRICE,TRAIN,2021-12
ENGI11.SA,BEAR_VOLATILE,0.005988656184316633,1,BEAR_OPTIMIZED,2,0.5,0.5748155951944762,1000.0,PRICE,TRAIN,2021-12
ENGI11.SA,BEAR_VOLATILE,6.576662827759822e-05,1,BEAR_OPTIMIZED,3,0.5,1.305657234763562,34.30961849152067,PRICE,TRAIN,2021-12
ENGI11.SA,BEAR_VOLATILE,-0.018450027616736996,0,BEAR_OPTIMIZED,1,0.5,1.9010444514299096,34.30961849152067,PRICE,TRAIN,2021-12
ENGI11.SA,BEAR_VOLATILE,-0.0019538113304371704,0,BEAR_OPTIMIZED,1,0.5,1.4214824703658704,27.314773405842654,PRICE,TRAIN,2021-12
ENGI11.SA,SIDEWAYS_VOLATILE,-0.03436332803024857,0,END_CLOSED,9,0.5,1.7768662472270063,4.042411098512328,PRICE,TRAIN,2021-12
ENGI11.SA,BEAR_CALM,0.038068437600900486,1,BEAR_OPTIMIZED,5,0.5,0.7974927850055007,7.498303088466086,PRICE,TEST,2021-12
ENGI11.SA,BEAR_CALM,-0.026695098825370488,0,TIME_STOP,15,0.5,0.7498794677650059,2.7105644859956115,PRICE,TEST,2021-12
ENGI11.SA,BEAR_VOLATILE,0.02341538558352361,1,END_CLOSED,9,0.5,-0.6919502598406571,3.7180233232968134,PRICE,TEST,2021-12
ENEV3.SA,SIDEWAYS_CALM,-0.06053918536534988,0,HARD_STOP,8,0.5,0.5,1000.0,PRICE,TRAIN,2021-12
ENEV3.SA,SIDEWAYS_CALM,-0.06656860407348922,0,HARD_STOP,12,0.5,0.5,1000.0,PRICE,TRAIN,2021-12
ENEV3.SA,BEAR_VOLATILE,0.0004721993332413644,1,STOP_TECNICO,60,0.5,1.1547005383792515,1000.0,PRICE,TRAIN,2021-12
ENEV3.SA,BEAR_CALM,0.0011866895285495905,1,STOP_TECNICO,1,0.5,-3.2707089907532185,32.663420019377575,PRICE,TRAIN,2021-12
ENEV3.SA,BEAR_CALM,-0.005517699933057306,0,STOP_TECNICO,3,0.5,-2.8467600685239396,34.30961849152067,PRICE,TRAIN,2021-12
ENEV3.SA,BEAR_CALM,-0.006166843238520146,0,STOP_TECNICO,1,0.5,-0.575424076317842,19.721841443534636,PRICE,TRAIN,2021-12
FLRY3.SA,SIDEWAYS_CALM,-0.05736792358183642,0,HARD_STOP,11,0.5,0.5,1000.0,PRICE,TRAIN,2021-12
FLRY3.SA,BEAR_VOLATILE,-0.07226316380039247,0,HARD_STOP,8,0.5,0.5,1000.0,PRICE,TRAIN,2021-12
FLRY3.SA,BEAR_VOLATILE,0.11100915087464189,1,BEAR_OPTIMIZED,11,0.5,1.0559015994016283,1000.0,PRICE,TRAIN,2021-12
EQTL3.SA,SIDEWAYS_CALM,0.24792556595455592,1,SIGNAL,245,0.5,0.2749548695791649,1000.0,PRICE,TRAIN,2021-12
EQTL3.SA,BULL_VOLATILE,0.025926217948050924,1,SIGNAL,11,0.5,-0.3291709755647839,10.408604208629074,PRICE,TRAIN,2021-12
EQTL3.SA,BULL_VOLATILE,-0.00014821980420434027,0,SIGNAL,1,0.5,0.5805592043132093,19.558178187026975,PRICE,TRAIN,2021-12
EQTL3.SA,BULL_CALM,-0.007047884068814646,0,TIME_STOP,12,0.5,0.15308596200223346,15.227904243515836,PRICE,TRAIN,2021-12
EQTL3.SA,BULL_CALM,-0.004600104303192708,0,END_CLOSED,3,0.5,0.17619668210980113,8.0455887528721,PRICE,TRAIN,2021-12
EQTL3.SA,BULL_CALM,-0.023506103486438355,0,TIME_STOP,15,0.5,0.39271869501956247,3.200030902942301,PRICE,TEST,2021-12
EQTL3.SA,SIDEWAYS_VOLATILE,0.01996818390639086,1,END_CLOSED,9,0.5,0.7093337013289646,3.721405681051772,PRICE,TEST,2021-12
EZTC3.SA,SIDEWAYS_CALM,0.00880000000000001,1,STOP_TECNICO,5,0.5,0.5,1000.0,PRICE,TRAIN,2021-12
EZTC3.SA,SIDEWAYS_CALM,-0.051200000000000044,0,HARD_STOP,8,0.5,0.5,1000.0,PRICE,TRAIN,2021-12
EZTC3.SA,SIDEWAYS_CALM,-0.051200000000000044,0,HARD_STOP,6,0.5,0.5,1000.0,PRICE,TRAIN,2021-12
EZTC3.SA,BEAR_VOLATILE,0.17209546428056685,1,BEAR_OPTIMIZED,15,0.5,-1.1547005383792517,1000.0,PRICE,TRAIN,2021-12
EZTC3.SA,BEAR_CALM,-0.051200000000000044,0,HARD_STOP,2,0.5,-0.730958510309033,1000.0,PRICE,TEST,2021-12
EZTC3.SA,BEAR_VOLATILE,-0.051200000000000044,0,HARD_STOP,14,0.5,-1.9463274916298055,1000.0,PRICE,TEST,2021-12
GGBR4.SA,SIDEWAYS_CALM,-0.0015644785935694727,0,TIME_STOP,26,0.5,0.4891369300354571,1000.0,PRICE,TRAIN,2021-12
GGBR4.SA,BEAR_VOLATILE,-0.051200000000000044,0,HARD_STOP,3,0.5,-1.4900508569440776,1000.0,PRICE,TRAIN,2021-12
GGBR4.SA,SIDEWAYS_CALM,-0.006976229343123051,0,TIME_STOP,14,0.5,-0.5576548810888069,7.668061995394,PRICE,TRAIN,2021-12
GGBR4.SA,BEAR_CALM,0.024976123157005904,1,BEAR_OPTIMIZED,1,0.5,0.7479685755520532,5.698250686567468,PRICE,TRAIN,2021-12
GGBR4.SA,BEAR_VOLATILE,-0.1027381992840454,0,HARD_STOP,4,0.5,-0.1462209157241795,5.2495997737115845,PRICE,TRAIN,2021-12
GGBR4.SA,BEAR_VOLATILE,-0.051200000000000044,0,HARD_STOP,9,0.5,-0.8623984915188341,34.30961849152067,PRICE,TRAIN,2021-12
GGBR4.SA,BEAR_VOLATILE,0.1627822030859137,1,BEAR_OPTIMIZED,89,0.5,-0.6347894366939003,34.30961849152067,PRICE,TRAIN,2021-12
GGBR4.SA,BULL_CALM,-0.06641021437000341,0,HARD_STOP,7,0.5,-0.6022608961359164,4.173116435085666,PRICE,TEST,2021-12
GGBR4.SA,BULL_VOLATILE,-0.017250358476849546,0,TIME_STOP,13,0.5,-2.1071565744439096,4.8768462568172515,PRICE,TEST,2021-12
GGBR4.SA,BULL_CALM,0.003715507781347639,1,END_CLOSED,2,0.5,-2.9286494979732565,10.150354126499755,PRICE,TEST,2021-12
GOAU4.SA,SIDEWAYS_CALM,-0.0607138784775916,0,HARD_STOP,11,0.5,0.5,1000.0,PRICE,TRAIN,2021-12
GOAU4.SA,BEAR_VOLATILE,0.06163203696252482,1,BEAR_OPTIMIZED,16,0.5,0.5,1000.0,PRICE,TRAIN,2021-12
GOAU4.SA,SIDEWAYS_CALM,-0.02419829220546734,0,SIGNAL,8,0.5,1.6489987807097664,1000.0,PRICE,TRAIN,2021-12
GOAU4.SA,BULL_CALM,-0.018605177257285187,0,TIME_STOP,13,0.5,-1.460471595555927,5.51499845905875,PRICE,TEST,2021-12
GOAU4.SA,BULL_VOLATILE,0.02214955289330587,1,END_CLOSED,9,0.5,-2.7004516980685986,10.304965948296207,PRICE,TEST,2021-12
HAPV3.SA,SIDEWAYS_CALM,-0.015473006117145326,0,TIME_STOP,13,0.5,0.5,1000.0,PRICE,TRAIN,2021-12
HAPV3.SA,BEAR_VOLATILE,-0.051200000000000044,0,HARD_STOP,2,0.5,0.5,1000.0,PRICE,TRAIN,2021-12
HAPV3.SA,BEAR_VOLATILE,-0.06985675690557627,0,HARD_STOP,2,0.5,0.5,1000.0,PRICE,TRAIN,2021-12
HAPV3.SA,BEAR_VOLATILE,0.2349702344096299,1,BEAR_OPTIMIZED,11,0.5,0.5773502691896257,1000.0,PRICE,TRAIN,2021-12
HAPV3.SA,BEAR_VOLATILE,-0.051200000000000044,0,HARD_STOP,1,0.5,-3.9754923892428446,4.672875804992349,PRICE,TEST,2021-12
HAPV3.SA,BEAR_VOLATILE,0.00880000000000001,1,STOP_TECNICO,1,0.5,-3.770100502160532,1000.0,PRICE,TEST,2021-12
HYPE3.SA,BULL_VOLATILE,0.5135053807483311,1,SIGNAL,224,0.5,-0.4064379164661652,1000.0,PRICE,TRAIN,2021-12
HYPE3.SA,BULL_CALM,0.03600919375929466,1,SIGNAL,5,0.5,-0.21994458987506907,5.346929992177718,PRICE,TRAIN,2021-12
HYPE3.SA,BULL_CALM,0.01568404413779021,1,SIGNAL,3,0.5,0.9253401032289441,9.550752347273502,PRICE,TRAIN,2021-12
HYPE3.SA,BULL_CALM,-0.02247185373256324,0,TIME_STOP,12,0.5,-0.4976307116485935,6.487489037044713,PRICE,TRAIN,2021-12
HYPE3.SA,BULL_VOLATILE,-0.017847400751216623,0,END_CLOSED,3,0.5,0.18649555084172925,5.632122396302694,PRICE,TRAIN,2021-12
HYPE3.SA,SIDEWAYS_CALM,-0.05137260498486853,0,HARD_STOP,5,0.5,-1.603763935871767,3.578705374463327,PRICE,TEST,2021-12
HYPE3.SA,SIDEWAYS_VOLATILE,-0.0030866397233961992,0,END_CLOSED,2,0.5,-0.9284320742248982,4.765337985477297,PRICE,TEST,2021-12
IGTI11.SA,SIDEWAYS_CALM,-0.05123771313020677,0,HARD_STOP,7,0.5,0.5,1000.0,PRICE,TRAIN,2021-12
IGTI11.SA,BEAR_VOLATILE,-0.051200000000000044,0,HARD_STOP,13,0.5,0.5,1000.0,PRICE,TRAIN,2021-12
IGTI11.SA,BEAR_VOLATILE,0.3624962252021374,1,BEAR_OPTIMIZED,74,0.5,0.14065220783113577,1000.0,PRICE,TRAIN,2021-12
IGTI11.SA,BEAR_CALM,-0.0012,0,END_CLOSED,0,0.5,0.12316411618163095,13.314360095547764,PRICE,TRAIN,2021-12
IRBR3.SA,SIDEWAYS_CALM,-0.02450999166724601,0,TIME_STOP,11,0.5,0.5,1000.0,PRICE,TRAIN,2021-12
IRBR3.SA,BEAR_VOLATILE,-0.05592636929718422,0,HARD_STOP,8,0.5,0.5,1000.0,PRICE,TRAIN,2021-12
IRBR3.SA,BEAR_VOLATILE,-0.05487232861340887,0,HARD_STOP,8,0.5,-0.5773502691896257,1000.0,PRICE,TRAIN,2021-12
IRBR3.SA,BEAR_CALM,0.016981771943063474,1,STOP_TECNICO,3,0.5,-2.4880746582297815,34.30961849152067,PRICE,TRAIN,2021-12
IRBR3.SA,BEAR_CALM,-0.0012,0,STOP_TECNICO,1,0.5,-1.6310297458552097,34.30961849152067,PRICE,TRAIN,2021-12
IRBR3.SA,BEAR_CALM,0.007974288381073925,1,STOP_TECNICO,1,0.5,-1.1043353263396032,34.30961849152067,PRICE,TRAIN,2021-12
IRBR3.SA,BEAR_CALM,-0.03858314369573115,0,STOP_TECNICO,1,0.5,-0.29738241027677337,34.30961849152067,PRICE,TRAIN,2021-12
IRBR3.SA,BEAR_CALM,-0.029237313207575853,0,STOP_TECNICO,1,0.5,0.5081722192992121,34.30961849152067,PRICE,TRAIN,2021-12
IRBR3.SA,BEAR_CALM,-0.051200000000000044,0,HARD_STOP,1,0.5,0.4987595719767838,34.30961849152067,PRICE,TRAIN,2021-12
IRBR3.SA,BEAR_VOLATILE,0.00880000000000001,1,STOP_TECNICO,7,0.5,-0.077272814325798,24.68096622360659,PRICE,TEST,2021-12
ITSA4.SA,SIDEWAYS_CALM,-0.022562206637946412,0,TIME_STOP,11,0.5,0.5,1000.0,PRICE,TRAIN,2021-12
ITSA4.SA,SIDEWAYS_CALM,0.06402933883255776,1,SIGNAL,25,0.5,0.5,1000.0,PRICE,TRAIN,2021-12
KLBN11.SA,SIDEWAYS_VOLATILE,-0.009251694127696462,0,TIME_STOP,11,0.5,0.5819071997465698,1000.0,PRICE,TRAIN,2021-12
KLBN11.SA,SIDEWAYS_VOLATILE,-0.05119999999999993,0,HARD_STOP,7,0.5,1.7068882993450878,1000.0,PRICE,TRAIN,2021-12
KLBN11.SA,BEAR_VOLATILE,0.010832804524933383,1,BEAR_OPTIMIZED,1,0.5,-1.1560894658085035,1000.0,PRICE,TRAIN,2021-12
KLBN11.SA,BEAR_VOLATILE,0.0071922077976335,1,BEAR_OPTIMIZED,1,0.5,0.5701539427475271,1000.0,PRICE,TRAIN,2021-12
KLBN11.SA,BEAR_VOLATILE,0.011042914927664162,1,BEAR_OPTIMIZED,5,0.5,-1.033102925820901,1000.0,PRICE,TRAIN,2021-12
KLBN11.SA,BEAR_VOLATILE,0.04567446367482795,1,BEAR_OPTIMIZED,1,0.5,-0.9797992803384548,1000.0,PRICE,TRAIN,2021-12
KLBN11.SA,SIDEWAYS_VOLATILE,-0.003632171158733509,0,TIME_STOP,15,0.5,-2.10339160348449,6.2333121560428495,PRICE,TRAIN,2021-12
KLBN11.SA,BEAR_VOLATILE,-0.013938980703037583,0,BEAR_OPTIMIZED,1,0.5,-0.8279039560567527,5.147216199355684,PRICE,TRAIN,2021-12
KLBN11.SA,BEAR_VOLATILE,-0.007260848015992714,0,BEAR_OPTIMIZED,1,0.5,-0.6878522479693635,6.061250346655445,PRICE,TRAIN,2021-12
KLBN11.SA,BEAR_VOLATILE,0.005523097599385053,1,BEAR_OPTIMIZED,1,0.5,-2.212688800832384,9.009282670631396,PRICE,TRAIN,2021-12
KLBN11.SA,BEAR_VOLATILE,-0.003453467494690464,0,BEAR_OPTIMIZED,2,0.5,-2.0239107524456155,11.817765406243854,PRICE,TRAIN,2021-12
KLBN11.SA,BEAR_VOLATILE,-0.008679949122760731,0,BEAR_OPTIMIZED,1,0.5,0.5406801466318493,31.410838326399617,PRICE,TRAIN,2021-12
KLBN11.SA,BEAR_VOLATILE,0.046868071382237454,1,BEAR_OPTIMIZED,1,0.5,0.9441819644093484,34.30961849152067,PRICE,TRAIN,2021-12
KLBN11.SA,BEAR_CALM,-0.00697768467093076,0,BEAR_OPTIMIZED,1,0.5,-0.544569377855897,13.475574134312284,PRICE,TRAIN,2021-12
KLBN11.SA,BEAR_CALM,-0.013487420277726335,0,BEAR_OPTIMIZED,1,0.5,-0.6655086033622827,20.315126343876912,PRICE,TRAIN,2021-12
KLBN11.SA,BEAR_CALM,0.0020180049155594584,1,BEAR_OPTIMIZED,1,0.5,-0.5632074975080849,15.987821829516477,PRICE,TRAIN,2021-12
KLBN11.SA,BEAR_CALM,0.025188925450477663,1,BEAR_OPTIMIZED,1,0.5,0.07073724295371936,17.30179202661121,PRICE,TRAIN,2021-12
KLBN11.SA,BEAR_CALM,0.0006022365936993802,1,BEAR_OPTIMIZED,3,0.5,0.026223553741125085,12.831071302469114,PRICE,TRAIN,2021-12
KLBN11.SA,BEAR_CALM,-0.014245288527433918,0,BEAR_OPTIMIZED,1,0.5,-0.9645703099194421,10.339593396368397,PRICE,TRAIN,2021-12
KLBN11.SA,BEAR_CALM,-0.020881480353904823,0,BEAR_OPTIMIZED,1,0.5,0.44742231747439215,8.617493847921311,PRICE,TRAIN,2021-12
KLBN11.SA,BEAR_VOLATILE,-0.00615072645386474,0,BEAR_OPTIMIZED,1,0.5,0.44158552993345407,6.424230254753723,PRICE,TRAIN,2021-12
KLBN11.SA,BEAR_VOLATILE,0.00376307726603229,1,BEAR_OPTIMIZED,1,0.5,1.983618483873636,7.074567753884462,PRICE,TRAIN,2021-12
KLBN11.SA,BEAR_VOLATILE,0.0007843486635393593,1,BEAR_OPTIMIZED,1,0.5,1.175077986689415,8.606191865488453,PRICE,TRAIN,2021-12
KLBN11.SA,BEAR_VOLATILE,-0.0012,0,BEAR_OPTIMIZED,3,0.5,0.3322051024410452,9.303325573621292,PRICE,TRAIN,2021-12
KLBN11.SA,BEAR_CALM,0.004438066609064074,1,BEAR_OPTIMIZED,1,0.5,1.4290898607814855,12.206054514587933,PRICE,TRAIN,2021-12
KLBN11.SA,BEAR_CALM,-0.051200000000000044,0,HARD_STOP,8,0.5,1.129245788743214,22.912216480349347,PRICE,TRAIN,2021-12
KLBN11.SA,BEAR_VOLATILE,0.05354266134702788,1,BEAR_OPTIMIZED,1,0.5,1.4906888303747579,34.30961849152067,PRICE,TRAIN,2021-12
KLBN11.SA,BEAR_CALM,0.03520106961848777,1,BEAR_OPTIMIZED,1,0.5,-0.0903774700314101,19.191163373838148,PRICE,TRAIN,2021-12
KLBN11.SA,BEAR_CALM,-0.051200000000000044,0,HARD_STOP,10,0.5,0.8350071698818712,5.901618849769037,PRICE,TRAIN,2021-12
KLBN11.SA,BEAR_VOLATILE,-0.019698166356972323,0,TIME_STOP,11,0.5,0.9932996375962763,7.0585403973326155,PRICE,TRAIN,2021-12
KLBN11.SA,SIDEWAYS_CALM,-0.007883482862806289,0,TIME_STOP,11,0.5,-1.08460585002415,13.067125930108938,PRICE,TEST,2021-12
KLBN11.SA,SIDEWAYS_CALM,-0.0023903704510820564,0,TIME_STOP,14,0.5,0.46394208220651867,3.9766856624941687,PRICE,TEST,2021-12
ITUB4.SA,SIDEWAYS_CALM,-0.051200000000000044,0,HARD_STOP,11,0.5,0.5,1000.0,PRICE,TRAIN,2021-12
ITUB4.SA,SIDEWAYS_CALM,0.08041679448967173,1,SIGNAL,25,0.5,0.5,1000.0,PRICE,TRAIN,2021-12
LREN3.SA,SIDEWAYS_CALM,-0.06491677278918875,0,HARD_STOP,5,0.5,0.5,1000.0,PRICE,TRAIN,2021-12
LREN3.SA,BEAR_VOLATILE,-0.051200000000000044,0,HARD_STOP,2,0.5,0.5,1000.0,PRICE,TRAIN,2021-12
LREN3.SA,BEAR_VOLATILE,-0.05413370611776338,0,HARD_STOP,7,0.5,0.5,1000.0,PRICE,TRAIN,2021-12
LREN3.SA,BEAR_VOLATILE,-0.03462159416172186,0,STOP_TECNICO,56,0.5,0.9548448353921261,1000.0,PRICE,TRAIN,2021-12
LREN3.SA,BEAR_VOLATILE,-0.051200000000000044,0,HARD_STOP,2,0.5,1.9243601387860705,1000.0,PRICE,TEST,2021-12
LREN3.SA,BEAR_VOLATILE,0.007793052930017731,1,STOP_TECNICO,8,0.5,0.9378087952707228,34.30961849152067,PRICE,TEST,2021-12
LWSA3.SA,SIDEWAYS_CALM,-0.051200000000000044,0,HARD_STOP,6,0.5,0.5,1000.0,PRICE,TRAIN,2021-12
LWSA3.SA,BEAR_VOLATILE,-0.001983765488167054,0,TIME_STOP,14,0.5,0.5,1000.0,PRICE,TRAIN,2021-12
LWSA3.SA,BEAR_VOLATILE,-0.10834284630436333,0,HARD_STOP,3,0.5,-1.1253845730306258,1000.0,PRICE,TRAIN,2021-12
LWSA3.SA,BEAR_VOLATILE,0.00880000000000001,1,STOP_TECNICO,97,0.5,0.6573446148793142,1000.0,PRICE,TRAIN,2021-12
LWSA3.SA,BEAR_CALM,0.00880000000000001,1,STOP_TECNICO,11,0.5,0.7094272439904862,30.958253539278495,PRICE,TEST,2021-12
LWSA3.SA,BEAR_CALM,0.00880000000000001,1,STOP_TECNICO,2,0.5,-0.06594563032079391,34.30961849152067,PRICE,TEST,2021-12
LWSA3.SA,BEAR_VOLATILE,0.1889565196717465,1,END_CLOSED,7,0.5,0.24839001457343438,22.50985753984551,PRICE,TEST,2021-12
MGLU3.SA,BEAR_CALM,-0.08718727179897759,0,HARD_STOP,5,0.5,0.5,1000.0,PRICE,TRAIN,2021-12
MGLU3.SA,SIDEWAYS_CALM,-0.051200000000000044,0,HARD_STOP,3,0.5,0.5,1000.0,PRICE,TRAIN,2021-12
MGLU3.SA,BULL_CALM,-0.051200000000000044,0,HARD_STOP,7,0.5,0.5,1000.0,PRICE,TRAIN,2021-12
MGLU3.SA,BEAR_VOLATILE,0.00880000000000001,1,STOP_TECNICO,2,0.5,0.5,1000.0,PRICE,TRAIN,2021-12
MGLU3.SA,BEAR_VOLATILE,0.1318049063984615,1,BEAR_OPTIMIZED,8,0.5,0.9128709291752684,1000.0,PRICE,TRAIN,2021-12
MGLU3.SA,BEAR_CALM,-0.06191430661295374,0,HARD_STOP,2,0.5,0.4502192349043746,34.30961849152067,PRICE,TEST,2021-12
MGLU3.SA,BEAR_VOLATILE,0.00880000000000001,1,STOP_TECNICO,1,0.5,0.12415083565206897,34.30961849152067,PRICE,TEST,2021-12
MGLU3.SA,BEAR_VOLATILE,-0.008862865468389568,0,TIME_STOP,12,0.5,0.6687114009809488,34.30961849152067,PRICE,TEST,2021-12
MGLU3.SA,BEAR_CALM,0.00880000000000001,1,STOP_TECNICO,3,0.5,0.9804461212219968,12.091180566979652,PRICE,TEST,2021-12
MRVE3.SA,SIDEWAYS_CALM,-0.018323324061086187,0,TIME_STOP,11,0.5,0.5,1000.0,PRICE,TRAIN,2021-12
MRVE3.SA,SIDEWAYS_CALM,-0.06128576082863837,0,HARD_STOP,8,0.5,0.5,1000.0,PRICE,TRAIN,2021-12
MRVE3.SA,BEAR_VOLATILE,0.19784301737698481,1,BEAR_OPTIMIZED,15,0.5,-1.1547005383792535,1000.0,PRICE,TRAIN,2021-12
MRVE3.SA,BEAR_CALM,0.07655765136065437,1,END_CLOSED,5,0.5,-1.7562833177037858,34.30961849152067,PRICE,TEST,2021-12
MULT3.SA,SIDEWAYS_CALM,-0.051200000000000155,0,HARD_STOP,8,0.5,0.5,1000.0,PRICE,TRAIN,2021-12
MULT3.SA,BEAR_VOLATILE,-0.05276068914090972,0,HARD_STOP,12,0.5,0.5,1000.0,PRICE,TRAIN,2021-12
MULT3.SA,BEAR_VOLATILE,0.2402840848186741,1,BEAR_OPTIMIZED,15,0.5,0.5,1000.0,PRICE,TRAIN,2021-12
MULT3.SA,BEAR_CALM,-0.0012,0,END_CLOSED,0,0.5,0.5868719624117208,8.43210238080949,PRICE,TRAIN,2021-12
PETR3.SA,SIDEWAYS_VOLATILE,0.14317085868587162,1,SIGNAL,25,0.5,0.5,1000.0,PRICE,TRAIN,2021-12
PETR3.SA,SIDEWAYS_VOLATILE,0.00880000000000001,1,STOP_TECNICO,13,0.5,-1.5794395455193782,7.957644081212774,PRICE,TRAIN,2021-12
PETR3.SA,SIDEWAYS_CALM,0.2853555491787797,1,SIGNAL,27,0.5,-0.39776453390789474,6.365110341441528,PRICE,TRAIN,2021-12
PETR3.SA,BULL_VOLATILE,-0.051200000000000044,0,HARD_STOP,3,0.5,-0.6564368697094943,5.408268675901005,PRICE,TRAIN,2021-12
PETR3.SA,BULL_VOLATILE,-0.051200000000000044,0,HARD_STOP,4,0.5,-1.319652256267879,13.341886452546008,PRICE,TRAIN,2021-12
PCAR3.SA,SIDEWAYS_CALM,-0.0029629258118123655,0,TIME_STOP,11,0.5,0.5,1000.0,PRICE,TRAIN,2021-12
PCAR3.SA,BEAR_VOLATILE,-0.06031550607988125,0,HARD_STOP,7,0.5,0.5,1000.0,PRICE,TRAIN,2021-12
PCAR3.SA,BEAR_VOLATILE,0.00880000000000001,1,STOP_TECNICO,14,0.5,-0.9384088873382573,1000.0,PRICE,TRAIN,2021-12
PCAR3.SA,BEAR_VOLATILE,0.034514302410264854,1,END_CLOSED,7,0.5,1.239301976324363,25.88029221291058,PRICE,TEST,2021-12
PRIO3.SA,SIDEWAYS_CALM,-0.051344634965737844,0,HARD_STOP,5,0.5,0.5,1000.0,PRICE,TRAIN,2021-12
PRIO3.SA,BEAR_VOLATILE,-0.033643717068258104,0,STOP_TECNICO,16,0.5,0.5,1000.0,PRICE,TRAIN,2021-12
PRIO3.SA,SIDEWAYS_VOLATILE,0.17059747694675895,1,SIGNAL,11,0.5,0.3870996987182402,1000.0,PRICE,TRAIN,2021-12
PRIO3.SA,BULL_CALM,-0.09088130796451935,0,HARD_STOP,1,0.5,0.08140626482323118,12.622523294620063,PRICE,TEST,2021-12
PRIO3.SA,BULL_VOLATILE,-0.051200000000000155,0,HARD_STOP,1,0.5,-1.860532802754324,9.623533727122258,PRICE,TEST,2021-12
PETR4.SA,SIDEWAYS_CALM,-0.051200000000000044,0,HARD_STOP,11,0.5,0.5,1000.0,PRICE,TRAIN,2021-12
PETR4.SA,SIDEWAYS_VOLATILE,-0.02102632963077302,0,TIME_STOP,11,0.5,0.5,1000.0,PRICE,TRAIN,2021-12
PETR4.SA,BULL_CALM,0.0677771628568958,1,SIGNAL,9,0.5,1.738161551385637,1000.0,PRICE,TRAIN,2021-12
PETR4.SA,SIDEWAYS_VOLATILE,-0.051200000000000044,0,HARD_STOP,12,0.5,-0.6699496789238126,20.494332106582284,PRICE,TRAIN,2021-12
RADL3.SA,SIDEWAYS_CALM,-0.011417260644259762,0,TIME_STOP,25,0.5,0.5,1000.0,PRICE,TRAIN,2021-12
RADL3.SA,BEAR_VOLATILE,-0.051200000000000044,0,HARD_STOP,8,0.5,0.5773502691896234,1000.0,PRICE,TRAIN,2021-12
RADL3.SA,SIDEWAYS_CALM,0.07880005917588159,1,END_CLOSED,7,0.5,-0.16438664853846324,6.43294133062464,PRICE,TEST,2021-12
RAIL3.SA,SIDEWAYS_CALM,-0.0046383858519198,0,TIME_STOP,25,0.5,0.5,1000.0,PRICE,TRAIN,2021-12
RAIL3.SA,BEAR_VOLATILE,0.00582882045455211,1,STOP_TECNICO,18,0.5,1.1198077883671431,1000.0,PRICE,TRAIN,2021-12
RAIZ4.SA,SIDEWAYS_CALM,-0.051200000000000044,0,HARD_STOP,11,0.5,0.5,1000.0,PRICE,TRAIN,2021-12
RAIZ4.SA,SIDEWAYS_VOLATILE,0.00880000000000001,1,STOP_TECNICO,3,0.5,0.5,1000.0,PRICE,TRAIN,2021-12
RAIZ4.SA,BULL_VOLATILE,-0.07775501651287856,0,HARD_STOP,2,0.5,0.5,1000.0,PRICE,TRAIN,2021-12
RAIZ4.SA,BEAR_VOLATILE,0.0742386540575076,1,BEAR_OPTIMIZED,2,0.5,0.5773502691896294,1000.0,PRICE,TRAIN,2021-12
RAIZ4.SA,SIDEWAYS_VOLATILE,0.01843981835400075,1,SIGNAL,8,0.5,0.840817156753099,1000.0,PRICE,TRAIN,2021-12
RAIZ4.SA,BEAR_CALM,-0.024510091813642852,0,STOP_TECNICO,1,0.5,0.9398640398384832,7.152791350951139,PRICE,TRAIN,2021-12
RAIZ4.SA,BEAR_CALM,-0.028160850542658176,0,STOP_TECNICO,16,0.5,-0.685185866948527,8.611410008897828,PRICE,TRAIN,2021-12
RAIZ4.SA,BEAR_CALM,-0.051200000000000044,0,HARD_STOP,1,0.5,0.37635795890006285,5.983577681751937,PRICE,TRAIN,2021-12
RDOR3.SA,SIDEWAYS_CALM,-0.057838676028371026,0,HARD_STOP,7,0.5,0.5,1000.0,PRICE,TRAIN,2021-12
RDOR3.SA,BEAR_VOLATILE,-0.05790804535878349,0,HARD_STOP,1,0.5,0.5,1000.0,PRICE,TRAIN,2021-12
RDOR3.SA,BEAR_VOLATILE,-0.10674565905653435,0,HARD_STOP,9,0.5,0.5,1000.0,PRICE,TRAIN,2021-12
RDOR3.SA,BEAR_VOLATILE,0.2665983717125203,1,BEAR_OPTIMIZED,36,0.5,0.9999999999999972,1000.0,PRICE,TRAIN,2021-12
RECV3.SA,SIDEWAYS_CALM,0.3706559142311502,1,SIGNAL,43,0.5,0.5,1000.0,PRICE,TRAIN,2021-12
RECV3.SA,BULL_CALM,0.1767142452092144,1,SIGNAL,8,0.5,0.3088996230403967,6.469531717297315,PRICE,TRAIN,2021-12
RECV3.SA,BULL_CALM,-0.0256744360776038,0,TIME_STOP,26,0.5,0.34811642540786747,7.655366824194407,PRICE,TEST,2021-12
RECV3.SA,SIDEWAYS_CALM,0.011110880335241637,1,END_CLOSED,2,0.5,0.010847880307887631,8.979635672149413,PRICE,TEST,2021-12
RENT3.SA,SIDEWAYS_CALM,0.00880000000000001,1,STOP_TECNICO,8,0.5,0.5,1000.0,PRICE,TRAIN,2021-12
RENT3.SA,SIDEWAYS_VOLATILE,-0.051200000000000044,0,HARD_STOP,8,0.5,0.5,1000.0,PRICE,TRAIN,2021-12
RENT3.SA,BEAR_VOLATILE,-0.051200000000000044,0,HARD_STOP,7,0.5,0.5,1000.0,PRICE,TRAIN,2021-12
RENT3.SA,BEAR_CALM,0.10319764136765794,1,BEAR_OPTIMIZED,8,0.5,-0.6726349811722352,1000.0,PRICE,TRAIN,2021-12
SANB11.SA,SIDEWAYS_CALM,-0.051200000000000044,0,HARD_STOP,11,0.5,0.5,1000.0,PRICE,TRAIN,2021-12
SANB11.SA,SIDEWAYS_VOLATILE,-0.004264396505008115,0,TIME_STOP,16,0.5,0.5,1000.0,PRICE,TRAIN,2021-12
SANB11.SA,SIDEWAYS_CALM,-0.011912143504504778,0,SIGNAL,4,0.5,0.03711814695487149,1000.0,PRICE,TRAIN,2021-12
SANB11.SA,BEAR_CALM,0.1292996573304915,1,BEAR_OPTIMIZED,29,0.5,0.45695083682185034,9.964909712520644,PRICE,TEST,2021-12
SBSP3.SA,SIDEWAYS_CALM,-0.030189306868472786,0,TIME_STOP,27,0.5,0.5,1000.0,PRICE,TRAIN,2021-12
SBSP3.SA,BEAR_VOLATILE,0.12530947678900092,1,BEAR_OPTIMIZED,42,0.5,0.9999999999999989,1000.0,PRICE,TRAIN,2021-12
SBSP3.SA,BULL_CALM,-0.0030656986468603695,0,TIME_STOP,14,0.5,-1.3132580225043773,4.601839158204097,PRICE,TEST,2021-12
SBSP3.SA,BULL_CALM,-0.01642358215357311,0,TIME_STOP,20,0.5,0.6920899033590178,4.880974583840326,PRICE,TEST,2021-12
SBSP3.SA,SIDEWAYS_CALM,0.030231922722980677,1,END_CLOSED,2,0.5,0.11357413490465582,2.9818604424288844,PRICE,TEST,2021-12
SLCE3.SA,SIDEWAYS_CALM,-0.04017442574413379,0,TIME_STOP,11,0.5,0.5,1000.0,PRICE,TRAIN,2021-12
SLCE3.SA,BULL_VOLATILE,0.17727860987717733,1,SIGNAL,25,0.5,0.5,1000.0,PRICE,TRAIN,2021-12
SUZB3.SA,SIDEWAYS_CALM,0.00880000000000001,1,STOP_TECNICO,46,0.5,0.5,1000.0,PRICE,TRAIN,2021-12
SUZB3.SA,BEAR_CALM,-0.0030806335298900964,0,STOP_TECNICO,3,0.5,0.8191850244250225,10.57882251259935,PRICE,TRAIN,2021-12
SUZB3.SA,BEAR_CALM,0.04373380648558376,1,END_CLOSED,41,0.5,-0.10013897069183139,23.91513132315689,PRICE,TEST,2021-12
SMFT3.SA,SIDEWAYS_CALM,-0.08233698136771497,0,HARD_STOP,5,0.5,0.5,1000.0,PRICE,TRAIN,2021-12
SMFT3.SA,BEAR_VOLATILE,-0.06552744358647236,0,HARD_STOP,10,0.5,0.5,1000.0,PRICE,TRAIN,2021-12
SMFT3.SA,BEAR_VOLATILE,-0.058115954322897866,0,HARD_STOP,1,0.5,0.5,1000.0,PRICE,TRAIN,2021-12
SMFT3.SA,BEAR_VOLATILE,0.272020273113201,1,BEAR_OPTIMIZED,57,0.5,0.4315348113033968,1000.0,PRICE,TRAIN,2021-12
TIMS3.SA,SIDEWAYS_CALM,-0.012676787203604566,0,TIME_STOP,11,0.5,0.5,1000.0,PRICE,TRAIN,2021-12
TIMS3.SA,SIDEWAYS_CALM,-0.036886377648432965,0,TIME_STOP,11,0.5,0.5,1000.0,PRICE,TRAIN,2021-12
TIMS3.SA,SIDEWAYS_VOLATILE,0.0332275716751854,1,SIGNAL,9,0.5,-0.8988428466908347,1000.0,PRICE,TRAIN,2021-12
TIMS3.SA,BEAR_CALM,-0.02388767262999405,0,TIME_STOP,13,0.5,1.269531458340566,29.879365589381457,PRICE,TEST,2021-12
TAEE11.SA,SIDEWAYS_CALM,0.06631052995605721,1,SIGNAL,43,0.5,0.5,1000.0,PRICE,TRAIN,2021-12
TAEE11.SA,BEAR_VOLATILE,0.0019417085892135877,1,END_CLOSED,8,0.5,-0.01960503766117697,17.722641015481578,PRICE,TRAIN,2021-12
TOTS3.SA,SIDEWAYS_CALM,-0.059855659022011086,0,HARD_STOP,8,0.5,0.5,1000.0,PRICE,TRAIN,2021-12
TOTS3.SA,BEAR_VOLATILE,-0.051200000000000044,0,HARD_STOP,8,0.5,0.5,1000.0,PRICE,TRAIN,2021-12
TOTS3.SA,BEAR_VOLATILE,-0.051200000000000155,0,HARD_STOP,2,0.5,0.5,1000.0,PRICE,TRAIN,2021-12
TOTS3.SA,BEAR_VOLATILE,0.2718146744279911,1,BEAR_OPTIMIZED,37,0.5,0.8583670814560589,1000.0,PRICE,TRAIN,2021-12
UGPA3.SA,SIDEWAYS_CALM,-0.051200000000000044,0,HARD_STOP,11,0.5,0.5,1000.0,PRICE,TRAIN,2021-12
UGPA3.SA,SIDEWAYS_VOLATILE,-0.06782100131379412,0,HARD_STOP,8,0.5,0.5,1000.0,PRICE,TRAIN,2021-12
UGPA3.SA,BEAR_VOLATILE,0.1826811084285019,1,BEAR_OPTIMIZED,36,0.5,-1.1547005383792392,1000.0,PRICE,TRAIN,2021-12
UGPA3.SA,BEAR_CALM,-0.019527883257698407,0,STOP_TECNICO,1,0.5,0.37821577244528076,9.822274686129932,PRICE,TRAIN,2021-12
USIM5.SA,SIDEWAYS_CALM,-0.006845864593538441,0,TIME_STOP,11,0.5,0.5,1000.0,PRICE,TRAIN,2021-12
USIM5.SA,SIDEWAYS_CALM,-0.07101384255891044,0,HARD_STOP,9,0.5,0.5,1000.0,PRICE,TRAIN,2021-12
USIM5.SA,SIDEWAYS_VOLATILE,0.00880000000000001,1,STOP_TECNICO,14,0.5,0.902238795484645,1000.0,PRICE,TRAIN,2021-12
USIM5.SA,BEAR_CALM,-0.04719213340830499,0,STOP_TECNICO,3,0.5,1.039476193374401,7.3010752265077885,PRICE,TRAIN,2021-12
VALE3.SA,SIDEWAYS_CALM,0.12822269021657226,1,SIGNAL,43,0.5,0.5,1000.0,PRICE,TRAIN,2021-12
VALE3.SA,BULL_CALM,-0.02147654800672851,0,TIME_STOP,14,0.5,-0.06644798129550811,12.548376539339742,PRICE,TEST,2021-12
VALE3.SA,BULL_CALM,-0.0016641612724388676,0,END_CLOSED,2,0.5,-1.603209820333453,7.423524259023274,PRICE,TEST,2021-12
VBBR3.SA,SIDEWAYS_CALM,-0.029625957687499004,0,TIME_STOP,11,0.5,0.5,1000.0,PRICE,TRAIN,2021-12
VBBR3.SA,BEAR_VOLATILE,-0.05188072915037647,0,HARD_STOP,8,0.5,0.5,1000.0,PRICE,TRAIN,2021-12
VBBR3.SA,BEAR_VOLATILE,0.19207737616814277,1,BEAR_OPTIMIZED,18,0.5,-1.1547005383792472,1000.0,PRICE,TRAIN,2021-12
VBBR3.SA,BEAR_CALM,-0.0012,0,END_CLOSED,0,0.5,-0.25494661742414404,7.552143213869642,PRICE,TRAIN,2021-12
VIVT3.SA,SIDEWAYS_CALM,-0.0038858717030262543,0,TIME_STOP,29,0.5,0.5,1000.0,PRICE,TRAIN,2021-12
VIVT3.SA,SIDEWAYS_VOLATILE,0.03456791105831445,1,SIGNAL,9,0.5,1.3013483671140724,1000.0,PRICE,TRAIN,2021-12
VIVT3.SA,BEAR_CALM,0.005258165383219861,1,STOP_TECNICO,3,0.5,-0.6022807188966721,3.690931512396079,PRICE,TRAIN,2021-12
VIVT3.SA,BEAR_CALM,-0.003865897283003926,0,TIME_STOP,15,0.5,0.17633110289546183,6.316690114165142,PRICE,TEST,2021-12
VIVT3.SA,BEAR_CALM,0.09538023731977816,1,END_CLOSED,64,0.5,0.2239963988573581,10.774467869173215,PRICE,TEST,2021-12
YDUQ3.SA,SIDEWAYS_CALM,-0.07861388400256189,0,HARD_STOP,8,0.5,0.5,1000.0,PRICE,TRAIN,2021-12
YDUQ3.SA,BEAR_VOLATILE,-0.051200000000000044,0,HARD_STOP,12,0.5,0.5,1000.0,PRICE,TRAIN,2021-12
YDUQ3.SA,BEAR_VOLATILE,-0.003968420311456743,0,STOP_TECNICO,56,0.5,0.5,1000.0,PRICE,TRAIN,2021-12
YDUQ3.SA,BEAR_CALM,-0.004898477371420816,0,STOP_TECNICO,1,0.5,-2.0231304395239227,9.420455751460649,PRICE,TRAIN,2021-12
YDUQ3.SA,BEAR_CALM,-0.06357220866923,0,HARD_STOP,22,0.5,0.5361080894567632,16.174696103928003,PRICE,TEST,2021-12
YDUQ3.SA,BEAR_VOLATILE,0.00880000000000001,1,STOP_TECNICO,6,0.5,-0.8360991495215606,1000.0,PRICE,TEST,2021-12
WEGE3.SA,BEAR_CALM,-0.024394886915606005,0,BEAR_OPTIMIZED,3,0.5,0.1724199378088275,1000.0,PRICE,TRAIN,2021-12
WEGE3.SA,SIDEWAYS_CALM,-0.051200000000000044,0,HARD_STOP,4,0.5,1.5021294654695962,1000.0,PRICE,TRAIN,2021-12
WEGE3.SA,BEAR_CALM,-0.01935766780811967,0,BEAR_OPTIMIZED,1,0.5,-1.2771860248379712,1000.0,PRICE,TRAIN,2021-12
WEGE3.SA,SIDEWAYS_CALM,-0.051200000000000044,0,HARD_STOP,2,0.5,0.6527654168616676,1000.0,PRICE,TRAIN,2021-12
WEGE3.SA,BEAR_CALM,0.02397490161156788,1,BEAR_OPTIMIZED,1,0.5,-0.6422574275300719,1000.0,PRICE,TRAIN,2021-12
WEGE3.SA,BEAR_CALM,0.027711290646113308,1,BEAR_OPTIMIZED,5,0.5,-1.0683516362733738,1000.0,PRICE,TRAIN,2021-12
WEGE3.SA,SIDEWAYS_CALM,-0.008559896614211214,0,TIME_STOP,11,0.5,-0.5192484118409822,1000.0,PRICE,TRAIN,2021-12
WEGE3.SA,BULL_VOLATILE,-8.072791945781138e-05,0,STOP_TECNICO,21,0.5,1.529769874267453,2.988559106950833,PRICE,TRAIN,2021-12
WEGE3.SA,SIDEWAYS_CALM,-0.06168276462991364,0,HARD_STOP,8,0.5,-3.289380299760713,6.195896662048864,PRICE,TRAIN,2021-12
WEGE3.SA,BEAR_VOLATILE,-0.01951390055283666,0,BEAR_OPTIMIZED,1,0.5,-2.1350533360213313,7.404672410906194,PRICE,TRAIN,2021-12
WEGE3.SA,BEAR_VOLATILE,-0.021455265330672234,0,BEAR_OPTIMIZED,1,0.5,0.07009551825103369,22.069098916794164,PRICE,TRAIN,2021-12
WEGE3.SA,BEAR_VOLATILE,0.025898894899256543,1,BEAR_OPTIMIZED,1,0.5,-0.21906344695240754,34.30961849152067,PRICE,TRAIN,2021-12
WEGE3.SA,BEAR_VOLATILE,-0.03525204048273591,0,BEAR_OPTIMIZED,1,0.5,0.5791991049537398,34.30961849152067,PRICE,TRAIN,2021-12
WEGE3.SA,BEAR_VOLATILE,-0.030724504631764703,0,BEAR_OPTIMIZED,1,0.5,0.2807905988419965,34.30961849152067,PRICE,TRAIN,2021-12
WEGE3.SA,BEAR_CALM,-0.007856470539911252,0,BEAR_OPTIMIZED,1,0.5,0.6944840297703823,34.30961849152067,PRICE,TRAIN,2021-12
WEGE3.SA,BEAR_CALM,-0.0023548465185080567,0,BEAR_OPTIMIZED,1,0.5,1.6150434991675373,34.30961849152067,PRICE,TRAIN,2021-12
WEGE3.SA,BEAR_CALM,0.01685226499088941,1,BEAR_OPTIMIZED,1,0.5,1.0587235073487158,1000.0,PRICE,TRAIN,2021-12
WEGE3.SA,BEAR_CALM,-0.04994995955438888,0,BEAR_OPTIMIZED,2,0.5,0.7873598497367632,34.30961849152067,PRICE,TRAIN,2021-12
WEGE3.SA,BEAR_CALM,0.0034528618655763413,1,BEAR_OPTIMIZED,1,0.5,0.9612938517783003,27.85875430385283,PRICE,TRAIN,2021-12
WEGE3.SA,BEAR_CALM,-0.01962429598187123,0,BEAR_OPTIMIZED,3,0.5,0.28811273910685004,18.987130844908716,PRICE,TRAIN,2021-12
WEGE3.SA,BEAR_VOLATILE,-0.0008235097388763701,0,BEAR_OPTIMIZED,1,0.5,-1.0840940811972242,8.093789422102606,PRICE,TRAIN,2021-12
WEGE3.SA,BEAR_CALM,0.03095934624514727,1,BEAR_OPTIMIZED,1,0.5,0.28296639502052634,5.74144542218713,PRICE,TRAIN,2021-12
WEGE3.SA,BEAR_CALM,-0.026594412950526468,0,BEAR_OPTIMIZED,1,0.5,1.4154298109601926,5.493845106787074,PRICE,TRAIN,2021-12
WEGE3.SA,BEAR_CALM,0.024372816454049186,1,BEAR_OPTIMIZED,1,0.5,1.6235450490881014,3.518609899695214,PRICE,TRAIN,2021-12
WEGE3.SA,SIDEWAYS_CALM,0.1664574065155847,1,SIGNAL,41,0.5,0.803246289333709,15.796629106396173,PRICE,TRAIN,2021-12
WEGE3.SA,BULL_CALM,-0.0028100718063664085,0,END_CLOSED,1,0.5,1.8463319787834331,16.717324851843998,PRICE,TRAIN,2021-12
WEGE3.SA,BULL_CALM,0.08079063978637654,1,END_CLOSED,47,0.5,1.281656465646396,1.9566996747554373,PRICE,TEST,2021-12
ABEV3.SA,BEAR_VOLATILE,-0.05504075237613484,0,HARD_STOP,2,0.5,1.8921009770741368,8.026107137362537,PRICE,TRAIN,2022-03
ABEV3.SA,BEAR_VOLATILE,0.1054763912908657,1,BEAR_OPTIMIZED,13,0.5,1.2940442855174845,9.032819623724512,PRICE,TRAIN,2022-03
ABEV3.SA,SIDEWAYS_VOLATILE,-0.009110413382375303,0,TIME_STOP,13,0.5,0.8979315375837326,5.249525722096741,PRICE,TRAIN,2022-03
ABEV3.SA,SIDEWAYS_CALM,0.00015969611130692957,1,SIGNAL,2,0.5,0.19632571617629238,6.269161882389233,PRICE,TRAIN,2022-03
ABEV3.SA,BEAR_CALM,-0.020808234881642095,0,STOP_TECNICO,3,0.5,-2.1495865517084245,21.92215645815312,PRICE,TRAIN,2022-03
ALOS3.SA,SIDEWAYS_CALM,-0.054495852556349166,0,HARD_STOP,5,0.5,-0.6466132595204366,6.825606001865216,PRICE,TRAIN,2022-03
ALOS3.SA,SIDEWAYS_CALM,0.00880000000000001,1,STOP_TECNICO,29,0.5,-0.13104506605020627,7.80762021633248,PRICE,TRAIN,2022-03
ALOS3.SA,BEAR_CALM,-0.0022619462301978407,0,STOP_TECNICO,1,0.5,0.48589521986075196,29.243236507877295,PRICE,TRAIN,2022-03
AURE3.SA,BEAR_VOLATILE,0.0065847847293244235,1,BEAR_OPTIMIZED,1,0.5,0.3901422346638339,1000.0,PRICE,TRAIN,2022-03
AURE3.SA,BEAR_VOLATILE,-0.005349370955194742,0,BEAR_OPTIMIZED,3,0.5,0.5394885568505225,1000.0,PRICE,TRAIN,2022-03
AURE3.SA,BEAR_CALM,-0.0005013026128831909,0,BEAR_OPTIMIZED,1,0.5,-1.834108010911729,1000.0,PRICE,TRAIN,2022-03
AURE3.SA,BEAR_CALM,-0.016020104496253372,0,BEAR_OPTIMIZED,1,0.5,-1.8376878885267494,1000.0,PRICE,TRAIN,2022-03
AURE3.SA,BEAR_CALM,0.02167816114262764,1,BEAR_OPTIMIZED,1,0.5,-0.9397402353186854,1000.0,PRICE,TRAIN,2022-03
AURE3.SA,BEAR_CALM,-0.008946409313868385,0,BEAR_OPTIMIZED,1,0.5,-0.7346238648519455,1000.0,PRICE,TRAIN,2022-03
AURE3.SA,BEAR_VOLATILE,0.041754053775578594,1,BEAR_OPTIMIZED,1,0.5,-0.3964821427407603,1000.0,PRICE,TRAIN,2022-03
AURE3.SA,BEAR_VOLATILE,0.012283123933292873,1,BEAR_OPTIMIZED,3,0.5,0.011829148814351383,1000.0,PRICE,TRAIN,2022-03
AURE3.SA,BEAR_CALM,0.008372855705156869,1,BEAR_OPTIMIZED,1,0.5,0.29441970324515243,1000.0,PRICE,TRAIN,2022-03
AURE3.SA,BEAR_CALM,-0.015191200249244051,0,BEAR_OPTIMIZED,1,0.5,-0.0020189353317660768,9.038821832541796,PRICE,TRAIN,2022-03
AURE3.SA,BEAR_CALM,-0.002666303014235892,0,BEAR_OPTIMIZED,1,0.5,0.3795295778208438,8.4686894664332,PRICE,TRAIN,2022-03
AURE3.SA,BEAR_CALM,0.003962293403660368,1,BEAR_OPTIMIZED,1,0.5,-1.4615503501895182,7.382359659625293,PRICE,TRAIN,2022-03
AURE3.SA,BEAR_CALM,-0.010532331805986693,0,BEAR_OPTIMIZED,1,0.5,-1.0857453116080271,4.506076373175084,PRICE,TRAIN,2022-03
AURE3.SA,SIDEWAYS_CALM,-0.051200000000000044,0,HARD_STOP,9,0.5,0.09706868390624322,2.949782022671389,PRICE,TRAIN,2022-03
AURE3.SA,BEAR_CALM,0.0153468537739637,1,BEAR_OPTIMIZED,1,0.5,0.49204827562151954,2.811042902846445,PRICE,TRAIN,2022-03
AURE3.SA,SIDEWAYS_CALM,0.00880000000000001,1,STOP_TECNICO,26,0.5,-0.41316735602246396,2.731057503914292,PRICE,TRAIN,2022-03
AURE3.SA,BULL_CALM,-0.022033353789154518,0,TIME_STOP,11,0.5,-3.234291790921548,2.5983839595217493,PRICE,TRAIN,2022-03
AURE3.SA,SIDEWAYS_VOLATILE,-0.05255325858827966,0,HARD_STOP,10,0.5,-2.6864375468891786,2.725439151102497,PRICE,TRAIN,2022-03
AURE3.SA,SIDEWAYS_CALM,-0.009656817437095809,0,TIME_STOP,15,0.5,-1.678731264259946,1.803787745204969,PRICE,TRAIN,2022-03
AURE3.SA,SIDEWAYS_CALM,-0.0053782664857328286,0,TIME_STOP,14,0.5,0.2801782088190489,1.6293208727344997,PRICE,TRAIN,2022-03
AURE3.SA,BEAR_VOLATILE,0.005307581305810639,1,BEAR_OPTIMIZED,2,0.5,0.7482677960730829,2.0821964542840687,PRICE,TRAIN,2022-03
AURE3.SA,BEAR_VOLATILE,0.002444338412411186,1,BEAR_OPTIMIZED,1,0.5,0.7422356946044912,2.2283101557762297,PRICE,TRAIN,2022-03
AURE3.SA,SIDEWAYS_VOLATILE,-0.064394399292006,0,HARD_STOP,2,0.5,-0.6043572814117698,2.0373496393941326,PRICE,TRAIN,2022-03
AURE3.SA,SIDEWAYS_VOLATILE,-0.051200000000000044,0,HARD_STOP,8,0.5,0.044237505865817775,1.9873537066136735,PRICE,TRAIN,2022-03
AURE3.SA,SIDEWAYS_CALM,0.07922693808091039,1,SIGNAL,44,0.5,0.7608236012496317,1.8013929049527782,PRICE,TRAIN,2022-03
AURE3.SA,BULL_CALM,0.015680430537175917,1,SIGNAL,6,0.5,0.9245650241307772,4.967313627875362,PRICE,TRAIN,2022-03
AURE3.SA,BULL_CALM,0.00214226785900027,1,SIGNAL,1,0.5,0.2942316154518985,5.679256489135437,PRICE,TRAIN,2022-03
AURE3.SA,BULL_CALM,-0.012556054062582887,0,TIME_STOP,11,0.5,0.8585876002062859,5.647674829728331,PRICE,TRAIN,2022-03
AURE3.SA,SIDEWAYS_CALM,0.012451965630236518,1,END_CLOSED,2,0.5,-0.21414131257000157,2.406647353862232,PRICE,TRAIN,2022-03
ASAI3.SA,BULL_CALM,0.21820310682522667,1,SIGNAL,41,0.5,-1.1632610384289503,8.001599597870497,PRICE,TRAIN,2022-03
ASAI3.SA,SIDEWAYS_CALM,0.021475941999251937,1,END_CLOSED,7,0.5,-1.5451768062136575,8.717881243890636,PRICE,TRAIN,2022-03
ASAI3.SA,BEAR_VOLATILE,-0.051200000000000044,0,HARD_STOP,5,-0.6803557286774289,0.4913771991457135,1000.0,PRICE,TEST,2022-03
ASAI3.SA,BEAR_VOLATILE,-0.051200000000000044,0,HARD_STOP,1,-0.8246043923811474,0.12213833124638034,1000.0,PRICE,TEST,2022-03
ASAI3.SA,BEAR_VOLATILE,-0.04052088148512791,0,TIME_STOP,23,-2.4836861600917888,0.04109490797180915,1000.0,PRICE,TEST,2022-03
AZUL4.SA,BEAR_VOLATILE,-0.01179887408821003,0,STOP_TECNICO,59,0.5,-1.9414443712944023,18.59977631812602,PRICE,TRAIN,2022-03
AZUL4.SA,BEAR_VOLATILE,-0.029667109129788892,0,TIME_STOP,14,0.5,0.06544495901473622,1000.0,PRICE,TRAIN,2022-03
AZUL4.SA,BEAR_VOLATILE,-0.051200000000000044,0,HARD_STOP,1,0.5,-1.3980338659149356,1000.0,PRICE,TRAIN,2022-03
AZUL4.SA,BEAR_CALM,0.004881641479777744,1,STOP_TECNICO,11,0.5,-1.1745740548612236,34.30961849152067,PRICE,TRAIN,2022-03
AZUL4.SA,BEAR_CALM,-0.07577983235368016,0,HARD_STOP,1,0.5,0.27564889641342244,6.073852431028298,PRICE,TRAIN,2022-03
AZUL4.SA,BEAR_VOLATILE,-0.051200000000000044,0,HARD_STOP,1,0.5,0.8682420712378615,17.495492355635506,PRICE,TRAIN,2022-03
AZUL4.SA,BEAR_VOLATILE,-0.06378504001572075,0,HARD_STOP,7,0.5,1.1192104103215932,1000.0,PRICE,TRAIN,2022-03
AZUL4.SA,BEAR_CALM,-0.051200000000000155,0,HARD_STOP,2,1.3136563836050899,-2.9433991576844623,10.18858361742364,PRICE,TEST,2022-03
B3SA3.SA,BULL_CALM,-0.051200000000000155,0,HARD_STOP,9,0.5,2.1182046764233284,21.305785702496884,PRICE,TRAIN,2022-03
B3SA3.SA,BULL_CALM,-0.016982417367686707,0,STOP_TECNICO,20,0.5,0.24293372925306028,18.29496285182799,PRICE,TRAIN,2022-03
B3SA3.SA,BULL_CALM,-0.0638724040635146,0,HARD_STOP,8,0.5,-1.0601267671949126,4.584616085504729,PRICE,TRAIN,2022-03
BBAS3.SA,BULL_CALM,-0.051200000000000044,0,HARD_STOP,7,0.5,0.56470573955361,34.30961849152067,PRICE,TRAIN,2022-03
BBAS3.SA,BULL_CALM,-0.0026531627418552514,0,TIME_STOP,14,0.5,-0.1889475466508157,33.61172561676291,PRICE,TRAIN,2022-03
BBAS3.SA,BULL_CALM,0.0027917405405942577,1,SIGNAL,8,0.5,0.9406546974272944,7.856890920480385,PRICE,TRAIN,2022-03
BBDC3.SA,SIDEWAYS_CALM,0.022423928017585838,1,SIGNAL,41,0.5,-0.8729283415848129,7.751358393986405,PRICE,TRAIN,2022-03
BBDC3.SA,BEAR_CALM,0.0075650653439836915,1,STOP_TECNICO,1,0.5,0.7358996287398207,14.44783096488329,PRICE,TRAIN,2022-03
BBDC3.SA,BEAR_CALM,-0.01817340523157398,0,STOP_TECNICO,11,0.5,-0.07278786701720352,3.114003721764025,PRICE,TRAIN,2022-03
BBDC3.SA,BEAR_CALM,-0.0064216053967826245,0,STOP_TECNICO,1,0.5,0.013313470399560837,3.0354469910784494,PRICE,TRAIN,2022-03
BBDC3.SA,BEAR_CALM,-0.007544476289226519,0,STOP_TECNICO,3,0.5,-0.4184376209326813,3.428008366092053,PRICE,TRAIN,2022-03
BBDC4.SA,SIDEWAYS_CALM,0.02870465848349011,1,SIGNAL,41,0.5,-0.6600510744683288,9.504241606392311,PRICE,TRAIN,2022-03
BBDC4.SA,BEAR_CALM,-0.024978294277692513,0,STOP_TECNICO,3,0.5,1.3905197049312108,28.92533288538796,PRICE,TRAIN,2022-03
BBDC4.SA,BEAR_CALM,-0.051200000000000044,0,HARD_STOP,1,0.5,1.3518046713279785,17.646098798236046,PRICE,TRAIN,2022-03
BBDC4.SA,BEAR_CALM,-0.0022108674516725588,0,STOP_TECNICO,2,0.5,0.9075429771676563,7.787213715602995,PRICE,TRAIN,2022-03
BBDC4.SA,BEAR_CALM,-0.02045786658599027,0,STOP_TECNICO,1,0.5,1.0540497750367388,2.296034015259302,PRICE,TRAIN,2022-03
BBDC4.SA,BEAR_CALM,-0.00884547790668979,0,STOP_TECNICO,1,0.5,-0.1404915123197609,3.508966982706837,PRICE,TRAIN,2022-03
BBSE3.SA,BULL_CALM,0.16092596475053642,1,SIGNAL,41,0.5,-0.41011688593471085,34.30961849152067,PRICE,TRAIN,2022-03
BBSE3.SA,BULL_CALM,-0.051200000000000044,0,HARD_STOP,4,-1.1158081902811972,-2.3251745743066907,5.788203030492888,PRICE,TEST,2022-03
BBSE3.SA,SIDEWAYS_VOLATILE,-0.011719652191161577,0,TIME_STOP,12,-0.3796175831827623,-1.6519860942251572,10.778437949923477,PRICE,TEST,2022-03
BEEF3.SA,BULL_CALM,-0.009129540564778237,0,TIME_STOP,14,0.5,1.136638260995647,6.558542268661088,PRICE,TRAIN,2022-03
BEEF3.SA,BULL_CALM,0.10644167496659271,1,SIGNAL,23,0.5,1.2196174219517617,34.30961849152067,PRICE,TRAIN,2022-03
BEEF3.SA,BEAR_VOLATILE,-0.053949752025825214,0,HARD_STOP,5,0.2688690087366183,1.5713845259758281,32.03336435525873,PRICE,TEST,2022-03
BEEF3.SA,BEAR_VOLATILE,0.29563690060090886,1,END_CLOSED,36,-1.5868072878861126,1.6234701454500786,34.30961849152067,PRICE,TEST,2022-03
BPAC11.SA,BULL_CALM,-0.05759992204857425,0,HARD_STOP,5,0.5,1.1842314539300602,16.7204053659131,PRICE,TRAIN,2022-03
BPAC11.SA,BULL_CALM,0.00880000000000001,1,STOP_TECNICO,15,0.5,1.4303213911770383,18.97001242313954,PRICE,TRAIN,2022-03
BPAC11.SA,BULL_CALM,0.030659692228675352,1,SIGNAL,13,0.5,0.6663345988077508,6.9761383908512915,PRICE,TRAIN,2022-03
BPAC11.SA,BEAR_CALM,-0.01868887928373677,0,STOP_TECNICO,2,0.5,-1.2214496637387628,9.801953855274038,PRICE,TRAIN,2022-03
BPAC11.SA,BEAR_CALM,-0.026455024126821346,0,STOP_TECNICO,1,0.5,-0.14418055169770652,3.8134637560656777,PRICE,TRAIN,2022-03
BPAC11.SA,BEAR_CALM,-0.020411759174072584,0,STOP_TECNICO,3,0.5,0.8912174320434167,4.312019472828312,PRICE,TRAIN,2022-03
BPAC11.SA,BEAR_CALM,-0.019905812336531235,0,STOP_TECNICO,1,0.5,-0.4929314771641819,4.480525924936953,PRICE,TRAIN,2022-03
BRAP4.SA,BULL_CALM,-0.05709465191345799,0,HARD_STOP,3,0.5,-0.7282800804908244,15.819487654110866,PRICE,TRAIN,2022-03
BRAP4.SA,SIDEWAYS_VOLATILE,-0.05673615821217639,0,HARD_STOP,12,0.5,-1.8116589961819718,10.326273031738545,PRICE,TRAIN,2022-03
BRAP4.SA,BEAR_VOLATILE,0.023219934437614366,1,BEAR_OPTIMIZED,1,0.5,0.31784818921632085,25.26712526848155,PRICE,TRAIN,2022-03
BRAP4.SA,BEAR_CALM,-0.0721812103588291,0,HARD_STOP,2,0.5,1.5758294949047633,10.532227614575199,PRICE,TRAIN,2022-03
BRAP4.SA,BEAR_VOLATILE,-0.03350077999813263,0,TIME_STOP,13,0.5,0.8354079176076638,34.30961849152067,PRICE,TRAIN,2022-03
BRAP4.SA,BEAR_CALM,-0.0720255259625944,0,HARD_STOP,10,1.047890681332221,-0.2204616042462639,20.15766952138057,PRICE,TEST,2022-03
BRAP4.SA,BEAR_VOLATILE,-0.009352273428343681,0,TIME_STOP,12,-1.2980876351863053,0.24528325305857648,20.912921978454314,PRICE,TEST,2022-03
BRAP4.SA,BEAR_CALM,0.047330032752680086,1,END_CLOSED,8,-1.4698983726516766,1.2451832457839922,17.356401153037286,PRICE,TEST,2022-03
BRKM5.SA,BEAR_VOLATILE,-0.017950027041513404,0,TIME_STOP,12,0.5,0.8950856720958105,14.468267610599161,PRICE,TRAIN,2022-03
BRKM5.SA,BEAR_CALM,-0.05419031941269916,0,HARD_STOP,8,0.5,1.1270112972393933,7.620024285233096,PRICE,TRAIN,2022-03
BRKM5.SA,BEAR_CALM,-0.06894122952157813,0,HARD_STOP,11,0.5,-0.22151004393097154,7.239453305654418,PRICE,TRAIN,2022-03
BRKM5.SA,BEAR_CALM,-0.012167064766277956,0,STOP_TECNICO,5,0.5,-0.903210976611786,11.294629603082475,PRICE,TRAIN,2022-03
BRKM5.SA,BEAR_CALM,-0.051200000000000044,0,HARD_STOP,4,0.5,-1.799335111093972,9.490321405622904,PRICE,TEST,2022-03
BRKM5.SA,BEAR_CALM,-0.08991855525341366,0,HARD_STOP,3,0.5,0.5264968661240537,34.30961849152067,PRICE,TEST,2022-03
BRKM5.SA,BEAR_VOLATILE,-0.051200000000000044,0,HARD_STOP,7,-0.020620304516125593,1.5181509352202773,12.966411792110529,PRICE,TEST,2022-03
BRKM5.SA,BEAR_CALM,-0.051200000000000155,0,HARD_STOP,10,0.42575427553527123,1.1385525743585987,9.70378915887513,PRICE,TEST,2022-03
CMIG4.SA,SIDEWAYS_CALM,0.2180484794082341,1,SIGNAL,47,0.5,-0.5025168652576488,2.9169019943705994,PRICE,TRAIN,2022-03
COGN3.SA,BEAR_CALM,-0.05574542823642505,0,HARD_STOP,5,0.5,-0.5380201908947452,6.1679574572720925,PRICE,TRAIN,2022-03
COGN3.SA,BEAR_CALM,0.29457463007578066,1,BEAR_OPTIMIZED,4,0.5,-1.1459525214186854,7.377349087535506,PRICE,TRAIN,2022-03
COGN3.SA,BULL_VOLATILE,0.00880000000000001,1,STOP_TECNICO,10,0.5,-2.7207327454019383,8.262859012892436,PRICE,TRAIN,2022-03
COGN3.SA,BEAR_CALM,-0.015285322456446003,0,STOP_TECNICO,6,0.5,0.24001575562258526,34.30961849152067,PRICE,TRAIN,2022-03
COGN3.SA,BEAR_CALM,0.12124891329878404,1,END_CLOSED,6,0.5,-0.9691975255972146,2.9896460819180968,PRICE,TRAIN,2022-03
CMIN3.SA,BEAR_CALM,-0.04250789023334014,0,BEAR_OPTIMIZED,1,0.5,-0.4829119379709394,13.414155279139594,PRICE,TRAIN,2022-03
CMIN3.SA,BEAR_VOLATILE,-0.05176175433780807,0,HARD_STOP,1,0.5,-1.6528213534584422,25.378039816849494,PRICE,TRAIN,2022-03
CMIN3.SA,BEAR_VOLATILE,-0.027784728783097366,0,BEAR_OPTIMIZED,1,0.5,-0.19816865426884575,11.070784055812304,PRICE,TRAIN,2022-03
CMIN3.SA,BEAR_VOLATILE,-0.0335324876624731,0,BEAR_OPTIMIZED,1,0.5,2.0983749057837264,34.30961849152067,PRICE,TRAIN,2022-03
CMIN3.SA,BEAR_VOLATILE,-0.04569655355914894,0,BEAR_OPTIMIZED,1,0.5,1.7203392703548577,34.30961849152067,PRICE,TRAIN,2022-03
CMIN3.SA,BEAR_VOLATILE,-0.005510334692680939,0,BEAR_OPTIMIZED,1,0.5,1.09271803464186,17.477289894470246,PRICE,TRAIN,2022-03
CMIN3.SA,BEAR_VOLATILE,-0.022642514997154216,0,BEAR_OPTIMIZED,1,0.5,-1.4396109335207354,7.881437168473105,PRICE,TRAIN,2022-03
CMIN3.SA,BEAR_VOLATILE,-0.054454377717348755,0,HARD_STOP,1,0.5,-1.4470560897483056,10.799740865563992,PRICE,TRAIN,2022-03
CMIN3.SA,BEAR_VOLATILE,-0.010416480807948457,0,BEAR_OPTIMIZED,1,0.5,-0.4751102687636916,10.670085478365438,PRICE,TRAIN,2022-03
CMIN3.SA,BEAR_VOLATILE,-0.010656242067843678,0,BEAR_OPTIMIZED,1,0.5,0.13443920290590466,10.188520034814825,PRICE,TRAIN,2022-03
CMIN3.SA,BEAR_VOLATILE,-0.051200000000000044,0,HARD_STOP,1,0.5,0.7773167641870862,29.858449845636827,PRICE,TRAIN,2022-03
CMIN3.SA,BEAR_VOLATILE,-0.0040409021074574655,0,BEAR_OPTIMIZED,1,0.5,0.6504559482982034,34.30961849152067,PRICE,TRAIN,2022-03
CMIN3.SA,BEAR_VOLATILE,0.03183306763807323,1,BEAR_OPTIMIZED,1,0.5,-0.143283075005946,1000.0,PRICE,TRAIN,2022-03
CMIN3.SA,BEAR_VOLATILE,-0.0012,0,BEAR_OPTIMIZED,1,0.5,0.4419387221901208,34.30961849152067,PRICE,TRAIN,2022-03
CMIN3.SA,BEAR_VOLATILE,0.04758048500737897,1,BEAR_OPTIMIZED,1,0.5,-0.716618962238655,34.30961849152067,PRICE,TRAIN,2022-03
CMIN3.SA,BEAR_CALM,-0.012499513682534123,0,BEAR_OPTIMIZED,1,0.5,0.10350570677684506,21.11886940001738,PRICE,TRAIN,2022-03
CMIN3.SA,BEAR_CALM,0.04153504456720789,1,BEAR_OPTIMIZED,1,0.5,0.06327122042022293,34.30961849152067,PRICE,TRAIN,2022-03
CMIN3.SA,BEAR_CALM,-0.022647868819125637,0,BEAR_OPTIMIZED,3,0.5,0.7760997808972001,25.77790593207468,PRICE,TRAIN,2022-03
CMIN3.SA,BEAR_CALM,-0.0460548736711506,0,BEAR_OPTIMIZED,1,0.5,-1.1097087483865142,11.28932736006739,PRICE,TRAIN,2022-03
CMIN3.SA,BEAR_CALM,-0.025925420101972983,0,BEAR_OPTIMIZED,1,0.5,-0.1514553739622339,5.66819769282987,PRICE,TRAIN,2022-03
CMIN3.SA,BEAR_CALM,-0.027725038269404666,0,BEAR_OPTIMIZED,1,0.5,-0.9940990564837908,5.277022650730585,PRICE,TRAIN,2022-03
CMIN3.SA,BEAR_CALM,-0.006818068955897004,0,BEAR_OPTIMIZED,1,0.5,-0.45983077269236516,5.004125347129195,PRICE,TRAIN,2022-03
CMIN3.SA,BEAR_CALM,-0.004175959545133522,0,BEAR_OPTIMIZED,1,0.5,0.5264528861484578,4.961156997313173,PRICE,TRAIN,2022-03
CMIN3.SA,BEAR_CALM,0.05308580089025781,1,BEAR_OPTIMIZED,1,0.5,1.102979191718954,5.279643200120275,PRICE,TRAIN,2022-03
CMIN3.SA,BEAR_CALM,0.004220040938325155,1,BEAR_OPTIMIZED,1,0.5,0.8697858748641152,5.255684207369731,PRICE,TRAIN,2022-03
CMIN3.SA,BEAR_CALM,-0.00928623368985173,0,BEAR_OPTIMIZED,3,0.5,1.0808168075018534,4.8965538010299365,PRICE,TRAIN,2022-03
CMIN3.SA,BEAR_CALM,0.0263229874987446,1,BEAR_OPTIMIZED,1,0.5,1.8442299651595144,5.970209197991176,PRICE,TRAIN,2022-03
CMIN3.SA,BEAR_CALM,0.020076544652648166,1,BEAR_OPTIMIZED,1,0.5,1.097772998451693,5.5176292044361235,PRICE,TRAIN,2022-03
CMIN3.SA,BEAR_CALM,-0.021372862546834924,0,BEAR_OPTIMIZED,3,0.5,0.860023726661001,5.118981150585658,PRICE,TRAIN,2022-03
CMIN3.SA,BEAR_CALM,0.07455750839256611,1,BEAR_OPTIMIZED,1,0.5,0.3857731948907433,7.502927258947013,PRICE,TRAIN,2022-03
CMIN3.SA,BEAR_CALM,0.050082032044316584,1,BEAR_OPTIMIZED,1,0.5,-1.130982997980728,5.651219451437195,PRICE,TRAIN,2022-03
CMIN3.SA,BEAR_VOLATILE,0.07485647736443254,1,BEAR_OPTIMIZED,1,0.5,-0.1679366361230972,11.770791193502316,PRICE,TRAIN,2022-03
CMIN3.SA,SIDEWAYS_CALM,0.19616768041726992,1,SIGNAL,32,0.5,-2.24277720427673,18.68841564218024,PRICE,TRAIN,2022-03
CMIN3.SA,BULL_CALM,0.033432184767604546,1,SIGNAL,5,0.5,-0.8902823220825096,17.3928384927453,PRICE,TRAIN,2022-03
CMIN3.SA,BULL_CALM,-0.05484819564052892,0,HARD_STOP,4,0.30724335277234494,1.1594260103645655,4.222856621869156,PRICE,TEST,2022-03
CMIN3.SA,BULL_CALM,0.1380590400840874,1,END_CLOSED,34,-0.2107481910182153,1.2143507684635737,3.504656873458777,PRICE,TEST,2022-03
CPFE3.SA,BULL_CALM,0.1614443995569069,1,SIGNAL,41,0.5,1.3741941354859006,34.30961849152067,PRICE,TRAIN,2022-03
CPFE3.SA,BEAR_VOLATILE,-0.006459741233439419,0,BEAR_OPTIMIZED,1,0.5,0.8984501226827584,3.5862081866506856,PRICE,TRAIN,2022-03
CPFE3.SA,BEAR_CALM,0.005189796342626486,1,BEAR_OPTIMIZED,1,0.5,1.4004171248618071,4.33399021420159,PRICE,TRAIN,2022-03
CPFE3.SA,BEAR_VOLATILE,0.03493247340169212,1,BEAR_OPTIMIZED,1,0.5,0.015508430682727734,5.89127704793992,PRICE,TRAIN,2022-03
CPFE3.SA,BEAR_VOLATILE,-0.008949432374557496,0,BEAR_OPTIMIZED,1,0.5,0.3810329868729292,4.285311230165514,PRICE,TRAIN,2022-03
CPFE3.SA,BEAR_VOLATILE,-0.007063156204308106,0,BEAR_OPTIMIZED,1,0.5,-1.1403116995849478,4.152479246653921,PRICE,TRAIN,2022-03
CPFE3.SA,BEAR_VOLATILE,0.01068503727044754,1,BEAR_OPTIMIZED,8,0.5,-3.7684857360273405,3.8186257339615453,PRICE,TRAIN,2022-03
CPLE6.SA,BULL_CALM,-0.008216004257714314,0,TIME_STOP,13,0.5,-2.335365028980485,3.9182252584370603,PRICE,TRAIN,2022-03
CPLE6.SA,BULL_CALM,0.00880000000000001,1,STOP_TECNICO,52,0.5,0.5117477168110616,3.683372488285097,PRICE,TRAIN,2022-03
CPLE6.SA,BULL_CALM,-0.012661419361946556,0,TIME_STOP,11,0.5,0.5830311651178288,7.375932723184477,PRICE,TRAIN,2022-03
CPLE6.SA,SIDEWAYS_CALM,-0.004132636540496136,0,TIME_STOP,57,0.5,1.3193199640504265,8.83621879684279,PRICE,TRAIN,2022-03
CPLE6.SA,SIDEWAYS_CALM,-0.057412908321517485,0,HARD_STOP,8,0.5,-0.12061046068258735,3.2708607966682317,PRICE,TRAIN,2022-03
CPLE6.SA,SIDEWAYS_VOLATILE,-0.07722331701634846,0,HARD_STOP,10,0.5,0.004491302559974163,4.602220377037837,PRICE,TRAIN,2022-03
CPLE6.SA,BEAR_VOLATILE,0.023453369202260356,1,BEAR_OPTIMIZED,1,0.5,1.2114537531170064,7.90447718427192,PRICE,TRAIN,2022-03
CPLE6.SA,SIDEWAYS_CALM,-0.019407421431632675,0,TIME_STOP,11,0.5,1.163525903841039,3.0504091480226143,PRICE,TRAIN,2022-03
CSAN3.SA,BULL_CALM,-0.051200000000000044,0,HARD_STOP,2,0.5,-1.3934945024970946,6.7074255509126,PRICE,TRAIN,2022-03
CSAN3.SA,BEAR_CALM,0.04653276236046953,1,BEAR_OPTIMIZED,1,0.5,-1.5004200963039929,6.429705932417521,PRICE,TRAIN,2022-03
CSAN3.SA,BULL_CALM,-0.004714903407377256,0,TIME_STOP,32,0.5,0.5558940970060714,6.006381619260765,PRICE,TRAIN,2022-03
CSAN3.SA,BEAR_CALM,-0.013589412208020034,0,STOP_TECNICO,1,0.5,-0.5678060686441045,2.924275006556164,PRICE,TRAIN,2022-03
CSAN3.SA,BEAR_CALM,-0.014155355635888787,0,STOP_TECNICO,5,0.5,-0.09902187307128671,2.707335486986277,PRICE,TRAIN,2022-03
CSAN3.SA,BEAR_CALM,-0.009545743424142182,0,STOP_TECNICO,1,0.5,0.46993518362381104,4.1131531060284425,PRICE,TRAIN,2022-03
CSAN3.SA,BEAR_CALM,-0.013215991355672661,0,STOP_TECNICO,1,0.5,0.8663230198200367,5.270355803248224,PRICE,TRAIN,2022-03
CSAN3.SA,BEAR_CALM,0.02528999195262336,1,END_CLOSED,2,0.5,-0.40942916236373506,6.747863814792485,PRICE,TRAIN,2022-03
CSNA3.SA,BEAR_CALM,-0.042229872220866736,0,BEAR_OPTIMIZED,1,0.5,2.0839987757763576,3.380470732428341,PRICE,TRAIN,2022-03
CSNA3.SA,BEAR_VOLATILE,-0.06419585494454352,0,HARD_STOP,1,0.5,0.4578675773930071,9.50520910216479,PRICE,TRAIN,2022-03
CSNA3.SA,BEAR_VOLATILE,0.04323331788372351,1,BEAR_OPTIMIZED,1,0.5,0.9557079541868682,22.53508088355044,PRICE,TRAIN,2022-03
CSNA3.SA,BEAR_VOLATILE,-0.012586158480838348,0,BEAR_OPTIMIZED,1,0.5,1.2901879886761167,16.879724143659,PRICE,TRAIN,2022-03
CSNA3.SA,BEAR_VOLATILE,-0.056542488088349406,0,HARD_STOP,1,0.5,2.1149135480326406,34.30961849152067,PRICE,TRAIN,2022-03
CSNA3.SA,BEAR_VOLATILE,-0.05942651116113353,0,HARD_STOP,1,0.5,1.767585248070235,30.27952340958211,PRICE,TRAIN,2022-03
CSNA3.SA,BEAR_VOLATILE,-0.0017091810052454403,0,BEAR_OPTIMIZED,1,0.5,1.2819914981688467,18.843911495048705,PRICE,TRAIN,2022-03
CSNA3.SA,BEAR_VOLATILE,-0.05248206880765784,0,HARD_STOP,2,0.5,1.5578779346844152,21.17601049723778,PRICE,TRAIN,2022-03
CSNA3.SA,BEAR_VOLATILE,-0.02123752044301077,0,BEAR_OPTIMIZED,1,0.5,0.5399338967690915,34.30961849152067,PRICE,TRAIN,2022-03
CSNA3.SA,BEAR_VOLATILE,-0.03459200794062669,0,BEAR_OPTIMIZED,1,0.5,0.8034250224558471,17.796503786198112,PRICE,TRAIN,2022-03
CSNA3.SA,BEAR_VOLATILE,-0.019284505263419204,0,BEAR_OPTIMIZED,1,0.5,0.7773117781997064,34.30961849152067,PRICE,TRAIN,2022-03
CSNA3.SA,BEAR_VOLATILE,-0.004699060068564374,0,BEAR_OPTIMIZED,1,0.5,0.7638167292934539,20.610015970905703,PRICE,TRAIN,2022-03
CSNA3.SA,BEAR_CALM,0.022354468498885095,1,BEAR_OPTIMIZED,1,0.5,1.2678019256910298,34.30961849152067,PRICE,TRAIN,2022-03
CSNA3.SA,BEAR_CALM,0.0008790676410777921,1,BEAR_OPTIMIZED,1,0.5,1.3222835605611152,34.30961849152067,PRICE,TRAIN,2022-03
CSNA3.SA,BEAR_CALM,0.007821513231984413,1,BEAR_OPTIMIZED,3,0.5,1.2925679982043918,34.30961849152067,PRICE,TRAIN,2022-03
CSNA3.SA,BEAR_CALM,0.019691358824004947,1,BEAR_OPTIMIZED,1,0.5,1.1054467988844583,34.30961849152067,PRICE,TRAIN,2022-03
CSNA3.SA,BEAR_CALM,0.015077357046421415,1,BEAR_OPTIMIZED,1,0.5,0.666911422421409,34.30961849152067,PRICE,TRAIN,2022-03
CSNA3.SA,BEAR_CALM,0.057415937170695354,1,BEAR_OPTIMIZED,1,0.5,0.66326155216973,34.30961849152067,PRICE,TRAIN,2022-03
CSNA3.SA,BEAR_CALM,0.00880000000000001,1,STOP_TECNICO,1,0.5,0.12942615814791414,12.779239159313706,PRICE,TRAIN,2022-03
CSNA3.SA,BEAR_CALM,-0.03517732938561371,0,BEAR_OPTIMIZED,3,0.5,1.0836593106345664,6.61773055870869,PRICE,TRAIN,2022-03
CSNA3.SA,BEAR_VOLATILE,-0.03772306336374156,0,BEAR_OPTIMIZED,1,0.5,0.019286757001675193,4.563367168976156,PRICE,TRAIN,2022-03
CSNA3.SA,BEAR_VOLATILE,-0.04834993904012843,0,BEAR_OPTIMIZED,1,0.5,-1.0359711815969566,4.827982370479458,PRICE,TRAIN,2022-03
CSNA3.SA,BEAR_CALM,-0.04008483777409368,0,BEAR_OPTIMIZED,1,0.5,-0.06272568261299036,5.515816336006554,PRICE,TRAIN,2022-03
CSNA3.SA,BEAR_CALM,-0.01905715075626515,0,BEAR_OPTIMIZED,1,0.5,-0.7273192995828824,9.66320008876944,PRICE,TRAIN,2022-03
CSNA3.SA,BEAR_CALM,-0.008193015136218083,0,BEAR_OPTIMIZED,3,0.5,1.1716710584800774,9.77610949298959,PRICE,TRAIN,2022-03
CSNA3.SA,BEAR_CALM,-0.010402429950541546,0,BEAR_OPTIMIZED,1,0.5,0.4539136286942967,7.742286664442904,PRICE,TRAIN,2022-03
CSNA3.SA,BEAR_CALM,0.045217069296754266,1,BEAR_OPTIMIZED,1,0.5,-1.211905315812,9.516093044806189,PRICE,TRAIN,2022-03
CSNA3.SA,BEAR_CALM,0.062180462622165235,1,BEAR_OPTIMIZED,1,0.5,-1.7659632587549166,7.743589623202638,PRICE,TRAIN,2022-03
CSNA3.SA,SIDEWAYS_CALM,-0.062429913859990104,0,HARD_STOP,10,0.061752336694613295,0.2684727786772676,15.348630407313662,PRICE,TEST,2022-03
CSNA3.SA,SIDEWAYS_CALM,-0.018536376213588633,0,TIME_STOP,13,-0.3772359958775141,-1.1241984012734365,9.685261746605754,PRICE,TEST,2022-03
CVCB3.SA,BEAR_VOLATILE,-0.051200000000000155,0,HARD_STOP,1,0.5,0.02568170805847362,6.17005338330372,PRICE,TRAIN,2022-03
CVCB3.SA,BEAR_VOLATILE,0.5270456185847731,1,BEAR_OPTIMIZED,9,0.5,-0.8104838055377117,7.802946472347564,PRICE,TRAIN,2022-03
CVCB3.SA,BEAR_VOLATILE,-0.05400522779812136,0,HARD_STOP,1,0.5,-0.7950565498637614,16.14097984664376,PRICE,TRAIN,2022-03
CVCB3.SA,BEAR_CALM,0.6301730657872683,1,END_CLOSED,41,-0.7904093967773675,-0.63764691815554,5.703753422226162,PRICE,TEST,2022-03
CYRE3.SA,BEAR_VOLATILE,-0.051200000000000155,0,HARD_STOP,2,0.5,-0.9305690998909941,7.873792821136588,PRICE,TRAIN,2022-03
CYRE3.SA,SIDEWAYS_VOLATILE,0.00880000000000001,1,STOP_TECNICO,34,0.5,0.8035402208845418,8.22479451243456,PRICE,TRAIN,2022-03
CXSE3.SA,BEAR_VOLATILE,-0.051200000000000044,0,HARD_STOP,6,0.5,2.3645922749029924,8.319267944948194,PRICE,TRAIN,2022-03
CXSE3.SA,SIDEWAYS_CALM,-0.012162299661641195,0,STOP_TECNICO,15,0.5,1.1479823814977606,8.328214886828125,PRICE,TRAIN,2022-03
CXSE3.SA,BEAR_VOLATILE,-0.009978551153216574,0,TIME_STOP,15,0.5,1.2256667898851445,7.816738360529871,PRICE,TRAIN,2022-03
ECOR3.SA,BEAR_CALM,-0.051200000000000044,0,HARD_STOP,5,0.5,-0.6386193857026382,6.75284975335418,PRICE,TRAIN,2022-03
ECOR3.SA,SIDEWAYS_CALM,-0.010646667471757153,0,TIME_STOP,28,0.5,1.3399341815035073,6.87313250421937,PRICE,TRAIN,2022-03
ECOR3.SA,BEAR_CALM,0.015473258947554226,1,STOP_TECNICO,1,0.5,1.8635820009051076,2.6771197721384197,PRICE,TRAIN,2022-03
ECOR3.SA,BEAR_CALM,-0.021453178502891433,0,STOP_TECNICO,1,0.5,1.1232397168768682,2.834151015741337,PRICE,TRAIN,2022-03
EGIE3.SA,BULL_CALM,0.10434037001379445,1,SIGNAL,42,0.5,-2.380453164163855,19.291066280002028,PRICE,TRAIN,2022-03
EGIE3.SA,BEAR_CALM,-0.007686592905823762,0,STOP_TECNICO,1,0.5,1.0679202677055997,4.494560364169936,PRICE,TRAIN,2022-03
EGIE3.SA,BEAR_CALM,0.032258243337164184,1,BEAR_OPTIMIZED,6,0.5,0.7179245934492625,3.8378825098537215,PRICE,TRAIN,2022-03
DIRR3.SA,SIDEWAYS_CALM,-0.09233508516891567,0,HARD_STOP,2,0.5,-3.3439167104230263,8.94882655650474,PRICE,TRAIN,2022-03
DIRR3.SA,BEAR_VOLATILE,-0.051200000000000044,0,HARD_STOP,1,0.5,-0.45858571937040865,14.15030401919491,PRICE,TRAIN,2022-03
DIRR3.SA,BEAR_CALM,0.1495354478234304,1,BEAR_OPTIMIZED,7,0.5,-0.29807044982305175,12.7757581871758,PRICE,TRAIN,2022-03
DIRR3.SA,SIDEWAYS_CALM,-0.05268813809527497,0,HARD_STOP,6,0.5,1.1911323027100473,10.459050784889106,PRICE,TRAIN,2022-03
DIRR3.SA,BEAR_CALM,-0.012643623842198103,0,TIME_STOP,21,0.5,-0.32457904553920314,7.11446586092743,PRICE,TRAIN,2022-03
DIRR3.SA,BULL_CALM,-0.051200000000000044,0,HARD_STOP,2,-1.1773297546350143,1.9117666141333647,3.2080935048730663,PRICE,TEST,2022-03
DIRR3.SA,BULL_CALM,0.10719392537349667,1,SIGNAL,16,-0.7562973750471144,0.7993217801144108,3.326614425506017,PRICE,TEST,2022-03
ELET6.SA,BULL_CALM,-0.051200000000000044,0,HARD_STOP,7,0.5,-0.05381409491213963,4.7953444813926325,PRICE,TRAIN,2022-03
ELET6.SA,BULL_CALM,0.21765822865017412,1,SIGNAL,30,0.5,0.34184987797436234,5.577116555021346,PRICE,TRAIN,2022-03
ELET6.SA,BEAR_CALM,-0.02845675139825956,0,STOP_TECNICO,4,0.5,-0.04154764020030979,7.964065789312273,PRICE,TRAIN,2022-03
ELET6.SA,BEAR_VOLATILE,-0.03148619222310558,0,STOP_TECNICO,6,0.5,0.9637146899613682,34.30961849152067,PRICE,TRAIN,2022-03
ELET6.SA,BEAR_VOLATILE,-0.020751516763995913,0,STOP_TECNICO,1,0.5,0.7353993527314276,34.30961849152067,PRICE,TRAIN,2022-03
ELET3.SA,BULL_CALM,-0.051200000000000044,0,HARD_STOP,1,0.5,0.7148158716031695,4.370096289066515,PRICE,TRAIN,2022-03
ELET3.SA,SIDEWAYS_CALM,0.24917024523059514,1,SIGNAL,36,0.5,0.11187857094891365,4.175321035080871,PRICE,TRAIN,2022-03
ELET3.SA,BEAR_CALM,-0.021792646370680145,0,STOP_TECNICO,1,0.5,-0.0705620916906076,5.386715808749963,PRICE,TRAIN,2022-03
ELET3.SA,BEAR_VOLATILE,-0.014531898891557059,0,STOP_TECNICO,2,0.5,0.1076373586319415,25.12344082667657,PRICE,TRAIN,2022-03
ELET3.SA,BEAR_VOLATILE,0.014668495771608427,1,STOP_TECNICO,1,0.5,1.4236379344199699,34.30961849152067,PRICE,TRAIN,2022-03
ELET3.SA,BEAR_VOLATILE,-0.009919873510718456,0,STOP_TECNICO,1,0.5,1.5293757249300957,30.42699946892699,PRICE,TRAIN,2022-03
ELET3.SA,BEAR_VOLATILE,-0.004362749645218232,0,STOP_TECNICO,1,0.5,1.1728944776395709,34.30961849152067,PRICE,TRAIN,2022-03
ELET3.SA,BEAR_VOLATILE,-0.024509980798641105,0,STOP_TECNICO,1,0.5,1.5435793071656665,32.26909055531007,PRICE,TRAIN,2022-03
ELET3.SA,BEAR_VOLATILE,-0.023018253432112633,0,STOP_TECNICO,1,0.5,0.8978775236660438,1000.0,PRICE,TRAIN,2022-03
EMBR3.SA,BEAR_VOLATILE,-0.15047175650257752,0,HARD_STOP,1,0.5,0.9069065761247652,34.30961849152067,PRICE,TRAIN,2022-03
EMBR3.SA,BEAR_VOLATILE,0.0025009682651598655,1,STOP_TECNICO,28,0.5,-0.48990352137247056,1000.0,PRICE,TRAIN,2022-03
EMBR3.SA,BEAR_CALM,-0.02278263351012779,0,TIME_STOP,13,0.5,-0.007628356817272055,21.848372139541027,PRICE,TRAIN,2022-03
EMBR3.SA,BULL_CALM,-0.11949082139773506,0,HARD_STOP,7,1.1806552030621986,-0.411464659656399,24.974194361112303,PRICE,TEST,2022-03
EMBR3.SA,BULL_VOLATILE,0.1684047227413664,1,END_CLOSED,29,1.7169857312136538,-2.3391553309573707,31.00300491322151,PRICE,TEST,2022-03
ENGI11.SA,BULL_CALM,-0.039822864589548666,0,TIME_STOP,11,0.5,-0.3106559915833504,24.421656465453804,PRICE,TRAIN,2022-03
ENGI11.SA,SIDEWAYS_CALM,-0.027685680455069382,0,TIME_STOP,11,0.5,0.4954386228280678,14.25586549605248,PRICE,TRAIN,2022-03
ENGI11.SA,SIDEWAYS_CALM,-0.051200000000000044,0,HARD_STOP,12,0.5,-0.2096996504253763,7.19581874471319,PRICE,TRAIN,2022-03
ENGI11.SA,SIDEWAYS_CALM,-0.051200000000000044,0,HARD_STOP,3,0.5,0.32091219512949076,15.96455030990801,PRICE,TRAIN,2022-03
ENGI11.SA,BEAR_VOLATILE,-0.021204797651202,0,BEAR_OPTIMIZED,1,0.5,0.12430123226522383,24.48168082894153,PRICE,TRAIN,2022-03
ENGI11.SA,BEAR_VOLATILE,-0.004502903726631556,0,BEAR_OPTIMIZED,3,0.5,0.5779114978651364,34.30961849152067,PRICE,TRAIN,2022-03
ENGI11.SA,BEAR_VOLATILE,-0.018450027616736996,0,BEAR_OPTIMIZED,1,0.5,1.9010444514299096,34.30961849152067,PRICE,TRAIN,2022-03
ENGI11.SA,BEAR_VOLATILE,-0.0019538113304371704,0,BEAR_OPTIMIZED,1,0.5,1.4214824703658704,27.314773405842654,PRICE,TRAIN,2022-03
ENGI11.SA,SIDEWAYS_VOLATILE,-0.03320360075512043,0,TIME_STOP,13,0.5,1.7768662472270063,4.042411098512328,PRICE,TRAIN,2022-03
ENGI11.SA,BEAR_CALM,-0.0007246674275874986,0,BEAR_OPTIMIZED,8,0.5,0.6636546882722,7.878005558821368,PRICE,TRAIN,2022-03
ENGI11.SA,BEAR_CALM,0.025244594291770374,1,BEAR_OPTIMIZED,1,0.5,1.301230149642842,9.09012572724938,PRICE,TRAIN,2022-03
ENGI11.SA,BEAR_CALM,0.038068437600900486,1,BEAR_OPTIMIZED,5,0.5,0.7974927850055007,7.498303088466086,PRICE,TRAIN,2022-03
ENGI11.SA,BEAR_CALM,-0.03520617988045973,0,STOP_TECNICO,2,0.5,0.7498794677650059,2.7105644859956115,PRICE,TRAIN,2022-03
ENGI11.SA,BEAR_CALM,-0.016133929373024623,0,STOP_TECNICO,9,0.5,-0.648129902513027,2.411767046713536,PRICE,TRAIN,2022-03
ENGI11.SA,BEAR_VOLATILE,0.02922805282662653,1,END_CLOSED,8,0.5,-0.6871204363367942,4.084818469034689,PRICE,TRAIN,2022-03
ENEV3.SA,SIDEWAYS_CALM,-0.07895213600291665,0,HARD_STOP,2,0.5,1.3016862472577162,6.32149020865358,PRICE,TRAIN,2022-03
ENEV3.SA,BEAR_VOLATILE,0.19139261119803627,1,BEAR_OPTIMIZED,7,0.5,1.5165951120923444,7.0505639246439955,PRICE,TRAIN,2022-03
ENEV3.SA,BULL_VOLATILE,-0.020405295001774036,0,TIME_STOP,11,0.5,-0.8229060530355063,6.299602410915849,PRICE,TRAIN,2022-03
ENEV3.SA,BEAR_CALM,-0.051200000000000044,0,HARD_STOP,2,0.5,-1.0992505746575325,15.487901370594397,PRICE,TRAIN,2022-03
ENEV3.SA,BEAR_CALM,-0.028133137571867327,0,TIME_STOP,14,0.5,-0.5304097501480793,18.114649353418198,PRICE,TRAIN,2022-03
ENEV3.SA,BEAR_CALM,-0.004478782732064278,0,STOP_TECNICO,1,0.5,1.3591000672380045,10.794386321505469,PRICE,TRAIN,2022-03
ENEV3.SA,BEAR_CALM,-0.009748943388731689,0,STOP_TECNICO,4,0.5,0.016934272133872552,5.294357313161774,PRICE,TRAIN,2022-03
ENEV3.SA,BEAR_CALM,-0.024217861434449837,0,STOP_TECNICO,1,0.5,1.543104037406946,3.2875378726692155,PRICE,TRAIN,2022-03
ENEV3.SA,BEAR_CALM,-0.008366185226758825,0,STOP_TECNICO,1,0.5,1.4852251214163628,3.2246075644977323,PRICE,TRAIN,2022-03
ENEV3.SA,BEAR_CALM,-0.012583547598285637,0,STOP_TECNICO,1,0.5,-0.4742656813598021,3.189224551086635,PRICE,TRAIN,2022-03
ENEV3.SA,BEAR_CALM,-0.051200000000000044,0,HARD_STOP,1,0.5,0.5183986398163546,3.606265344544991,PRICE,TRAIN,2022-03
ENEV3.SA,BEAR_CALM,-0.003312863929876529,0,STOP_TECNICO,1,0.5,1.245762616433458,4.385562410339077,PRICE,TRAIN,2022-03
EZTC3.SA,BEAR_CALM,-0.07803432783583855,0,HARD_STOP,2,0.5,-0.5293902887892477,8.16887303793868,PRICE,TRAIN,2022-03
EZTC3.SA,BEAR_VOLATILE,0.22850332950129135,1,BEAR_OPTIMIZED,9,0.5,0.4947480998052209,11.697306852314064,PRICE,TRAIN,2022-03
EZTC3.SA,BULL_VOLATILE,-0.07748881633802365,0,HARD_STOP,9,0.5,0.5027551566631051,7.606628915879555,PRICE,TRAIN,2022-03
EZTC3.SA,BEAR_VOLATILE,-0.041669009309397674,0,TIME_STOP,11,0.5,-0.07868621764566515,8.24890227461871,PRICE,TRAIN,2022-03
EZTC3.SA,BEAR_CALM,-0.01068915069307843,0,STOP_TECNICO,1,0.5,-0.30763467008307277,34.30961849152067,PRICE,TRAIN,2022-03
EZTC3.SA,BEAR_CALM,0.02728295860691641,1,STOP_TECNICO,1,0.5,-0.4260743252267897,34.30961849152067,PRICE,TRAIN,2022-03
EZTC3.SA,BEAR_CALM,-0.051200000000000044,0,HARD_STOP,4,0.5,-0.2998756072410007,34.100389048778815,PRICE,TRAIN,2022-03
EZTC3.SA,BEAR_CALM,-0.012511967312531923,0,STOP_TECNICO,1,0.5,0.21785682296267417,26.298736967714447,PRICE,TRAIN,2022-03
EZTC3.SA,BEAR_CALM,0.004039983125493453,1,STOP_TECNICO,1,0.5,0.2111784348691623,16.995743804053305,PRICE,TRAIN,2022-03
EZTC3.SA,BEAR_CALM,-0.027152864631687333,0,STOP_TECNICO,1,0.5,1.4355045710786707,2.8746143415064345,PRICE,TRAIN,2022-03
EQTL3.SA,BULL_VOLATILE,-0.014358121139272505,0,TIME_STOP,16,0.5,0.5861387658979377,14.280010574050017,PRICE,TRAIN,2022-03
EQTL3.SA,SIDEWAYS_CALM,-0.051200000000000044,0,HARD_STOP,9,0.5,-0.8311987597326098,7.419674721880432,PRICE,TRAIN,2022-03
EQTL3.SA,SIDEWAYS_CALM,-0.0016135476446781582,0,TIME_STOP,17,0.5,0.33960981938733453,9.15053107408741,PRICE,TRAIN,2022-03
EQTL3.SA,SIDEWAYS_CALM,-0.05344186796616537,0,HARD_STOP,8,0.5,-0.0972027615963214,8.679320230362736,PRICE,TRAIN,2022-03
EQTL3.SA,BEAR_CALM,-0.0069573659316010325,0,BEAR_OPTIMIZED,1,0.5,-1.416866424217053,6.777665516831223,PRICE,TRAIN,2022-03
EQTL3.SA,BEAR_VOLATILE,-0.010925814251480447,0,BEAR_OPTIMIZED,1,0.5,-1.9790968262257569,5.344724867636457,PRICE,TRAIN,2022-03
EQTL3.SA,BEAR_CALM,0.002792935483085436,1,BEAR_OPTIMIZED,1,0.5,-1.0682381196883557,6.6924672960450255,PRICE,TRAIN,2022-03
EQTL3.SA,BEAR_CALM,0.003272382457261226,1,BEAR_OPTIMIZED,1,0.5,-0.7255361971974179,6.935702888662434,PRICE,TRAIN,2022-03
EQTL3.SA,BEAR_CALM,0.0005816696096197849,1,BEAR_OPTIMIZED,3,0.5,-0.5556208602676332,7.11761575570565,PRICE,TRAIN,2022-03
EQTL3.SA,BEAR_CALM,0.020855479993801974,1,BEAR_OPTIMIZED,1,0.5,-0.02270273421578139,6.342638855994606,PRICE,TRAIN,2022-03
EQTL3.SA,SIDEWAYS_CALM,0.12895188604806704,1,END_CLOSED,229,0.5,0.6634851492566454,4.15039597083465,PRICE,TRAIN,2022-03
FLRY3.SA,BEAR_CALM,-0.051200000000000155,0,HARD_STOP,5,0.5,-1.132165061952755,5.159455665704964,PRICE,TRAIN,2022-03
FLRY3.SA,BEAR_VOLATILE,-0.03001238335390046,0,TIME_STOP,21,0.5,-0.7899033307845372,7.914134686449656,PRICE,TRAIN,2022-03
FLRY3.SA,BEAR_CALM,-0.09313956723847486,0,HARD_STOP,11,0.5,0.5270348388847702,10.318653129321008,PRICE,TRAIN,2022-03
FLRY3.SA,BEAR_CALM,0.053436694733418034,1,END_CLOSED,5,0.5,0.14221461975999405,2.3214908830894516,PRICE,TRAIN,2022-03
GGBR4.SA,SIDEWAYS_CALM,-0.051200000000000044,0,HARD_STOP,3,0.5,1.1836824909302206,7.8406950241977365,PRICE,TRAIN,2022-03
GGBR4.SA,BEAR_CALM,0.006829203418292497,1,BEAR_OPTIMIZED,1,0.5,0.5886513855971037,7.095871550365098,PRICE,TRAIN,2022-03
GGBR4.SA,BEAR_CALM,0.02214925827448031,1,BEAR_OPTIMIZED,1,0.5,0.2979850136860856,7.1644469928268695,PRICE,TRAIN,2022-03
GGBR4.SA,SIDEWAYS_CALM,-0.051200000000000044,0,HARD_STOP,1,0.5,0.6951471528039443,6.984404290772109,PRICE,TRAIN,2022-03
GGBR4.SA,BEAR_CALM,0.024976123157005904,1,BEAR_OPTIMIZED,1,0.5,0.7479685755520532,5.698250686567468,PRICE,TRAIN,2022-03
GGBR4.SA,BEAR_VOLATILE,-0.1027381992840454,0,HARD_STOP,4,0.5,-0.1462209157241795,5.2495997737115845,PRICE,TRAIN,2022-03
GGBR4.SA,BEAR_VOLATILE,-0.051200000000000044,0,HARD_STOP,9,0.5,-0.8623984915188341,34.30961849152067,PRICE,TRAIN,2022-03
GGBR4.SA,BEAR_VOLATILE,0.1627822030859137,1,BEAR_OPTIMIZED,89,0.5,-0.6347894366939003,34.30961849152067,PRICE,TRAIN,2022-03
GGBR4.SA,BEAR_CALM,0.04058736862880217,1,BEAR_OPTIMIZED,2,1.0897729381914525,-0.18348714154994064,8.158034493507557,PRICE,TEST,2022-03
GGBR4.SA,BEAR_CALM,0.05494170421924247,1,BEAR_OPTIMIZED,4,-1.2906351292829714,-0.1800639701147766,7.402644405295073,PRICE,TEST,2022-03
GGBR4.SA,BEAR_CALM,0.07331832531489088,1,BEAR_OPTIMIZED,6,-1.5366548975677377,0.9853905677427277,5.857268017666094,PRICE,TEST,2022-03
GOAU4.SA,BEAR_CALM,0.04360298023426155,1,BEAR_OPTIMIZED,3,0.8839856176499034,0.3496927340407047,10.120008146666828,PRICE,TEST,2022-03
GOAU4.SA,BEAR_CALM,0.04425433629312945,1,BEAR_OPTIMIZED,1,-1.1355947446529027,0.3481419790186667,7.232401229253735,PRICE,TEST,2022-03
GOAU4.SA,BEAR_CALM,0.024185711128521394,1,BEAR_OPTIMIZED,6,-1.4274694988869785,-0.3942383466838214,6.1308067525498435,PRICE,TEST,2022-03
HAPV3.SA,BULL_CALM,-0.06252461263095047,0,HARD_STOP,2,0.5,0.8333928948695628,12.772521967079927,PRICE,TRAIN,2022-03
HAPV3.SA,BULL_CALM,-0.055276538186198064,0,HARD_STOP,8,0.5,-2.8863492958417307,11.123480942852048,PRICE,TRAIN,2022-03
HAPV3.SA,BEAR_CALM,-0.0547875941374464,0,HARD_STOP,5,0.5,-1.6516673028773408,3.5396589792763002,PRICE,TRAIN,2022-03
HAPV3.SA,BEAR_VOLATILE,-0.051200000000000044,0,HARD_STOP,8,0.5,-1.0049078804530172,4.984003584446425,PRICE,TRAIN,2022-03
HAPV3.SA,BEAR_VOLATILE,-0.07359262555518278,0,HARD_STOP,6,0.5,0.6098121083278709,1000.0,PRICE,TRAIN,2022-03
HAPV3.SA,BEAR_VOLATILE,0.00880000000000001,1,STOP_TECNICO,16,0.5,-3.0635765381903877,1000.0,PRICE,TRAIN,2022-03
HAPV3.SA,BEAR_VOLATILE,-0.054981546798406854,0,HARD_STOP,7,0.5,-1.7340094188851816,1000.0,PRICE,TRAIN,2022-03
HAPV3.SA,BEAR_CALM,0.01965742339126062,1,STOP_TECNICO,1,0.5,0.037210413875215766,34.30961849152067,PRICE,TRAIN,2022-03
HAPV3.SA,BEAR_CALM,-0.051200000000000044,0,HARD_STOP,1,0.5,0.4573923434029873,25.456569782701816,PRICE,TRAIN,2022-03
HAPV3.SA,BEAR_VOLATILE,-0.051200000000000044,0,HARD_STOP,1,0.5,-3.9754923892428446,4.672875804992349,PRICE,TRAIN,2022-03
HAPV3.SA,BEAR_VOLATILE,0.00880000000000001,1,STOP_TECNICO,1,0.5,-3.770100502160532,1000.0,PRICE,TRAIN,2022-03
HYPE3.SA,BULL_CALM,-0.051200000000000044,0,HARD_STOP,10,0.5,-3.7666571701921883,27.173274262932047,PRICE,TRAIN,2022-03
HYPE3.SA,BULL_VOLATILE,0.22068067918858744,1,END_CLOSED,302,0.5,-1.7297758028607335,15.64534413872611,PRICE,TRAIN,2022-03
HYPE3.SA,BEAR_VOLATILE,0.07447726479548086,1,BEAR_OPTIMIZED,14,-0.5667606303528787,1.5519998602313505,34.30961849152067,PRICE,TEST,2022-03
IGTI11.SA,SIDEWAYS_CALM,-0.06821581006475322,0,HARD_STOP,2,0.5,-0.24282232511795857,7.043986543934314,PRICE,TRAIN,2022-03
IGTI11.SA,BEAR_CALM,0.14785438508577706,1,BEAR_OPTIMIZED,9,0.5,0.394450380676227,6.817319277447634,PRICE,TRAIN,2022-03
IGTI11.SA,BULL_CALM,-0.026619898482442082,0,TIME_STOP,17,0.5,0.21857954016332762,9.887874856550347,PRICE,TRAIN,2022-03
IRBR3.SA,BEAR_CALM,-0.06021641090533727,0,HARD_STOP,5,0.5,0.6449576719801106,16.50705820300537,PRICE,TRAIN,2022-03
IRBR3.SA,BEAR_CALM,0.005488953611145188,1,STOP_TECNICO,29,0.5,1.434569402313407,9.840504181147196,PRICE,TRAIN,2022-03
ITSA4.SA,BULL_VOLATILE,0.00880000000000001,1,STOP_TECNICO,35,0.5,-0.12580704405877263,20.370067868811294,PRICE,TRAIN,2022-03
ITSA4.SA,BULL_CALM,-0.02298213584988098,0,TIME_STOP,11,0.5,-2.3862618416739916,7.274153680825138,PRICE,TRAIN,2022-03
ITUB4.SA,BULL_CALM,0.04249843212620639,1,SIGNAL,42,0.5,-0.2143882394517374,21.829818126846718,PRICE,TRAIN,2022-03
KLBN11.SA,BEAR_VOLATILE,-0.013221063093355821,0,BEAR_OPTIMIZED,1,0.5,-1.7829489557466214,8.82064963352696,PRICE,TRAIN,2022-03
KLBN11.SA,BEAR_VOLATILE,-0.030983150380496947,0,BEAR_OPTIMIZED,1,0.5,-1.973739979866276,13.697724068972752,PRICE,TRAIN,2022-03
KLBN11.SA,BEAR_VOLATILE,0.011204693723456984,1,BEAR_OPTIMIZED,1,0.5,0.9555382268392152,34.30961849152067,PRICE,TRAIN,2022-03
KLBN11.SA,BEAR_CALM,0.0064190963737268195,1,BEAR_OPTIMIZED,1,0.5,-0.6711370099909606,21.303701156515,PRICE,TRAIN,2022-03
KLBN11.SA,BEAR_CALM,0.05908724478163383,1,BEAR_OPTIMIZED,1,0.5,-0.4070723719888276,28.497781904713175,PRICE,TRAIN,2022-03
KLBN11.SA,BEAR_CALM,0.025188925450477663,1,BEAR_OPTIMIZED,1,0.5,0.07073724295371936,17.30179202661121,PRICE,TRAIN,2022-03
KLBN11.SA,BEAR_CALM,-0.02093391617681941,0,BEAR_OPTIMIZED,1,0.5,-0.7970345050102,11.975322745502183,PRICE,TRAIN,2022-03
KLBN11.SA,BEAR_CALM,-0.015243303331877088,0,BEAR_OPTIMIZED,2,0.5,0.32845942257810856,8.177593300289134,PRICE,TRAIN,2022-03
KLBN11.SA,BEAR_VOLATILE,-0.026175091740032762,0,BEAR_OPTIMIZED,1,0.5,0.1418760977573522,8.770675830543645,PRICE,TRAIN,2022-03
KLBN11.SA,BEAR_VOLATILE,-0.005644588572057539,0,BEAR_OPTIMIZED,1,0.5,1.9432023777544112,7.610751217460696,PRICE,TRAIN,2022-03
KLBN11.SA,BEAR_VOLATILE,-0.020516879750818194,0,BEAR_OPTIMIZED,1,0.5,0.04019754466366135,8.126920448332866,PRICE,TRAIN,2022-03
KLBN11.SA,BEAR_CALM,0.004438066609064074,1,BEAR_OPTIMIZED,1,0.5,1.4290898607814855,12.206054514587933,PRICE,TRAIN,2022-03
KLBN11.SA,BEAR_CALM,-0.051200000000000044,0,HARD_STOP,8,0.5,1.129245788743214,22.912216480349347,PRICE,TRAIN,2022-03
KLBN11.SA,BEAR_VOLATILE,0.05354266134702788,1,BEAR_OPTIMIZED,1,0.5,1.4906888303747579,34.30961849152067,PRICE,TRAIN,2022-03
KLBN11.SA,BEAR_CALM,-0.051200000000000044,0,HARD_STOP,10,0.5,0.8350071698818712,5.901618849769037,PRICE,TRAIN,2022-03
KLBN11.SA,BEAR_VOLATILE,-0.019698166356972323,0,TIME_STOP,11,0.5,0.9932996375962763,7.0585403973326155,PRICE,TRAIN,2022-03
LWSA3.SA,BEAR_CALM,-0.051200000000000155,0,HARD_STOP,1,0.5,-0.6841257295943559,9.556531651453344,PRICE,TRAIN,2022-03
LWSA3.SA,BEAR_VOLATILE,0.00880000000000001,1,STOP_TECNICO,27,0.5,-0.8608532957713992,8.34807797187536,PRICE,TRAIN,2022-03
LWSA3.SA,BEAR_CALM,-0.051200000000000044,0,HARD_STOP,10,0.5,-0.3402019549199164,3.0511338756542337,PRICE,TRAIN,2022-03
LWSA3.SA,BEAR_CALM,-0.020807852665905145,0,STOP_TECNICO,3,0.5,0.23747915877683146,27.807314201084235,PRICE,TRAIN,2022-03
LWSA3.SA,BEAR_CALM,-0.02378725018394625,0,STOP_TECNICO,1,0.5,0.6602308018720886,18.870037299303803,PRICE,TRAIN,2022-03
LREN3.SA,BEAR_CALM,-0.051200000000000155,0,HARD_STOP,1,0.5,-1.472250017454513,5.327454262547191,PRICE,TRAIN,2022-03
LREN3.SA,BEAR_VOLATILE,-0.051200000000000044,0,HARD_STOP,3,0.5,-0.22992950125497755,7.393075784279763,PRICE,TRAIN,2022-03
LREN3.SA,BULL_CALM,0.00880000000000001,1,STOP_TECNICO,15,0.5,-0.21206188858606795,6.484542153650845,PRICE,TRAIN,2022-03
LREN3.SA,BULL_VOLATILE,-0.019157356201941166,0,TIME_STOP,11,0.5,1.1749022081443852,7.03346451715547,PRICE,TRAIN,2022-03
LREN3.SA,BEAR_CALM,-0.02499713869292621,0,STOP_TECNICO,1,0.5,0.18382277762824573,34.30961849152067,PRICE,TRAIN,2022-03
LREN3.SA,BEAR_CALM,0.00035828357468612577,1,STOP_TECNICO,1,0.5,1.4286313279415868,5.643618739769414,PRICE,TRAIN,2022-03
LREN3.SA,BEAR_CALM,0.026043500708222124,1,STOP_TECNICO,1,0.5,-0.26455176133256525,4.252604734816419,PRICE,TRAIN,2022-03
LREN3.SA,BEAR_CALM,-0.051200000000000044,0,HARD_STOP,1,0.5,-0.001014594006934014,2.7720611206293473,PRICE,TRAIN,2022-03
LREN3.SA,BEAR_CALM,0.004312448176518081,1,STOP_TECNICO,1,0.5,0.8543605076762293,4.223889919463941,PRICE,TRAIN,2022-03
MGLU3.SA,SIDEWAYS_CALM,-0.051200000000000044,0,HARD_STOP,1,0.5,0.3556772364207691,1.6245910998902164,PRICE,TRAIN,2022-03
MGLU3.SA,BEAR_VOLATILE,0.43617158725208693,1,BEAR_OPTIMIZED,14,0.5,0.0813410920140252,4.838533072477774,PRICE,TRAIN,2022-03
MGLU3.SA,BULL_VOLATILE,-0.051200000000000044,0,HARD_STOP,7,0.5,0.2700707770294883,3.374495391857944,PRICE,TRAIN,2022-03
MGLU3.SA,BEAR_VOLATILE,-0.051200000000000044,0,HARD_STOP,8,0.5,0.30267783446674346,3.8053573443418953,PRICE,TRAIN,2022-03
MRVE3.SA,BULL_CALM,-0.15160645451628466,0,HARD_STOP,2,0.5,-3.959470889974135,7.382146374608956,PRICE,TRAIN,2022-03
MRVE3.SA,BEAR_VOLATILE,-0.05119999999999993,0,HARD_STOP,1,0.5,-2.4245779114143815,7.873368396307139,PRICE,TRAIN,2022-03
MRVE3.SA,SIDEWAYS_VOLATILE,0.00880000000000001,1,STOP_TECNICO,16,0.5,-1.1541786700503138,6.062587469428114,PRICE,TRAIN,2022-03
MRVE3.SA,SIDEWAYS_VOLATILE,-0.051200000000000044,0,HARD_STOP,11,0.5,0.395983634470103,4.978728879473298,PRICE,TRAIN,2022-03
MRVE3.SA,BEAR_CALM,-0.010623657922894901,0,STOP_TECNICO,1,0.5,1.1670626846773224,18.645198426287035,PRICE,TRAIN,2022-03
MRVE3.SA,BEAR_CALM,0.04042772904905432,1,STOP_TECNICO,1,0.5,0.8019477649301728,22.099696113687244,PRICE,TRAIN,2022-03
MRVE3.SA,BEAR_CALM,-0.024360772855571054,0,STOP_TECNICO,1,0.5,0.42448113793794345,11.75691024742465,PRICE,TRAIN,2022-03
MRVE3.SA,BEAR_CALM,-0.0290164512532163,0,STOP_TECNICO,3,0.5,0.6202515376484696,18.67285306499014,PRICE,TRAIN,2022-03
MRVE3.SA,BEAR_CALM,0.014952736334606566,1,STOP_TECNICO,1,0.5,1.2337988030819635,29.561037613019646,PRICE,TRAIN,2022-03
MRVE3.SA,BEAR_CALM,-0.018491049649809875,0,STOP_TECNICO,2,0.5,0.9393113314852559,15.28928810083983,PRICE,TRAIN,2022-03
MRVE3.SA,BEAR_CALM,-0.015595293847715096,0,STOP_TECNICO,1,0.5,1.0491005955471706,8.113234684981247,PRICE,TRAIN,2022-03
MRVE3.SA,BEAR_CALM,0.005089302046118772,1,STOP_TECNICO,1,0.5,-0.16375662723830056,15.47748742711241,PRICE,TRAIN,2022-03
MRVE3.SA,BEAR_CALM,0.008700980750178201,1,STOP_TECNICO,1,0.5,0.2479531943773597,34.2474318941472,PRICE,TRAIN,2022-03
MRVE3.SA,BEAR_CALM,-0.0012,0,STOP_TECNICO,1,0.5,0.13724433910903536,27.879965033711308,PRICE,TRAIN,2022-03
MRVE3.SA,BEAR_CALM,0.013269478396094582,1,STOP_TECNICO,1,0.5,-1.8742102494126816,16.904738128929136,PRICE,TRAIN,2022-03
MRVE3.SA,BEAR_CALM,-0.0012,0,STOP_TECNICO,3,0.5,-1.8878374106882354,13.64362605899986,PRICE,TRAIN,2022-03
MRVE3.SA,BEAR_CALM,-0.009910751897463065,0,STOP_TECNICO,1,0.5,-0.8833670887657014,19.661002177186354,PRICE,TRAIN,2022-03
MULT3.SA,BULL_CALM,-0.0545525825881167,0,HARD_STOP,5,0.5,-0.15108967746254295,23.552960807117092,PRICE,TRAIN,2022-03
MULT3.SA,BULL_CALM,0.13474463867996053,1,SIGNAL,39,0.5,0.3520761918942585,20.602434519573187,PRICE,TRAIN,2022-03
MULT3.SA,BEAR_CALM,-0.03306843922142879,0,STOP_TECNICO,1,0.5,0.34853502498411004,9.894370697959243,PRICE,TRAIN,2022-03
MULT3.SA,BEAR_CALM,0.06948831560054977,1,BEAR_OPTIMIZED,2,0.5,0.5037165550480208,8.597262724761787,PRICE,TRAIN,2022-03
PCAR3.SA,BULL_CALM,0.00880000000000001,1,STOP_TECNICO,41,0.5,0.5743717593390316,10.157818467921286,PRICE,TRAIN,2022-03
PCAR3.SA,BEAR_CALM,-0.0193606882572255,0,STOP_TECNICO,1,0.5,-0.20116613993719565,10.268789170558543,PRICE,TRAIN,2022-03
PETR3.SA,SIDEWAYS_VOLATILE,-0.008216610072381302,0,TIME_STOP,27,0.5,-0.46923175444217813,7.840705458472786,PRICE,TRAIN,2022-03
PETR3.SA,BULL_VOLATILE,-0.051200000000000044,0,HARD_STOP,3,0.5,-0.6564368697094943,5.408268675901005,PRICE,TRAIN,2022-03
PETR3.SA,BULL_VOLATILE,-0.051200000000000044,0,HARD_STOP,4,0.5,-1.319652256267879,13.341886452546008,PRICE,TRAIN,2022-03
PETR3.SA,BULL_CALM,-0.11145646528252676,0,HARD_STOP,2,0.5,1.635901332970805,11.568615267250383,PRICE,TRAIN,2022-03
PETR3.SA,BEAR_VOLATILE,0.023066072561498487,1,BEAR_OPTIMIZED,1,0.5,-0.3150959956605089,15.228086377393856,PRICE,TRAIN,2022-03
PETR3.SA,SIDEWAYS_VOLATILE,-0.026888906462686178,0,TIME_STOP,12,0.5,-0.47511269049178667,13.809307836853318,PRICE,TRAIN,2022-03
PETR3.SA,SIDEWAYS_CALM,0.07139283824399331,1,END_CLOSED,51,0.5,-0.20340459411846754,5.52511572530337,PRICE,TRAIN,2022-03
PETR4.SA,SIDEWAYS_VOLATILE,-0.051200000000000044,0,HARD_STOP,12,0.5,-0.6699496789238126,20.494332106582284,PRICE,TRAIN,2022-03
PETR4.SA,BEAR_CALM,-0.025875860951327122,0,BEAR_OPTIMIZED,1,0.5,1.1154620037635923,21.223087927374394,PRICE,TRAIN,2022-03
PETR4.SA,BEAR_VOLATILE,0.029631011038040535,1,BEAR_OPTIMIZED,1,0.5,1.0056009787689069,32.145618702040984,PRICE,TRAIN,2022-03
PETR4.SA,BEAR_VOLATILE,0.016619145507704804,1,BEAR_OPTIMIZED,1,0.5,0.8185964940544102,24.492897311292776,PRICE,TRAIN,2022-03
PETR4.SA,BEAR_VOLATILE,0.00447204863780102,1,BEAR_OPTIMIZED,2,0.5,0.7844433631255525,23.639894033125003,PRICE,TRAIN,2022-03
PRIO3.SA,SIDEWAYS_VOLATILE,-0.05119999999999993,0,HARD_STOP,1,0.5,0.22639087253489995,11.345811983468659,PRICE,TRAIN,2022-03
RADL3.SA,SIDEWAYS_CALM,-0.051200000000000155,0,HARD_STOP,2,0.5,-0.2802610006867278,7.259445486570556,PRICE,TRAIN,2022-03
RADL3.SA,SIDEWAYS_CALM,-0.005792023324705985,0,TIME_STOP,29,0.5,0.43834317987316873,5.792301524929669,PRICE,TRAIN,2022-03
RAIL3.SA,SIDEWAYS_CALM,-0.05645192330907935,0,HARD_STOP,2,0.5,-1.439939054369788,7.692609867662568,PRICE,TRAIN,2022-03
RAIL3.SA,BEAR_CALM,0.12356125923194891,1,BEAR_OPTIMIZED,2,0.5,-0.46998063851020067,4.692307853854503,PRICE,TRAIN,2022-03
RAIL3.SA,BULL_CALM,0.09356738666851303,1,SIGNAL,30,0.5,0.4258432127136688,3.615866899744318,PRICE,TRAIN,2022-03
RAIZ4.SA,BULL_VOLATILE,0.10124127326242491,1,SIGNAL,47,0.5,1.797339302935747,3.5661564582623217,PRICE,TRAIN,2022-03
RAIZ4.SA,BEAR_CALM,0.008387229186023727,1,STOP_TECNICO,1,0.5,0.9212109237206934,7.081369052523445,PRICE,TRAIN,2022-03
RAIZ4.SA,BEAR_CALM,-0.05119999999999993,0,HARD_STOP,7,0.5,-0.542689165274893,8.957820231089899,PRICE,TRAIN,2022-03
RAIZ4.SA,BEAR_CALM,-0.014186983490887449,0,STOP_TECNICO,1,0.5,1.0479112542406392,5.645440897062659,PRICE,TRAIN,2022-03
RAIZ4.SA,BEAR_CALM,-0.03431255039722394,0,STOP_TECNICO,1,0.5,0.861078529958974,4.811423156059365,PRICE,TRAIN,2022-03
RAIZ4.SA,BEAR_CALM,0.009109187482071103,1,STOP_TECNICO,1,0.5,1.0820561980644638,8.82134140028432,PRICE,TRAIN,2022-03
RECV3.SA,BULL_CALM,0.22579394096293778,1,SIGNAL,21,0.5,0.3088996230403967,6.469531717297315,PRICE,TRAIN,2022-03
RECV3.SA,BULL_CALM,-0.008565940226043643,0,TIME_STOP,25,0.5,0.34928071186637255,8.392316226493291,PRICE,TRAIN,2022-03
RECV3.SA,SIDEWAYS_CALM,0.011110880335241637,1,END_CLOSED,2,0.5,0.010847880307887631,8.979635672149413,PRICE,TRAIN,2022-03
RECV3.SA,BEAR_CALM,-0.051200000000000044,0,HARD_STOP,8,-0.4401562203246463,1.1100641782823384,25.116441727520897,PRICE,TEST,2022-03
RECV3.SA,BEAR_CALM,-0.0035162408817809507,0,TIME_STOP,16,0.13907486543419972,-0.0100387150350514,20.91105005348125,PRICE,TEST,2022-03
RDOR3.SA,BULL_CALM,-0.051200000000000044,0,HARD_STOP,6,0.5,-2.1752658567536187,18.542896680148612,PRICE,TRAIN,2022-03
RDOR3.SA,BULL_CALM,-0.011342285835266662,0,TIME_STOP,11,0.5,-1.6100078505197046,21.07834570765682,PRICE,TRAIN,2022-03
RDOR3.SA,BULL_CALM,-0.051200000000000044,0,HARD_STOP,2,0.5,0.34646673313670806,10.511336920577097,PRICE,TRAIN,2022-03
RDOR3.SA,BEAR_VOLATILE,-0.0542389440339476,0,HARD_STOP,7,0.5,0.49828942328279346,8.601135604715807,PRICE,TRAIN,2022-03
RDOR3.SA,BEAR_VOLATILE,-0.07531140792204863,0,HARD_STOP,3,0.5,1.0110901075906593,34.30961849152067,PRICE,TRAIN,2022-03
RDOR3.SA,BEAR_VOLATILE,-0.08754551293520066,0,HARD_STOP,5,0.5,-0.7723060027892455,1000.0,PRICE,TRAIN,2022-03
RDOR3.SA,BEAR_VOLATILE,0.07625558612460845,1,END_CLOSED,5,0.5,0.6552840735086426,10.356712558923725,PRICE,TRAIN,2022-03
RENT3.SA,SIDEWAYS_CALM,-0.051200000000000044,0,HARD_STOP,6,0.5,0.19513879250637256,7.531430480438811,PRICE,TRAIN,2022-03
RENT3.SA,SIDEWAYS_CALM,0.00880000000000001,1,STOP_TECNICO,32,0.5,-0.4227103915937178,7.310178308518607,PRICE,TRAIN,2022-03
SANB11.SA,BULL_VOLATILE,0.09285193579073389,1,SIGNAL,41,0.5,-2.1623631343931957,2.8536217625787095,PRICE,TRAIN,2022-03
SBSP3.SA,BULL_VOLATILE,0.13086077492141288,1,SIGNAL,76,0.5,-2.5465672348685144,1000.0,PRICE,TRAIN,2022-03
SBSP3.SA,SIDEWAYS_CALM,0.03263891734726263,1,END_CLOSED,5,0.5,0.11168257425209833,3.1436435685690594,PRICE,TRAIN,2022-03
SBSP3.SA,BEAR_CALM,-0.051200000000000044,0,HARD_STOP,2,-1.106573225834169,0.1429166180083896,8.342364613356338,PRICE,TEST,2022-03
SBSP3.SA,BEAR_VOLATILE,0.08696859886900929,1,BEAR_OPTIMIZED,7,-0.955151741095501,-0.5816636763423486,13.213190586149086,PRICE,TEST,2022-03
SMFT3.SA,BEAR_CALM,-0.051200000000000044,0,HARD_STOP,3,0.5,-1.4052869761114708,8.745158910961692,PRICE,TRAIN,2022-03
SMFT3.SA,BEAR_CALM,-0.051200000000000044,0,HARD_STOP,10,0.5,-1.3760194072026053,18.186227974290965,PRICE,TRAIN,2022-03
SMFT3.SA,BEAR_VOLATILE,-0.051200000000000044,0,HARD_STOP,4,0.5,-0.5838623288195444,1000.0,PRICE,TRAIN,2022-03
SMFT3.SA,BEAR_VOLATILE,-0.051200000000000044,0,HARD_STOP,2,0.5,-0.36970513884623113,1000.0,PRICE,TRAIN,2022-03
SMFT3.SA,BEAR_VOLATILE,-0.051200000000000044,0,HARD_STOP,5,0.5,-0.021689265152596063,1000.0,PRICE,TRAIN,2022-03
SMFT3.SA,BEAR_VOLATILE,0.7214636453816557,1,BEAR_OPTIMIZED,119,0.5,-0.47000458623908237,1000.0,PRICE,TRAIN,2022-03
SUZB3.SA,SIDEWAYS_VOLATILE,0.00880000000000001,1,STOP_TECNICO,14,0.5,-1.8000879663104976,3.5008394939673675,PRICE,TRAIN,2022-03
SUZB3.SA,SIDEWAYS_VOLATILE,-0.06116345757980159,0,HARD_STOP,1,0.5,1.122690801637117,3.7062436321961383,PRICE,TRAIN,2022-03
SUZB3.SA,SIDEWAYS_VOLATILE,-0.05297539304340195,0,HARD_STOP,2,0.5,1.4028132018697868,3.4479034191922002,PRICE,TRAIN,2022-03
SUZB3.SA,BEAR_VOLATILE,-0.05974715592858806,0,HARD_STOP,12,0.5,1.2530753744136565,4.604720254190757,PRICE,TRAIN,2022-03
SUZB3.SA,BEAR_CALM,-0.051200000000000155,0,HARD_STOP,4,-2.2563700832649114,1.3210089729187093,27.42265360931719,PRICE,TEST,2022-03
SLCE3.SA,BULL_VOLATILE,-0.05119999999999993,0,HARD_STOP,8,0.5,-0.21804626596245688,18.10251211365623,PRICE,TRAIN,2022-03
SLCE3.SA,BULL_CALM,0.06803079847764168,1,SIGNAL,25,0.5,0.994175856389178,5.657222255267697,PRICE,TRAIN,2022-03
SLCE3.SA,BEAR_CALM,-0.017586155677737157,0,TIME_STOP,12,1.9365077452252861,0.5419517794582028,34.30961849152067,PRICE,TEST,2022-03
SLCE3.SA,BEAR_CALM,-0.011506582618352822,0,TIME_STOP,11,0.883118507325696,-1.7374558519710335,21.97992829517249,PRICE,TEST,2022-03
SLCE3.SA,BEAR_CALM,0.05649228271541027,1,END_CLOSED,14,-0.9485619051093087,-2.6524034141729955,11.006805706174704,PRICE,TEST,2022-03
TAEE11.SA,BEAR_VOLATILE,-0.02205135839729224,0,TIME_STOP,12,0.5,-0.01960503766117697,17.722641015481578,PRICE,TRAIN,2022-03
TAEE11.SA,BEAR_VOLATILE,0.09316284539691141,1,BEAR_OPTIMIZED,24,0.5,1.2626669351841513,34.30961849152067,PRICE,TRAIN,2022-03
TIMS3.SA,SIDEWAYS_VOLATILE,0.06429337212558259,1,SIGNAL,47,0.5,-0.1573994371952464,5.606885747861386,PRICE,TRAIN,2022-03
TIMS3.SA,BEAR_CALM,-0.011876151695122926,0,STOP_TECNICO,1,0.5,1.269531458340566,29.879365589381457,PRICE,TRAIN,2022-03
TIMS3.SA,BEAR_CALM,-0.024863491172450257,0,STOP_TECNICO,1,0.5,1.227054468441723,16.628082775679722,PRICE,TRAIN,2022-03
TIMS3.SA,BEAR_CALM,-0.022033354747086474,0,STOP_TECNICO,1,0.5,-0.11492332997609611,14.376737697773168,PRICE,TRAIN,2022-03
TOTS3.SA,BULL_VOLATILE,-0.004529258280775904,0,TIME_STOP,12,0.5,-0.1717861907499216,19.52099032794204,PRICE,TRAIN,2022-03
TOTS3.SA,BULL_CALM,-0.018764125447515177,0,TIME_STOP,21,0.5,-0.6608630449107379,34.30961849152067,PRICE,TRAIN,2022-03
TOTS3.SA,BEAR_CALM,-0.010159861608155983,0,TIME_STOP,12,-0.9173833142059339,-1.6151775605029244,6.245983860622365,PRICE,TEST,2022-03
UGPA3.SA,BEAR_VOLATILE,-0.051200000000000044,0,HARD_STOP,1,0.5,-1.3238712113308295,6.463276773675621,PRICE,TRAIN,2022-03
UGPA3.SA,BEAR_VOLATILE,0.19976840127267068,1,BEAR_OPTIMIZED,10,0.5,0.09221721272706307,8.504053383136688,PRICE,TRAIN,2022-03
UGPA3.SA,BULL_VOLATILE,-0.051200000000000044,0,HARD_STOP,9,0.5,1.9542569154313796,7.10581396755286,PRICE,TRAIN,2022-03
UGPA3.SA,SIDEWAYS_CALM,0.05938396601562466,1,SIGNAL,8,0.5,-0.39835890664093093,6.016017760921743,PRICE,TRAIN,2022-03
UGPA3.SA,BEAR_CALM,-0.008863306618335252,0,STOP_TECNICO,1,0.5,0.019684755438223626,4.568693173488415,PRICE,TRAIN,2022-03
USIM5.SA,SIDEWAYS_VOLATILE,-0.08272523251413436,0,HARD_STOP,5,0.5,-0.539169245571929,4.678538963999379,PRICE,TRAIN,2022-03
USIM5.SA,BEAR_CALM,-0.051200000000000044,0,HARD_STOP,4,0.5,1.103524924848594,6.469665359090465,PRICE,TRAIN,2022-03
USIM5.SA,BEAR_CALM,-0.051200000000000044,0,HARD_STOP,6,0.5,0.24944474075866274,7.8378896908663,PRICE,TRAIN,2022-03
USIM5.SA,BEAR_CALM,-0.05370957463161643,0,HARD_STOP,9,0.5,0.6940207742920885,23.214380181051705,PRICE,TRAIN,2022-03
USIM5.SA,BEAR_VOLATILE,-0.02848688337526053,0,TIME_STOP,13,0.5,-0.4221297115930451,34.30961849152067,PRICE,TRAIN,2022-03
VALE3.SA,SIDEWAYS_CALM,-0.05916248274117355,0,HARD_STOP,2,0.5,2.1515426661209935,8.956899076210373,PRICE,TRAIN,2022-03
VALE3.SA,BEAR_VOLATILE,-0.054108640840476084,0,HARD_STOP,4,0.5,-3.4234971320019065,15.225948215060056,PRICE,TRAIN,2022-03
VALE3.SA,SIDEWAYS_CALM,-0.06361625077234026,0,HARD_STOP,5,-0.619353513022747,0.3553493191769215,17.968888773784204,PRICE,TEST,2022-03
VALE3.SA,BEAR_VOLATILE,-0.008102519284689323,0,TIME_STOP,13,-1.3770376919667136,0.4469216688638389,28.182265594407365,PRICE,TEST,2022-03
VALE3.SA,BEAR_CALM,0.030500722228308998,1,END_CLOSED,15,-1.6764925265993944,1.787269282916717,34.30961849152067,PRICE,TEST,2022-03
VBBR3.SA,SIDEWAYS_CALM,0.00880000000000001,1,STOP_TECNICO,28,0.5,0.6011915157113389,12.987313488410475,PRICE,TRAIN,2022-03
VBBR3.SA,SIDEWAYS_VOLATILE,0.001922088947030033,1,SIGNAL,12,0.5,0.14976333380222315,5.687589019483842,PRICE,TRAIN,2022-03
VBBR3.SA,BEAR_CALM,0.005111329857563664,1,STOP_TECNICO,57,0.5,0.8028581515551232,12.937553417464924,PRICE,TRAIN,2022-03
VBBR3.SA,BEAR_CALM,0.06481126797137934,1,END_CLOSED,6,0.5,1.622957274367323,4.692378193002601,PRICE,TRAIN,2022-03
VBBR3.SA,BEAR_VOLATILE,0.4075590619805335,1,BEAR_OPTIMIZED,31,1.8857954101148258,0.09110895907350818,14.214179156105528,PRICE,TEST,2022-03
VIVT3.SA,SIDEWAYS_CALM,0.08237685502355893,1,SIGNAL,47,0.5,-0.8197547267216908,5.28150013651394,PRICE,TRAIN,2022-03
WEGE3.SA,SIDEWAYS_CALM,-0.07866236514472139,0,HARD_STOP,13,0.5,-3.0399179010719033,6.1811614686337695,PRICE,TRAIN,2022-03
WEGE3.SA,BEAR_VOLATILE,-0.021455265330672234,0,BEAR_OPTIMIZED,1,0.5,0.07009551825103369,22.069098916794164,PRICE,TRAIN,2022-03
WEGE3.SA,BEAR_VOLATILE,0.025898894899256543,1,BEAR_OPTIMIZED,1,0.5,-0.21906344695240754,34.30961849152067,PRICE,TRAIN,2022-03
WEGE3.SA,BEAR_VOLATILE,-0.03525204048273591,0,BEAR_OPTIMIZED,1,0.5,0.5791991049537398,34.30961849152067,PRICE,TRAIN,2022-03
WEGE3.SA,BEAR_VOLATILE,-0.030724504631764703,0,BEAR_OPTIMIZED,1,0.5,0.2807905988419965,34.30961849152067,PRICE,TRAIN,2022-03
WEGE3.SA,BEAR_CALM,-0.007856470539911252,0,BEAR_OPTIMIZED,1,0.5,0.6944840297703823,34.30961849152067,PRICE,TRAIN,2022-03
WEGE3.SA,BEAR_CALM,-0.0023548465185080567,0,BEAR_OPTIMIZED,1,0.5,1.6150434991675373,34.30961849152067,PRICE,TRAIN,2022-03
WEGE3.SA,BEAR_CALM,0.01685226499088941,1,BEAR_OPTIMIZED,1,0.5,1.0587235073487158,1000.0,PRICE,TRAIN,2022-03
WEGE3.SA,BEAR_CALM,-0.04994995955438888,0,BEAR_OPTIMIZED,2,0.5,0.7873598497367632,34.30961849152067,PRICE,TRAIN,2022-03
WEGE3.SA,BEAR_CALM,0.004481673337489146,1,BEAR_OPTIMIZED,1,0.5,-0.9035831193075572,7.140004883986216,PRICE,TRAIN,2022-03
WEGE3.SA,BEAR_CALM,0.03095934624514727,1,BEAR_OPTIMIZED,1,0.5,0.28296639502052634,5.74144542218713,PRICE,TRAIN,2022-03
WEGE3.SA,BEAR_CALM,-0.026594412950526468,0,BEAR_OPTIMIZED,1,0.5,1.4154298109601926,5.493845106787074,PRICE,TRAIN,2022-03
WEGE3.SA,BEAR_CALM,0.024372816454049186,1,BEAR_OPTIMIZED,1,0.5,1.6235450490881014,3.518609899695214,PRICE,TRAIN,2022-03
WEGE3.SA,SIDEWAYS_CALM,0.3194557828380601,1,SIGNAL,64,0.5,0.803246289333709,15.796629106396173,PRICE,TRAIN,2022-03
WEGE3.SA,BULL_CALM,0.030893988923447725,1,SIGNAL,14,0.5,1.8463319787834331,16.717324851843998,PRICE,TRAIN,2022-03
WEGE3.SA,BULL_CALM,-0.011961333764967018,0,TIME_STOP,14,0.5,-0.09101600164755873,7.459644500530508,PRICE,TRAIN,2022-03
WEGE3.SA,BULL_CALM,0.07963258812548854,1,END_CLOSED,44,0.5,1.0596303131577816,3.124621061756106,PRICE,TRAIN,2022-03
WEGE3.SA,BULL_CALM,-0.007816037268596608,0,TIME_STOP,21,-1.4266674718662522,0.809332315929201,4.639369722712223,PRICE,TEST,2022-03
WEGE3.SA,BULL_CALM,-0.006155593484507692,0,END_CLOSED,8,0.15135564339899768,0.7786145769432725,2.7367000341984835,PRICE,TEST,2022-03
YDUQ3.SA,BEAR_VOLATILE,-0.06945238210583562,0,HARD_STOP,2,0.5,-0.47931360691192043,6.7493835846268,PRICE,TRAIN,2022-03
YDUQ3.SA,BEAR_VOLATILE,-0.051200000000000044,0,HARD_STOP,1,0.5,-0.23878439974992063,9.819043925586541,PRICE,TRAIN,2022-03
YDUQ3.SA,BEAR_VOLATILE,-0.059478889846794857,0,HARD_STOP,23,0.5,-0.02315524670589432,8.245794426494836,PRICE,TRAIN,2022-03
YDUQ3.SA,BEAR_CALM,0.002808192239917552,1,STOP_TECNICO,1,0.5,1.5506271577705557,24.67240208629274,PRICE,TRAIN,2022-03
YDUQ3.SA,BEAR_CALM,0.012730246897687182,1,STOP_TECNICO,3,0.5,0.29770467201853795,27.31166896314728,PRICE,TRAIN,2022-03
YDUQ3.SA,BEAR_CALM,0.019418010358930184,1,STOP_TECNICO,1,0.5,-0.31817228512702667,29.798482874328684,PRICE,TRAIN,2022-03
YDUQ3.SA,BEAR_CALM,-0.03856483145408653,0,STOP_TECNICO,4,0.5,-0.41026102058795144,21.425702459302542,PRICE,TRAIN,2022-03
YDUQ3.SA,BEAR_CALM,0.004855607318062206,1,STOP_TECNICO,1,0.5,-0.8308653766636105,17.365519961439546,PRICE,TRAIN,2022-03
YDUQ3.SA,BEAR_CALM,-0.034602893781547926,0,STOP_TECNICO,1,0.5,-0.8283011230195413,24.745790321608375,PRICE,TRAIN,2022-03
YDUQ3.SA,BEAR_CALM,0.0215027041370913,1,STOP_TECNICO,1,0.5,-0.7515719671060037,30.924225786429158,PRICE,TRAIN,2022-03
YDUQ3.SA,BEAR_CALM,-0.005446254073217326,0,STOP_TECNICO,3,0.5,0.2009779363226576,23.355477500741287,PRICE,TRAIN,2022-03
YDUQ3.SA,BEAR_CALM,0.009050670174299481,1,STOP_TECNICO,1,0.5,-4.287665495322833,7.204347254883107,PRICE,TRAIN,2022-03
YDUQ3.SA,BEAR_CALM,0.02524236176817061,1,STOP_TECNICO,1,0.5,-2.7633717738932635,8.282615573735262,PRICE,TRAIN,2022-03
YDUQ3.SA,BEAR_CALM,-0.06530252284050067,0,HARD_STOP,1,0.5,-3.443595549841114,10.603869342417523,PRICE,TRAIN,2022-03
ALOS3.SA,BEAR_CALM,-0.056968097061842714,0,HARD_STOP,4,0.5,1.1184302347318154,33.64830509521749,PRICE,TRAIN,2022-06
ALOS3.SA,BEAR_CALM,-0.051200000000000044,0,HARD_STOP,9,0.5,1.7414546305858654,1000.0,PRICE,TRAIN,2022-06
ALOS3.SA,BEAR_CALM,-0.02551611884722662,0,TIME_STOP,11,0.5,-2.121109265224441,20.626940482211097,PRICE,TRAIN,2022-06
ALOS3.SA,BULL_CALM,-0.051200000000000044,0,HARD_STOP,10,-2.392928696652772,-0.5422078966016751,9.975771790684417,PRICE,TEST,2022-06
ALOS3.SA,BULL_CALM,-0.022929916488335998,0,TIME_STOP,13,-1.9244103890277706,-0.24040210117884542,5.333405205784475,PRICE,TEST,2022-06
ABEV3.SA,BEAR_CALM,-0.051200000000000044,0,HARD_STOP,8,0.5,-1.2285724805701803,6.180079584609608,PRICE,TRAIN,2022-06
ABEV3.SA,BEAR_VOLATILE,0.1251157766321521,1,BEAR_OPTIMIZED,35,0.5,1.195101327332964,22.330501860101815,PRICE,TRAIN,2022-06
ABEV3.SA,SIDEWAYS_CALM,-0.014303312288168744,0,TIME_STOP,13,-0.50362209918837,0.007025618246574929,4.385969818189679,PRICE,TEST,2022-06
ABEV3.SA,SIDEWAYS_CALM,-0.037090254032008406,0,TIME_STOP,11,0.24459718272399278,1.0136564952246967,7.8615912230995155,PRICE,TEST,2022-06
ASAI3.SA,SIDEWAYS_CALM,-0.051200000000000155,0,HARD_STOP,9,0.5,-1.5451768062136575,8.717881243890636,PRICE,TRAIN,2022-06
ASAI3.SA,BEAR_VOLATILE,-0.051200000000000044,0,HARD_STOP,2,0.5,-1.711591008032413,34.30961849152067,PRICE,TRAIN,2022-06
ASAI3.SA,BEAR_VOLATILE,-0.030128363423831094,0,TIME_STOP,12,0.5,-0.08344125867927207,1000.0,PRICE,TRAIN,2022-06
ASAI3.SA,BEAR_VOLATILE,-0.05148724612899049,0,HARD_STOP,4,0.6873202715684861,0.9053699003535353,1000.0,PRICE,TRAIN,2022-06
ASAI3.SA,BEAR_VOLATILE,0.0073337552471342896,1,STOP_TECNICO,1,-1.1739939818964795,1.4520492373861011,1000.0,PRICE,TRAIN,2022-06
ASAI3.SA,BEAR_VOLATILE,-0.051200000000000155,0,HARD_STOP,1,-0.9142078741908074,0.6716018949680985,34.30961849152067,PRICE,TRAIN,2022-06
ASAI3.SA,BEAR_VOLATILE,-0.051200000000000044,0,HARD_STOP,1,-0.8246043923811474,0.12213833124638034,1000.0,PRICE,TRAIN,2022-06
ASAI3.SA,BEAR_VOLATILE,0.03722719945006312,1,STOP_TECNICO,1,-2.4836861600917888,0.04109490797180915,1000.0,PRICE,TRAIN,2022-06
ASAI3.SA,BEAR_VOLATILE,-0.002909370357159345,0,STOP_TECNICO,1,-1.4083525432512536,-0.024351898549920082,34.30961849152067,PRICE,TRAIN,2022-06
ASAI3.SA,BEAR_VOLATILE,0.00238746526833742,1,STOP_TECNICO,1,0.6676310597092875,-0.5750040987712728,34.30961849152067,PRICE,TRAIN,2022-06
ASAI3.SA,BEAR_VOLATILE,-0.023348212311271065,0,STOP_TECNICO,6,-0.06022407749805525,-0.6775829577113127,34.30961849152067,PRICE,TRAIN,2022-06
ASAI3.SA,BEAR_CALM,-0.02724169388465527,0,STOP_TECNICO,1,-1.1049411273202119,-0.3732877738902279,24.99654101042572,PRICE,TRAIN,2022-06
ASAI3.SA,BEAR_CALM,0.12930947249553668,1,STOP_TECNICO,1,-0.2506305354187663,0.7607212386018225,14.715136708005799,PRICE,TRAIN,2022-06
ASAI3.SA,BEAR_VOLATILE,-0.004481318192357996,0,STOP_TECNICO,39,1.1878884488565367,-0.05305178707412457,7.013290439210482,PRICE,TEST,2022-06
AURE3.SA,SIDEWAYS_CALM,-0.051200000000000044,0,HARD_STOP,4,0.5,-0.7807415710131691,2.7746881946958566,PRICE,TRAIN,2022-06
AURE3.SA,BEAR_CALM,0.0153468537739637,1,BEAR_OPTIMIZED,1,0.5,0.49204827562151954,2.811042902846445,PRICE,TRAIN,2022-06
AURE3.SA,SIDEWAYS_CALM,0.00880000000000001,1,STOP_TECNICO,26,0.5,-0.41316735602246396,2.731057503914292,PRICE,TRAIN,2022-06
AURE3.SA,BULL_CALM,-0.022033353789154518,0,TIME_STOP,11,0.5,-3.234291790921548,2.5983839595217493,PRICE,TRAIN,2022-06
AURE3.SA,SIDEWAYS_VOLATILE,-0.05255325858827966,0,HARD_STOP,10,0.5,-2.6864375468891786,2.725439151102497,PRICE,TRAIN,2022-06
AURE3.SA,SIDEWAYS_CALM,-0.009656817437095809,0,TIME_STOP,15,0.5,-1.678731264259946,1.803787745204969,PRICE,TRAIN,2022-06
AURE3.SA,SIDEWAYS_CALM,-0.0053782664857328286,0,TIME_STOP,14,0.5,0.2801782088190489,1.6293208727344997,PRICE,TRAIN,2022-06
AURE3.SA,BEAR_VOLATILE,0.005307581305810639,1,BEAR_OPTIMIZED,2,0.5,0.7482677960730829,2.0821964542840687,PRICE,TRAIN,2022-06
AURE3.SA,BEAR_VOLATILE,0.002444338412411186,1,BEAR_OPTIMIZED,1,0.5,0.7422356946044912,2.2283101557762297,PRICE,TRAIN,2022-06
AURE3.SA,SIDEWAYS_VOLATILE,-0.064394399292006,0,HARD_STOP,2,0.5,-0.6043572814117698,2.0373496393941326,PRICE,TRAIN,2022-06
AURE3.SA,SIDEWAYS_VOLATILE,-0.051200000000000044,0,HARD_STOP,8,0.5,0.044237505865817775,1.9873537066136735,PRICE,TRAIN,2022-06
AURE3.SA,SIDEWAYS_CALM,0.00880000000000001,1,STOP_TECNICO,101,0.5,0.7608236012496317,1.8013929049527782,PRICE,TRAIN,2022-06
AURE3.SA,SIDEWAYS_CALM,0.05285396283790065,1,SIGNAL,20,0.5,-0.2935542999820713,3.2762405988153884,PRICE,TRAIN,2022-06
AURE3.SA,BULL_CALM,0.014846760782380432,1,SIGNAL,1,0.5,-1.083558652838065,11.144880224843131,PRICE,TRAIN,2022-06
AURE3.SA,BULL_CALM,-0.013893983659398555,0,TIME_STOP,11,1.160556139682303,1.1073397581872455,3.697334693828036,PRICE,TEST,2022-06
AURE3.SA,SIDEWAYS_CALM,-0.019250561902758333,0,TIME_STOP,11,0.3585621289591746,-0.27910311191006026,5.837584616896624,PRICE,TEST,2022-06
AURE3.SA,SIDEWAYS_CALM,0.0031731410918697037,1,END_CLOSED,16,0.6928429893382118,-0.030105858789118905,13.381265554243333,PRICE,TEST,2022-06
B3SA3.SA,BEAR_CALM,-0.051200000000000044,0,HARD_STOP,4,0.5,1.2548065678694826,34.30961849152067,PRICE,TRAIN,2022-06
B3SA3.SA,BEAR_CALM,-0.051200000000000044,0,HARD_STOP,10,0.5,0.8171849625164896,34.30961849152067,PRICE,TRAIN,2022-06
B3SA3.SA,BEAR_CALM,-0.051200000000000044,0,HARD_STOP,6,0.5,1.0742549804734152,8.790776399124429,PRICE,TRAIN,2022-06
B3SA3.SA,BEAR_CALM,0.1740676602694978,1,BEAR_OPTIMIZED,18,0.5,-0.5767276801700143,8.07955229719856,PRICE,TRAIN,2022-06
B3SA3.SA,BULL_CALM,-0.051200000000000044,0,HARD_STOP,3,-0.6955197433925251,-2.153081805483939,4.347302377984236,PRICE,TEST,2022-06
B3SA3.SA,BULL_CALM,-0.06829963412874754,0,HARD_STOP,9,0.23033984650690897,0.44187548766054496,2.8737197390856304,PRICE,TEST,2022-06
B3SA3.SA,SIDEWAYS_CALM,-0.01921114188468389,0,END_CLOSED,3,-0.5080175472641878,0.8459284153572312,15.02362679606015,PRICE,TEST,2022-06
AZUL4.SA,BEAR_VOLATILE,-0.09314101941392874,0,HARD_STOP,4,0.5,-0.20419784836040325,8.990533651095062,PRICE,TRAIN,2022-06
AZUL4.SA,BEAR_VOLATILE,-0.06378504001572075,0,HARD_STOP,7,0.5,1.1192104103215932,1000.0,PRICE,TRAIN,2022-06
AZUL4.SA,BULL_CALM,0.00880000000000001,1,STOP_TECNICO,1,0.5628739121553848,1.144148579823339,14.751019731120076,PRICE,TEST,2022-06
AZUL4.SA,BULL_CALM,-0.012848268028582431,0,TIME_STOP,11,-0.5255313905155512,-0.3980234095490874,8.108316893884652,PRICE,TEST,2022-06
AZUL4.SA,BULL_CALM,-0.051200000000000044,0,HARD_STOP,4,-0.2677049794441048,-0.8730622968562481,10.18716256457571,PRICE,TEST,2022-06
AZUL4.SA,BULL_CALM,-0.06436488109539132,0,HARD_STOP,6,-0.20479956155251872,-0.6858266404172465,25.161449450394954,PRICE,TEST,2022-06
BBAS3.SA,BULL_CALM,-0.015233424627869273,0,TIME_STOP,11,0.5,-2.1938888858032426,6.18256932154416,PRICE,TRAIN,2022-06
BBAS3.SA,SIDEWAYS_CALM,-0.008142433912650814,0,TIME_STOP,14,0.5,-0.04670016635893249,7.2025784240283075,PRICE,TRAIN,2022-06
BBAS3.SA,BULL_CALM,0.026059078220053024,1,SIGNAL,2,0.5,-1.1225899759335216,9.080556762587651,PRICE,TRAIN,2022-06
BBAS3.SA,BULL_CALM,-0.004773605651709832,0,TIME_STOP,11,1.7094571335775504,-1.3871866475991703,19.37447963339776,PRICE,TEST,2022-06
BBAS3.SA,BULL_CALM,0.014269131307880302,1,END_CLOSED,30,-2.165844074708257,-0.09392135354409457,10.448185983888868,PRICE,TEST,2022-06
BBSE3.SA,BULL_CALM,-0.006366981221513267,0,TIME_STOP,13,0.5,-0.06381610735984443,4.179347054275332,PRICE,TRAIN,2022-06
BBSE3.SA,BULL_VOLATILE,0.0959106099182315,1,SIGNAL,23,0.5,1.0645516514093512,3.4307725289017053,PRICE,TRAIN,2022-06
BBSE3.SA,SIDEWAYS_VOLATILE,0.005949721773137996,1,END_CLOSED,15,-1.011631808716145,-1.5978213489965665,11.181887546317041,PRICE,TRAIN,2022-06
BBDC4.SA,SIDEWAYS_CALM,-0.051200000000000044,0,HARD_STOP,8,0.5,1.463936063007632,9.216550412071307,PRICE,TRAIN,2022-06
BBDC4.SA,SIDEWAYS_CALM,-0.05292380516155328,0,HARD_STOP,7,0.5,0.5946243579990351,9.115355958730984,PRICE,TRAIN,2022-06
BBDC4.SA,BEAR_VOLATILE,-0.051200000000000044,0,HARD_STOP,10,0.5,1.0147662422009405,34.30961849152067,PRICE,TRAIN,2022-06
BBDC4.SA,BEAR_CALM,0.07181297992640209,1,BEAR_OPTIMIZED,17,0.5,1.078906982109095,23.32543941925033,PRICE,TRAIN,2022-06
BBDC4.SA,BEAR_CALM,0.2675814325561615,1,BEAR_OPTIMIZED,56,-1.550991852105305,0.5820994514375745,5.17899782064403,PRICE,TRAIN,2022-06
BBDC4.SA,BULL_CALM,-0.008966982525817312,0,TIME_STOP,11,-0.462649532733754,-1.8289614292425918,3.629187168484565,PRICE,TEST,2022-06
BBDC4.SA,BULL_VOLATILE,-0.0071682603983221,0,TIME_STOP,11,-0.8565461615212431,-2.1120820679755195,9.22404841158012,PRICE,TEST,2022-06
BBDC4.SA,SIDEWAYS_CALM,-0.0012,0,END_CLOSED,2,-0.3542313167452865,0.45682022046136217,28.98277238893219,PRICE,TEST,2022-06
BBDC3.SA,SIDEWAYS_CALM,-0.051200000000000044,0,HARD_STOP,8,0.5,1.4993182681580945,10.909988238402855,PRICE,TRAIN,2022-06
BBDC3.SA,SIDEWAYS_CALM,-0.06378141604285928,0,HARD_STOP,8,0.5,0.8269890065081694,10.115850965272593,PRICE,TRAIN,2022-06
BBDC3.SA,BEAR_VOLATILE,-0.051200000000000044,0,HARD_STOP,9,0.5,0.8342225293184573,32.20943529395307,PRICE,TRAIN,2022-06
BBDC3.SA,BEAR_CALM,0.0887272265320059,1,BEAR_OPTIMIZED,21,0.5,0.4008675563878489,25.193539438020554,PRICE,TRAIN,2022-06
BBDC3.SA,BULL_CALM,-0.019095232966047558,0,TIME_STOP,11,-0.5477715859914815,-0.7324370450375979,8.664447038581539,PRICE,TEST,2022-06
BBDC3.SA,BULL_VOLATILE,-0.008713179747171028,0,TIME_STOP,11,0.29106668448071404,-0.5799819308285161,10.819121525777264,PRICE,TEST,2022-06
BBDC3.SA,SIDEWAYS_CALM,-0.0012,0,END_CLOSED,2,-0.06922207568614573,0.205004651723615,34.30961849152067,PRICE,TEST,2022-06
BEEF3.SA,BULL_VOLATILE,-0.06254100273166766,0,HARD_STOP,4,0.5,-0.14509512798920904,9.2905039624155,PRICE,TRAIN,2022-06
BEEF3.SA,BULL_CALM,0.00880000000000001,1,STOP_TECNICO,28,0.5,-1.1555847577649725,4.0661214897313585,PRICE,TRAIN,2022-06
BEEF3.SA,BEAR_CALM,-0.015088999084442077,0,STOP_TECNICO,3,-0.49255287773293355,-1.473001883605348,29.635274102964193,PRICE,TRAIN,2022-06
BEEF3.SA,BEAR_CALM,-0.0031761515988456765,0,STOP_TECNICO,1,0.8272784501164338,1.032395625159165,1000.0,PRICE,TRAIN,2022-06
BEEF3.SA,BEAR_VOLATILE,-0.05552593743624592,0,HARD_STOP,2,0.8726370924589345,1.1444864314218914,34.30961849152067,PRICE,TRAIN,2022-06
BEEF3.SA,BEAR_VOLATILE,-0.014189865239202647,0,STOP_TECNICO,1,1.613893818764478,1.4043625546400529,34.30961849152067,PRICE,TRAIN,2022-06
BEEF3.SA,BEAR_VOLATILE,-0.051200000000000044,0,HARD_STOP,1,0.3439895098535651,1.741537449446748,34.30961849152067,PRICE,TRAIN,2022-06
BEEF3.SA,BEAR_VOLATILE,0.008809889832157448,1,STOP_TECNICO,1,-1.5868072878861126,1.6234701454500786,34.30961849152067,PRICE,TRAIN,2022-06
BEEF3.SA,BEAR_VOLATILE,0.26183329813022194,1,END_CLOSED,34,-1.4655187839170185,1.03615081130358,32.76681012962541,PRICE,TRAIN,2022-06
BEEF3.SA,BEAR_CALM,0.15088328199227793,1,BEAR_OPTIMIZED,17,-0.774774522315471,1.4198324715257977,6.699576083495308,PRICE,TEST,2022-06
BEEF3.SA,BEAR_CALM,-0.05843908390750021,0,HARD_STOP,2,-1.2325883687964254,-3.432856261870976,3.563825350053475,PRICE,TEST,2022-06
BEEF3.SA,BEAR_VOLATILE,-0.004636395709535911,0,END_CLOSED,2,-0.14492820803357723,-2.9951221837405364,5.849288613559194,PRICE,TEST,2022-06
BRAP4.SA,BEAR_VOLATILE,-0.016508216614718706,0,TIME_STOP,12,0.5,-0.23876024436727147,1000.0,PRICE,TRAIN,2022-06
BRAP4.SA,BEAR_CALM,-0.0720255259625944,0,HARD_STOP,10,1.047890681332221,-0.2204616042462639,20.15766952138057,PRICE,TRAIN,2022-06
BRAP4.SA,BEAR_VOLATILE,-0.013453855440625516,0,TIME_STOP,13,-0.9520136380553205,0.8636378878200779,15.252883145223077,PRICE,TRAIN,2022-06
BRAP4.SA,BEAR_CALM,0.019236105470835964,1,END_CLOSED,9,-1.7029974207520784,-0.07121001960917313,14.020320063781393,PRICE,TRAIN,2022-06
BRAP4.SA,BEAR_CALM,0.10248974637655425,1,BEAR_OPTIMIZED,17,0.7476297820611574,0.10389327731209093,5.494028265420486,PRICE,TEST,2022-06
BPAC11.SA,BEAR_CALM,0.00880000000000001,1,STOP_TECNICO,10,0.5,0.5586926572847374,4.719819482336913,PRICE,TRAIN,2022-06
BPAC11.SA,BEAR_CALM,0.23444811970827048,1,BEAR_OPTIMIZED,19,0.5,-0.0703757871997283,6.955005803240832,PRICE,TRAIN,2022-06
BPAC11.SA,BULL_CALM,-0.005381461160873145,0,TIME_STOP,21,-1.1735065397169278,1.5651565924236794,9.849524834867406,PRICE,TEST,2022-06
CMIG4.SA,BULL_CALM,-0.017355051603441217,0,TIME_STOP,15,-0.9407823087622806,-0.9989281875030777,7.146455300927654,PRICE,TEST,2022-06
CMIG4.SA,BULL_CALM,-0.0036713456170721845,0,TIME_STOP,28,-1.0772101306989295,0.5022535112646801,6.866029935575399,PRICE,TEST,2022-06
BRKM5.SA,BEAR_CALM,-0.05422172286339024,0,HARD_STOP,4,0.5,1.4032853729821106,4.721174808243694,PRICE,TRAIN,2022-06
BRKM5.SA,BEAR_VOLATILE,0.00880000000000001,1,STOP_TECNICO,11,0.5,-0.8147527668389015,10.366034272496377,PRICE,TRAIN,2022-06
BRKM5.SA,BEAR_VOLATILE,-0.07282530382277866,0,HARD_STOP,2,0.5,-0.11954212736536333,16.0259996513173,PRICE,TRAIN,2022-06
BRKM5.SA,BEAR_VOLATILE,-0.003249771352753082,0,TIME_STOP,11,0.5,0.5116919759607022,34.30961849152067,PRICE,TRAIN,2022-06
BRKM5.SA,BEAR_CALM,-0.014493287735813508,0,TIME_STOP,11,-0.4181559421846115,0.39205025904430385,18.100426283924328,PRICE,TEST,2022-06
COGN3.SA,BEAR_VOLATILE,-0.023299414251708915,0,TIME_STOP,14,-1.1917422214117153,-0.28908055226957846,5.907866725332008,PRICE,TRAIN,2022-06
COGN3.SA,BULL_CALM,-0.051200000000000155,0,HARD_STOP,1,-0.7743124861625326,1.1778917699922333,5.145999669658694,PRICE,TEST,2022-06
COGN3.SA,BULL_CALM,-0.03398685497363121,0,TIME_STOP,13,0.2314006940960223,-0.18085127951231877,5.325067989307364,PRICE,TEST,2022-06
COGN3.SA,BULL_CALM,-0.021608193862099688,0,END_CLOSED,4,-1.1025524037369572,0.7566975939755003,5.099174530391452,PRICE,TEST,2022-06
CMIN3.SA,BEAR_VOLATILE,-0.010023397283470924,0,BEAR_OPTIMIZED,3,0.5,-0.7245333926418046,34.30961849152067,PRICE,TRAIN,2022-06
CMIN3.SA,BEAR_CALM,0.018914784408701514,1,BEAR_OPTIMIZED,1,0.5,-0.15400050424426617,34.30961849152067,PRICE,TRAIN,2022-06
CMIN3.SA,BEAR_CALM,0.04153504456720789,1,BEAR_OPTIMIZED,1,0.5,0.06327122042022293,34.30961849152067,PRICE,TRAIN,2022-06
CMIN3.SA,BEAR_CALM,-0.022647868819125637,0,BEAR_OPTIMIZED,3,0.5,0.7760997808972001,25.77790593207468,PRICE,TRAIN,2022-06
CMIN3.SA,BEAR_CALM,-0.0460548736711506,0,BEAR_OPTIMIZED,1,0.5,-1.1097087483865142,11.28932736006739,PRICE,TRAIN,2022-06
CMIN3.SA,BEAR_CALM,-0.025925420101972983,0,BEAR_OPTIMIZED,1,0.5,-0.1514553739622339,5.66819769282987,PRICE,TRAIN,2022-06
CMIN3.SA,BEAR_CALM,-0.02027372757502601,0,BEAR_OPTIMIZED,1,0.5,-0.9884030433670465,5.68999575022325,PRICE,TRAIN,2022-06
CMIN3.SA,BEAR_CALM,-0.006818068955897004,0,BEAR_OPTIMIZED,1,0.5,-0.45983077269236516,5.004125347129195,PRICE,TRAIN,2022-06
CMIN3.SA,BEAR_CALM,-0.004175959545133522,0,BEAR_OPTIMIZED,1,0.5,0.5264528861484578,4.961156997313173,PRICE,TRAIN,2022-06
CMIN3.SA,BEAR_CALM,0.05308580089025781,1,BEAR_OPTIMIZED,1,0.5,1.102979191718954,5.279643200120275,PRICE,TRAIN,2022-06
CMIN3.SA,BEAR_CALM,0.004220040938325155,1,BEAR_OPTIMIZED,1,0.5,0.8697858748641152,5.255684207369731,PRICE,TRAIN,2022-06
CMIN3.SA,BEAR_CALM,-0.022939281557892176,0,BEAR_OPTIMIZED,1,0.5,0.5992121666313981,4.698224084528564,PRICE,TRAIN,2022-06
CMIN3.SA,BEAR_CALM,0.0263229874987446,1,BEAR_OPTIMIZED,1,0.5,1.8442299651595144,5.970209197991176,PRICE,TRAIN,2022-06
CMIN3.SA,BEAR_CALM,0.020076544652648166,1,BEAR_OPTIMIZED,1,0.5,1.097772998451693,5.5176292044361235,PRICE,TRAIN,2022-06
CMIN3.SA,BEAR_CALM,-0.021372862546834924,0,BEAR_OPTIMIZED,3,0.5,0.860023726661001,5.118981150585658,PRICE,TRAIN,2022-06
CMIN3.SA,BEAR_CALM,0.07455750839256611,1,BEAR_OPTIMIZED,1,0.5,0.3857731948907433,7.502927258947013,PRICE,TRAIN,2022-06
CMIN3.SA,BEAR_CALM,0.050082032044316584,1,BEAR_OPTIMIZED,1,0.5,-1.130982997980728,5.651219451437195,PRICE,TRAIN,2022-06
CMIN3.SA,SIDEWAYS_CALM,0.29028370427896577,1,SIGNAL,121,0.5,-2.24277720427673,18.68841564218024,PRICE,TRAIN,2022-06
CMIN3.SA,BULL_CALM,-0.06687820943317771,0,HARD_STOP,10,-0.4467317292337383,0.7423612332627301,3.498642660524665,PRICE,TRAIN,2022-06
CMIN3.SA,BULL_CALM,-0.051200000000000044,0,HARD_STOP,2,0.19054828895360665,0.9565516556537569,2.796691837712745,PRICE,TRAIN,2022-06
CMIN3.SA,BULL_CALM,0.07202657966501844,1,SIGNAL,6,-1.5682859676955254,1.751433356995578,2.7632423437816698,PRICE,TRAIN,2022-06
CMIN3.SA,BULL_VOLATILE,0.01871127602663334,1,END_CLOSED,14,-0.3818579549804617,0.9213360542658939,4.725966457074183,PRICE,TRAIN,2022-06
CMIN3.SA,SIDEWAYS_CALM,0.00880000000000001,1,STOP_TECNICO,20,-0.09570163991577192,0.20226151084958094,5.3349981903164645,PRICE,TEST,2022-06
CMIN3.SA,SIDEWAYS_CALM,-0.01814916372663402,0,TIME_STOP,11,0.616585461734851,0.5633199424201029,7.542887293475939,PRICE,TEST,2022-06
CPFE3.SA,BEAR_VOLATILE,-0.006459741233439419,0,BEAR_OPTIMIZED,1,0.5,0.8984501226827584,3.5862081866506856,PRICE,TRAIN,2022-06
CPFE3.SA,BEAR_CALM,0.005189796342626486,1,BEAR_OPTIMIZED,1,0.5,1.4004171248618071,4.33399021420159,PRICE,TRAIN,2022-06
CPFE3.SA,BEAR_VOLATILE,0.03493247340169212,1,BEAR_OPTIMIZED,1,0.5,0.015508430682727734,5.89127704793992,PRICE,TRAIN,2022-06
CPFE3.SA,BEAR_VOLATILE,-0.008949432374557496,0,BEAR_OPTIMIZED,1,0.5,0.3810329868729292,4.285311230165514,PRICE,TRAIN,2022-06
CPFE3.SA,BEAR_VOLATILE,-0.007063156204308106,0,BEAR_OPTIMIZED,1,0.5,-1.1403116995849478,4.152479246653921,PRICE,TRAIN,2022-06
CPFE3.SA,BEAR_VOLATILE,0.01068503727044754,1,BEAR_OPTIMIZED,8,0.5,-3.7684857360273405,3.8186257339615453,PRICE,TRAIN,2022-06
CPFE3.SA,BEAR_CALM,0.06660231754816923,1,BEAR_OPTIMIZED,11,0.5,-1.7437453839023767,7.609246663067773,PRICE,TRAIN,2022-06
CPLE6.SA,SIDEWAYS_CALM,0.06595327258708691,1,SIGNAL,14,0.5,0.1193926323114851,8.538619038426344,PRICE,TRAIN,2022-06
CPLE6.SA,SIDEWAYS_CALM,-0.0069802038242149575,0,TIME_STOP,23,0.5,0.8872273282274892,4.75361962816671,PRICE,TRAIN,2022-06
CPLE6.SA,SIDEWAYS_CALM,-0.032082379452206954,0,TIME_STOP,13,0.5,-2.3290842101929994,2.2592667491566276,PRICE,TRAIN,2022-06
CPLE6.SA,SIDEWAYS_CALM,-0.05650626774877345,0,HARD_STOP,9,0.5,0.7342694775062371,4.772512870011243,PRICE,TRAIN,2022-06
CPLE6.SA,BEAR_VOLATILE,0.023453369202260356,1,BEAR_OPTIMIZED,1,0.5,1.2114537531170064,7.90447718427192,PRICE,TRAIN,2022-06
CPLE6.SA,SIDEWAYS_CALM,-0.019407421431632675,0,TIME_STOP,11,0.5,1.163525903841039,3.0504091480226143,PRICE,TRAIN,2022-06
CPLE6.SA,BEAR_VOLATILE,0.007597568982990223,1,BEAR_OPTIMIZED,1,0.5,-0.8094197594205128,14.760653595175434,PRICE,TRAIN,2022-06
CPLE6.SA,BEAR_CALM,-0.002690247471748751,0,BEAR_OPTIMIZED,3,0.5,-0.7993075200264788,18.147203372376982,PRICE,TRAIN,2022-06
CSNA3.SA,BEAR_CALM,0.019691358824004947,1,BEAR_OPTIMIZED,1,0.5,1.1054467988844583,34.30961849152067,PRICE,TRAIN,2022-06
CSNA3.SA,BEAR_CALM,0.015077357046421415,1,BEAR_OPTIMIZED,1,0.5,0.666911422421409,34.30961849152067,PRICE,TRAIN,2022-06
CSNA3.SA,BEAR_CALM,0.057415937170695354,1,BEAR_OPTIMIZED,1,0.5,0.66326155216973,34.30961849152067,PRICE,TRAIN,2022-06
CSNA3.SA,BEAR_CALM,-0.03517732938561371,0,BEAR_OPTIMIZED,3,0.5,1.0836593106345664,6.61773055870869,PRICE,TRAIN,2022-06
CSNA3.SA,BEAR_VOLATILE,-0.03772306336374156,0,BEAR_OPTIMIZED,1,0.5,0.019286757001675193,4.563367168976156,PRICE,TRAIN,2022-06
CSNA3.SA,BEAR_VOLATILE,-0.04034320389106629,0,BEAR_OPTIMIZED,1,0.5,-1.0297822627381077,5.042603628204562,PRICE,TRAIN,2022-06
CSNA3.SA,BEAR_CALM,-0.04008483777409368,0,BEAR_OPTIMIZED,1,0.5,-0.06272568261299036,5.515816336006554,PRICE,TRAIN,2022-06
CSNA3.SA,BEAR_CALM,-0.01905715075626515,0,BEAR_OPTIMIZED,1,0.5,-0.7273192995828824,9.66320008876944,PRICE,TRAIN,2022-06
CSNA3.SA,BEAR_CALM,-0.008193015136218083,0,BEAR_OPTIMIZED,3,0.5,1.1716710584800774,9.77610949298959,PRICE,TRAIN,2022-06
CSNA3.SA,BEAR_CALM,-0.010402429950541546,0,BEAR_OPTIMIZED,1,0.5,0.4539136286942967,7.742286664442904,PRICE,TRAIN,2022-06
CSNA3.SA,BEAR_CALM,0.045217069296754266,1,BEAR_OPTIMIZED,1,0.5,-1.211905315812,9.516093044806189,PRICE,TRAIN,2022-06
CSNA3.SA,BEAR_CALM,0.062180462622165235,1,BEAR_OPTIMIZED,1,0.5,-1.7659632587549166,7.743589623202638,PRICE,TRAIN,2022-06
CSNA3.SA,SIDEWAYS_VOLATILE,-0.008267068286422007,0,STOP_TECNICO,34,0.5,0.21789581476284114,10.432253825125985,PRICE,TRAIN,2022-06
CSNA3.SA,SIDEWAYS_CALM,-0.05308680969056114,0,HARD_STOP,2,-0.0649732525066617,-1.8291745199151301,11.054629282837727,PRICE,TRAIN,2022-06
CSNA3.SA,SIDEWAYS_CALM,-0.03194557738036099,0,TIME_STOP,14,-0.6279036309704928,0.0005561060866223401,9.768476383824268,PRICE,TRAIN,2022-06
CSNA3.SA,BEAR_CALM,-0.051200000000000044,0,HARD_STOP,2,-0.5593824805154014,-0.6909766876651366,5.384762815465098,PRICE,TRAIN,2022-06
CSNA3.SA,BEAR_CALM,-0.0329331469100256,0,TIME_STOP,11,-0.6241765617893421,-1.6941301873809234,3.307306738758691,PRICE,TEST,2022-06
CSNA3.SA,BEAR_CALM,0.03926248163014621,1,BEAR_OPTIMIZED,4,1.3400737417808044,-0.103793364302744,6.210799185356814,PRICE,TEST,2022-06
CSNA3.SA,BEAR_CALM,-0.0012,0,END_CLOSED,0,0.4483930675057845,1.4139428061643684,6.6230647522967825,PRICE,TEST,2022-06
CSAN3.SA,BEAR_CALM,0.22673688830137792,1,BEAR_OPTIMIZED,35,0.5,-0.29146386828121457,22.562823282331856,PRICE,TRAIN,2022-06
CSAN3.SA,BEAR_CALM,0.015240317826332152,1,STOP_TECNICO,3,-1.5608153006923244,0.7353508557699867,18.37324253219348,PRICE,TRAIN,2022-06
CSAN3.SA,BEAR_CALM,-0.010610120035633795,0,STOP_TECNICO,8,-1.686185340848244,-0.0019490757860739357,11.405009558193145,PRICE,TRAIN,2022-06
CSAN3.SA,BEAR_CALM,0.25511883339585906,1,END_CLOSED,34,-0.7446025454489988,-1.5143086353498796,5.8896905881071735,PRICE,TRAIN,2022-06
CSAN3.SA,BULL_CALM,-0.021881874644823628,0,TIME_STOP,14,1.430931809024671,0.8762780638000396,12.601172673023383,PRICE,TEST,2022-06
CSAN3.SA,BULL_CALM,-0.023221355764969552,0,END_CLOSED,3,0.48056708984505536,-0.009417392509733134,11.621755942732378,PRICE,TEST,2022-06
CYRE3.SA,BEAR_CALM,-0.053127516333732604,0,HARD_STOP,4,0.5,0.8568044900318266,20.691323048287938,PRICE,TRAIN,2022-06
CYRE3.SA,BEAR_VOLATILE,-0.0028584363480137695,0,TIME_STOP,11,0.5,0.4983915057782647,34.30961849152067,PRICE,TRAIN,2022-06
CYRE3.SA,BEAR_CALM,-0.022286779644627573,0,TIME_STOP,12,0.5,0.6618084028179966,20.357495766980822,PRICE,TRAIN,2022-06
CVCB3.SA,BEAR_VOLATILE,-0.05400522779812136,0,HARD_STOP,1,0.5,-0.7950565498637614,16.14097984664376,PRICE,TRAIN,2022-06
CVCB3.SA,BEAR_CALM,-0.05551291538893923,0,HARD_STOP,3,-0.3329216008865778,-0.8713026034081613,11.968345811278258,PRICE,TRAIN,2022-06
CVCB3.SA,BEAR_CALM,-0.05489122327722675,0,HARD_STOP,1,-0.4935437721244381,0.04190590100176104,13.504523798157342,PRICE,TRAIN,2022-06
CVCB3.SA,BEAR_CALM,0.06604858388903442,1,STOP_TECNICO,1,0.4236556298318403,0.8496673882629012,9.844708962765228,PRICE,TRAIN,2022-06
CVCB3.SA,BEAR_CALM,-0.008983821324067852,0,STOP_TECNICO,1,-0.5092326233170259,-0.9329126704656292,9.412961732280989,PRICE,TRAIN,2022-06
CVCB3.SA,BEAR_CALM,-0.05535182732440249,0,HARD_STOP,1,-0.06095322915283275,-1.3620862654065684,7.479451311346311,PRICE,TRAIN,2022-06
CVCB3.SA,BEAR_CALM,0.013089778184759739,1,STOP_TECNICO,1,0.4472021929372007,-0.2838540691345671,6.759747108805446,PRICE,TRAIN,2022-06
CVCB3.SA,BEAR_CALM,-0.00786666030883789,0,TIME_STOP,11,2.066690088143035,-1.014735159546191,11.804937577158412,PRICE,TEST,2022-06
CVCB3.SA,BEAR_CALM,-0.0874068937167827,0,HARD_STOP,2,1.1816408367277462,1.0507548752648006,13.283779279381404,PRICE,TEST,2022-06
CVCB3.SA,BEAR_CALM,-0.051200000000000044,0,HARD_STOP,2,1.3298576402441373,-1.064417967339344,16.760652610658944,PRICE,TEST,2022-06
CVCB3.SA,BEAR_CALM,-0.09320000762939454,0,HARD_STOP,4,0.8816985793231603,-1.3281868201977,28.90424766506344,PRICE,TEST,2022-06
CVCB3.SA,BEAR_CALM,0.011787000923330161,1,END_CLOSED,2,1.495153055438131,-0.8062555209205475,20.413922560931223,PRICE,TEST,2022-06
CXSE3.SA,BEAR_CALM,-0.051200000000000044,0,HARD_STOP,8,0.5,-0.5234564698786894,6.634836678268839,PRICE,TRAIN,2022-06
CXSE3.SA,BEAR_VOLATILE,-0.041987736128143126,0,TIME_STOP,12,0.5,-1.8731768491123495,9.724946573230815,PRICE,TRAIN,2022-06
CXSE3.SA,BEAR_CALM,0.21244979505700953,1,BEAR_OPTIMIZED,32,0.5,-1.4410587943215847,24.212757416661937,PRICE,TRAIN,2022-06
DIRR3.SA,BEAR_CALM,-0.051200000000000044,0,HARD_STOP,1,0.5,-0.6479040672774647,6.204202018319273,PRICE,TRAIN,2022-06
DIRR3.SA,BEAR_VOLATILE,-0.051200000000000044,0,HARD_STOP,2,0.5,0.08079023600325055,9.09271776613583,PRICE,TRAIN,2022-06
DIRR3.SA,BEAR_VOLATILE,0.21799197659712397,1,BEAR_OPTIMIZED,16,0.5,-0.2783138460420817,9.109917581292418,PRICE,TRAIN,2022-06
DIRR3.SA,SIDEWAYS_VOLATILE,-0.051200000000000044,0,HARD_STOP,9,0.5,-0.20554761693203683,6.899271927781563,PRICE,TRAIN,2022-06
DIRR3.SA,BULL_CALM,0.008425131985574243,1,END_CLOSED,2,0.35947541911144926,1.5951892999543735,11.621703565288234,PRICE,TEST,2022-06
ECOR3.SA,BEAR_CALM,-0.10539688252016069,0,HARD_STOP,4,0.5,-1.4963675068078597,14.288579025749813,PRICE,TRAIN,2022-06
ECOR3.SA,BEAR_CALM,-0.08119997674614834,0,HARD_STOP,8,0.5,-1.3719471764246325,20.872191972754134,PRICE,TRAIN,2022-06
ECOR3.SA,BEAR_CALM,-0.051200000000000044,0,HARD_STOP,7,0.5,-2.3421579032182653,26.982384795111575,PRICE,TRAIN,2022-06
ECOR3.SA,BEAR_CALM,0.002538390658331037,1,STOP_TECNICO,59,0.5,-0.6415036089783589,20.190856267229304,PRICE,TRAIN,2022-06
EGIE3.SA,BULL_CALM,-0.011981702896504486,0,TIME_STOP,11,1.861994632212099,-1.3356990899099213,9.95320722127311,PRICE,TEST,2022-06
EGIE3.SA,BULL_CALM,-0.0347260258170581,0,TIME_STOP,11,0.7322124499112611,1.0860349137672294,9.407398097802307,PRICE,TEST,2022-06
ELET6.SA,BULL_CALM,-0.06708238098433131,0,HARD_STOP,1,0.5,0.4790470043841624,9.154098803101888,PRICE,TRAIN,2022-06
ELET6.SA,BULL_CALM,0.09416460285413727,1,SIGNAL,35,0.5,-0.4495434341710296,6.0107222521393044,PRICE,TRAIN,2022-06
ELET6.SA,BEAR_VOLATILE,-0.051200000000000044,0,HARD_STOP,11,0.5,0.9637146899613682,34.30961849152067,PRICE,TRAIN,2022-06
ELET6.SA,BEAR_VOLATILE,-0.0038611604126611784,0,TIME_STOP,11,0.5,0.4831216191921748,1000.0,PRICE,TRAIN,2022-06
ELET6.SA,BEAR_CALM,0.010804039688818136,1,STOP_TECNICO,1,-0.20293112596784968,0.8587016216836473,28.457311007087082,PRICE,TRAIN,2022-06
ELET6.SA,BEAR_CALM,-0.01856496040152735,0,STOP_TECNICO,3,-0.6492530048963604,1.054952836532811,24.40452128542118,PRICE,TRAIN,2022-06
ELET6.SA,BEAR_CALM,0.12172635271168572,1,BEAR_OPTIMIZED,30,1.0164329936404322,0.7300357578132787,16.171759532513214,PRICE,TRAIN,2022-06
ELET6.SA,BULL_CALM,-0.03371653296179102,0,TIME_STOP,14,0.21619613856447314,0.7528917160355606,14.699762654403905,PRICE,TEST,2022-06
ELET6.SA,SIDEWAYS_CALM,-0.051200000000000044,0,HARD_STOP,7,-0.6955863623389338,-2.0738298785630254,9.373440112441939,PRICE,TEST,2022-06
ELET6.SA,BEAR_VOLATILE,0.06698188254799184,1,BEAR_OPTIMIZED,2,0.22042630913752986,0.3104238614646537,22.462364677616637,PRICE,TEST,2022-06
ELET6.SA,BEAR_CALM,-0.029336268189662083,0,END_CLOSED,8,1.2369139361129327,-2.591211278057605,16.357124796494883,PRICE,TEST,2022-06
EMBR3.SA,BEAR_CALM,-0.05832044952176465,0,HARD_STOP,1,0.5,0.5697110809226926,8.628167807866106,PRICE,TRAIN,2022-06
EMBR3.SA,BEAR_CALM,-0.01328982995095642,0,TIME_STOP,15,0.5,0.42961416152733195,13.941985611904578,PRICE,TRAIN,2022-06
EMBR3.SA,BEAR_CALM,-0.06007447354467723,0,HARD_STOP,6,0.5,0.36242549075543057,9.604641226526619,PRICE,TRAIN,2022-06
EMBR3.SA,BEAR_CALM,0.007649572474830536,1,STOP_TECNICO,88,0.5,0.20104947080603947,11.036277220087939,PRICE,TRAIN,2022-06
ELET3.SA,BULL_CALM,-0.051200000000000155,0,HARD_STOP,1,0.5,0.2500519512577367,8.772660882754062,PRICE,TRAIN,2022-06
ELET3.SA,BULL_CALM,-0.009415906440460552,0,STOP_TECNICO,26,0.5,0.015599526399096373,5.5991654111381965,PRICE,TRAIN,2022-06
ELET3.SA,BULL_CALM,0.009736602488039738,1,SIGNAL,2,0.5,-1.9706297714372638,7.337038711649446,PRICE,TRAIN,2022-06
ELET3.SA,BEAR_CALM,0.25224383787999505,1,END_CLOSED,76,0.5,-0.029113996067134492,34.30961849152067,PRICE,TRAIN,2022-06
ELET3.SA,BEAR_CALM,-0.0022974066098412557,0,TIME_STOP,11,-1.1067250671012583,0.37260623525430053,7.850282007533168,PRICE,TEST,2022-06
ELET3.SA,BEAR_VOLATILE,0.007657372353810789,1,STOP_TECNICO,16,-0.42237471248871633,-1.9844021973907857,12.378829167530862,PRICE,TEST,2022-06
ENEV3.SA,BEAR_CALM,-0.051200000000000044,0,HARD_STOP,2,0.5,-1.0992505746575325,15.487901370594397,PRICE,TRAIN,2022-06
ENEV3.SA,BEAR_CALM,-0.028133137571867327,0,TIME_STOP,14,0.5,-0.5304097501480793,18.114649353418198,PRICE,TRAIN,2022-06
ENEV3.SA,SIDEWAYS_CALM,-0.0028977508100767255,0,END_CLOSED,3,0.48412167948071777,0.8387838543449535,5.630371065614602,PRICE,TEST,2022-06
ENGI11.SA,SIDEWAYS_VOLATILE,-0.022995214092203863,0,TIME_STOP,12,0.5,2.0543213631055504,4.802800287218811,PRICE,TRAIN,2022-06
ENGI11.SA,BEAR_CALM,-0.0007246674275874986,0,BEAR_OPTIMIZED,8,0.5,0.6636546882722,7.878005558821368,PRICE,TRAIN,2022-06
ENGI11.SA,BEAR_CALM,0.025244594291770374,1,BEAR_OPTIMIZED,1,0.5,1.301230149642842,9.09012572724938,PRICE,TRAIN,2022-06
ENGI11.SA,BEAR_CALM,0.038068437600900486,1,BEAR_OPTIMIZED,5,0.5,0.7974927850055007,7.498303088466086,PRICE,TRAIN,2022-06
ENGI11.SA,BEAR_CALM,-0.026695098825370488,0,TIME_STOP,15,0.5,0.7498794677650059,2.7105644859956115,PRICE,TRAIN,2022-06
ENGI11.SA,BEAR_VOLATILE,-0.051200000000000044,0,HARD_STOP,18,0.5,-0.6919502598406571,3.7180233232968134,PRICE,TRAIN,2022-06
ENGI11.SA,BEAR_CALM,0.13034294616875516,1,BEAR_OPTIMIZED,13,0.5,-2.260489252420614,6.444589291236213,PRICE,TRAIN,2022-06
ENGI11.SA,BULL_CALM,-0.013911773059515874,0,TIME_STOP,11,-0.2756342701440595,0.5414726344428703,9.848435926736574,PRICE,TEST,2022-06
ENGI11.SA,BULL_CALM,0.0034390512056160297,1,END_CLOSED,2,0.35958603606989964,-0.079167008186797,5.664657573231746,PRICE,TEST,2022-06
EQTL3.SA,SIDEWAYS_VOLATILE,-0.009467910534622946,0,TIME_STOP,15,0.5,-2.3078713375860413,8.212397191145959,PRICE,TRAIN,2022-06
EQTL3.SA,SIDEWAYS_CALM,0.00880000000000001,1,STOP_TECNICO,204,0.5,-1.7908594053094162,10.478130916140271,PRICE,TRAIN,2022-06
EQTL3.SA,SIDEWAYS_CALM,0.13440782241188728,1,SIGNAL,48,0.7779930148372942,-0.04261565296633592,5.292962059006408,PRICE,TRAIN,2022-06
EQTL3.SA,BULL_CALM,-0.03032319360245763,0,TIME_STOP,11,0.996063881732014,1.737190448168605,21.4700746605975,PRICE,TEST,2022-06
EQTL3.SA,BULL_CALM,-0.011310554890491063,0,TIME_STOP,15,1.5584404464085608,0.8292714697357791,13.225370201035709,PRICE,TEST,2022-06
EZTC3.SA,BEAR_CALM,-0.051200000000000044,0,HARD_STOP,4,0.5,-1.543635741893655,9.581307208108658,PRICE,TRAIN,2022-06
EZTC3.SA,BEAR_CALM,-0.051200000000000155,0,HARD_STOP,8,0.5,-0.361073909381972,12.033013344761743,PRICE,TRAIN,2022-06
EZTC3.SA,BEAR_CALM,0.2590180676700792,1,BEAR_OPTIMIZED,35,0.5,-2.1411063942913615,9.242468218678138,PRICE,TRAIN,2022-06
GGBR4.SA,SIDEWAYS_CALM,-0.015184250777973717,0,TIME_STOP,21,0.5,-0.5232178546685097,34.30961849152067,PRICE,TRAIN,2022-06
GGBR4.SA,SIDEWAYS_CALM,-0.015421974463340836,0,TIME_STOP,15,1.0110107882377588,-0.9122585693131873,24.907162804137542,PRICE,TRAIN,2022-06
GGBR4.SA,SIDEWAYS_CALM,-0.001609385034019105,0,TIME_STOP,13,-0.707517777218267,0.053535383454799364,5.665513771779324,PRICE,TRAIN,2022-06
GGBR4.SA,SIDEWAYS_VOLATILE,-0.0026788327021928446,0,TIME_STOP,11,0.23841896886385772,-1.1174829170287484,10.309968247434742,PRICE,TEST,2022-06
FLRY3.SA,BEAR_CALM,-0.052227258386113105,0,HARD_STOP,5,0.5,0.2823405333183589,6.198920505322001,PRICE,TRAIN,2022-06
FLRY3.SA,BEAR_CALM,0.21283276865153264,1,BEAR_OPTIMIZED,77,0.5,-0.4383825736557104,7.914890317585865,PRICE,TRAIN,2022-06
FLRY3.SA,SIDEWAYS_CALM,-0.013732886569601942,0,TIME_STOP,25,1.3100000948346833,1.2255310667087218,4.735963770665492,PRICE,TEST,2022-06
FLRY3.SA,SIDEWAYS_CALM,-0.03677873782157117,0,TIME_STOP,11,1.1522307178684177,0.6341306054718977,3.9209328332309794,PRICE,TEST,2022-06
GOAU4.SA,SIDEWAYS_VOLATILE,-0.006477049498726316,0,TIME_STOP,16,0.5,0.50038480683788,34.30961849152067,PRICE,TRAIN,2022-06
GOAU4.SA,SIDEWAYS_CALM,-0.05119999999999993,0,HARD_STOP,10,0.44966719925245663,0.7171534838029703,9.987898688336019,PRICE,TRAIN,2022-06
GOAU4.SA,SIDEWAYS_CALM,0.06232112063846804,1,END_CLOSED,28,-1.3759087839312014,0.2597521564207534,3.3293490523891,PRICE,TRAIN,2022-06
GOAU4.SA,SIDEWAYS_VOLATILE,-0.019635113414880244,0,TIME_STOP,12,1.0622709267649337,-1.482773200044049,13.978486300556739,PRICE,TEST,2022-06
GOAU4.SA,SIDEWAYS_CALM,-0.010625924255406559,0,END_CLOSED,2,0.638568937920389,-0.761840820152165,15.0777779366973,PRICE,TEST,2022-06
HYPE3.SA,BULL_CALM,0.08389570461528426,1,SIGNAL,3,0.5,-1.5356707487210193,4.403053102917137,PRICE,TRAIN,2022-06
HYPE3.SA,BULL_CALM,0.1938503150135836,1,SIGNAL,62,0.5,0.16848419677858945,5.937828366323957,PRICE,TRAIN,2022-06
HYPE3.SA,BULL_CALM,0.09953646010640113,1,SIGNAL,6,0.5,-1.9959245873598552,11.28360641266918,PRICE,TRAIN,2022-06
HYPE3.SA,BULL_CALM,-0.05942212159859297,0,HARD_STOP,9,0.5,0.2069317343170921,13.723533831745886,PRICE,TRAIN,2022-06
HYPE3.SA,BULL_VOLATILE,-0.051200000000000044,0,HARD_STOP,2,0.5,1.0248878069821217,6.539728030740651,PRICE,TRAIN,2022-06
HYPE3.SA,BULL_VOLATILE,-0.05119999999999993,0,HARD_STOP,8,0.5,0.9982841606017857,6.824634957266457,PRICE,TRAIN,2022-06
HYPE3.SA,SIDEWAYS_VOLATILE,0.00880000000000001,1,STOP_TECNICO,22,0.5,1.3306144032324754,8.052907291288914,PRICE,TRAIN,2022-06
HYPE3.SA,SIDEWAYS_CALM,-0.009060922930618796,0,STOP_TECNICO,55,0.5,-0.3340713501408644,9.596847168856984,PRICE,TRAIN,2022-06
HYPE3.SA,SIDEWAYS_VOLATILE,-0.051200000000000155,0,HARD_STOP,4,0.5,-0.9284320742248982,4.765337985477297,PRICE,TRAIN,2022-06
HYPE3.SA,BEAR_VOLATILE,0.009006278129248459,1,BEAR_OPTIMIZED,1,0.5,-0.22464322978883572,6.164716133150433,PRICE,TRAIN,2022-06
HYPE3.SA,BEAR_VOLATILE,-0.005591402278567824,0,BEAR_OPTIMIZED,3,0.5,-0.2130514526711618,7.576481968362368,PRICE,TRAIN,2022-06
HYPE3.SA,BEAR_CALM,0.02177395412968717,1,BEAR_OPTIMIZED,1,-0.8433230364202744,1.4294150624407267,14.449462692251648,PRICE,TRAIN,2022-06
HYPE3.SA,BEAR_CALM,-0.020090577866689795,0,BEAR_OPTIMIZED,1,-0.8835461265444509,0.8383577136065199,12.269524070202177,PRICE,TRAIN,2022-06
HYPE3.SA,BEAR_VOLATILE,-0.0027837631895454504,0,TIME_STOP,13,-1.033415025895585,0.39718998054236027,34.30961849152067,PRICE,TRAIN,2022-06
HYPE3.SA,BEAR_CALM,-0.02278469075640468,0,STOP_TECNICO,1,-0.7167793644836845,1.5634354939505308,34.30961849152067,PRICE,TRAIN,2022-06
HYPE3.SA,BEAR_CALM,-0.011481171912610909,0,STOP_TECNICO,1,-0.2484083591039051,0.7344968227714145,16.540903155248845,PRICE,TRAIN,2022-06
HYPE3.SA,BEAR_CALM,0.020008961099421053,1,BEAR_OPTIMIZED,1,-0.12814201526505514,0.15494630177634908,14.469309400615424,PRICE,TRAIN,2022-06
HYPE3.SA,BEAR_CALM,-0.012955454445271262,0,STOP_TECNICO,1,0.14085848206038676,0.5995589143453377,12.07355313538194,PRICE,TRAIN,2022-06
HYPE3.SA,SIDEWAYS_CALM,-0.005360688637795506,0,TIME_STOP,14,1.5174947518234927,1.1689803815364799,12.356072008264125,PRICE,TEST,2022-06
HYPE3.SA,SIDEWAYS_CALM,-0.05369092395554156,0,HARD_STOP,10,0.6259855305680473,1.8042466982544219,6.92472011360965,PRICE,TEST,2022-06
HYPE3.SA,BEAR_VOLATILE,-0.025311984181340307,0,END_CLOSED,3,1.246876956178856,0.3146355948110478,34.30961849152067,PRICE,TEST,2022-06
HAPV3.SA,BEAR_VOLATILE,-0.09750818934092312,0,HARD_STOP,4,0.5,-1.7951322019186595,34.30961849152067,PRICE,TRAIN,2022-06
HAPV3.SA,BEAR_CALM,-0.05419147038038643,0,HARD_STOP,2,0.5,0.7026455970232323,34.30961849152067,PRICE,TRAIN,2022-06
HAPV3.SA,BEAR_CALM,-0.058961770636525655,0,HARD_STOP,1,0.5,0.7608225458983023,34.30961849152067,PRICE,TRAIN,2022-06
HAPV3.SA,BEAR_CALM,0.00880000000000001,1,STOP_TECNICO,7,0.5,1.1972328641465184,18.13855074676023,PRICE,TRAIN,2022-06
HAPV3.SA,BEAR_CALM,-0.0534022357984977,0,HARD_STOP,1,0.5,1.0422129520791452,10.41029845605386,PRICE,TRAIN,2022-06
HAPV3.SA,BEAR_VOLATILE,-0.051200000000000044,0,HARD_STOP,1,0.5,-3.9754923892428446,4.672875804992349,PRICE,TRAIN,2022-06
HAPV3.SA,BEAR_VOLATILE,0.00880000000000001,1,STOP_TECNICO,1,0.5,-3.770100502160532,1000.0,PRICE,TRAIN,2022-06
HAPV3.SA,BEAR_VOLATILE,1.1843670724753192,1,END_CLOSED,90,0.5,-2.7255187060811936,1000.0,PRICE,TRAIN,2022-06
IGTI11.SA,BEAR_CALM,-0.051200000000000044,0,HARD_STOP,5,0.5,0.7287053719103687,3.815978674932201,PRICE,TRAIN,2022-06
IGTI11.SA,BEAR_VOLATILE,0.00880000000000001,1,STOP_TECNICO,25,0.5,0.43759678813072966,7.120061183686959,PRICE,TRAIN,2022-06
IGTI11.SA,SIDEWAYS_CALM,-0.005421805540666201,0,SIGNAL,2,0.5,0.15842525460548798,10.351391441416649,PRICE,TRAIN,2022-06
IGTI11.SA,BULL_CALM,0.04933822091679705,1,SIGNAL,13,0.25279970824713716,0.41955896917328717,4.899241597043162,PRICE,TEST,2022-06
IGTI11.SA,BULL_CALM,-0.024433928876433718,0,TIME_STOP,15,0.5780393602796556,0.39465651012644765,3.4944930727005716,PRICE,TEST,2022-06
IGTI11.SA,SIDEWAYS_CALM,-0.007088046733271812,0,END_CLOSED,2,0.2633858283595383,0.3633832944629876,9.532318926212954,PRICE,TEST,2022-06
IRBR3.SA,BEAR_CALM,-0.06525695774580911,0,HARD_STOP,4,0.5,-0.4831532094759298,15.934937528239299,PRICE,TRAIN,2022-06
IRBR3.SA,BEAR_CALM,-0.07105290306237669,0,HARD_STOP,2,0.5,-1.103652362834828,16.020422699865307,PRICE,TRAIN,2022-06
IRBR3.SA,BEAR_VOLATILE,-0.07946089332069387,0,HARD_STOP,2,0.5,-1.701927420456139,12.64241405570034,PRICE,TRAIN,2022-06
IRBR3.SA,BEAR_VOLATILE,-0.030326246816770562,0,TIME_STOP,18,0.5,-0.8288003740571612,23.277015630109698,PRICE,TRAIN,2022-06
ITSA4.SA,BEAR_CALM,-0.051200000000000044,0,HARD_STOP,8,0.5,0.7851567659177388,34.30961849152067,PRICE,TRAIN,2022-06
ITSA4.SA,BEAR_VOLATILE,-0.059890722566560604,0,HARD_STOP,8,0.5,-0.14792436028565645,17.643355504073696,PRICE,TRAIN,2022-06
ITSA4.SA,BEAR_CALM,0.12470785705854545,1,BEAR_OPTIMIZED,35,0.5,-0.2403419434135488,26.170264201872964,PRICE,TRAIN,2022-06
ITSA4.SA,BULL_CALM,-0.024087214841718073,0,TIME_STOP,12,0.1906673909280697,0.4848530930677071,15.337595951724662,PRICE,TEST,2022-06
ITSA4.SA,BULL_CALM,-0.026091877178913724,0,END_CLOSED,8,0.3563583255866734,0.9257183374613144,2.6884984345361365,PRICE,TEST,2022-06
KLBN11.SA,BEAR_CALM,0.05297112004175606,1,BEAR_OPTIMIZED,6,0.5,1.3594932452665083,34.30961849152067,PRICE,TRAIN,2022-06
KLBN11.SA,BEAR_VOLATILE,-0.01089862621805706,0,TIME_STOP,14,0.5,0.637165435063295,5.4887888946309635,PRICE,TRAIN,2022-06
KLBN11.SA,BEAR_CALM,0.06884957068962114,1,BEAR_OPTIMIZED,19,0.5,0.48952753568342533,7.597040337699573,PRICE,TRAIN,2022-06
KLBN11.SA,BEAR_CALM,-0.02310177695239548,0,TIME_STOP,11,0.5,-0.24821971151579011,2.8116891073300936,PRICE,TRAIN,2022-06
KLBN11.SA,BEAR_VOLATILE,-0.004500270100362712,0,TIME_STOP,12,-0.8975437343073803,0.7219255766038503,11.047217953140969,PRICE,TRAIN,2022-06
KLBN11.SA,BULL_CALM,0.12085827018346249,1,SIGNAL,18,0.8656404652593171,2.1231507770327287,6.878203059414434,PRICE,TEST,2022-06
ITUB4.SA,SIDEWAYS_CALM,-0.051200000000000044,0,HARD_STOP,8,0.5,1.01818112793495,17.89017248371383,PRICE,TRAIN,2022-06
ITUB4.SA,SIDEWAYS_VOLATILE,-0.05779598220984463,0,HARD_STOP,8,0.5,-2.332082042233534,12.55184205882332,PRICE,TRAIN,2022-06
ITUB4.SA,BEAR_CALM,-0.051200000000000044,0,HARD_STOP,9,0.5,-2.2131245672443614,14.534030938670432,PRICE,TRAIN,2022-06
ITUB4.SA,BEAR_CALM,-0.002046556596929004,0,BEAR_OPTIMIZED,6,0.5,0.1603509268314574,10.847969469331316,PRICE,TRAIN,2022-06
ITUB4.SA,BULL_CALM,-0.029535748751871503,0,TIME_STOP,11,-2.39500157961384,1.6230090136848092,9.559315516821913,PRICE,TEST,2022-06
ITUB4.SA,BULL_CALM,-0.005028045588843642,0,TIME_STOP,16,0.056351993017232864,0.9667659789008449,8.51194661508582,PRICE,TEST,2022-06
LREN3.SA,SIDEWAYS_CALM,-0.08327774253380185,0,HARD_STOP,4,0.5,1.804990772254191,4.648304538973654,PRICE,TRAIN,2022-06
LREN3.SA,BEAR_CALM,-0.051200000000000044,0,HARD_STOP,2,0.5,-0.45318352072911416,7.81777103955061,PRICE,TRAIN,2022-06
LREN3.SA,BEAR_VOLATILE,-0.051200000000000044,0,HARD_STOP,3,0.5,1.7067106043571638,8.482668434659688,PRICE,TRAIN,2022-06
LREN3.SA,BEAR_CALM,0.1793977053403931,1,BEAR_OPTIMIZED,29,0.5,1.4490408915767032,8.092073218369126,PRICE,TRAIN,2022-06
LREN3.SA,BEAR_CALM,0.015868878619017625,1,STOP_TECNICO,3,-1.0366606626018537,-2.372336685225265,10.12705202537626,PRICE,TRAIN,2022-06
LREN3.SA,BEAR_CALM,0.021900071524571053,1,STOP_TECNICO,1,-1.8870923566045408,-0.5042360200671213,11.160339701568935,PRICE,TRAIN,2022-06
LREN3.SA,BEAR_CALM,-0.07120595195530446,0,HARD_STOP,3,-1.431453875737263,0.29926401017285964,12.508248514505382,PRICE,TRAIN,2022-06
LREN3.SA,BEAR_CALM,-0.024658514263804852,0,STOP_TECNICO,1,-0.1978242921044979,0.9555251642254546,9.794771128359509,PRICE,TRAIN,2022-06
LREN3.SA,BEAR_VOLATILE,0.00880000000000001,1,STOP_TECNICO,19,0.4623707456451507,-0.6825917895007269,8.147791387731353,PRICE,TEST,2022-06
LREN3.SA,BEAR_CALM,-0.025162600124558752,0,TIME_STOP,11,1.307527543892607,0.7975611035240565,9.79795434245065,PRICE,TEST,2022-06
LREN3.SA,BEAR_CALM,-0.05411971464645051,0,HARD_STOP,2,2.183071597238252,-0.4365519185218436,10.499493698651854,PRICE,TEST,2022-06
LWSA3.SA,BEAR_CALM,-0.05232783322358794,0,HARD_STOP,1,0.5,0.3353707335148818,22.59784646704916,PRICE,TRAIN,2022-06
LWSA3.SA,BEAR_CALM,-0.05799866212358364,0,HARD_STOP,2,0.5,0.08601102371769413,20.41599075247966,PRICE,TRAIN,2022-06
LWSA3.SA,BEAR_VOLATILE,0.00880000000000001,1,STOP_TECNICO,7,0.5,-0.5202864686255028,16.05168482749175,PRICE,TRAIN,2022-06
LWSA3.SA,BEAR_VOLATILE,0.00880000000000001,1,STOP_TECNICO,5,0.5,0.14334730540316942,7.4192233880889065,PRICE,TRAIN,2022-06
LWSA3.SA,BEAR_CALM,-0.07403763939694877,0,HARD_STOP,5,0.5,-1.1387576024346566,7.340241126072395,PRICE,TRAIN,2022-06
LWSA3.SA,BEAR_CALM,0.9805853235971701,1,BEAR_OPTIMIZED,31,0.5,-0.3534747808505022,5.524454596937883,PRICE,TRAIN,2022-06
LWSA3.SA,SIDEWAYS_CALM,0.00880000000000001,1,STOP_TECNICO,22,0.7049886576345782,0.16566955658401475,10.988386511110601,PRICE,TEST,2022-06
LWSA3.SA,SIDEWAYS_CALM,-0.051200000000000155,0,HARD_STOP,3,-0.7696526002202345,0.6843425318317145,12.871352373882246,PRICE,TEST,2022-06
MGLU3.SA,BEAR_VOLATILE,-0.11415684123542527,0,HARD_STOP,4,0.5,-0.18293582080076207,1000.0,PRICE,TRAIN,2022-06
MGLU3.SA,BEAR_VOLATILE,-0.05546353812099838,0,HARD_STOP,2,0.5,-0.10729634220831855,1000.0,PRICE,TRAIN,2022-06
MGLU3.SA,BEAR_VOLATILE,-0.09585032279837194,0,HARD_STOP,4,0.5,0.01360666942309627,34.30961849152067,PRICE,TRAIN,2022-06
MGLU3.SA,BEAR_CALM,1.1468000927617907,1,BEAR_OPTIMIZED,92,0.5,-0.3938649084576362,34.30961849152067,PRICE,TRAIN,2022-06
MGLU3.SA,BEAR_CALM,0.00880000000000001,1,STOP_TECNICO,19,-1.004657064223597,0.4079309591997253,9.587112545033596,PRICE,TEST,2022-06
MGLU3.SA,BEAR_CALM,-0.0012,0,END_CLOSED,0,-0.707990089914775,0.09972690816028398,14.984383538778934,PRICE,TEST,2022-06
MRVE3.SA,BEAR_CALM,-0.07173468245798711,0,HARD_STOP,4,0.5,0.929904471401191,34.30961849152067,PRICE,TRAIN,2022-06
MRVE3.SA,BEAR_VOLATILE,-0.053684743406941536,0,HARD_STOP,8,0.5,-0.9267256349349363,1000.0,PRICE,TRAIN,2022-06
MRVE3.SA,BEAR_CALM,0.00880000000000001,1,STOP_TECNICO,22,0.5,-0.27367838780152504,15.558919894760225,PRICE,TRAIN,2022-06
MRVE3.SA,BULL_CALM,0.0013684702215202916,1,END_CLOSED,9,0.5091327698318817,-0.2907000893078419,13.991752872377447,PRICE,TEST,2022-06
MULT3.SA,BULL_CALM,-0.051200000000000044,0,HARD_STOP,4,0.5,0.4853873318855628,3.3115894077714643,PRICE,TRAIN,2022-06
MULT3.SA,BULL_CALM,-0.00469780082482054,0,TIME_STOP,36,0.9265108547023038,-2.1597911587355725,3.5788963678953345,PRICE,TEST,2022-06
MULT3.SA,BULL_CALM,-0.029637672317844553,0,END_CLOSED,9,0.3583036389149596,-0.07521102290750971,3.2697178725878335,PRICE,TEST,2022-06
PCAR3.SA,BEAR_CALM,-0.06693002739002366,0,HARD_STOP,4,0.5,-2.7622184856696155,20.100728024689225,PRICE,TRAIN,2022-06
PCAR3.SA,BEAR_VOLATILE,-0.0017980998380692436,0,TIME_STOP,11,0.5,-0.615936460071022,1000.0,PRICE,TRAIN,2022-06
PCAR3.SA,BEAR_VOLATILE,-0.051200000000000044,0,HARD_STOP,7,0.5,-0.44733074273484785,14.694933831864635,PRICE,TRAIN,2022-06
PCAR3.SA,BEAR_CALM,-0.058771911700498024,0,HARD_STOP,8,0.5,0.33413352742918784,29.415464174544795,PRICE,TRAIN,2022-06
PCAR3.SA,BEAR_VOLATILE,-0.0026388132833250685,0,TIME_STOP,11,0.5,-0.28623429112733584,34.30961849152067,PRICE,TRAIN,2022-06
PCAR3.SA,BEAR_CALM,0.030228541455950088,1,STOP_TECNICO,1,-0.5022459372912775,-1.2443779297009072,34.30961849152067,PRICE,TRAIN,2022-06
PCAR3.SA,BEAR_CALM,-0.008680336132183906,0,STOP_TECNICO,2,0.7002056769839325,-0.6390323714685061,34.30961849152067,PRICE,TRAIN,2022-06
PCAR3.SA,BEAR_CALM,-0.015012141960485746,0,STOP_TECNICO,1,1.4113660674335342,-0.3717148501339378,34.30961849152067,PRICE,TRAIN,2022-06
PCAR3.SA,BEAR_CALM,-0.005854066678512314,0,STOP_TECNICO,1,1.009831147694907,0.49201906404975476,8.34506764908273,PRICE,TRAIN,2022-06
PCAR3.SA,BEAR_VOLATILE,-0.5121573091776414,0,HARD_STOP,1,0.5027917158702101,-7.9445572087683,5.9932864405041,PRICE,TEST,2022-06
PCAR3.SA,BEAR_VOLATILE,-0.0638185815750302,0,HARD_STOP,2,0.7586464169829563,-5.456671091088145,1000.0,PRICE,TEST,2022-06
PCAR3.SA,BEAR_VOLATILE,-0.051200000000000044,0,HARD_STOP,3,1.8235598119144736,-4.02474366722374,1000.0,PRICE,TEST,2022-06
PRIO3.SA,SIDEWAYS_VOLATILE,-0.059116277283130535,0,HARD_STOP,10,0.5,-0.7750520224427195,34.30961849152067,PRICE,TRAIN,2022-06
PRIO3.SA,SIDEWAYS_CALM,0.11422160143865864,1,END_CLOSED,68,-0.1292200517781769,0.7929650201894123,34.30961849152067,PRICE,TRAIN,2022-06
PETR3.SA,BULL_VOLATILE,-0.051200000000000044,0,HARD_STOP,3,0.5,-0.6564368697094943,5.408268675901005,PRICE,TRAIN,2022-06
PETR3.SA,BULL_VOLATILE,-0.051200000000000044,0,HARD_STOP,4,0.5,-1.319652256267879,13.341886452546008,PRICE,TRAIN,2022-06
PETR3.SA,BULL_CALM,-0.11145646528252676,0,HARD_STOP,2,0.5,1.635901332970805,11.568615267250383,PRICE,TRAIN,2022-06
PETR3.SA,BEAR_VOLATILE,0.023066072561498487,1,BEAR_OPTIMIZED,1,0.5,-0.3150959956605089,15.228086377393856,PRICE,TRAIN,2022-06
PETR3.SA,SIDEWAYS_VOLATILE,-0.026888906462686178,0,TIME_STOP,12,0.5,-0.47511269049178667,13.809307836853318,PRICE,TRAIN,2022-06
PETR3.SA,SIDEWAYS_CALM,-0.0008293826889457445,0,STOP_TECNICO,57,0.5,-0.20340459411846754,5.52511572530337,PRICE,TRAIN,2022-06
PETR3.SA,BEAR_VOLATILE,0.020944497390023555,1,BEAR_OPTIMIZED,1,0.5,1.0007721333780075,5.501418492369723,PRICE,TRAIN,2022-06
PETR3.SA,BEAR_VOLATILE,-0.020755335105992832,0,BEAR_OPTIMIZED,1,0.5,1.8004050441040653,6.7045165068222925,PRICE,TRAIN,2022-06
PETR3.SA,BULL_CALM,0.1761860458269958,1,SIGNAL,41,-0.03444141507420406,-0.8717711742347176,11.42733523144675,PRICE,TEST,2022-06
PETR4.SA,SIDEWAYS_VOLATILE,-0.051200000000000044,0,HARD_STOP,12,0.5,-0.6699496789238126,20.494332106582284,PRICE,TRAIN,2022-06
PETR4.SA,BEAR_CALM,-0.025875860951327122,0,BEAR_OPTIMIZED,1,0.5,1.1154620037635923,21.223087927374394,PRICE,TRAIN,2022-06
PETR4.SA,BEAR_VOLATILE,0.029631011038040535,1,BEAR_OPTIMIZED,1,0.5,1.0056009787689069,32.145618702040984,PRICE,TRAIN,2022-06
PETR4.SA,BEAR_VOLATILE,0.016619145507704804,1,BEAR_OPTIMIZED,1,0.5,0.8185964940544102,24.492897311292776,PRICE,TRAIN,2022-06
PETR4.SA,BEAR_VOLATILE,0.00447204863780102,1,BEAR_OPTIMIZED,2,0.5,0.7844433631255525,23.639894033125003,PRICE,TRAIN,2022-06
PETR4.SA,BEAR_CALM,-0.051200000000000044,0,HARD_STOP,10,0.5,0.06588337638285854,4.334082402197451,PRICE,TRAIN,2022-06
PETR4.SA,BULL_CALM,0.13758685621820219,1,SIGNAL,27,-0.1963698860447976,-1.4543896043501934,11.600681132267576,PRICE,TEST,2022-06
RADL3.SA,BEAR_VOLATILE,-0.06028001160278287,0,HARD_STOP,5,0.5,-0.029542566941766914,31.239353642996452,PRICE,TRAIN,2022-06
RADL3.SA,BEAR_VOLATILE,0.21377509295746275,1,BEAR_OPTIMIZED,51,0.5,0.351826251664107,34.30961849152067,PRICE,TRAIN,2022-06
RADL3.SA,BULL_CALM,-0.03472152605564829,0,TIME_STOP,11,-0.8478933433457453,0.637765408901227,2.7813673137417223,PRICE,TEST,2022-06
RADL3.SA,BULL_VOLATILE,0.0032960136557576916,1,END_CLOSED,18,1.9199908067496396,-0.5635971974579663,6.39689012057434,PRICE,TEST,2022-06
RAIL3.SA,BULL_VOLATILE,-0.051200000000000044,0,HARD_STOP,7,0.5,0.05418768681532619,9.044146277833399,PRICE,TRAIN,2022-06
RAIL3.SA,SIDEWAYS_CALM,-0.051200000000000044,0,HARD_STOP,8,0.5,-1.2278273668106967,12.822549167866981,PRICE,TRAIN,2022-06
RAIL3.SA,BEAR_CALM,-0.051200000000000044,0,HARD_STOP,9,0.5,0.5489351653681049,11.58305981801584,PRICE,TRAIN,2022-06
RAIL3.SA,BEAR_CALM,0.09251083279767167,1,BEAR_OPTIMIZED,8,0.5,-1.9555806314387179,7.295703835525558,PRICE,TRAIN,2022-06
RAIL3.SA,BULL_CALM,-0.007500524292375375,0,TIME_STOP,19,0.026316746651949153,-0.39567676991275175,4.309942222701975,PRICE,TEST,2022-06
RAIZ4.SA,BEAR_VOLATILE,-0.051200000000000044,0,HARD_STOP,6,0.5,-0.46581213165611346,34.30961849152067,PRICE,TRAIN,2022-06
RAIZ4.SA,BEAR_VOLATILE,-0.051200000000000044,0,HARD_STOP,2,0.5,-0.43962528888090163,34.30961849152067,PRICE,TRAIN,2022-06
RAIZ4.SA,BEAR_VOLATILE,-0.05162022027866133,0,HARD_STOP,2,0.5,2.177465896922744,34.30961849152067,PRICE,TRAIN,2022-06
RAIZ4.SA,BEAR_CALM,0.4351637855004017,1,END_CLOSED,70,-0.9935286785683609,-1.4905940344709698,10.574847263212751,PRICE,TRAIN,2022-06
RAIZ4.SA,BULL_CALM,-0.051577872015627045,0,HARD_STOP,6,-0.02852831556184187,0.27935364335780327,6.577445758235072,PRICE,TEST,2022-06
RAIZ4.SA,SIDEWAYS_VOLATILE,0.058800025631452126,1,END_CLOSED,18,-0.05592648853849705,1.2645840286203893,11.73410453433564,PRICE,TEST,2022-06
RECV3.SA,BULL_CALM,-0.008565940226043643,0,TIME_STOP,25,0.5,0.34928071186637255,8.392316226493291,PRICE,TRAIN,2022-06
RECV3.SA,SIDEWAYS_CALM,-0.051200000000000044,0,HARD_STOP,7,0.5,0.010847880307887631,8.979635672149413,PRICE,TRAIN,2022-06
RECV3.SA,BEAR_VOLATILE,-0.0021829767785097806,0,TIME_STOP,11,0.5,-2.748205213615781,1000.0,PRICE,TRAIN,2022-06
RECV3.SA,BEAR_VOLATILE,-0.02341140788470244,0,TIME_STOP,14,0.1857775070931176,-3.3808967445523987,34.30961849152067,PRICE,TRAIN,2022-06
RECV3.SA,BEAR_CALM,-0.01958056101447827,0,STOP_TECNICO,1,-0.5571055311540395,0.9569989404510922,25.134483796521085,PRICE,TRAIN,2022-06
RECV3.SA,BEAR_CALM,0.0031386868073644894,1,STOP_TECNICO,1,-0.18839663338345158,1.0394157486246098,27.97573896692679,PRICE,TRAIN,2022-06
RECV3.SA,BEAR_CALM,0.053059407193481435,1,STOP_TECNICO,1,-0.381988235095971,0.40339255449491473,34.30961849152067,PRICE,TRAIN,2022-06
RECV3.SA,BEAR_CALM,-0.00981192319638071,0,STOP_TECNICO,1,-0.8552316497036009,0.40761383410858754,24.021987789418315,PRICE,TRAIN,2022-06
RECV3.SA,BEAR_CALM,-0.0023581553966854005,0,STOP_TECNICO,1,0.13907486543419972,-0.0100387150350514,20.91105005348125,PRICE,TRAIN,2022-06
RECV3.SA,BEAR_CALM,-6.505556588733857e-05,0,STOP_TECNICO,1,-0.9310224687293913,-1.0449918059939212,14.624977486586332,PRICE,TRAIN,2022-06
RECV3.SA,BEAR_CALM,-0.051200000000000044,0,HARD_STOP,1,-0.9005688026223033,-2.7843341213870376,12.241923223062276,PRICE,TRAIN,2022-06
RECV3.SA,BEAR_CALM,-0.012329469187758922,0,STOP_TECNICO,1,-1.45395153976969,-1.8065627224550704,5.310873930194928,PRICE,TRAIN,2022-06
RDOR3.SA,BEAR_CALM,-0.05943513004003533,0,HARD_STOP,4,0.5,0.22687785925284856,34.30961849152067,PRICE,TRAIN,2022-06
RDOR3.SA,BEAR_VOLATILE,-0.051200000000000044,0,HARD_STOP,8,0.5,0.6045700769135918,34.30961849152067,PRICE,TRAIN,2022-06
RDOR3.SA,BEAR_VOLATILE,-0.051200000000000044,0,HARD_STOP,10,0.5,0.8546183599039795,14.852107239077567,PRICE,TRAIN,2022-06
RDOR3.SA,BEAR_CALM,-0.020098515828753237,0,STOP_TECNICO,143,0.5,0.5089441936124518,14.715250860912803,PRICE,TRAIN,2022-06
RDOR3.SA,BEAR_VOLATILE,-0.013546026666954834,0,STOP_TECNICO,3,-1.676862539451789,-0.031622795347710404,34.30961849152067,PRICE,TRAIN,2022-06
RDOR3.SA,BEAR_CALM,0.0443417428038023,1,STOP_TECNICO,1,-2.0865085558477663,-1.4502022926762952,34.30961849152067,PRICE,TRAIN,2022-06
RDOR3.SA,BEAR_CALM,0.012226015079157194,1,STOP_TECNICO,1,-1.0113232122556883,-2.111790591751135,34.30961849152067,PRICE,TRAIN,2022-06
RDOR3.SA,BEAR_CALM,0.07501950000036225,1,STOP_TECNICO,1,-0.21889947776236376,-1.797784287261362,34.30961849152067,PRICE,TRAIN,2022-06
RDOR3.SA,BEAR_CALM,-0.009315561021926565,0,STOP_TECNICO,3,-0.41888329153939585,-0.21599313974810963,23.143852796909414,PRICE,TRAIN,2022-06
RDOR3.SA,BEAR_CALM,-0.013986915667775345,0,STOP_TECNICO,5,0.2483995738744787,0.5627540120424236,12.912866584709544,PRICE,TRAIN,2022-06
RDOR3.SA,BULL_CALM,-0.051200000000000044,0,HARD_STOP,5,1.9363056197284183,-1.4437723289531097,10.583056582410034,PRICE,TEST,2022-06
RDOR3.SA,BULL_VOLATILE,-0.038558211502819816,0,TIME_STOP,11,2.343789146304948,-1.9628518300230482,12.638505911242113,PRICE,TEST,2022-06
RDOR3.SA,SIDEWAYS_CALM,-0.0036715495914663374,0,END_CLOSED,2,0.7037561229382824,0.23067606450018113,34.30961849152067,PRICE,TEST,2022-06
RENT3.SA,BEAR_CALM,-0.07736694641793898,0,HARD_STOP,4,0.5,0.20743692966615226,7.6450891551159685,PRICE,TRAIN,2022-06
RENT3.SA,BEAR_VOLATILE,0.12456932095555437,1,BEAR_OPTIMIZED,17,0.5,0.42367675646209996,16.66777054765915,PRICE,TRAIN,2022-06
RENT3.SA,BULL_CALM,-0.02962031267175138,0,TIME_STOP,18,0.15454895278941466,-0.3652614626644011,7.339165547987491,PRICE,TEST,2022-06
RENT3.SA,BULL_CALM,-0.00584000691608124,0,TIME_STOP,15,-0.4574585504717157,0.11658187508052509,6.580022779479379,PRICE,TEST,2022-06
SANB11.SA,SIDEWAYS_CALM,-0.051200000000000044,0,HARD_STOP,8,0.5,0.2696425825121285,13.186199730043436,PRICE,TRAIN,2022-06
SANB11.SA,BEAR_VOLATILE,-0.051200000000000044,0,HARD_STOP,9,0.5,0.32290973638542897,16.45326581857543,PRICE,TRAIN,2022-06
SANB11.SA,BEAR_CALM,-0.055700749855502905,0,HARD_STOP,8,0.5,0.33886861395557655,34.30961849152067,PRICE,TRAIN,2022-06
SANB11.SA,BEAR_CALM,-0.051200000000000044,0,HARD_STOP,9,0.5,0.23390347881185336,27.620785611460924,PRICE,TRAIN,2022-06
SANB11.SA,BEAR_CALM,-0.014188699309806506,0,STOP_TECNICO,2,0.709004986156805,-0.36283344372378074,10.503971505533187,PRICE,TRAIN,2022-06
SANB11.SA,BEAR_CALM,0.11468389532900156,1,BEAR_OPTIMIZED,32,0.2071204895608037,-0.4272312299081528,9.743975020641955,PRICE,TRAIN,2022-06
SANB11.SA,SIDEWAYS_CALM,-0.020918250647356106,0,TIME_STOP,11,0.2432096502672304,0.3478520219506454,2.668770283111946,PRICE,TEST,2022-06
SANB11.SA,SIDEWAYS_VOLATILE,-0.01338623840094768,0,TIME_STOP,11,0.1287356953848542,-1.0513953492186066,17.810599383226045,PRICE,TEST,2022-06
SBSP3.SA,SIDEWAYS_CALM,-0.019480784281496598,0,TIME_STOP,17,0.5,0.11168257425209833,3.1436435685690594,PRICE,TRAIN,2022-06
SBSP3.SA,BEAR_CALM,0.019975903428004572,1,BEAR_OPTIMIZED,1,0.08033869657518787,1.003863836459411,5.57861857600112,PRICE,TRAIN,2022-06
SBSP3.SA,SIDEWAYS_CALM,-0.013627322341179936,0,TIME_STOP,12,-1.6793030892256542,0.9888392745696406,7.632723598983265,PRICE,TRAIN,2022-06
SBSP3.SA,BEAR_CALM,-0.01856111023309117,0,BEAR_OPTIMIZED,2,-1.2728511490566625,0.9697900075069859,5.699912355480958,PRICE,TRAIN,2022-06
SBSP3.SA,BEAR_CALM,0.001265586465407288,1,BEAR_OPTIMIZED,1,-1.5522210070260527,0.44218960951666814,7.7170612280955915,PRICE,TRAIN,2022-06
SBSP3.SA,BEAR_CALM,-0.051200000000000044,0,HARD_STOP,2,-1.106573225834169,0.1429166180083896,8.342364613356338,PRICE,TRAIN,2022-06
SBSP3.SA,BEAR_VOLATILE,0.08696859886900929,1,BEAR_OPTIMIZED,7,-0.955151741095501,-0.5816636763423486,13.213190586149086,PRICE,TRAIN,2022-06
SBSP3.SA,SIDEWAYS_CALM,0.0464720190929536,1,SIGNAL,7,-0.06172897845593937,-0.12676215298626348,14.141732081049389,PRICE,TEST,2022-06
SBSP3.SA,SIDEWAYS_CALM,0.07715817515492426,1,SIGNAL,13,0.23643947819048103,-0.19893142231435562,3.677048209826503,PRICE,TEST,2022-06
SLCE3.SA,BEAR_CALM,-0.027976196016817466,0,STOP_TECNICO,7,0.883118507325696,-1.7374558519710335,21.97992829517249,PRICE,TRAIN,2022-06
SLCE3.SA,BEAR_CALM,-0.01979149556780304,0,STOP_TECNICO,2,-0.28112176054129134,-2.6576375329140633,13.082417121151074,PRICE,TRAIN,2022-06
SLCE3.SA,BEAR_CALM,-0.01545713540032436,0,STOP_TECNICO,1,-0.33323946922700154,-3.087678107271324,12.504895419530795,PRICE,TRAIN,2022-06
SMFT3.SA,BULL_CALM,0.00880000000000001,1,STOP_TECNICO,11,2.0431731597734526,1.0821973670319105,8.443209173805968,PRICE,TEST,2022-06
SMFT3.SA,BULL_CALM,-0.06056058032180169,0,HARD_STOP,3,0.6174877523388701,0.6121985574294855,4.620994697019829,PRICE,TEST,2022-06
SMFT3.SA,BULL_CALM,-0.051200000000000044,0,HARD_STOP,3,0.7088173195334336,0.808159975316212,4.049728749924149,PRICE,TEST,2022-06
TAEE11.SA,BEAR_VOLATILE,-0.02205135839729224,0,TIME_STOP,12,0.5,-0.01960503766117697,17.722641015481578,PRICE,TRAIN,2022-06
TAEE11.SA,BEAR_VOLATILE,0.09316284539691141,1,BEAR_OPTIMIZED,24,0.5,1.2626669351841513,34.30961849152067,PRICE,TRAIN,2022-06
TAEE11.SA,SIDEWAYS_CALM,-0.015588184341661003,0,TIME_STOP,13,-2.6248379105161264,0.18415865042441798,6.093100638851205,PRICE,TEST,2022-06
TAEE11.SA,SIDEWAYS_CALM,-0.0026358643246302757,0,TIME_STOP,11,-0.6955443661261004,-0.7216396922269899,11.82202828527501,PRICE,TEST,2022-06
TAEE11.SA,SIDEWAYS_CALM,0.00026196256103681154,1,END_CLOSED,8,-2.203190464057591,0.010399514017909825,21.43267564603917,PRICE,TEST,2022-06
SUZB3.SA,BEAR_CALM,-0.05443033440842506,0,HARD_STOP,8,0.5,0.16536469895409628,8.431869720132655,PRICE,TRAIN,2022-06
SUZB3.SA,BEAR_VOLATILE,-0.019451253854553395,0,TIME_STOP,21,0.5,-0.016775120358889915,6.886068571055728,PRICE,TRAIN,2022-06
SUZB3.SA,BEAR_VOLATILE,0.004284512870774783,1,STOP_TECNICO,45,0.5,-1.1291475806700675,28.698552276192952,PRICE,TRAIN,2022-06
SUZB3.SA,BEAR_CALM,-0.016329334021666718,0,STOP_TECNICO,1,-1.1068331004203293,0.6692193053790638,17.12545669910653,PRICE,TRAIN,2022-06
SUZB3.SA,BEAR_CALM,-0.02104995916555854,0,STOP_TECNICO,1,-0.6993162274545688,0.22640143230630763,10.233520158134205,PRICE,TRAIN,2022-06
SUZB3.SA,BEAR_CALM,-0.02280709411473749,0,STOP_TECNICO,1,-0.47660888487105313,1.1299600597852597,16.928712411304172,PRICE,TRAIN,2022-06
SUZB3.SA,BEAR_CALM,-0.015117531503643832,0,STOP_TECNICO,1,-2.4750668643261418,1.1016104729039173,34.30961849152067,PRICE,TRAIN,2022-06
SUZB3.SA,BEAR_CALM,-0.013668884838440441,0,STOP_TECNICO,1,-1.7444828297726,0.3040108288879363,21.365850101022097,PRICE,TRAIN,2022-06
SUZB3.SA,BEAR_CALM,0.10005993436427682,1,BEAR_OPTIMIZED,11,0.15949813250418174,0.3094172134096237,7.185372107737588,PRICE,TEST,2022-06
TIMS3.SA,SIDEWAYS_VOLATILE,-0.05119999999999993,0,HARD_STOP,8,0.5,0.8336010345865695,3.1597566341412606,PRICE,TRAIN,2022-06
TIMS3.SA,BEAR_VOLATILE,0.055898368243654996,1,BEAR_OPTIMIZED,9,0.5,0.24844548750024464,16.407581067101546,PRICE,TRAIN,2022-06
TIMS3.SA,SIDEWAYS_CALM,-0.007353956154727247,0,TIME_STOP,11,0.5,0.5447582089295504,10.021530457649,PRICE,TRAIN,2022-06
TIMS3.SA,BULL_CALM,0.007179839137840906,1,END_CLOSED,3,0.7702771288725407,-0.490127463159211,3.6723421501066267,PRICE,TEST,2022-06
TOTS3.SA,BEAR_CALM,-0.051200000000000044,0,HARD_STOP,1,0.5,0.8205894469594903,34.30961849152067,PRICE,TRAIN,2022-06
TOTS3.SA,BEAR_CALM,-0.051200000000000044,0,HARD_STOP,2,0.5,-1.0919416542073312,34.30961849152067,PRICE,TRAIN,2022-06
TOTS3.SA,BEAR_VOLATILE,-0.051200000000000044,0,HARD_STOP,8,0.5,1.2041666139487306,34.30961849152067,PRICE,TRAIN,2022-06
TOTS3.SA,BEAR_CALM,-0.051200000000000044,0,HARD_STOP,9,0.5,0.47612156804373973,16.878021151779038,PRICE,TRAIN,2022-06
TOTS3.SA,BEAR_CALM,0.22781704690031632,1,BEAR_OPTIMIZED,22,0.5,0.813029215416662,6.709023919223326,PRICE,TRAIN,2022-06
TOTS3.SA,BEAR_CALM,0.14424729626049979,1,BEAR_OPTIMIZED,22,-0.9465728859480264,-0.5179386350420498,7.7598995080360185,PRICE,TRAIN,2022-06
TOTS3.SA,SIDEWAYS_CALM,-0.0017452014603396503,0,TIME_STOP,20,0.17656958236370465,-0.6971728777988992,6.4353210484398895,PRICE,TEST,2022-06
TOTS3.SA,BEAR_CALM,0.005706669480221339,1,END_CLOSED,25,0.6835077312343179,-2.0514029728280327,1.9332131281408484,PRICE,TEST,2022-06
UGPA3.SA,BEAR_CALM,-0.05748377729544687,0,HARD_STOP,4,0.5,-1.1567354673904415,5.0045023453934565,PRICE,TRAIN,2022-06
UGPA3.SA,BEAR_VOLATILE,-0.013679281171843492,0,TIME_STOP,14,0.5,-0.5263339131500583,8.116689467831119,PRICE,TRAIN,2022-06
UGPA3.SA,BEAR_CALM,0.1827662102765993,1,BEAR_OPTIMIZED,30,0.5,0.7719729224237095,7.358985465497087,PRICE,TRAIN,2022-06
UGPA3.SA,BULL_CALM,-0.00125907989927989,0,TIME_STOP,11,0.3465655118806778,-0.6618586294653013,7.976890232196198,PRICE,TEST,2022-06
UGPA3.SA,BULL_CALM,0.01091451508415129,1,END_CLOSED,8,-2.4454926681679923,-1.034529492292689,3.930450330789072,PRICE,TEST,2022-06
USIM5.SA,BEAR_VOLATILE,-0.08955752353362148,0,HARD_STOP,4,0.5,0.9568905198054403,29.0686310379337,PRICE,TRAIN,2022-06
USIM5.SA,BEAR_VOLATILE,-0.05540341730602707,0,HARD_STOP,9,0.5,0.1462645545606536,34.30961849152067,PRICE,TRAIN,2022-06
USIM5.SA,BEAR_VOLATILE,-0.051200000000000044,0,HARD_STOP,6,0.5,0.6678031363464862,29.16489180516552,PRICE,TRAIN,2022-06
USIM5.SA,BEAR_CALM,-0.0012,0,STOP_TECNICO,3,0.7274113599232694,-1.251095621406595,28.387054527874085,PRICE,TRAIN,2022-06
USIM5.SA,SIDEWAYS_CALM,-0.01834279311669642,0,TIME_STOP,12,0.1884358869581217,-0.45576443584914156,3.07031739228016,PRICE,TEST,2022-06
USIM5.SA,BEAR_CALM,-0.0012,0,END_CLOSED,0,-0.11445602589851221,1.765256113084086,6.594574207114584,PRICE,TEST,2022-06
VBBR3.SA,BEAR_CALM,-0.06955731991083239,0,HARD_STOP,4,0.5,-0.8406446682741986,34.30961849152067,PRICE,TRAIN,2022-06
VBBR3.SA,BEAR_VOLATILE,-0.026229912900367268,0,TIME_STOP,14,0.5,0.5459551168299752,34.30961849152067,PRICE,TRAIN,2022-06
VBBR3.SA,BEAR_CALM,0.00880000000000001,1,STOP_TECNICO,129,0.5,0.8077006457087402,34.30961849152067,PRICE,TRAIN,2022-06
VBBR3.SA,BEAR_VOLATILE,-0.0004326387961381061,0,STOP_TECNICO,26,-0.6548019265567708,-1.1351521233819113,13.336874165344007,PRICE,TRAIN,2022-06
VBBR3.SA,BEAR_CALM,0.005597456908204547,1,STOP_TECNICO,1,0.3677004533617568,1.3869003818191314,13.399129507254813,PRICE,TRAIN,2022-06
VBBR3.SA,BEAR_CALM,0.004160041174672814,1,STOP_TECNICO,1,1.1399403426129817,1.3629846919603361,12.764497521174706,PRICE,TRAIN,2022-06
VBBR3.SA,BEAR_CALM,-0.06710923180310083,0,HARD_STOP,4,1.629552343325418,0.560502806844674,11.519914826019802,PRICE,TRAIN,2022-06
VBBR3.SA,BULL_CALM,-0.01966335498588436,0,TIME_STOP,21,1.562878263655145,-0.43930090058825655,13.234370313585174,PRICE,TEST,2022-06
VALE3.SA,BEAR_VOLATILE,-0.005058087298367563,0,TIME_STOP,15,0.5,0.15385071789296986,34.30961849152067,PRICE,TRAIN,2022-06
VALE3.SA,BEAR_CALM,-0.07207250875787133,0,HARD_STOP,10,0.2083141073936847,0.2800258311857361,28.411022820657678,PRICE,TRAIN,2022-06
VALE3.SA,BEAR_VOLATILE,-0.03783905967106884,0,TIME_STOP,13,-1.1049422267683262,1.0768295125350078,34.30961849152067,PRICE,TRAIN,2022-06
VALE3.SA,BEAR_CALM,0.041941469258637155,1,END_CLOSED,9,-1.9453204646103126,1.203618817972891,28.70111697353892,PRICE,TRAIN,2022-06
VALE3.SA,BEAR_VOLATILE,0.08723194513699548,1,END_CLOSED,24,0.4538603909820597,-0.18850685852435042,3.8620339390285463,PRICE,TEST,2022-06
VIVT3.SA,BEAR_VOLATILE,-0.027656258961464418,0,TIME_STOP,11,0.5,-1.8568040757758175,16.196332622254513,PRICE,TRAIN,2022-06
VIVT3.SA,BEAR_VOLATILE,0.023255881314359607,1,BEAR_OPTIMIZED,4,0.5,-0.48770032269259717,26.597053253108832,PRICE,TRAIN,2022-06
VIVT3.SA,BEAR_CALM,0.019870783809044258,1,BEAR_OPTIMIZED,4,0.5,0.7483157364682759,12.608984877698585,PRICE,TRAIN,2022-06
VIVT3.SA,SIDEWAYS_CALM,-0.021672060938961145,0,SIGNAL,9,0.5,-0.09098990886679251,12.482715943705825,PRICE,TRAIN,2022-06
WEGE3.SA,BEAR_CALM,-0.026594412950526468,0,BEAR_OPTIMIZED,1,0.5,1.4154298109601926,5.493845106787074,PRICE,TRAIN,2022-06
WEGE3.SA,BEAR_CALM,-0.0004950464224161776,0,BEAR_OPTIMIZED,1,0.5,0.9825677519887798,15.746781044950144,PRICE,TRAIN,2022-06
WEGE3.SA,SIDEWAYS_CALM,0.11627090351355748,1,SIGNAL,6,0.5,-0.14421372223449944,10.36766290648535,PRICE,TRAIN,2022-06
WEGE3.SA,BULL_CALM,-0.0027027336859420034,0,TIME_STOP,27,0.5,1.8463319787834331,16.717324851843998,PRICE,TRAIN,2022-06
WEGE3.SA,BULL_CALM,-0.016758847538599263,0,TIME_STOP,11,0.5,0.31425950524850915,5.673619915954525,PRICE,TRAIN,2022-06
WEGE3.SA,BULL_CALM,-0.017949461028513823,0,TIME_STOP,11,0.5,-0.04162526244388749,2.931459313242437,PRICE,TRAIN,2022-06
WEGE3.SA,BULL_CALM,0.00880000000000001,1,STOP_TECNICO,51,0.5,-0.5916664916842771,1.6430682256453675,PRICE,TRAIN,2022-06
WEGE3.SA,BULL_CALM,-0.00819323034427357,0,TIME_STOP,54,-1.1470322735722374,-7.204789452990914e-05,5.593510967157756,PRICE,TRAIN,2022-06
WEGE3.SA,SIDEWAYS_CALM,0.012618664407107884,1,END_CLOSED,2,0.5043070487313203,1.9413735570687478,5.297972106407817,PRICE,TRAIN,2022-06
WEGE3.SA,BEAR_VOLATILE,-0.00726719818309076,0,BEAR_OPTIMIZED,3,0.7944057763056411,-3.1878566238125967,9.651893869185745,PRICE,TEST,2022-06
WEGE3.SA,BEAR_VOLATILE,-0.012770100453097365,0,BEAR_OPTIMIZED,1,1.144596763294175,-0.7633254678584357,11.194676206037279,PRICE,TEST,2022-06
WEGE3.SA,BEAR_VOLATILE,-0.011224918576210795,0,BEAR_OPTIMIZED,1,0.9897469940740145,-0.7429061580186173,12.405793230221223,PRICE,TEST,2022-06
YDUQ3.SA,BEAR_CALM,-0.051200000000000044,0,HARD_STOP,1,0.5,-2.3522891248899365,13.11808239290687,PRICE,TRAIN,2022-06
YDUQ3.SA,BEAR_VOLATILE,-0.051200000000000155,0,HARD_STOP,2,0.5,0.2016326512980976,34.30961849152067,PRICE,TRAIN,2022-06
YDUQ3.SA,BEAR_VOLATILE,-0.051200000000000044,0,HARD_STOP,8,0.5,0.8902017516688947,21.775747151937967,PRICE,TRAIN,2022-06
YDUQ3.SA,BEAR_CALM,0.00880000000000001,1,STOP_TECNICO,1,0.5,1.3436106429073384,12.903646620062156,PRICE,TRAIN,2022-06
YDUQ3.SA,BEAR_CALM,-0.06480653472869827,0,HARD_STOP,4,0.5,-0.4649719947456272,7.701418402100472,PRICE,TRAIN,2022-06
YDUQ3.SA,BEAR_CALM,-0.051200000000000155,0,HARD_STOP,1,0.5,-1.1681971084241995,10.091636992853175,PRICE,TRAIN,2022-06
YDUQ3.SA,BEAR_CALM,0.06928459903022074,1,STOP_TECNICO,1,-1.9360242794053821,-0.2307270277350189,18.78435937216324,PRICE,TRAIN,2022-06
ALOS3.SA,BEAR_CALM,-0.019777775789746953,0,TIME_STOP,11,0.5,1.6469118484596779,17.884823083220148,PRICE,TRAIN,2022-09
ABEV3.SA,BEAR_CALM,-0.0012,0,END_CLOSED,0,-0.5127955714582212,0.2011768668000519,20.30955893235533,PRICE,TRAIN,2022-09
ABEV3.SA,BEAR_CALM,0.13982574620667484,1,BEAR_OPTIMIZED,43,0.18041115209293762,-0.5256987915899703,34.30961849152067,PRICE,TEST,2022-09
AURE3.SA,BEAR_CALM,0.029891748004830278,1,BEAR_OPTIMIZED,1,0.5,0.02832497576108905,1.702542465972851,PRICE,TRAIN,2022-09
AURE3.SA,SIDEWAYS_CALM,-0.051200000000000044,0,HARD_STOP,3,0.5,1.0424376968428741,1.8479850803498845,PRICE,TRAIN,2022-09
AURE3.SA,BEAR_VOLATILE,-0.01556782137009085,0,BEAR_OPTIMIZED,1,0.5,0.5437778747450577,2.1005253035248828,PRICE,TRAIN,2022-09
AURE3.SA,BEAR_VOLATILE,-0.027192737892054696,0,BEAR_OPTIMIZED,1,0.5,-1.0480423560859249,1.9820868665468498,PRICE,TRAIN,2022-09
AURE3.SA,SIDEWAYS_VOLATILE,-0.051200000000000044,0,HARD_STOP,8,0.5,0.044237505865817775,1.9873537066136735,PRICE,TRAIN,2022-09
AURE3.SA,SIDEWAYS_CALM,0.00880000000000001,1,STOP_TECNICO,101,0.5,0.7608236012496317,1.8013929049527782,PRICE,TRAIN,2022-09
AURE3.SA,SIDEWAYS_CALM,0.09793549434434765,1,SIGNAL,96,0.5,-0.2935542999820713,3.2762405988153884,PRICE,TRAIN,2022-09
AURE3.SA,BULL_CALM,0.009378229083511248,1,SIGNAL,1,0.5,0.8376434179690858,6.416452614019427,PRICE,TRAIN,2022-09
AURE3.SA,BULL_CALM,0.00510242944383963,1,SIGNAL,2,0.5,0.5396760210387102,4.82463798510797,PRICE,TRAIN,2022-09
AURE3.SA,BULL_CALM,-0.005413370803396454,0,TIME_STOP,14,0.5,0.6871011424140064,4.350507276692343,PRICE,TRAIN,2022-09
AURE3.SA,BULL_CALM,-0.016136057718147544,0,TIME_STOP,13,1.3516690355272651,0.8213155742766372,3.9856797633711527,PRICE,TRAIN,2022-09
AURE3.SA,SIDEWAYS_CALM,-0.012101190950047712,0,TIME_STOP,17,1.0625248552709352,-1.052015369702255,7.406005125854192,PRICE,TRAIN,2022-09
AURE3.SA,SIDEWAYS_CALM,-0.0004737763255081783,0,END_CLOSED,3,0.9495207620441246,-0.16558322318778024,11.406736064864235,PRICE,TRAIN,2022-09
AURE3.SA,SIDEWAYS_CALM,-0.0034155981264759813,0,TIME_STOP,17,-0.059717239184214024,-1.8785548694626126,2.356033063681453,PRICE,TEST,2022-09
ASAI3.SA,BULL_VOLATILE,0.15922135253004596,1,SIGNAL,5,0.5,-0.7712948046913485,2.6940824473926663,PRICE,TRAIN,2022-09
ASAI3.SA,SIDEWAYS_CALM,-0.051200000000000155,0,HARD_STOP,9,0.5,-1.5451768062136575,8.717881243890636,PRICE,TRAIN,2022-09
ASAI3.SA,BEAR_VOLATILE,-0.051200000000000044,0,HARD_STOP,2,0.5,-1.711591008032413,34.30961849152067,PRICE,TRAIN,2022-09
ASAI3.SA,BEAR_VOLATILE,-0.030128363423831094,0,TIME_STOP,12,0.5,-0.08344125867927207,1000.0,PRICE,TRAIN,2022-09
ASAI3.SA,BEAR_VOLATILE,-0.05148724612899049,0,HARD_STOP,4,0.6873202715684861,0.9053699003535353,1000.0,PRICE,TRAIN,2022-09
ASAI3.SA,BEAR_VOLATILE,-0.051200000000000044,0,HARD_STOP,6,-1.1739939818964795,1.4520492373861011,1000.0,PRICE,TRAIN,2022-09
ASAI3.SA,BEAR_VOLATILE,-0.051200000000000044,0,HARD_STOP,1,-0.8246043923811474,0.12213833124638034,1000.0,PRICE,TRAIN,2022-09
ASAI3.SA,BEAR_VOLATILE,-0.04052088148512791,0,TIME_STOP,23,-2.4836861600917888,0.04109490797180915,1000.0,PRICE,TRAIN,2022-09
B3SA3.SA,BEAR_CALM,0.12334881762774783,1,BEAR_OPTIMIZED,8,-1.4945365484243773,0.32197998068232836,18.304254313696696,PRICE,TEST,2022-09
AZUL4.SA,BEAR_CALM,0.00880000000000001,1,STOP_TECNICO,5,0.5,-1.0182468103847693,3.6104393490344844,PRICE,TRAIN,2022-09
AZUL4.SA,BEAR_VOLATILE,0.00880000000000001,1,STOP_TECNICO,7,0.5,-2.164564791684909,3.6526643056764247,PRICE,TRAIN,2022-09
AZUL4.SA,BEAR_VOLATILE,-0.051200000000000044,0,HARD_STOP,7,0.5,-1.2396665158555806,6.963152938253745,PRICE,TRAIN,2022-09
AZUL4.SA,BEAR_VOLATILE,-0.05943470454752533,0,HARD_STOP,4,0.5,-2.2010498297638197,34.30961849152067,PRICE,TRAIN,2022-09
AZUL4.SA,BEAR_VOLATILE,-0.07389162108141048,0,HARD_STOP,2,0.5,0.5098398330898387,34.30961849152067,PRICE,TRAIN,2022-09
AZUL4.SA,BEAR_VOLATILE,-0.09314101941392874,0,HARD_STOP,4,0.5,-0.20419784836040325,8.990533651095062,PRICE,TRAIN,2022-09
AZUL4.SA,BEAR_VOLATILE,-0.06378504001572075,0,HARD_STOP,7,0.5,1.1192104103215932,1000.0,PRICE,TRAIN,2022-09
AZUL4.SA,BEAR_CALM,0.2337155273212724,1,BEAR_OPTIMIZED,11,-1.8145288758836942,1.2909664122143976,8.111692336256056,PRICE,TEST,2022-09
BBAS3.SA,BEAR_CALM,-0.051200000000000044,0,HARD_STOP,1,0.5,0.3047306368997191,10.776843406665321,PRICE,TRAIN,2022-09
BBSE3.SA,SIDEWAYS_VOLATILE,-0.006399898191766361,0,TIME_STOP,21,-1.011631808716145,-1.5978213489965665,11.181887546317041,PRICE,TRAIN,2022-09
BBSE3.SA,SIDEWAYS_CALM,-0.005167004040124844,0,TIME_STOP,29,-0.3281225834354615,0.1819155645446509,28.42373223369484,PRICE,TRAIN,2022-09
BBSE3.SA,SIDEWAYS_CALM,-0.003113299138367019,0,TIME_STOP,17,-0.7936095824089748,0.829825875229467,5.250706030797381,PRICE,TEST,2022-09
BBSE3.SA,SIDEWAYS_CALM,-0.007270173625465025,0,END_CLOSED,8,0.6768708287050847,0.8180550088502556,1.653958551268321,PRICE,TEST,2022-09
BBDC4.SA,BULL_CALM,0.0694175511162359,1,SIGNAL,42,0.5,1.0378294648429678,34.30961849152067,PRICE,TRAIN,2022-09
BBDC3.SA,BULL_CALM,0.057349956415443916,1,SIGNAL,41,0.5,0.6644660705683437,34.30961849152067,PRICE,TRAIN,2022-09
BPAC11.SA,BEAR_CALM,-0.05176673321681859,0,HARD_STOP,4,0.5,1.0563741454770412,6.843531760573113,PRICE,TRAIN,2022-09
BPAC11.SA,BEAR_CALM,0.0065400418325470625,1,STOP_TECNICO,11,0.5,0.35564173250508785,4.631653351477086,PRICE,TRAIN,2022-09
BPAC11.SA,BEAR_CALM,0.23444811970827048,1,BEAR_OPTIMIZED,19,0.5,-0.0703757871997283,6.955005803240832,PRICE,TRAIN,2022-09
BPAC11.SA,BULL_CALM,0.10958039354391355,1,SIGNAL,12,-0.4907986088492899,0.5354579128437821,4.503784277374717,PRICE,TEST,2022-09
BEEF3.SA,BEAR_VOLATILE,-0.051200000000000155,0,HARD_STOP,9,1.5330496308246044,1.1455626786566284,1000.0,PRICE,TRAIN,2022-09
BEEF3.SA,BEAR_VOLATILE,-0.05119999999999993,0,HARD_STOP,6,0.9124102209653296,1.3955976435109614,34.30961849152067,PRICE,TRAIN,2022-09
BEEF3.SA,BEAR_VOLATILE,0.35159795853275566,1,BEAR_OPTIMIZED,42,-1.5868072878861126,1.6234701454500786,34.30961849152067,PRICE,TRAIN,2022-09
BEEF3.SA,BEAR_CALM,-0.07708074987746319,0,HARD_STOP,17,-1.1959479212727389,0.14600000051092202,34.30961849152067,PRICE,TEST,2022-09
BEEF3.SA,BEAR_CALM,-0.002620419332224809,0,TIME_STOP,13,-0.5476960208983285,-2.131767000753813,10.071255205376984,PRICE,TEST,2022-09
BRAP4.SA,BEAR_CALM,-0.0720255259625944,0,HARD_STOP,10,1.047890681332221,-0.2204616042462639,20.15766952138057,PRICE,TRAIN,2022-09
BRAP4.SA,BEAR_VOLATILE,-0.013453855440625516,0,TIME_STOP,13,-0.9520136380553205,0.8636378878200779,15.252883145223077,PRICE,TRAIN,2022-09
BRAP4.SA,BEAR_CALM,0.07418620520000693,1,BEAR_OPTIMIZED,17,-1.7029974207520784,-0.07121001960917313,14.020320063781393,PRICE,TRAIN,2022-09
BRAP4.SA,BEAR_CALM,0.10248974637655425,1,BEAR_OPTIMIZED,17,0.7476297820611574,0.10389327731209093,5.494028265420486,PRICE,TRAIN,2022-09
BRAP4.SA,BEAR_CALM,0.13509764031983504,1,BEAR_OPTIMIZED,9,0.3120924238272335,0.5852985744345447,6.193493784400231,PRICE,TEST,2022-09
BRKM5.SA,BEAR_CALM,-0.06752155442188326,0,HARD_STOP,5,0.5,-1.5360600266949433,5.0587902909929765,PRICE,TRAIN,2022-09
BRKM5.SA,BEAR_VOLATILE,-0.07217203953889509,0,HARD_STOP,7,0.5,-0.4004055964603711,11.11860283105053,PRICE,TRAIN,2022-09
BRKM5.SA,BEAR_VOLATILE,0.00880000000000001,1,STOP_TECNICO,59,0.5,1.4685492257226798,34.30961849152067,PRICE,TRAIN,2022-09
BRKM5.SA,BEAR_CALM,-0.09765778860860744,0,HARD_STOP,7,-1.5452278019545866,1.0403119108975103,34.30961849152067,PRICE,TEST,2022-09
COGN3.SA,SIDEWAYS_VOLATILE,-0.05119999999999993,0,HARD_STOP,5,0.5,0.7496433145818967,6.50269843046347,PRICE,TRAIN,2022-09
COGN3.SA,BEAR_VOLATILE,-0.0531479225368088,0,HARD_STOP,7,0.5,0.46527062036718053,11.86745166509523,PRICE,TRAIN,2022-09
COGN3.SA,BEAR_VOLATILE,-0.057803691857745275,0,HARD_STOP,7,0.5,-0.5693003441139679,34.30961849152067,PRICE,TRAIN,2022-09
COGN3.SA,BEAR_CALM,0.0039282128560581345,1,STOP_TECNICO,58,0.5,0.33167147503905836,34.30961849152067,PRICE,TRAIN,2022-09
COGN3.SA,BEAR_VOLATILE,-0.023299414251708915,0,TIME_STOP,14,-1.1917422214117153,-0.28908055226957846,5.907866725332008,PRICE,TRAIN,2022-09
COGN3.SA,BEAR_CALM,0.10384196233596374,1,BEAR_OPTIMIZED,4,-2.1471262694470505,0.87182208107937,21.431843638633946,PRICE,TEST,2022-09
CMIG4.SA,SIDEWAYS_CALM,0.10428523981707846,1,SIGNAL,20,0.09536918807571906,-0.8013361194895715,4.734644924367809,PRICE,TEST,2022-09
CMIG4.SA,BEAR_VOLATILE,-0.07080363138093829,0,HARD_STOP,2,0.5462665473293454,-1.875748360673963,4.211228159928867,PRICE,TEST,2022-09
CMIG4.SA,BEAR_VOLATILE,0.021905315969570884,1,BEAR_OPTIMIZED,1,1.5985864952065298,-1.9431326021243993,16.803174688832705,PRICE,TEST,2022-09
CMIG4.SA,BEAR_VOLATILE,0.0015274595154023197,1,BEAR_OPTIMIZED,3,1.4972724652739424,-2.1012695151835894,13.656080431570766,PRICE,TEST,2022-09
CMIG4.SA,BEAR_VOLATILE,-0.0012,0,END_CLOSED,0,1.2259660688024066,-1.3496151223459298,17.475628334787583,PRICE,TEST,2022-09
CMIN3.SA,BEAR_CALM,-0.024729465136726046,0,BEAR_OPTIMIZED,1,0.5,0.3883558166754117,5.6617521565528675,PRICE,TRAIN,2022-09
CMIN3.SA,BEAR_CALM,0.07455750839256611,1,BEAR_OPTIMIZED,1,0.5,0.3857731948907433,7.502927258947013,PRICE,TRAIN,2022-09
CMIN3.SA,BULL_CALM,0.00880000000000001,1,STOP_TECNICO,19,0.5,-0.8902823220825096,17.3928384927453,PRICE,TRAIN,2022-09
CMIN3.SA,BULL_CALM,-0.051200000000000044,0,HARD_STOP,7,0.5,0.4942714185690655,8.502573853750555,PRICE,TRAIN,2022-09
CMIN3.SA,BULL_CALM,0.00880000000000001,1,STOP_TECNICO,22,-0.0863689841670177,0.5756187765006393,6.109469203056141,PRICE,TRAIN,2022-09
CMIN3.SA,BULL_CALM,-0.05484819564052892,0,HARD_STOP,4,0.30724335277234494,1.1594260103645655,4.222856621869156,PRICE,TRAIN,2022-09
CMIN3.SA,BULL_CALM,-0.051200000000000044,0,HARD_STOP,2,0.19054828895360665,0.9565516556537569,2.796691837712745,PRICE,TRAIN,2022-09
CMIN3.SA,BULL_CALM,0.00566500267052792,1,STOP_TECNICO,20,-1.5682859676955254,1.751433356995578,2.7632423437816698,PRICE,TRAIN,2022-09
CMIN3.SA,BULL_CALM,-0.014622781056350419,0,TIME_STOP,12,-0.5718576628347513,-0.1118146156466976,4.702062906607234,PRICE,TRAIN,2022-09
CMIN3.SA,BULL_CALM,-0.051200000000000044,0,HARD_STOP,3,-0.6360681118027229,0.46601584695560677,5.812521655789567,PRICE,TRAIN,2022-09
CMIN3.SA,BULL_CALM,-0.054073693158830725,0,HARD_STOP,9,-1.4787148982494187,-0.8062677382481177,4.87648968105764,PRICE,TRAIN,2022-09
CMIN3.SA,BULL_CALM,0.00880000000000001,1,STOP_TECNICO,28,-0.12094089454215101,0.8991538572207419,6.94536277777837,PRICE,TRAIN,2022-09
CMIN3.SA,SIDEWAYS_CALM,-0.02052366372404426,0,TIME_STOP,12,0.5721727504781171,0.5653581025103048,7.981361057953424,PRICE,TRAIN,2022-09
CMIN3.SA,SIDEWAYS_CALM,0.01570837032792092,1,END_CLOSED,11,-1.0842641969831774,0.4328806589862649,6.214242762193852,PRICE,TRAIN,2022-09
CPFE3.SA,BULL_CALM,0.06957006888806058,1,SIGNAL,9,0.5,-1.5314913765086966,3.5432189810528305,PRICE,TRAIN,2022-09
CPFE3.SA,SIDEWAYS_CALM,-0.02825182357763447,0,TIME_STOP,25,0.5,-0.7294769917262661,2.2033967125298,PRICE,TRAIN,2022-09
CPFE3.SA,BEAR_CALM,-0.039758761836982036,0,BEAR_OPTIMIZED,1,0.5,0.4224944535898285,2.251306007505993,PRICE,TRAIN,2022-09
CPFE3.SA,BEAR_VOLATILE,0.01564146960218591,1,BEAR_OPTIMIZED,1,0.5,1.0327371841986406,4.584564029567606,PRICE,TRAIN,2022-09
CPFE3.SA,BEAR_VOLATILE,0.012019981555160798,1,BEAR_OPTIMIZED,1,0.5,0.8797923262523056,4.012062700705369,PRICE,TRAIN,2022-09
CPFE3.SA,BEAR_CALM,0.02463491024529483,1,BEAR_OPTIMIZED,1,0.5,-1.0757329261027233,5.530332866930005,PRICE,TRAIN,2022-09
CPFE3.SA,BEAR_CALM,0.005189796342626486,1,BEAR_OPTIMIZED,1,0.5,1.4004171248618071,4.33399021420159,PRICE,TRAIN,2022-09
CPFE3.SA,BEAR_VOLATILE,0.03493247340169212,1,BEAR_OPTIMIZED,1,0.5,0.015508430682727734,5.89127704793992,PRICE,TRAIN,2022-09
CPFE3.SA,BEAR_VOLATILE,-0.008949432374557496,0,BEAR_OPTIMIZED,1,0.5,0.3810329868729292,4.285311230165514,PRICE,TRAIN,2022-09
CPFE3.SA,BEAR_VOLATILE,-0.007063156204308106,0,BEAR_OPTIMIZED,1,0.5,-1.1403116995849478,4.152479246653921,PRICE,TRAIN,2022-09
CPFE3.SA,BEAR_VOLATILE,0.01068503727044754,1,BEAR_OPTIMIZED,8,0.5,-3.7684857360273405,3.8186257339615453,PRICE,TRAIN,2022-09
CPFE3.SA,BEAR_CALM,0.06660231754816923,1,BEAR_OPTIMIZED,11,0.5,-1.7437453839023767,7.609246663067773,PRICE,TRAIN,2022-09
CPFE3.SA,BULL_CALM,0.1150861452743622,1,SIGNAL,24,-0.16100084523474445,-0.0506188090626382,6.812358986650138,PRICE,TEST,2022-09
CPLE6.SA,SIDEWAYS_CALM,-0.019407421431632675,0,TIME_STOP,11,0.5,1.163525903841039,3.0504091480226143,PRICE,TRAIN,2022-09
CPLE6.SA,BEAR_VOLATILE,0.007597568982990223,1,BEAR_OPTIMIZED,1,0.5,-0.8094197594205128,14.760653595175434,PRICE,TRAIN,2022-09
CPLE6.SA,BEAR_CALM,-0.002690247471748751,0,BEAR_OPTIMIZED,3,0.5,-0.7993075200264788,18.147203372376982,PRICE,TRAIN,2022-09
CPLE6.SA,BULL_CALM,0.11580842087018003,1,SIGNAL,20,0.1957916913922582,0.49221011319521135,2.258102694756581,PRICE,TEST,2022-09
CXSE3.SA,BULL_CALM,0.04870754617383786,1,SIGNAL,10,-1.4252464406154828,-1.192594181923112,7.089986852595352,PRICE,TEST,2022-09
CSNA3.SA,BEAR_CALM,-0.003637230064402107,0,BEAR_OPTIMIZED,3,0.5,-0.8747409071475674,9.485157486916334,PRICE,TRAIN,2022-09
CSNA3.SA,SIDEWAYS_VOLATILE,-0.008267068286422007,0,STOP_TECNICO,34,0.5,0.21789581476284114,10.432253825125985,PRICE,TRAIN,2022-09
CSNA3.SA,SIDEWAYS_CALM,-0.05308680969056114,0,HARD_STOP,2,-0.0649732525066617,-1.8291745199151301,11.054629282837727,PRICE,TRAIN,2022-09
CSNA3.SA,SIDEWAYS_CALM,-0.03194557738036099,0,TIME_STOP,14,-0.6279036309704928,0.0005561060866223401,9.768476383824268,PRICE,TRAIN,2022-09
CSNA3.SA,BEAR_CALM,-0.051200000000000044,0,HARD_STOP,2,-0.5593824805154014,-0.6909766876651366,5.384762815465098,PRICE,TRAIN,2022-09
CSNA3.SA,SIDEWAYS_CALM,-0.04382033796650033,0,TIME_STOP,18,-0.3842223663351704,-1.7010045819067954,2.5980128858559266,PRICE,TRAIN,2022-09
CSNA3.SA,BEAR_CALM,0.029594139441457036,1,BEAR_OPTIMIZED,2,-0.5363635785284159,-1.3092515132040852,2.8459358726649318,PRICE,TRAIN,2022-09
CSNA3.SA,BEAR_CALM,0.01993823054870223,1,BEAR_OPTIMIZED,2,-0.30331531671304707,0.015573087986862662,1.690039614452455,PRICE,TRAIN,2022-09
CSNA3.SA,BEAR_CALM,-0.035354076932449206,0,TIME_STOP,12,-0.11693825358755436,-0.4240306978125878,3.0877167089062896,PRICE,TRAIN,2022-09
CSNA3.SA,BEAR_CALM,0.0531933589163339,1,BEAR_OPTIMIZED,7,1.2943330804970745,-0.6575919950907705,6.264694117460628,PRICE,TRAIN,2022-09
CSNA3.SA,BEAR_CALM,-0.020920623365549694,0,END_CLOSED,2,0.1777366979483249,0.9344014494526036,6.274003375049595,PRICE,TRAIN,2022-09
CSNA3.SA,BEAR_CALM,0.1558775532036075,1,BEAR_OPTIMIZED,11,0.5802570105775151,0.7248589492044579,11.919526367108165,PRICE,TEST,2022-09
CVCB3.SA,BEAR_VOLATILE,-0.07902105674780904,0,HARD_STOP,5,0.5,-0.8729533642315996,12.565834734731055,PRICE,TRAIN,2022-09
CVCB3.SA,BEAR_VOLATILE,-0.07447582743857364,0,HARD_STOP,3,0.5,0.5441262605808044,34.30961849152067,PRICE,TRAIN,2022-09
CVCB3.SA,BEAR_VOLATILE,-0.06943547585419144,0,HARD_STOP,2,0.5,1.548870026798634,34.30961849152067,PRICE,TRAIN,2022-09
CVCB3.SA,BEAR_VOLATILE,-0.05400522779812136,0,HARD_STOP,1,0.5,-0.7950565498637614,16.14097984664376,PRICE,TRAIN,2022-09
CVCB3.SA,BEAR_CALM,-0.03203697525593232,0,STOP_TECNICO,3,1.6487526828735588,-0.581367546528117,1000.0,PRICE,TRAIN,2022-09
CVCB3.SA,BEAR_CALM,-0.01179907219625722,0,STOP_TECNICO,2,1.495153055438131,-0.8062555209205475,20.413922560931223,PRICE,TRAIN,2022-09
CYRE3.SA,SIDEWAYS_CALM,-0.05119999999999993,0,HARD_STOP,6,-0.23774224466431956,0.026289220365842775,34.30961849152067,PRICE,TEST,2022-09
DIRR3.SA,BEAR_VOLATILE,0.04115290518162316,1,BEAR_OPTIMIZED,1,-1.449936332958617,0.6907041613905028,34.30961849152067,PRICE,TEST,2022-09
ECOR3.SA,BEAR_CALM,-0.12374902501263088,0,HARD_STOP,6,0.5,-0.2653328779872858,8.97027613113084,PRICE,TRAIN,2022-09
ECOR3.SA,BEAR_CALM,-0.06358529506276614,0,HARD_STOP,7,0.5,-0.5213998885651295,5.796444568339594,PRICE,TRAIN,2022-09
ECOR3.SA,BEAR_VOLATILE,-0.051200000000000044,0,HARD_STOP,10,0.5,-0.02202875236381458,6.568510013703786,PRICE,TRAIN,2022-09
ECOR3.SA,BEAR_CALM,-0.004987755904544276,0,STOP_TECNICO,21,0.5,-2.3227477163288968,6.641360040034556,PRICE,TRAIN,2022-09
ECOR3.SA,BULL_CALM,0.1687999097069873,1,SIGNAL,18,-0.7747962988029226,0.12754580556973338,4.74433993001708,PRICE,TEST,2022-09
EGIE3.SA,SIDEWAYS_CALM,0.07006998094930492,1,SIGNAL,23,0.21757726028998664,1.5086302935012672,4.6137580200988815,PRICE,TEST,2022-09
ELET3.SA,BEAR_CALM,0.2697168657157173,1,BEAR_OPTIMIZED,78,0.5,-0.029113996067134492,34.30961849152067,PRICE,TRAIN,2022-09
ELET6.SA,BEAR_VOLATILE,-0.051200000000000044,0,HARD_STOP,7,0.5,0.966620366748432,34.30961849152067,PRICE,TRAIN,2022-09
ELET6.SA,BEAR_VOLATILE,-0.0035001387810180903,0,TIME_STOP,11,0.5,0.7353993527314276,34.30961849152067,PRICE,TRAIN,2022-09
ELET6.SA,BEAR_CALM,0.2222570190717655,1,BEAR_OPTIMIZED,49,0.5,-1.338825765264198,34.30961849152067,PRICE,TRAIN,2022-09
EMBR3.SA,BEAR_CALM,-0.051200000000000044,0,HARD_STOP,5,0.5,1.5482533431409518,20.29807191241664,PRICE,TRAIN,2022-09
EMBR3.SA,BEAR_CALM,-0.06203082228704306,0,HARD_STOP,4,0.5,1.320643135252851,21.376148096243593,PRICE,TRAIN,2022-09
EMBR3.SA,BEAR_CALM,-0.07051468077256909,0,HARD_STOP,1,0.5,0.5892853727265226,12.666197501003492,PRICE,TRAIN,2022-09
EMBR3.SA,BEAR_CALM,-0.08426960722722568,0,HARD_STOP,9,0.5,0.28765544438673213,8.17297258904463,PRICE,TRAIN,2022-09
EMBR3.SA,BEAR_CALM,0.3052646179743582,1,BEAR_OPTIMIZED,90,0.5,1.4413950948931509,8.257971317294654,PRICE,TRAIN,2022-09
ENEV3.SA,BEAR_CALM,-0.0019587426897029955,0,TIME_STOP,15,0.5,1.5450253294096754,34.30961849152067,PRICE,TRAIN,2022-09
ENEV3.SA,BEAR_CALM,-0.03540838201599319,0,TIME_STOP,12,0.5,-3.2707089907532185,32.663420019377575,PRICE,TRAIN,2022-09
ENEV3.SA,BEAR_CALM,-0.051200000000000044,0,HARD_STOP,9,0.5,-0.575424076317842,19.721841443534636,PRICE,TRAIN,2022-09
ENEV3.SA,BEAR_CALM,-0.028133137571867327,0,TIME_STOP,14,0.5,-0.5304097501480793,18.114649353418198,PRICE,TRAIN,2022-09
ENEV3.SA,BEAR_CALM,0.18531897248328164,1,BEAR_OPTIMIZED,17,-0.21151837196702503,-0.35917158091472223,12.504254728595052,PRICE,TEST,2022-09
EQTL3.SA,BULL_CALM,-0.004115569204968715,0,STOP_TECNICO,21,0.5,-0.1946954109809672,13.938546721988324,PRICE,TRAIN,2022-09
EQTL3.SA,BULL_VOLATILE,-0.01995221992079301,0,TIME_STOP,11,0.5,-0.21021756197033725,13.544405186477315,PRICE,TRAIN,2022-09
EQTL3.SA,BULL_CALM,-0.003454784445995361,0,TIME_STOP,12,0.5,-1.6061024265403876,6.592992175490326,PRICE,TRAIN,2022-09
EQTL3.SA,BULL_CALM,-0.028185944896390834,0,TIME_STOP,11,0.5,0.055666752710424365,4.961963695003263,PRICE,TRAIN,2022-09
EQTL3.SA,BULL_CALM,-0.015363334757191892,0,TIME_STOP,22,0.5,-0.654850197537004,7.030746896980637,PRICE,TRAIN,2022-09
EQTL3.SA,BULL_CALM,-0.03539770789595755,0,TIME_STOP,11,0.5,0.21339181747039893,3.2962356953376313,PRICE,TRAIN,2022-09
EQTL3.SA,BEAR_VOLATILE,0.0008088466062475608,1,BEAR_OPTIMIZED,1,0.5,0.998544024582206,5.285536452236837,PRICE,TRAIN,2022-09
EQTL3.SA,SIDEWAYS_VOLATILE,-0.003587659848336887,0,TIME_STOP,18,0.5,1.3649584926228069,6.214585849154351,PRICE,TRAIN,2022-09
EQTL3.SA,BULL_CALM,0.013458008080468133,1,END_CLOSED,2,-0.7169939222960671,0.4769295573708379,9.31538636734993,PRICE,TRAIN,2022-09
ENGI11.SA,SIDEWAYS_CALM,-0.007388400902446544,0,TIME_STOP,11,0.5,1.3602584888392046,5.177675632481396,PRICE,TRAIN,2022-09
ENGI11.SA,BEAR_VOLATILE,0.030792098871648,1,BEAR_OPTIMIZED,2,0.5,1.533477022699554,6.288598197331111,PRICE,TRAIN,2022-09
ENGI11.SA,BEAR_VOLATILE,0.0028778290196374914,1,BEAR_OPTIMIZED,1,0.5,0.8697852467999441,6.559057666093145,PRICE,TRAIN,2022-09
ENGI11.SA,BEAR_VOLATILE,-0.0019188654132952442,0,BEAR_OPTIMIZED,1,0.5,0.1895474786015693,7.139503583573477,PRICE,TRAIN,2022-09
ENGI11.SA,BEAR_CALM,0.012281026845191036,1,BEAR_OPTIMIZED,7,0.5,0.7796362424153709,8.54024866513252,PRICE,TRAIN,2022-09
ENGI11.SA,BEAR_CALM,0.025244594291770374,1,BEAR_OPTIMIZED,1,0.5,1.301230149642842,9.09012572724938,PRICE,TRAIN,2022-09
ENGI11.SA,BEAR_CALM,0.038068437600900486,1,BEAR_OPTIMIZED,5,0.5,0.7974927850055007,7.498303088466086,PRICE,TRAIN,2022-09
ENGI11.SA,BEAR_CALM,-0.026695098825370488,0,TIME_STOP,15,0.5,0.7498794677650059,2.7105644859956115,PRICE,TRAIN,2022-09
ENGI11.SA,BEAR_VOLATILE,-0.051200000000000044,0,HARD_STOP,18,0.5,-0.6919502598406571,3.7180233232968134,PRICE,TRAIN,2022-09
ENGI11.SA,BEAR_CALM,0.13034294616875516,1,BEAR_OPTIMIZED,13,0.5,-2.260489252420614,6.444589291236213,PRICE,TRAIN,2022-09
FLRY3.SA,BEAR_VOLATILE,-0.010134970377546203,0,STOP_TECNICO,21,0.5,0.4192065512131246,27.975209002410374,PRICE,TRAIN,2022-09
EZTC3.SA,BULL_CALM,-0.051200000000000044,0,HARD_STOP,7,0.5,0.3881924922105433,19.577110835720365,PRICE,TRAIN,2022-09
EZTC3.SA,BULL_CALM,0.0052804526967783275,1,STOP_TECNICO,34,0.5,-2.6555276388930262,10.679384374200602,PRICE,TRAIN,2022-09
EZTC3.SA,BEAR_VOLATILE,-0.051200000000000044,0,HARD_STOP,5,1.0311064216249322,0.27927625518540894,1000.0,PRICE,TEST,2022-09
GGBR4.SA,SIDEWAYS_CALM,-0.015184250777973717,0,TIME_STOP,21,0.5,-0.5232178546685097,34.30961849152067,PRICE,TRAIN,2022-09
GGBR4.SA,SIDEWAYS_CALM,-0.015421974463340836,0,TIME_STOP,15,1.0110107882377588,-0.9122585693131873,24.907162804137542,PRICE,TRAIN,2022-09
GGBR4.SA,SIDEWAYS_CALM,-0.001609385034019105,0,TIME_STOP,13,-0.707517777218267,0.053535383454799364,5.665513771779324,PRICE,TRAIN,2022-09
GGBR4.SA,BEAR_VOLATILE,0.12362624444993839,1,BEAR_OPTIMIZED,23,0.5621767524451983,0.5104740790689083,34.30961849152067,PRICE,TEST,2022-09
GOAU4.SA,SIDEWAYS_VOLATILE,-0.006477049498726316,0,TIME_STOP,16,0.5,0.50038480683788,34.30961849152067,PRICE,TRAIN,2022-09
GOAU4.SA,SIDEWAYS_CALM,-0.05119999999999993,0,HARD_STOP,10,0.44966719925245663,0.7171534838029703,9.987898688336019,PRICE,TRAIN,2022-09
GOAU4.SA,SIDEWAYS_CALM,0.19480743221195027,1,SIGNAL,75,-1.3759087839312014,0.2597521564207534,3.3293490523891,PRICE,TRAIN,2022-09
GOAU4.SA,BEAR_VOLATILE,0.13543363259361882,1,BEAR_OPTIMIZED,17,1.0722550387721912,0.7425604021386595,34.30961849152067,PRICE,TEST,2022-09
HAPV3.SA,BEAR_CALM,-0.051200000000000044,0,HARD_STOP,1,0.5,0.2363665219144873,3.4658341716019394,PRICE,TRAIN,2022-09
HAPV3.SA,BEAR_CALM,-0.10778304361032212,0,HARD_STOP,6,0.5,-1.4598319458196929,2.9593487198271826,PRICE,TRAIN,2022-09
HAPV3.SA,BEAR_VOLATILE,-0.051200000000000044,0,HARD_STOP,1,0.5,-0.75370189345431,34.30961849152067,PRICE,TRAIN,2022-09
HAPV3.SA,BEAR_VOLATILE,-0.051200000000000044,0,HARD_STOP,8,0.5,-0.6790721862647987,1000.0,PRICE,TRAIN,2022-09
HAPV3.SA,BEAR_VOLATILE,-0.051200000000000044,0,HARD_STOP,2,0.5,-0.2951177138336697,1000.0,PRICE,TRAIN,2022-09
HAPV3.SA,BEAR_CALM,0.00880000000000001,1,STOP_TECNICO,14,0.5,0.6849538033311153,34.30961849152067,PRICE,TRAIN,2022-09
HAPV3.SA,BEAR_CALM,0.00880000000000001,1,STOP_TECNICO,2,0.5,0.037210413875215766,34.30961849152067,PRICE,TRAIN,2022-09
HAPV3.SA,BEAR_VOLATILE,-0.051200000000000044,0,HARD_STOP,1,0.5,-3.9754923892428446,4.672875804992349,PRICE,TRAIN,2022-09
HAPV3.SA,BEAR_VOLATILE,0.00880000000000001,1,STOP_TECNICO,1,0.5,-3.770100502160532,1000.0,PRICE,TRAIN,2022-09
HAPV3.SA,BEAR_VOLATILE,1.2513772803959944,1,END_CLOSED,183,0.5,-2.7255187060811936,1000.0,PRICE,TRAIN,2022-09
HAPV3.SA,SIDEWAYS_CALM,-0.051200000000000044,0,HARD_STOP,2,0.5675698534901351,0.5145252322912275,11.465208868463932,PRICE,TEST,2022-09
HYPE3.SA,BULL_CALM,0.09953646010640113,1,SIGNAL,6,0.5,-1.9959245873598552,11.28360641266918,PRICE,TRAIN,2022-09
HYPE3.SA,BULL_CALM,-0.05119999999999993,0,HARD_STOP,6,0.5,0.9293782044504489,10.140363930177529,PRICE,TRAIN,2022-09
HYPE3.SA,BULL_VOLATILE,-0.051200000000000044,0,HARD_STOP,2,0.5,1.0248878069821217,6.539728030740651,PRICE,TRAIN,2022-09
HYPE3.SA,BULL_VOLATILE,-0.05119999999999993,0,HARD_STOP,8,0.5,0.9982841606017857,6.824634957266457,PRICE,TRAIN,2022-09
HYPE3.SA,SIDEWAYS_VOLATILE,0.00880000000000001,1,STOP_TECNICO,22,0.5,1.3306144032324754,8.052907291288914,PRICE,TRAIN,2022-09
HYPE3.SA,SIDEWAYS_CALM,-0.009060922930618796,0,STOP_TECNICO,55,0.5,-0.3340713501408644,9.596847168856984,PRICE,TRAIN,2022-09
HYPE3.SA,SIDEWAYS_VOLATILE,-0.051200000000000155,0,HARD_STOP,4,0.5,-0.9284320742248982,4.765337985477297,PRICE,TRAIN,2022-09
HYPE3.SA,BEAR_VOLATILE,0.009006278129248459,1,BEAR_OPTIMIZED,1,0.5,-0.22464322978883572,6.164716133150433,PRICE,TRAIN,2022-09
HYPE3.SA,BEAR_VOLATILE,-0.005591402278567824,0,BEAR_OPTIMIZED,3,0.5,-0.2130514526711618,7.576481968362368,PRICE,TRAIN,2022-09
HYPE3.SA,BEAR_CALM,0.02177395412968717,1,BEAR_OPTIMIZED,1,-0.8433230364202744,1.4294150624407267,14.449462692251648,PRICE,TRAIN,2022-09
HYPE3.SA,BEAR_CALM,-0.020090577866689795,0,BEAR_OPTIMIZED,1,-0.8835461265444509,0.8383577136065199,12.269524070202177,PRICE,TRAIN,2022-09
HYPE3.SA,BEAR_VOLATILE,-0.0027837631895454504,0,TIME_STOP,13,-1.033415025895585,0.39718998054236027,34.30961849152067,PRICE,TRAIN,2022-09
HYPE3.SA,BEAR_CALM,0.05125910368117501,1,BEAR_OPTIMIZED,15,-0.7167793644836845,1.5634354939505308,34.30961849152067,PRICE,TRAIN,2022-09
HYPE3.SA,BEAR_VOLATILE,-0.0037942854759859465,0,END_CLOSED,2,0.993270029952514,0.21799970497845983,1000.0,PRICE,TRAIN,2022-09
HYPE3.SA,BEAR_VOLATILE,-0.0744642275235067,0,HARD_STOP,4,-1.3597693560905102,-0.6032362818081479,34.30961849152067,PRICE,TEST,2022-09
HYPE3.SA,BEAR_VOLATILE,0.15597573735113487,1,END_CLOSED,37,-0.3427301985661785,-1.2557571341488016,34.30961849152067,PRICE,TEST,2022-09
IGTI11.SA,BULL_CALM,-0.05119999999999993,0,HARD_STOP,4,0.5,0.189600043164638,10.816027607923699,PRICE,TRAIN,2022-09
IGTI11.SA,BULL_CALM,0.06154693649422991,1,SIGNAL,31,0.5,-0.5199998251601387,7.397528998216613,PRICE,TRAIN,2022-09
IRBR3.SA,BEAR_VOLATILE,-0.017460223956835462,0,TIME_STOP,12,0.5,-1.2087091340279552,16.870316064050435,PRICE,TRAIN,2022-09
IRBR3.SA,BEAR_VOLATILE,-0.051200000000000044,0,HARD_STOP,1,0.5,-2.0806407509398057,34.30961849152067,PRICE,TRAIN,2022-09
IRBR3.SA,BEAR_CALM,-0.06369995742525184,0,HARD_STOP,1,0.5,-0.22903506798110704,34.30961849152067,PRICE,TRAIN,2022-09
IRBR3.SA,BEAR_CALM,-0.05624590527255315,0,HARD_STOP,4,0.5,-1.1043353263396032,34.30961849152067,PRICE,TRAIN,2022-09
IRBR3.SA,BEAR_CALM,-0.09465788894880958,0,HARD_STOP,5,0.5,0.5081722192992121,34.30961849152067,PRICE,TRAIN,2022-09
IRBR3.SA,BULL_CALM,0.08720616283178292,1,SIGNAL,13,-1.4545766279960965,0.32893064059694566,2.378977573427503,PRICE,TEST,2022-09
ITSA4.SA,SIDEWAYS_CALM,0.1349204110666041,1,SIGNAL,41,0.5,0.16552750893963772,34.30961849152067,PRICE,TRAIN,2022-09
ITSA4.SA,SIDEWAYS_CALM,0.04347352232711286,1,SIGNAL,14,-0.07395941673314273,1.0911256608336117,8.191981787905226,PRICE,TEST,2022-09
KLBN11.SA,BEAR_CALM,-0.02310177695239548,0,TIME_STOP,11,0.5,-0.24821971151579011,2.8116891073300936,PRICE,TRAIN,2022-09
KLBN11.SA,BEAR_VOLATILE,-0.004500270100362712,0,TIME_STOP,12,-0.8975437343073803,0.7219255766038503,11.047217953140969,PRICE,TRAIN,2022-09
KLBN11.SA,BULL_CALM,-0.014537466780071527,0,TIME_STOP,11,0.501496473030247,0.9706442556609179,5.47265135464504,PRICE,TEST,2022-09
KLBN11.SA,SIDEWAYS_CALM,-0.021048816956094195,0,END_CLOSED,7,0.0380582445882232,-2.20281619740281,7.649647548176277,PRICE,TEST,2022-09
LREN3.SA,BULL_CALM,-0.002317263569233584,0,TIME_STOP,11,0.5,0.4273382551495332,12.843822986750173,PRICE,TRAIN,2022-09
LREN3.SA,BULL_CALM,-0.011583025937048762,0,STOP_TECNICO,30,0.5,1.8237733331388353,6.148346973552191,PRICE,TRAIN,2022-09
LREN3.SA,BEAR_CALM,-0.005487550341535606,0,STOP_TECNICO,2,1.4735481962376265,-0.9898896681689298,24.594373020738715,PRICE,TRAIN,2022-09
LREN3.SA,BEAR_CALM,0.37652225781139415,1,END_CLOSED,39,1.2020300839859228,1.9451502239897442,34.30961849152067,PRICE,TEST,2022-09
LWSA3.SA,BULL_CALM,-0.051200000000000155,0,HARD_STOP,7,0.5,-1.6721074049523559,33.87527985758344,PRICE,TRAIN,2022-09
LWSA3.SA,BULL_CALM,-0.051200000000000044,0,HARD_STOP,7,0.5,0.7686133739353094,21.675626396637366,PRICE,TRAIN,2022-09
LWSA3.SA,BULL_CALM,0.00880000000000001,1,STOP_TECNICO,8,0.5,-2.256269372179259,17.908784530589667,PRICE,TRAIN,2022-09
LWSA3.SA,BULL_CALM,0.021776990129572217,1,SIGNAL,7,0.5,-0.08775074809234187,6.259039149529497,PRICE,TRAIN,2022-09
LWSA3.SA,BEAR_CALM,-0.0617536551326169,0,HARD_STOP,7,-2.2569402185549583,-1.172532839325664,11.307371432025223,PRICE,TEST,2022-09
MGLU3.SA,BEAR_CALM,0.00880000000000001,1,STOP_TECNICO,4,0.5,-0.3727161482264414,34.30961849152067,PRICE,TRAIN,2022-09
MGLU3.SA,BEAR_CALM,-0.051200000000000044,0,HARD_STOP,2,0.5,0.7597515140292724,32.937865535162295,PRICE,TRAIN,2022-09
MGLU3.SA,SIDEWAYS_CALM,-0.051200000000000044,0,HARD_STOP,2,0.5,0.36349092741154504,24.479344680586113,PRICE,TRAIN,2022-09
MGLU3.SA,BEAR_CALM,-0.06586509318539527,0,HARD_STOP,1,0.5,0.07484168052479855,13.208299553159573,PRICE,TRAIN,2022-09
MGLU3.SA,BULL_CALM,-0.051200000000000044,0,HARD_STOP,9,0.5,1.3509790598344267,16.52917584831517,PRICE,TRAIN,2022-09
MGLU3.SA,BEAR_CALM,-0.051200000000000044,0,HARD_STOP,1,0.5,-0.26727206572818746,10.94079186344556,PRICE,TRAIN,2022-09
MGLU3.SA,BEAR_CALM,-0.032088072535838695,0,STOP_TECNICO,2,-0.26305520146790445,0.09755863904489183,11.471767191778579,PRICE,TRAIN,2022-09
MGLU3.SA,BEAR_VOLATILE,-0.0674251545076934,0,HARD_STOP,1,0.029240442577102482,0.4234357937916246,1000.0,PRICE,TEST,2022-09
MGLU3.SA,BEAR_VOLATILE,0.00880000000000001,1,STOP_TECNICO,4,-1.745019822699723,0.7197227526764334,1000.0,PRICE,TEST,2022-09
MRVE3.SA,BEAR_VOLATILE,-0.051200000000000155,0,HARD_STOP,17,0.5,-1.2683482836861735,6.762647219921452,PRICE,TRAIN,2022-09
MRVE3.SA,BEAR_VOLATILE,0.22695536003173986,1,BEAR_OPTIMIZED,16,-1.0141484472732523,-0.5951476265155748,34.30961849152067,PRICE,TEST,2022-09
MULT3.SA,BEAR_VOLATILE,0.13647399977756933,1,BEAR_OPTIMIZED,10,0.5,0.5003658804748328,22.47165943825989,PRICE,TRAIN,2022-09
MULT3.SA,SIDEWAYS_CALM,0.006884233685135223,1,END_CLOSED,8,0.9138547182888954,0.10018307113495993,5.1794236120010035,PRICE,TRAIN,2022-09
PCAR3.SA,BEAR_VOLATILE,-0.0026388132833250685,0,TIME_STOP,11,0.5,-0.28623429112733584,34.30961849152067,PRICE,TRAIN,2022-09
PCAR3.SA,BEAR_VOLATILE,-0.5121573091776414,0,HARD_STOP,1,0.5027917158702101,-7.9445572087683,5.9932864405041,PRICE,TRAIN,2022-09
PCAR3.SA,BEAR_VOLATILE,0.0006975766447872911,1,STOP_TECNICO,1,0.7586464169829563,-5.456671091088145,1000.0,PRICE,TRAIN,2022-09
PCAR3.SA,BEAR_VOLATILE,-0.005248579088026693,0,STOP_TECNICO,1,0.38048816911980937,-4.542278455206031,1000.0,PRICE,TRAIN,2022-09
PCAR3.SA,BEAR_VOLATILE,-0.016221394230966045,0,STOP_TECNICO,2,1.0633863128670424,-3.8854024719833027,1000.0,PRICE,TRAIN,2022-09
PETR3.SA,BULL_VOLATILE,-0.051200000000000044,0,HARD_STOP,4,0.5,-0.9739219527933087,3.4543593513558104,PRICE,TRAIN,2022-09
PETR3.SA,BULL_VOLATILE,0.00880000000000001,1,STOP_TECNICO,33,0.5,-0.6520176076058776,10.795405321001345,PRICE,TRAIN,2022-09
PETR3.SA,SIDEWAYS_CALM,-0.09923212368770343,0,HARD_STOP,1,0.5,1.3923784063230078,12.472116218918286,PRICE,TRAIN,2022-09
PETR3.SA,BEAR_VOLATILE,0.023066072561498487,1,BEAR_OPTIMIZED,1,0.5,-0.3150959956605089,15.228086377393856,PRICE,TRAIN,2022-09
PETR3.SA,SIDEWAYS_VOLATILE,-0.026888906462686178,0,TIME_STOP,12,0.5,-0.47511269049178667,13.809307836853318,PRICE,TRAIN,2022-09
PETR3.SA,SIDEWAYS_CALM,-0.051200000000000044,0,HARD_STOP,2,0.5,2.03203465135917,3.7609098313768325,PRICE,TRAIN,2022-09
PETR3.SA,BEAR_VOLATILE,0.020944497390023555,1,BEAR_OPTIMIZED,1,0.5,1.0007721333780075,5.501418492369723,PRICE,TRAIN,2022-09
PETR3.SA,BEAR_VOLATILE,-0.020755335105992832,0,BEAR_OPTIMIZED,1,0.5,1.8004050441040653,6.7045165068222925,PRICE,TRAIN,2022-09
PETR3.SA,BULL_CALM,-0.022769628815015784,0,TIME_STOP,11,-0.829116628100547,-0.4726800117811918,12.75885976150418,PRICE,TEST,2022-09
PETR3.SA,BULL_CALM,-0.004390275484608484,0,TIME_STOP,18,-1.1871230790149907,-2.277665002021584,4.700837352549839,PRICE,TEST,2022-09
PRIO3.SA,SIDEWAYS_VOLATILE,-0.059116277283130535,0,HARD_STOP,10,0.5,-0.7750520224427195,34.30961849152067,PRICE,TRAIN,2022-09
PRIO3.SA,SIDEWAYS_CALM,0.30370545328034726,1,SIGNAL,102,-0.1292200517781769,0.7929650201894123,34.30961849152067,PRICE,TRAIN,2022-09
PRIO3.SA,BULL_VOLATILE,-0.0024941847727948593,0,TIME_STOP,14,-0.47855303334036275,-2.94605631070046,3.597728757093661,PRICE,TEST,2022-09
PRIO3.SA,BULL_CALM,-0.051200000000000044,0,HARD_STOP,7,0.4486004035166547,1.1223954969984185,2.6572034324873237,PRICE,TEST,2022-09
PETR4.SA,BULL_VOLATILE,-0.05185401646605394,0,HARD_STOP,4,0.5,-1.9914627304224546,3.389619787099117,PRICE,TRAIN,2022-09
PETR4.SA,BULL_VOLATILE,-0.005661127734629366,0,TIME_STOP,12,0.5,-0.7897937080359736,11.766452920364777,PRICE,TRAIN,2022-09
PETR4.SA,SIDEWAYS_VOLATILE,0.00880000000000001,1,STOP_TECNICO,11,0.5,0.9058513883750308,22.621705665748717,PRICE,TRAIN,2022-09
PETR4.SA,BEAR_CALM,-0.025875860951327122,0,BEAR_OPTIMIZED,1,0.5,1.1154620037635923,21.223087927374394,PRICE,TRAIN,2022-09
PETR4.SA,BEAR_VOLATILE,0.029631011038040535,1,BEAR_OPTIMIZED,1,0.5,1.0056009787689069,32.145618702040984,PRICE,TRAIN,2022-09
PETR4.SA,BEAR_VOLATILE,0.00447204863780102,1,BEAR_OPTIMIZED,2,0.5,0.7844433631255525,23.639894033125003,PRICE,TRAIN,2022-09
PETR4.SA,BEAR_CALM,-0.051200000000000044,0,HARD_STOP,10,0.5,0.06588337638285854,4.334082402197451,PRICE,TRAIN,2022-09
PETR4.SA,BULL_CALM,-0.015872776167766632,0,TIME_STOP,11,-0.5385416942294626,-0.45909995873228676,14.938861466262553,PRICE,TEST,2022-09
PETR4.SA,BULL_CALM,-0.008681908971959106,0,END_CLOSED,3,0.37913627594455207,-0.43740822589749595,5.706404607241852,PRICE,TEST,2022-09
RAIL3.SA,BEAR_VOLATILE,0.10836410290039442,1,BEAR_OPTIMIZED,7,0.5,0.09288139900930491,15.04281354963756,PRICE,TRAIN,2022-09
RADL3.SA,SIDEWAYS_CALM,-0.05959981550529283,0,HARD_STOP,8,0.7331139796812342,-2.305938518210508,3.043403364888411,PRICE,TEST,2022-09
RADL3.SA,SIDEWAYS_VOLATILE,0.1168612520744122,1,SIGNAL,14,1.296177246332971,0.4339088766942245,5.77826395380481,PRICE,TEST,2022-09
RAIZ4.SA,BEAR_VOLATILE,-0.05162022027866133,0,HARD_STOP,2,0.5,2.177465896922744,34.30961849152067,PRICE,TRAIN,2022-09
RDOR3.SA,BEAR_CALM,0.18767388357131906,1,END_CLOSED,44,0.4844316133767986,-0.08672921844445948,32.19332757431199,PRICE,TEST,2022-09
RECV3.SA,BULL_CALM,0.21854078349118575,1,SIGNAL,41,0.5,0.17577570079652247,11.530278131219145,PRICE,TRAIN,2022-09
RECV3.SA,BULL_CALM,-0.0256744360776038,0,TIME_STOP,26,0.5,0.34811642540786747,7.655366824194407,PRICE,TRAIN,2022-09
RECV3.SA,SIDEWAYS_CALM,-0.051200000000000044,0,HARD_STOP,7,0.5,0.010847880307887631,8.979635672149413,PRICE,TRAIN,2022-09
RECV3.SA,BEAR_VOLATILE,-0.0021829767785097806,0,TIME_STOP,11,0.5,-2.748205213615781,1000.0,PRICE,TRAIN,2022-09
RECV3.SA,BEAR_VOLATILE,-0.02341140788470244,0,TIME_STOP,14,0.1857775070931176,-3.3808967445523987,34.30961849152067,PRICE,TRAIN,2022-09
RECV3.SA,BEAR_CALM,-0.051200000000000044,0,HARD_STOP,2,-0.5571055311540395,0.9569989404510922,25.134483796521085,PRICE,TRAIN,2022-09
RECV3.SA,BEAR_CALM,-0.06464890768072754,0,HARD_STOP,13,-0.18839663338345158,1.0394157486246098,27.97573896692679,PRICE,TRAIN,2022-09
RECV3.SA,BEAR_CALM,-0.051200000000000044,0,HARD_STOP,10,-0.9310224687293913,-1.0449918059939212,14.624977486586332,PRICE,TRAIN,2022-09
RECV3.SA,BEAR_CALM,-0.011633039474111782,0,TIME_STOP,18,-0.5827502128973862,1.2531527659618735,7.217459138150378,PRICE,TEST,2022-09
RENT3.SA,BEAR_VOLATILE,-0.051200000000000044,0,HARD_STOP,2,0.5,-0.20721120253038383,9.997038166254077,PRICE,TRAIN,2022-09
RENT3.SA,BEAR_VOLATILE,0.1796195580495353,1,BEAR_OPTIMIZED,36,0.5,0.1704205149757812,1000.0,PRICE,TRAIN,2022-09
RENT3.SA,BEAR_VOLATILE,0.14755385711086796,1,BEAR_OPTIMIZED,20,-2.0866547917139626,1.511761027561645,34.30961849152067,PRICE,TEST,2022-09
SANB11.SA,SIDEWAYS_CALM,-0.0038515844438527166,0,TIME_STOP,18,0.5,1.2071842235982395,11.177857937616807,PRICE,TRAIN,2022-09
SANB11.SA,BULL_CALM,-0.051200000000000155,0,HARD_STOP,8,0.5,-0.4393245748329489,22.943142519109994,PRICE,TRAIN,2022-09
SANB11.SA,SIDEWAYS_CALM,0.03042049878812523,1,SIGNAL,3,0.5,0.08059520211687987,8.309945372470283,PRICE,TRAIN,2022-09
SLCE3.SA,BEAR_CALM,-0.011506582618352822,0,TIME_STOP,11,0.883118507325696,-1.7374558519710335,21.97992829517249,PRICE,TRAIN,2022-09
SLCE3.SA,BEAR_CALM,0.11160125487566072,1,BEAR_OPTIMIZED,30,-0.9485619051093087,-2.6524034141729955,11.006805706174704,PRICE,TRAIN,2022-09
SLCE3.SA,BEAR_CALM,0.05770419805297009,1,BEAR_OPTIMIZED,11,0.44163124993968184,0.26984662626750683,19.112789155457005,PRICE,TEST,2022-09
SLCE3.SA,BEAR_CALM,0.0682444698373462,1,BEAR_OPTIMIZED,13,0.04429143466154548,1.1521598448951453,7.8141642166088054,PRICE,TEST,2022-09
SBSP3.SA,SIDEWAYS_CALM,-0.006038308270952884,0,TIME_STOP,24,0.5,0.10570705979231784,5.312385322296407,PRICE,TRAIN,2022-09
SBSP3.SA,SIDEWAYS_CALM,-0.028163310323721345,0,TIME_STOP,11,0.5,0.9478080094759624,3.8147305199243635,PRICE,TRAIN,2022-09
SBSP3.SA,BEAR_CALM,0.019975903428004572,1,BEAR_OPTIMIZED,1,0.08033869657518787,1.003863836459411,5.57861857600112,PRICE,TRAIN,2022-09
SBSP3.SA,SIDEWAYS_CALM,-0.013627322341179936,0,TIME_STOP,12,-1.6793030892256542,0.9888392745696406,7.632723598983265,PRICE,TRAIN,2022-09
SBSP3.SA,BEAR_CALM,-0.01856111023309117,0,BEAR_OPTIMIZED,2,-1.2728511490566625,0.9697900075069859,5.699912355480958,PRICE,TRAIN,2022-09
SBSP3.SA,BEAR_CALM,0.001265586465407288,1,BEAR_OPTIMIZED,1,-1.5522210070260527,0.44218960951666814,7.7170612280955915,PRICE,TRAIN,2022-09
SBSP3.SA,BEAR_CALM,-0.051200000000000044,0,HARD_STOP,2,-1.106573225834169,0.1429166180083896,8.342364613356338,PRICE,TRAIN,2022-09
SBSP3.SA,BEAR_VOLATILE,0.08696859886900929,1,BEAR_OPTIMIZED,7,-0.955151741095501,-0.5816636763423486,13.213190586149086,PRICE,TRAIN,2022-09
SBSP3.SA,BULL_CALM,0.0763762277675065,1,SIGNAL,22,-0.6963212261122274,0.8249240725702546,7.2237051472955525,PRICE,TEST,2022-09
SMFT3.SA,BEAR_CALM,-0.051200000000000044,0,HARD_STOP,5,0.5,0.608160411893423,3.924796501150724,PRICE,TRAIN,2022-09
SMFT3.SA,BEAR_VOLATILE,-0.0027686638184183585,0,STOP_TECNICO,14,0.5,0.26294952882634187,13.56758699827585,PRICE,TRAIN,2022-09
SMFT3.SA,BULL_CALM,0.17192663063531674,1,SIGNAL,20,0.8554615907457913,0.6843959671647538,5.9870642892254455,PRICE,TEST,2022-09
TAEE11.SA,SIDEWAYS_CALM,-0.008654990641509562,0,TIME_STOP,11,0.5,0.5394445129225353,8.714012361881782,PRICE,TRAIN,2022-09
TAEE11.SA,BEAR_VOLATILE,-0.03502328963222536,0,TIME_STOP,11,0.5,-0.49087407861202537,12.482908246082978,PRICE,TRAIN,2022-09
TAEE11.SA,BEAR_VOLATILE,0.08727036975689226,1,BEAR_OPTIMIZED,29,0.5,0.7777980573480366,34.30961849152067,PRICE,TRAIN,2022-09
TAEE11.SA,SIDEWAYS_CALM,0.00026196256103681154,1,END_CLOSED,8,-2.203190464057591,0.010399514017909825,21.43267564603917,PRICE,TRAIN,2022-09
SUZB3.SA,BEAR_CALM,-0.0026865433517212697,0,TIME_STOP,14,-0.6407107365209952,0.3244648927385732,26.578224049001978,PRICE,TRAIN,2022-09
SUZB3.SA,BEAR_CALM,0.23771755488065835,1,BEAR_OPTIMIZED,97,-2.4750668643261418,1.1016104729039173,34.30961849152067,PRICE,TRAIN,2022-09
SUZB3.SA,BULL_CALM,-0.004281582148517059,0,TIME_STOP,35,1.4283592323051835,0.26291209757797385,9.748890558813565,PRICE,TEST,2022-09
SUZB3.SA,BULL_CALM,0.01617433527427834,1,END_CLOSED,2,0.644824379925097,-1.0035770716589443,5.184745923044965,PRICE,TEST,2022-09
TIMS3.SA,SIDEWAYS_CALM,-0.05119999999999993,0,HARD_STOP,5,0.5,0.9873905198917051,8.53755004317451,PRICE,TRAIN,2022-09
TIMS3.SA,BEAR_CALM,-0.005161255545176678,0,TIME_STOP,25,0.5,-0.4460680383183956,8.055315399978632,PRICE,TRAIN,2022-09
TIMS3.SA,BULL_CALM,0.057662777569185676,1,SIGNAL,5,-0.46410218903090084,-1.2454176436913398,5.600318857790554,PRICE,TEST,2022-09
TOTS3.SA,BEAR_CALM,0.11297475698396905,1,BEAR_OPTIMIZED,15,1.3289450242259238,0.6812924685052311,9.147541655371345,PRICE,TEST,2022-09
USIM5.SA,BEAR_CALM,0.2770462305626199,1,BEAR_OPTIMIZED,24,-0.8865991312116387,-0.7552048409756428,34.30961849152067,PRICE,TEST,2022-09
VALE3.SA,BEAR_CALM,-0.07207250875787133,0,HARD_STOP,10,0.2083141073936847,0.2800258311857361,28.411022820657678,PRICE,TRAIN,2022-09
VALE3.SA,BEAR_VOLATILE,-0.03783905967106884,0,TIME_STOP,13,-1.1049422267683262,1.0768295125350078,34.30961849152067,PRICE,TRAIN,2022-09
VALE3.SA,BEAR_CALM,-0.018061518562016564,0,TIME_STOP,30,-1.9453204646103126,1.203618817972891,28.70111697353892,PRICE,TRAIN,2022-09
VALE3.SA,BEAR_CALM,-0.011943947331167569,0,STOP_TECNICO,35,0.45868845730735375,0.8343552820681364,5.633465366566045,PRICE,TRAIN,2022-09
VALE3.SA,BEAR_CALM,0.12284086442336192,1,BEAR_OPTIMIZED,9,0.6709669802214866,0.7301166205285161,6.448265097475189,PRICE,TEST,2022-09
VBBR3.SA,BEAR_CALM,-0.010208565945506363,0,TIME_STOP,17,0.5,-0.9263949376489119,10.02136666250697,PRICE,TRAIN,2022-09
VBBR3.SA,BEAR_CALM,-0.06528181599133712,0,HARD_STOP,8,0.5,-0.48234505327099797,5.700923157307064,PRICE,TRAIN,2022-09
VBBR3.SA,BEAR_CALM,-3.443932598914284e-05,0,STOP_TECNICO,24,0.5,-1.136343612085235,3.9294524171315675,PRICE,TRAIN,2022-09
VIVT3.SA,BEAR_VOLATILE,-0.0516791451327109,0,HARD_STOP,7,0.5,0.1964177573757557,20.47863410283626,PRICE,TRAIN,2022-09
VIVT3.SA,BEAR_CALM,-0.026011471817137054,0,TIME_STOP,14,0.5,-0.17578723328653134,34.30961849152067,PRICE,TRAIN,2022-09
VIVT3.SA,BEAR_CALM,-0.007168508046262921,0,TIME_STOP,11,0.5,0.06999364678667387,17.9453503488843,PRICE,TRAIN,2022-09
YDUQ3.SA,BEAR_CALM,-0.055383283620671485,0,HARD_STOP,4,0.5,-1.8830294561435676,5.158011170508125,PRICE,TRAIN,2022-09
YDUQ3.SA,BEAR_CALM,0.00880000000000001,1,STOP_TECNICO,30,0.5,-3.378127374836273,5.766689238683257,PRICE,TRAIN,2022-09
YDUQ3.SA,BULL_CALM,-0.051200000000000155,0,HARD_STOP,8,-1.8566998772835606,0.41327756933639975,2.998921638487531,PRICE,TEST,2022-09
YDUQ3.SA,BULL_CALM,0.2252472749063795,1,SIGNAL,32,-1.324420757229364,-0.7938128100651726,3.944448217357583,PRICE,TEST,2022-09
WEGE3.SA,BULL_CALM,-0.051200000000000044,0,HARD_STOP,7,0.5,1.6890757892290145,18.63055618952853,PRICE,TRAIN,2022-09
WEGE3.SA,BULL_CALM,-0.011961333764967018,0,TIME_STOP,14,0.5,-0.09101600164755873,7.459644500530508,PRICE,TRAIN,2022-09
WEGE3.SA,BULL_CALM,0.0010383386466271472,1,STOP_TECNICO,129,0.5,1.0596303131577816,3.124621061756106,PRICE,TRAIN,2022-09
WEGE3.SA,SIDEWAYS_CALM,-0.009694839228708639,0,TIME_STOP,11,0.5474376752176765,1.9440497626003366,4.706595980260163,PRICE,TRAIN,2022-09
WEGE3.SA,SIDEWAYS_CALM,-0.012367335655537735,0,TIME_STOP,15,0.10876367119498413,-0.4390824605915789,7.203359318707579,PRICE,TRAIN,2022-09
WEGE3.SA,BEAR_CALM,-0.010569053772467994,0,BEAR_OPTIMIZED,1,-0.43767029860198153,-0.25921127135314836,14.97015916977047,PRICE,TRAIN,2022-09
WEGE3.SA,BEAR_CALM,0.016930420624071553,1,BEAR_OPTIMIZED,1,0.36222633253021846,-0.8184807739196036,34.30961849152067,PRICE,TRAIN,2022-09
WEGE3.SA,BEAR_CALM,-0.018810311382338817,0,BEAR_OPTIMIZED,1,0.832023631074604,-2.344887729882085,8.31175228214974,PRICE,TRAIN,2022-09
WEGE3.SA,BEAR_VOLATILE,-0.014094406631849042,0,BEAR_OPTIMIZED,1,1.0191255498943335,-0.5780206764636345,10.07601534819302,PRICE,TRAIN,2022-09
WEGE3.SA,BEAR_VOLATILE,-0.00640714440293224,0,BEAR_OPTIMIZED,1,0.43061419776856036,-0.8945745558906162,10.625811581688401,PRICE,TRAIN,2022-09
WEGE3.SA,BEAR_VOLATILE,-0.00728902950641943,0,BEAR_OPTIMIZED,1,1.098916039414501,-0.7470006411058122,11.894783099484059,PRICE,TRAIN,2022-09
WEGE3.SA,BEAR_CALM,-0.07288144152226264,0,HARD_STOP,2,0.3763162566128124,-2.646042522940643,17.43261441078072,PRICE,TEST,2022-09
WEGE3.SA,BEAR_VOLATILE,0.09167906806440404,1,BEAR_OPTIMIZED,36,0.11467337465909055,-2.393282510559947,9.428762793506149,PRICE,TEST,2022-09
ABEV3.SA,BEAR_CALM,-0.051200000000000044,0,HARD_STOP,12,0.5,-1.914427372586796,10.036442339278242,PRICE,TRAIN,2022-12
ABEV3.SA,BEAR_VOLATILE,0.0940380630256786,1,BEAR_OPTIMIZED,38,0.5,-1.8019713215155997,22.651220771077895,PRICE,TRAIN,2022-12
ABEV3.SA,BEAR_CALM,-0.020908030722171643,0,TIME_STOP,11,-0.5127955714582212,0.2011768668000519,20.30955893235533,PRICE,TRAIN,2022-12
ABEV3.SA,BEAR_VOLATILE,-0.0034693351938828373,0,TIME_STOP,11,-2.508305989880594,0.9812964817633382,22.934393484062195,PRICE,TRAIN,2022-12
ABEV3.SA,BEAR_CALM,-0.015067517064992562,0,STOP_TECNICO,4,-1.7258043999997434,0.7444513319612724,34.30961849152067,PRICE,TRAIN,2022-12
ABEV3.SA,BEAR_CALM,0.002005252895547295,1,STOP_TECNICO,1,0.18041115209293762,-0.5256987915899703,34.30961849152067,PRICE,TRAIN,2022-12
ABEV3.SA,BEAR_CALM,0.01407332868649367,1,STOP_TECNICO,1,-2.2332224688292395,-0.8146987598418326,34.30961849152067,PRICE,TRAIN,2022-12
ABEV3.SA,BEAR_VOLATILE,0.15746550319984717,1,BEAR_OPTIMIZED,39,-1.989263168495182,0.6452458716805157,25.160709845567357,PRICE,TRAIN,2022-12
ABEV3.SA,SIDEWAYS_CALM,-0.015507343888192214,0,TIME_STOP,12,1.1287755807271724,0.9307315394094793,6.657187674896834,PRICE,TEST,2022-12
ABEV3.SA,BEAR_CALM,0.03982168010005158,1,BEAR_OPTIMIZED,14,-0.7135810830258977,-0.5908102724574456,7.677559674254538,PRICE,TEST,2022-12
ABEV3.SA,BEAR_CALM,0.01946764205994276,1,END_CLOSED,8,0.9589904114217397,-4.881951050939272,6.294550207551664,PRICE,TEST,2022-12
ASAI3.SA,BULL_VOLATILE,-0.002261027768370137,0,TIME_STOP,15,0.5,-0.5437060242099628,3.2471425504716644,PRICE,TRAIN,2022-12
ASAI3.SA,SIDEWAYS_VOLATILE,-0.051200000000000044,0,HARD_STOP,2,0.5,-2.4723339983315054,5.424056899557134,PRICE,TRAIN,2022-12
ASAI3.SA,SIDEWAYS_CALM,-0.051200000000000044,0,HARD_STOP,4,0.5,-1.125802244625971,11.572612601791699,PRICE,TRAIN,2022-12
ASAI3.SA,BEAR_VOLATILE,-0.051200000000000044,0,HARD_STOP,2,0.5,-1.711591008032413,34.30961849152067,PRICE,TRAIN,2022-12
ASAI3.SA,BEAR_VOLATILE,-0.030128363423831094,0,TIME_STOP,12,0.5,-0.08344125867927207,1000.0,PRICE,TRAIN,2022-12
ASAI3.SA,BEAR_VOLATILE,-0.05148724612899049,0,HARD_STOP,4,0.6873202715684861,0.9053699003535353,1000.0,PRICE,TRAIN,2022-12
ASAI3.SA,BEAR_VOLATILE,-0.051200000000000044,0,HARD_STOP,6,-1.1739939818964795,1.4520492373861011,1000.0,PRICE,TRAIN,2022-12
ASAI3.SA,BEAR_VOLATILE,-0.051200000000000044,0,HARD_STOP,1,-0.8246043923811474,0.12213833124638034,1000.0,PRICE,TRAIN,2022-12
ASAI3.SA,BEAR_VOLATILE,-0.04052088148512791,0,TIME_STOP,23,-2.4836861600917888,0.04109490797180915,1000.0,PRICE,TRAIN,2022-12
ALOS3.SA,BULL_CALM,-0.0053133361984759805,0,TIME_STOP,15,-0.07688281052350916,-0.2622514478697132,6.256509678232325,PRICE,TEST,2022-12
ALOS3.SA,SIDEWAYS_CALM,0.026342280172655254,1,END_CLOSED,23,-0.8456292796513133,0.9884984259401716,9.719953569060241,PRICE,TEST,2022-12
AURE3.SA,SIDEWAYS_CALM,-0.005278851280265194,0,TIME_STOP,42,0.5,0.5719334875186988,3.370265057290759,PRICE,TRAIN,2022-12
AURE3.SA,SIDEWAYS_CALM,-0.004634088160411019,0,TIME_STOP,12,0.5,-1.2167563483260584,2.1329279232809073,PRICE,TRAIN,2022-12
AURE3.SA,SIDEWAYS_CALM,0.00880000000000001,1,STOP_TECNICO,212,0.5,0.2796546605693717,3.3461768358387958,PRICE,TRAIN,2022-12
AURE3.SA,SIDEWAYS_CALM,0.1123532099219254,1,SIGNAL,27,-0.25601831321027135,0.24678162756823105,2.6877588124314693,PRICE,TRAIN,2022-12
AURE3.SA,SIDEWAYS_CALM,-0.009609705831885383,0,TIME_STOP,11,-0.07914907145682393,-0.17219448567179746,5.793839205345358,PRICE,TEST,2022-12
AURE3.SA,SIDEWAYS_CALM,-0.005079043639702151,0,TIME_STOP,12,-2.3855951363729213,-0.057300371404412236,3.4085165762092813,PRICE,TEST,2022-12
AURE3.SA,SIDEWAYS_CALM,-0.004481359830040964,0,END_CLOSED,4,0.6382791952091018,0.9095761082613001,5.913709105766237,PRICE,TEST,2022-12
BBAS3.SA,BULL_CALM,-0.0012,0,END_CLOSED,0,-0.5427144030169505,1.7621060882336181,9.87243428860232,PRICE,TEST,2022-12
AZUL4.SA,BEAR_VOLATILE,-0.052208338031942046,0,HARD_STOP,1,0.5,-0.2037168165725077,15.072920272878,PRICE,TRAIN,2022-12
AZUL4.SA,BEAR_VOLATILE,-0.06378504001572075,0,HARD_STOP,7,0.5,1.1192104103215932,1000.0,PRICE,TRAIN,2022-12
AZUL4.SA,BEAR_CALM,0.004463483045545093,1,STOP_TECNICO,10,-0.708149543676332,0.36949889455648766,10.299498250293889,PRICE,TRAIN,2022-12
AZUL4.SA,BEAR_CALM,-0.051200000000000044,0,HARD_STOP,3,0.18927313509000862,1.0347253116130661,19.2042909010984,PRICE,TEST,2022-12
AZUL4.SA,BEAR_CALM,-0.03497271742104482,0,TIME_STOP,12,0.49880124850339325,1.0016271147150622,34.30961849152067,PRICE,TEST,2022-12
AZUL4.SA,BEAR_CALM,0.03157313914493396,1,END_CLOSED,4,-1.1957007071621495,0.298247596256227,18.17717327414704,PRICE,TEST,2022-12
B3SA3.SA,BEAR_CALM,-0.01805905961469869,0,TIME_STOP,13,-0.7111881338744819,-0.08586860148132196,34.30961849152067,PRICE,TRAIN,2022-12
B3SA3.SA,BULL_CALM,-0.051200000000000044,0,HARD_STOP,6,0.36069672172165906,1.58826219858237,9.838261524563517,PRICE,TEST,2022-12
B3SA3.SA,SIDEWAYS_CALM,-0.02721370726747565,0,TIME_STOP,11,-0.8122409794976517,1.1321537668985673,7.293544078164156,PRICE,TEST,2022-12
B3SA3.SA,BEAR_CALM,-0.051200000000000044,0,HARD_STOP,2,-1.6795633299246429,1.5838338583197458,10.40628116017733,PRICE,TEST,2022-12
B3SA3.SA,BEAR_CALM,0.018672643568229265,1,BEAR_OPTIMIZED,1,-0.8962110827090234,1.504708516624509,15.782831567342697,PRICE,TEST,2022-12
B3SA3.SA,BEAR_CALM,0.0020205554657993577,1,END_CLOSED,7,-0.7109728546926005,0.6291622169304629,19.56883633192785,PRICE,TEST,2022-12
BBDC3.SA,BEAR_CALM,-0.051200000000000044,0,HARD_STOP,5,0.5,0.4419702815590992,34.30961849152067,PRICE,TRAIN,2022-12
BBDC3.SA,BEAR_CALM,-0.007806063159066089,0,TIME_STOP,15,0.5,0.9346709074114604,31.676484169913543,PRICE,TRAIN,2022-12
BBDC3.SA,BULL_VOLATILE,-0.08016037129689493,0,HARD_STOP,14,2.420275843158242,0.35105146672178117,12.923251571720945,PRICE,TEST,2022-12
BBDC3.SA,BEAR_VOLATILE,-0.0038978309100511574,0,TIME_STOP,19,-0.23826284159507702,-5.046730560657823,11.228016851369562,PRICE,TEST,2022-12
BBSE3.SA,SIDEWAYS_VOLATILE,-0.013652107502703313,0,TIME_STOP,13,-0.03497624034093088,-1.839105795205778,7.355298672342532,PRICE,TRAIN,2022-12
BBSE3.SA,SIDEWAYS_VOLATILE,-0.020207728477309693,0,TIME_STOP,11,-0.4589143262794942,-0.453385816697842,10.571806940877135,PRICE,TRAIN,2022-12
BBSE3.SA,SIDEWAYS_CALM,-0.008121623590481429,0,TIME_STOP,27,0.7160789518105182,0.17978977364271698,28.34382826646623,PRICE,TRAIN,2022-12
BBDC4.SA,BEAR_CALM,-0.051200000000000044,0,HARD_STOP,5,0.5,0.5052783335066595,34.30961849152067,PRICE,TRAIN,2022-12
BBDC4.SA,BEAR_VOLATILE,-0.014014801498849726,0,TIME_STOP,15,0.5,1.254198852096131,34.30961849152067,PRICE,TRAIN,2022-12
BBDC4.SA,BULL_VOLATILE,-0.08884259856791002,0,HARD_STOP,14,2.4804453297781475,0.08904968968593134,11.151146380391408,PRICE,TEST,2022-12
BBDC4.SA,BEAR_VOLATILE,0.035378743814516424,1,END_CLOSED,23,-0.7473817379830715,-4.130446708657791,8.219400151951529,PRICE,TEST,2022-12
BEEF3.SA,BEAR_VOLATILE,-0.013480668057910615,0,TIME_STOP,20,0.5,-3.0711037305680584,31.53513447474756,PRICE,TRAIN,2022-12
BEEF3.SA,BEAR_CALM,-0.06951126253168063,0,HARD_STOP,5,1.3133203237849453,0.8496193778609,34.30961849152067,PRICE,TRAIN,2022-12
BEEF3.SA,BEAR_VOLATILE,-0.06773422254024422,0,HARD_STOP,3,0.8648296993026676,1.1444864314218914,34.30961849152067,PRICE,TRAIN,2022-12
BEEF3.SA,BEAR_VOLATILE,-0.051200000000000044,0,HARD_STOP,7,1.613893818764478,1.4043625546400529,34.30961849152067,PRICE,TRAIN,2022-12
BEEF3.SA,BEAR_VOLATILE,0.35159795853275566,1,BEAR_OPTIMIZED,42,-1.5868072878861126,1.6234701454500786,34.30961849152067,PRICE,TRAIN,2022-12
BEEF3.SA,BEAR_CALM,-0.009786008657263,0,STOP_TECNICO,1,-0.766359699964188,-3.2672231078126424,13.96140125693562,PRICE,TRAIN,2022-12
BEEF3.SA,BEAR_CALM,-0.015042740801283448,0,STOP_TECNICO,1,-0.18341156479574833,-0.4235941433500454,22.868029503983326,PRICE,TRAIN,2022-12
BEEF3.SA,BEAR_CALM,0.016415191385504048,1,STOP_TECNICO,1,-1.1959479212727389,0.14600000051092202,34.30961849152067,PRICE,TRAIN,2022-12
BEEF3.SA,BEAR_CALM,0.016630735801744435,1,STOP_TECNICO,1,-1.5141063927148206,0.8585307938576946,34.30961849152067,PRICE,TRAIN,2022-12
BEEF3.SA,BEAR_CALM,-0.09788874180550625,0,HARD_STOP,10,-1.4406182894761252,0.4640994398439438,21.379770995411523,PRICE,TRAIN,2022-12
BEEF3.SA,BEAR_CALM,0.022947738240782424,1,STOP_TECNICO,2,-0.5476960208983285,-2.131767000753813,10.071255205376984,PRICE,TRAIN,2022-12
BEEF3.SA,BEAR_CALM,-0.009615139104699154,0,STOP_TECNICO,3,-1.1359505437619979,-2.0773730008481586,8.057104584502056,PRICE,TRAIN,2022-12
BEEF3.SA,BEAR_CALM,0.02582696653098391,1,STOP_TECNICO,1,-0.9304833360984902,-2.2724784659707553,12.852575911894636,PRICE,TRAIN,2022-12
BEEF3.SA,BEAR_CALM,-0.003947250048093064,0,STOP_TECNICO,1,-0.6406484820735956,-2.249939094503277,13.745859292585077,PRICE,TRAIN,2022-12
BEEF3.SA,BEAR_CALM,-0.018911186885341345,0,STOP_TECNICO,1,-0.5527170262306996,-2.5377399325532655,9.100312249488908,PRICE,TRAIN,2022-12
BEEF3.SA,BEAR_CALM,-0.013413801253987077,0,TIME_STOP,11,-0.9448777198446285,-0.4441044542157372,9.381437399123763,PRICE,TEST,2022-12
BPAC11.SA,BEAR_CALM,0.0065400418325470625,1,STOP_TECNICO,11,0.5,0.35564173250508785,4.631653351477086,PRICE,TRAIN,2022-12
BPAC11.SA,BEAR_CALM,0.23444811970827048,1,BEAR_OPTIMIZED,19,0.5,-0.0703757871997283,6.955005803240832,PRICE,TRAIN,2022-12
BPAC11.SA,BULL_CALM,0.17003799316358612,1,END_CLOSED,37,-0.4919549628665349,-0.8415557506836229,4.827809549697695,PRICE,TRAIN,2022-12
BPAC11.SA,BULL_CALM,-0.007746559789027961,0,TIME_STOP,18,-0.39619537608463873,-0.7160293432049608,7.148150464612893,PRICE,TEST,2022-12
BPAC11.SA,BULL_CALM,-0.026637601932687403,0,END_CLOSED,10,-1.7843831216415957,1.7199368328395033,4.341065194540846,PRICE,TEST,2022-12
BRAP4.SA,BULL_CALM,-0.051200000000000044,0,HARD_STOP,7,0.5,0.35336738926847605,6.169225858827616,PRICE,TRAIN,2022-12
BRAP4.SA,BULL_VOLATILE,-0.017374478806916803,0,TIME_STOP,13,0.5,1.0954656720315494,6.641790986213325,PRICE,TRAIN,2022-12
BRAP4.SA,BULL_CALM,-0.06319861973506316,0,HARD_STOP,10,0.5,-0.11904679445959888,31.993457714817684,PRICE,TRAIN,2022-12
BRAP4.SA,SIDEWAYS_CALM,-0.0092243303071732,0,TIME_STOP,22,-0.35040404044944684,-0.0308283385751067,34.30961849152067,PRICE,TRAIN,2022-12
BRAP4.SA,BEAR_CALM,-0.0720255259625944,0,HARD_STOP,10,1.047890681332221,-0.2204616042462639,20.15766952138057,PRICE,TRAIN,2022-12
BRAP4.SA,BEAR_VOLATILE,-0.013453855440625516,0,TIME_STOP,13,-0.9520136380553205,0.8636378878200779,15.252883145223077,PRICE,TRAIN,2022-12
BRAP4.SA,BEAR_CALM,0.07418620520000693,1,BEAR_OPTIMIZED,17,-1.7029974207520784,-0.07121001960917313,14.020320063781393,PRICE,TRAIN,2022-12
BRAP4.SA,BEAR_CALM,0.10248974637655425,1,BEAR_OPTIMIZED,17,0.7476297820611574,0.10389327731209093,5.494028265420486,PRICE,TRAIN,2022-12
BRAP4.SA,BEAR_CALM,0.13729859612446024,1,BEAR_OPTIMIZED,12,0.16292051557423148,0.5885197644824883,5.644075598755565,PRICE,TRAIN,2022-12
BRAP4.SA,BULL_VOLATILE,-0.0519591810900857,0,HARD_STOP,11,2.329223217632777,-0.5720882815378282,5.776137350014623,PRICE,TEST,2022-12
BRAP4.SA,SIDEWAYS_CALM,-0.027671969673728113,0,TIME_STOP,12,0.8533619359713797,0.2974043240212276,1000.0,PRICE,TEST,2022-12
BRAP4.SA,BEAR_CALM,-0.007005609967484137,0,END_CLOSED,4,-1.173852309212168,1.0619229592598909,1000.0,PRICE,TEST,2022-12
BRKM5.SA,BEAR_VOLATILE,-0.10167848745731947,0,HARD_STOP,7,0.5,-1.7137017777234151,11.955649593442017,PRICE,TRAIN,2022-12
BRKM5.SA,BEAR_VOLATILE,-0.01604940118801037,0,TIME_STOP,12,0.5,0.17472264397974088,24.802777420183983,PRICE,TRAIN,2022-12
BRKM5.SA,BEAR_CALM,-0.06276471416353582,0,HARD_STOP,10,0.5,1.1759703672737052,34.30961849152067,PRICE,TRAIN,2022-12
BRKM5.SA,BEAR_CALM,-0.0036301920180969102,0,STOP_TECNICO,1,-2.052600186271314,0.39937915359662596,34.30961849152067,PRICE,TRAIN,2022-12
BRKM5.SA,BEAR_CALM,0.00880000000000001,1,STOP_TECNICO,23,-0.01845026644041788,-0.8285442352960647,34.30961849152067,PRICE,TRAIN,2022-12
CMIG4.SA,BEAR_CALM,-0.007963035224320202,0,BEAR_OPTIMIZED,1,0.5,0.3277669394131186,5.963205658106247,PRICE,TRAIN,2022-12
CMIG4.SA,BULL_CALM,-0.007817351219166734,0,TIME_STOP,14,1.5063950747549388,0.7591494735002491,4.673390624197516,PRICE,TRAIN,2022-12
CMIG4.SA,SIDEWAYS_CALM,0.09871597498015347,1,SIGNAL,22,0.5162611002732905,-0.5932316674615563,4.700066803181706,PRICE,TRAIN,2022-12
CMIG4.SA,BEAR_VOLATILE,-0.07080363138093829,0,HARD_STOP,2,0.5462665473293454,-1.875748360673963,4.211228159928867,PRICE,TRAIN,2022-12
CMIG4.SA,BEAR_VOLATILE,0.021905315969570884,1,BEAR_OPTIMIZED,1,1.5985864952065298,-1.9431326021243993,16.803174688832705,PRICE,TRAIN,2022-12
CMIG4.SA,BEAR_VOLATILE,0.0015274595154023197,1,BEAR_OPTIMIZED,3,1.4972724652739424,-2.1012695151835894,13.656080431570766,PRICE,TRAIN,2022-12
CMIG4.SA,BEAR_VOLATILE,-0.0003007332343884161,0,BEAR_OPTIMIZED,1,1.371323044296802,-2.047579855542047,13.053001358608997,PRICE,TRAIN,2022-12
COGN3.SA,BEAR_VOLATILE,0.3681181905140748,1,BEAR_OPTIMIZED,44,-1.353216564201311,-0.23941657227394966,11.485448387657373,PRICE,TRAIN,2022-12
COGN3.SA,BEAR_CALM,-0.005384004390151319,0,TIME_STOP,12,-2.2620286990974847,0.7954422979774595,34.30961849152067,PRICE,TRAIN,2022-12
COGN3.SA,BULL_CALM,-0.05365901613020554,0,HARD_STOP,6,0.3302486050526395,-0.18124089672872123,10.298343761744642,PRICE,TEST,2022-12
COGN3.SA,BEAR_VOLATILE,-0.06494502186375098,0,HARD_STOP,9,1.0132357089293218,0.0038689476906745082,16.703171284249517,PRICE,TEST,2022-12
COGN3.SA,BEAR_VOLATILE,0.1301560328868939,1,END_CLOSED,14,-0.10518923999162472,-0.8159778489031894,1000.0,PRICE,TEST,2022-12
CMIN3.SA,BULL_CALM,0.00880000000000001,1,STOP_TECNICO,19,0.5,-0.8902823220825096,17.3928384927453,PRICE,TRAIN,2022-12
CMIN3.SA,BULL_CALM,-0.051200000000000044,0,HARD_STOP,7,0.5,0.4942714185690655,8.502573853750555,PRICE,TRAIN,2022-12
CMIN3.SA,BULL_CALM,0.00880000000000001,1,STOP_TECNICO,22,-0.0863689841670177,0.5756187765006393,6.109469203056141,PRICE,TRAIN,2022-12
CMIN3.SA,BULL_CALM,-0.05484819564052892,0,HARD_STOP,4,0.30724335277234494,1.1594260103645655,4.222856621869156,PRICE,TRAIN,2022-12
CMIN3.SA,BULL_CALM,-0.051200000000000044,0,HARD_STOP,2,0.19054828895360665,0.9565516556537569,2.796691837712745,PRICE,TRAIN,2022-12
CMIN3.SA,BULL_CALM,0.00566500267052792,1,STOP_TECNICO,20,-1.5682859676955254,1.751433356995578,2.7632423437816698,PRICE,TRAIN,2022-12
CMIN3.SA,BULL_CALM,-0.014622781056350419,0,TIME_STOP,12,-0.5718576628347513,-0.1118146156466976,4.702062906607234,PRICE,TRAIN,2022-12
CMIN3.SA,BULL_CALM,-0.051200000000000044,0,HARD_STOP,3,-0.6360681118027229,0.46601584695560677,5.812521655789567,PRICE,TRAIN,2022-12
CMIN3.SA,BULL_CALM,-0.054073693158830725,0,HARD_STOP,9,-1.4787148982494187,-0.8062677382481177,4.87648968105764,PRICE,TRAIN,2022-12
CMIN3.SA,BULL_CALM,0.00880000000000001,1,STOP_TECNICO,28,-0.12094089454215101,0.8991538572207419,6.94536277777837,PRICE,TRAIN,2022-12
CMIN3.SA,SIDEWAYS_CALM,-0.02052366372404426,0,TIME_STOP,12,0.5721727504781171,0.5653581025103048,7.981361057953424,PRICE,TRAIN,2022-12
CMIN3.SA,SIDEWAYS_CALM,0.1702973875524839,1,SIGNAL,32,-1.0842641969831774,0.4328806589862649,6.214242762193852,PRICE,TRAIN,2022-12
CMIN3.SA,BULL_VOLATILE,-0.031230045159817553,0,TIME_STOP,11,2.951041742700014,1.157387077022612,8.725942069588243,PRICE,TEST,2022-12
CMIN3.SA,BULL_CALM,-0.015554193689945615,0,TIME_STOP,12,1.8794714442306795,-0.9213413445425093,8.15596510249625,PRICE,TEST,2022-12
CMIN3.SA,BULL_CALM,-0.02258160148346402,0,END_CLOSED,4,-0.09165375566617118,0.7912134760425723,34.30961849152067,PRICE,TEST,2022-12
CPFE3.SA,BEAR_VOLATILE,0.03493247340169212,1,BEAR_OPTIMIZED,1,0.5,0.015508430682727734,5.89127704793992,PRICE,TRAIN,2022-12
CPFE3.SA,BEAR_VOLATILE,-0.027740048831249385,0,TIME_STOP,11,0.5,-1.8088695034084874,4.144362032280116,PRICE,TRAIN,2022-12
CPFE3.SA,BEAR_CALM,0.06660231754816923,1,BEAR_OPTIMIZED,11,0.5,-1.7437453839023767,7.609246663067773,PRICE,TRAIN,2022-12
CPFE3.SA,SIDEWAYS_VOLATILE,0.14152352740977067,1,SIGNAL,29,-0.3611256365811628,0.5344954025779115,14.825647969810785,PRICE,TRAIN,2022-12
CPFE3.SA,BULL_CALM,-0.0064631200758965765,0,TIME_STOP,12,1.013612600155975,-0.5864306400885938,7.741997631188148,PRICE,TEST,2022-12
CPFE3.SA,BULL_CALM,-0.0065431505643574125,0,TIME_STOP,12,-0.6352407493388722,0.5313899144815057,7.979666439351296,PRICE,TEST,2022-12
CPFE3.SA,SIDEWAYS_CALM,-0.02154392172285271,0,END_CLOSED,4,-0.5305796138436424,0.9269798190905253,23.1838706826857,PRICE,TEST,2022-12
CPLE6.SA,BULL_CALM,-0.02350961238876461,0,TIME_STOP,11,0.5,-0.5642280128120913,1.6908454224671023,PRICE,TRAIN,2022-12
CPLE6.SA,BULL_CALM,-0.051200000000000044,0,HARD_STOP,9,0.5,0.5783824017535398,2.7776760425334737,PRICE,TRAIN,2022-12
CPLE6.SA,SIDEWAYS_VOLATILE,-0.0283039779782255,0,TIME_STOP,12,0.5,1.3103854425519896,4.31264539789307,PRICE,TRAIN,2022-12
CPLE6.SA,BEAR_CALM,0.001785174889969855,1,BEAR_OPTIMIZED,4,0.5,-0.8975300332214794,19.420685350572477,PRICE,TRAIN,2022-12
CPLE6.SA,BULL_CALM,0.06307675929407117,1,SIGNAL,8,0.5285628342106905,1.3726559055526524,2.8499543510266125,PRICE,TRAIN,2022-12
CPLE6.SA,BULL_CALM,0.027945661656688527,1,END_CLOSED,38,0.02197527090227579,0.20987018523467685,7.9756551557328486,PRICE,TEST,2022-12
CSAN3.SA,BEAR_CALM,-0.051200000000000155,0,HARD_STOP,6,0.5,1.1240574492193625,15.525470191945251,PRICE,TRAIN,2022-12
CSAN3.SA,SIDEWAYS_CALM,-0.012899226974111187,0,TIME_STOP,21,-0.19333536252054576,-1.0955870280755962,5.411673637136936,PRICE,TEST,2022-12
CSAN3.SA,SIDEWAYS_CALM,-0.053711436623883356,0,HARD_STOP,5,-0.41767599262444416,0.8264395202386021,4.8922738780507204,PRICE,TEST,2022-12
CVCB3.SA,BEAR_VOLATILE,0.00880000000000001,1,STOP_TECNICO,33,0.5,0.012913775516421424,1000.0,PRICE,TRAIN,2022-12
CVCB3.SA,BULL_CALM,-0.0613265987530859,0,HARD_STOP,5,-0.6060576965949017,-1.1586643631572648,6.446341846704567,PRICE,TEST,2022-12
CSNA3.SA,BULL_CALM,-0.051200000000000044,0,HARD_STOP,7,0.5,0.9195549388297016,9.429306021496453,PRICE,TRAIN,2022-12
CSNA3.SA,SIDEWAYS_VOLATILE,0.00880000000000001,1,STOP_TECNICO,28,0.5889425944601392,-0.2371524102910057,15.325658801230851,PRICE,TRAIN,2022-12
CSNA3.SA,SIDEWAYS_CALM,-0.016972545441990138,0,TIME_STOP,30,0.14027755423014113,-0.030864550518940253,18.10250790135231,PRICE,TRAIN,2022-12
CSNA3.SA,BEAR_CALM,0.06713325155601332,1,BEAR_OPTIMIZED,3,-0.19252802533471827,-0.22745559951017266,5.377385903567543,PRICE,TRAIN,2022-12
CSNA3.SA,SIDEWAYS_CALM,-0.04382033796650033,0,TIME_STOP,18,-0.3842223663351704,-1.7010045819067954,2.5980128858559266,PRICE,TRAIN,2022-12
CSNA3.SA,BEAR_CALM,0.029594139441457036,1,BEAR_OPTIMIZED,2,-0.5363635785284159,-1.3092515132040852,2.8459358726649318,PRICE,TRAIN,2022-12
CSNA3.SA,BEAR_CALM,0.01993823054870223,1,BEAR_OPTIMIZED,2,-0.30331531671304707,0.015573087986862662,1.690039614452455,PRICE,TRAIN,2022-12
CSNA3.SA,BEAR_CALM,-0.035354076932449206,0,TIME_STOP,12,-0.11693825358755436,-0.4240306978125878,3.0877167089062896,PRICE,TRAIN,2022-12
CSNA3.SA,BEAR_CALM,0.0531933589163339,1,BEAR_OPTIMIZED,7,1.2943330804970745,-0.6575919950907705,6.264694117460628,PRICE,TRAIN,2022-12
CSNA3.SA,BEAR_CALM,-0.006951882584767664,0,TIME_STOP,16,0.1777366979483249,0.9344014494526036,6.274003375049595,PRICE,TRAIN,2022-12
CSNA3.SA,BEAR_CALM,-0.051200000000000044,0,HARD_STOP,9,0.9210507242790127,0.05341605434666443,8.312022963546537,PRICE,TRAIN,2022-12
CSNA3.SA,BEAR_CALM,-0.051200000000000044,0,HARD_STOP,8,0.7241000806822097,0.32294566694500154,13.605103777980833,PRICE,TRAIN,2022-12
CSNA3.SA,BEAR_CALM,-0.018470529272241375,0,STOP_TECNICO,1,0.8329779758754464,1.0429762417713981,11.84723822121592,PRICE,TRAIN,2022-12
CSNA3.SA,BEAR_CALM,0.10053913512125576,1,BEAR_OPTIMIZED,4,0.9578751257638931,0.8135434843976129,7.675495012575913,PRICE,TRAIN,2022-12
CSNA3.SA,BULL_CALM,-0.0068915763983984565,0,STOP_TECNICO,20,1.2269877546764107,0.7353051575648782,11.970152521332484,PRICE,TEST,2022-12
CSNA3.SA,BULL_CALM,-0.0780782836583788,0,HARD_STOP,10,1.8792589095612815,0.17743297506639943,5.612882315726554,PRICE,TEST,2022-12
CYRE3.SA,SIDEWAYS_CALM,-0.011737996585613385,0,TIME_STOP,12,-1.301116569208523,0.6807983461655193,1000.0,PRICE,TRAIN,2022-12
CYRE3.SA,BULL_CALM,-0.003907527317990843,0,TIME_STOP,16,-0.21901693598500627,0.5533318263416084,5.798627752180991,PRICE,TEST,2022-12
DIRR3.SA,BEAR_CALM,0.0017939920828796486,1,BEAR_OPTIMIZED,1,-1.3499892728644505,0.23096676769280008,1000.0,PRICE,TRAIN,2022-12
DIRR3.SA,BEAR_CALM,0.01914704290563072,1,BEAR_OPTIMIZED,3,-1.4525303997988617,0.8872787759194342,1000.0,PRICE,TRAIN,2022-12
DIRR3.SA,BEAR_VOLATILE,0.04115290518162316,1,BEAR_OPTIMIZED,1,-1.449936332958617,0.6907041613905028,34.30961849152067,PRICE,TRAIN,2022-12
ECOR3.SA,BEAR_CALM,-0.010980020318912341,0,STOP_TECNICO,25,0.5,-0.30156519244708907,9.783118141450622,PRICE,TRAIN,2022-12
ECOR3.SA,BULL_CALM,-0.006755559353839001,0,TIME_STOP,15,-0.8006425626837459,-1.1047981192685583,6.890683155219453,PRICE,TEST,2022-12
ECOR3.SA,BULL_CALM,0.019347842568430675,1,END_CLOSED,18,-1.6901393711353236,0.6745134559401014,5.070007628218818,PRICE,TEST,2022-12
EGIE3.SA,SIDEWAYS_CALM,-0.013503150255697392,0,TIME_STOP,15,1.0857380749297914,0.6694039906372631,9.057795680486372,PRICE,TRAIN,2022-12
EGIE3.SA,SIDEWAYS_CALM,-0.0034052456037812137,0,TIME_STOP,15,0.3282288294382996,1.3845256114984799,4.900092756137762,PRICE,TRAIN,2022-12
EGIE3.SA,SIDEWAYS_VOLATILE,-0.01606359354859379,0,TIME_STOP,11,1.4180474337566111,0.8703120847241762,10.322924182621511,PRICE,TEST,2022-12
EGIE3.SA,BEAR_CALM,0.020049988222971306,1,BEAR_OPTIMIZED,1,-0.43821904183055804,0.5380332506938732,20.55795472730622,PRICE,TEST,2022-12
ELET3.SA,BEAR_CALM,-0.07251580617750578,0,HARD_STOP,11,0.5,0.5488100131333842,5.846668564298654,PRICE,TRAIN,2022-12
ELET3.SA,BEAR_VOLATILE,-0.051200000000000044,0,HARD_STOP,7,0.5,1.1728944776395709,34.30961849152067,PRICE,TRAIN,2022-12
ELET3.SA,BEAR_VOLATILE,-0.051200000000000044,0,HARD_STOP,7,0.5,0.8978775236660438,1000.0,PRICE,TRAIN,2022-12
ELET3.SA,BEAR_CALM,0.257349974566058,1,BEAR_OPTIMIZED,80,0.5,0.3099467944829434,1000.0,PRICE,TRAIN,2022-12
ELET3.SA,BULL_CALM,0.05435559680000144,1,SIGNAL,11,1.6229789301417472,0.10752663075453488,5.625156263045915,PRICE,TEST,2022-12
ELET6.SA,BEAR_CALM,-0.07196778225232817,0,HARD_STOP,11,0.5,-0.04154764020030979,7.964065789312273,PRICE,TRAIN,2022-12
ELET6.SA,BEAR_VOLATILE,-0.051200000000000044,0,HARD_STOP,7,0.5,0.966620366748432,34.30961849152067,PRICE,TRAIN,2022-12
ELET6.SA,BEAR_VOLATILE,-0.0035001387810180903,0,TIME_STOP,11,0.5,0.7353993527314276,34.30961849152067,PRICE,TRAIN,2022-12
ELET6.SA,BULL_CALM,0.04858276887862876,1,SIGNAL,11,1.1892281147027715,-1.020118771562652,5.834243061343981,PRICE,TEST,2022-12
EMBR3.SA,BEAR_VOLATILE,-0.0100496282982643,0,TIME_STOP,12,0.8208335484815676,0.3519683804400078,7.086469539139579,PRICE,TRAIN,2022-12
ENGI11.SA,BEAR_CALM,0.038068437600900486,1,BEAR_OPTIMIZED,5,0.5,0.7974927850055007,7.498303088466086,PRICE,TRAIN,2022-12
ENGI11.SA,BEAR_CALM,-0.026695098825370488,0,TIME_STOP,15,0.5,0.7498794677650059,2.7105644859956115,PRICE,TRAIN,2022-12
ENGI11.SA,BEAR_VOLATILE,-0.051200000000000044,0,HARD_STOP,18,0.5,-0.6919502598406571,3.7180233232968134,PRICE,TRAIN,2022-12
ENGI11.SA,BEAR_CALM,0.13034294616875516,1,BEAR_OPTIMIZED,13,0.5,-2.260489252420614,6.444589291236213,PRICE,TRAIN,2022-12
ENGI11.SA,SIDEWAYS_VOLATILE,-0.018587532958147766,0,TIME_STOP,13,2.335660974574952,0.13898481956729322,7.964092107339448,PRICE,TRAIN,2022-12
ENGI11.SA,BULL_CALM,0.03307282181977742,1,END_CLOSED,44,0.3781237534248869,-0.6345577323001581,5.659686355319234,PRICE,TEST,2022-12
ENEV3.SA,BEAR_CALM,-0.003962406438267861,0,TIME_STOP,13,-0.12268643682365772,-1.2238961597060982,34.30961849152067,PRICE,TRAIN,2022-12
ENEV3.SA,BULL_CALM,-0.02493419166031454,0,TIME_STOP,12,1.6352834268243586,-1.0699833359644288,4.316935504914976,PRICE,TEST,2022-12
ENEV3.SA,SIDEWAYS_CALM,-0.01335563779171691,0,TIME_STOP,14,1.338953479230075,-0.4676960856404335,4.688646497709986,PRICE,TEST,2022-12
EQTL3.SA,BULL_CALM,-0.023506103486438355,0,TIME_STOP,15,0.5,0.39271869501956247,3.200030902942301,PRICE,TRAIN,2022-12
EQTL3.SA,SIDEWAYS_VOLATILE,-0.004728057923607663,0,TIME_STOP,18,0.5,0.7093337013289646,3.721405681051772,PRICE,TRAIN,2022-12
EQTL3.SA,SIDEWAYS_CALM,0.22449764573133577,1,SIGNAL,79,0.5,-1.188295607869607,5.2538705304724465,PRICE,TRAIN,2022-12
EQTL3.SA,BULL_CALM,0.00880000000000001,1,STOP_TECNICO,29,-0.7169939222960671,0.4769295573708379,9.31538636734993,PRICE,TRAIN,2022-12
EQTL3.SA,BULL_CALM,-0.017582857704646536,0,TIME_STOP,11,2.38442323571191,0.4502037044036525,8.787608554760807,PRICE,TRAIN,2022-12
EQTL3.SA,BULL_CALM,0.08783016880599978,1,END_CLOSED,46,0.8543830745655283,-0.13472063571386433,4.8107360022328765,PRICE,TRAIN,2022-12
EQTL3.SA,BULL_CALM,-0.014129654372565102,0,TIME_STOP,21,-1.6325180684354406,-0.2446183530548969,4.896586636874254,PRICE,TEST,2022-12
EQTL3.SA,BULL_CALM,-0.0053190503337960035,0,TIME_STOP,11,-0.7327445260127619,-1.0499272758826412,2.1988372939767085,PRICE,TEST,2022-12
EQTL3.SA,SIDEWAYS_CALM,-0.005644534156631041,0,END_CLOSED,2,-2.0889481908208527,-1.440477185836427,3.225528827467077,PRICE,TEST,2022-12
EZTC3.SA,BEAR_CALM,-0.05939727282450715,0,HARD_STOP,4,0.5,-0.250136224231225,1000.0,PRICE,TRAIN,2022-12
EZTC3.SA,BEAR_VOLATILE,-0.051200000000000044,0,HARD_STOP,14,0.5,-1.9463274916298055,1000.0,PRICE,TRAIN,2022-12
EZTC3.SA,BEAR_VOLATILE,-0.051200000000000044,0,HARD_STOP,5,1.0311064216249322,0.27927625518540894,1000.0,PRICE,TRAIN,2022-12
EZTC3.SA,BEAR_VOLATILE,-0.03673299240020502,0,TIME_STOP,12,1.2370333787652177,0.07276053356051648,9.252860885289762,PRICE,TEST,2022-12
EZTC3.SA,BEAR_CALM,0.1606921465236145,1,BEAR_OPTIMIZED,16,-0.24950358433141506,2.1666988729166636,34.30961849152067,PRICE,TEST,2022-12
FLRY3.SA,BULL_VOLATILE,-0.02363779572723592,0,TIME_STOP,13,1.4028432660044592,-0.20578662253465613,8.000037235253933,PRICE,TEST,2022-12
FLRY3.SA,SIDEWAYS_CALM,-0.00999397919692726,0,TIME_STOP,12,-0.328628415565522,1.1978734949853078,34.30961849152067,PRICE,TEST,2022-12
FLRY3.SA,SIDEWAYS_CALM,-0.021008256041152994,0,END_CLOSED,3,0.5321146927492268,0.270268085423359,34.30961849152067,PRICE,TEST,2022-12
GGBR4.SA,BULL_CALM,-0.06641021437000341,0,HARD_STOP,7,0.5,-0.6022608961359164,4.173116435085666,PRICE,TRAIN,2022-12
GGBR4.SA,BULL_VOLATILE,-0.017250358476849546,0,TIME_STOP,13,0.5,-2.1071565744439096,4.8768462568172515,PRICE,TRAIN,2022-12
GGBR4.SA,BULL_CALM,-0.05351746431837103,0,HARD_STOP,4,0.5,-2.9286494979732565,10.150354126499755,PRICE,TRAIN,2022-12
GGBR4.SA,SIDEWAYS_CALM,-0.015184250777973717,0,TIME_STOP,21,0.5,-0.5232178546685097,34.30961849152067,PRICE,TRAIN,2022-12
GGBR4.SA,SIDEWAYS_CALM,-0.006970690177653303,0,TIME_STOP,16,0.931541294480088,-0.18272818705978708,10.141076890320523,PRICE,TRAIN,2022-12
GGBR4.SA,BEAR_CALM,0.07331832531489088,1,BEAR_OPTIMIZED,6,-1.5366548975677377,0.9853905677427277,5.857268017666094,PRICE,TRAIN,2022-12
GGBR4.SA,BEAR_CALM,-0.051200000000000155,0,HARD_STOP,11,1.0150100551482812,-0.0498523414659991,13.755288997649515,PRICE,TRAIN,2022-12
GGBR4.SA,BEAR_VOLATILE,-0.051200000000000155,0,HARD_STOP,11,1.114770807013144,1.4901230539546133,1000.0,PRICE,TRAIN,2022-12
GGBR4.SA,BEAR_VOLATILE,0.1278174752786779,1,BEAR_OPTIMIZED,22,-0.09913355746030264,0.18315716930442125,29.265220169860942,PRICE,TRAIN,2022-12
GGBR4.SA,BEAR_CALM,0.029005971143789423,1,END_CLOSED,8,0.7172370942718319,0.9352427528170406,11.481795252469558,PRICE,TRAIN,2022-12
GGBR4.SA,BEAR_CALM,0.0274942064050153,1,END_CLOSED,23,-0.03586415017976938,2.1397779866076037,10.442029004492143,PRICE,TEST,2022-12
GOAU4.SA,BULL_CALM,-0.018605177257285187,0,TIME_STOP,13,0.5,-1.460471595555927,5.51499845905875,PRICE,TRAIN,2022-12
GOAU4.SA,BULL_VOLATILE,-0.03743176494132263,0,TIME_STOP,11,0.5,-2.7004516980685986,10.304965948296207,PRICE,TRAIN,2022-12
GOAU4.SA,SIDEWAYS_CALM,-0.015149378008726865,0,TIME_STOP,21,0.5,0.5791812941542999,31.743071043356842,PRICE,TRAIN,2022-12
GOAU4.SA,BEAR_CALM,0.04360298023426155,1,BEAR_OPTIMIZED,3,0.8839856176499034,0.3496927340407047,10.120008146666828,PRICE,TRAIN,2022-12
GOAU4.SA,SIDEWAYS_CALM,-0.014992813151892735,0,TIME_STOP,14,-0.6836154849689566,0.5569282709378023,5.2586056627040705,PRICE,TRAIN,2022-12
GOAU4.SA,BEAR_CALM,-0.05680563988670997,0,HARD_STOP,6,1.7244811268031888,-0.23079829603901444,33.343236285630645,PRICE,TRAIN,2022-12
GOAU4.SA,BEAR_VOLATILE,-0.05119999999999993,0,HARD_STOP,10,1.5811146946450239,-0.06869790926825596,1000.0,PRICE,TRAIN,2022-12
GOAU4.SA,BEAR_CALM,0.011164831053488734,1,STOP_TECNICO,1,0.42007765888999327,0.8436801783551264,22.22028907994331,PRICE,TRAIN,2022-12
GOAU4.SA,BEAR_CALM,0.11989366617632444,1,BEAR_OPTIMIZED,14,1.194824202667328,1.1800824991138328,16.683625780408107,PRICE,TRAIN,2022-12
HAPV3.SA,BEAR_VOLATILE,-0.051200000000000044,0,HARD_STOP,1,0.5,-3.9754923892428446,4.672875804992349,PRICE,TRAIN,2022-12
HAPV3.SA,BEAR_VOLATILE,0.00880000000000001,1,STOP_TECNICO,1,0.5,-3.770100502160532,1000.0,PRICE,TRAIN,2022-12
HAPV3.SA,BEAR_VOLATILE,1.2410681588120165,1,END_CLOSED,274,0.5,-2.7255187060811936,1000.0,PRICE,TRAIN,2022-12
HAPV3.SA,BEAR_CALM,-0.051200000000000044,0,HARD_STOP,6,0.012172920497382823,-0.28740899868747094,4.276096130615623,PRICE,TEST,2022-12
HAPV3.SA,BEAR_VOLATILE,-0.051200000000000044,0,HARD_STOP,2,-0.040359836002141956,-0.8051103873552807,6.428395537781373,PRICE,TEST,2022-12
HAPV3.SA,BEAR_VOLATILE,0.13330295572117964,1,END_CLOSED,23,-0.003057432658274723,0.4553333457396665,34.30961849152067,PRICE,TEST,2022-12
HYPE3.SA,BULL_CALM,-0.051200000000000044,0,HARD_STOP,6,0.5,-1.7700894176441972,3.5705823463425994,PRICE,TRAIN,2022-12
HYPE3.SA,SIDEWAYS_VOLATILE,-0.051200000000000155,0,HARD_STOP,4,0.5,-0.9284320742248982,4.765337985477297,PRICE,TRAIN,2022-12
HYPE3.SA,BEAR_VOLATILE,0.009006278129248459,1,BEAR_OPTIMIZED,1,0.5,-0.22464322978883572,6.164716133150433,PRICE,TRAIN,2022-12
HYPE3.SA,BEAR_VOLATILE,-0.005591402278567824,0,BEAR_OPTIMIZED,3,0.5,-0.2130514526711618,7.576481968362368,PRICE,TRAIN,2022-12
HYPE3.SA,BEAR_CALM,0.02177395412968717,1,BEAR_OPTIMIZED,1,-0.8433230364202744,1.4294150624407267,14.449462692251648,PRICE,TRAIN,2022-12
HYPE3.SA,BEAR_CALM,-0.051200000000000155,0,HARD_STOP,1,-1.3146316584347681,1.2865545736754187,17.280845414501993,PRICE,TRAIN,2022-12
HYPE3.SA,BEAR_CALM,-0.0059367310880824795,0,TIME_STOP,12,-1.653205182628818,0.3973183867827984,33.85187228909854,PRICE,TRAIN,2022-12
HYPE3.SA,BEAR_CALM,0.05125910368117501,1,BEAR_OPTIMIZED,15,-0.7167793644836845,1.5634354939505308,34.30961849152067,PRICE,TRAIN,2022-12
HYPE3.SA,BEAR_VOLATILE,0.04678969621947635,1,BEAR_OPTIMIZED,6,0.993270029952514,0.21799970497845983,1000.0,PRICE,TRAIN,2022-12
HYPE3.SA,BEAR_CALM,-0.016097746557274493,0,TIME_STOP,11,-0.3730661539252964,0.7430918522659371,1000.0,PRICE,TRAIN,2022-12
HYPE3.SA,BEAR_VOLATILE,-0.058525120105912286,0,HARD_STOP,11,-0.17030595468735094,0.1643517815478465,34.30961849152067,PRICE,TRAIN,2022-12
HYPE3.SA,BEAR_CALM,-0.0032654567806801524,0,STOP_TECNICO,1,-1.2824032215455352,-0.7481220179584441,34.30961849152067,PRICE,TRAIN,2022-12
HYPE3.SA,BEAR_CALM,-0.025883948122033894,0,STOP_TECNICO,1,-0.3848767695418984,-1.4652659174524838,34.30961849152067,PRICE,TRAIN,2022-12
HYPE3.SA,BEAR_VOLATILE,0.01218237185049307,1,STOP_TECNICO,1,-0.9907051438320579,-1.2689774119148276,1000.0,PRICE,TRAIN,2022-12
HYPE3.SA,BEAR_VOLATILE,0.15597573735113487,1,END_CLOSED,37,-0.3427301985661785,-1.2557571341488016,34.30961849152067,PRICE,TRAIN,2022-12
HYPE3.SA,BEAR_VOLATILE,-0.026487125557618695,0,TIME_STOP,12,0.8464563082089973,-0.8672600205357363,6.403485393999277,PRICE,TEST,2022-12
HYPE3.SA,BEAR_CALM,0.06849202714224653,1,END_CLOSED,23,0.10429214232885052,0.5752996445880258,12.459392778661082,PRICE,TEST,2022-12
IGTI11.SA,BEAR_CALM,0.06952295178036424,1,BEAR_OPTIMIZED,6,0.17612148731224658,0.404303104503008,9.756084595502932,PRICE,TRAIN,2022-12
IGTI11.SA,BULL_CALM,-0.0016241760464579468,0,TIME_STOP,11,0.6372024351695899,0.9326564533802785,16.598795836467076,PRICE,TEST,2022-12
IGTI11.SA,BULL_CALM,-0.008473895920976048,0,TIME_STOP,12,-0.311867649102256,0.9505952698073671,5.5805457843567385,PRICE,TEST,2022-12
IRBR3.SA,BEAR_VOLATILE,-0.051200000000000044,0,HARD_STOP,3,0.5,0.019061932650343526,19.163985466692115,PRICE,TRAIN,2022-12
IRBR3.SA,BEAR_CALM,0.0945500699507634,1,END_CLOSED,9,1.5866302132201735,1.0220055773901706,17.498471540649263,PRICE,TEST,2022-12
ITUB4.SA,BULL_CALM,0.07314367247165907,1,SIGNAL,13,1.8434238308263113,-1.1218189819947824,13.715527009154465,PRICE,TEST,2022-12
ITSA4.SA,BULL_CALM,0.08916128854719849,1,SIGNAL,27,2.010376634651845,0.702016532040569,13.245159105152517,PRICE,TEST,2022-12
LREN3.SA,BEAR_VOLATILE,-0.051200000000000044,0,HARD_STOP,5,0.5,1.8072045891571844,1000.0,PRICE,TRAIN,2022-12
LREN3.SA,BEAR_VOLATILE,0.007793052930017731,1,STOP_TECNICO,8,0.5,0.9378087952707228,34.30961849152067,PRICE,TRAIN,2022-12
LREN3.SA,BEAR_VOLATILE,-0.007387178126794035,0,STOP_TECNICO,1,1.8735810942193314,0.030763824768130315,1000.0,PRICE,TRAIN,2022-12
LREN3.SA,BEAR_VOLATILE,-0.008381721682224973,0,STOP_TECNICO,3,1.2989867976538736,0.6059312936899356,1000.0,PRICE,TRAIN,2022-12
LREN3.SA,BEAR_CALM,-0.012774122056949964,0,STOP_TECNICO,1,1.7710019513741075,0.8203917797842859,34.30961849152067,PRICE,TRAIN,2022-12
LREN3.SA,BEAR_CALM,-0.0028126746707796343,0,STOP_TECNICO,1,1.3918417290096696,1.1354193969427255,34.30961849152067,PRICE,TRAIN,2022-12
LREN3.SA,BEAR_CALM,0.02560102828994757,1,STOP_TECNICO,1,1.2020300839859228,1.9451502239897442,34.30961849152067,PRICE,TRAIN,2022-12
LREN3.SA,BEAR_CALM,0.0695415741770938,1,STOP_TECNICO,2,1.2918817075267734,0.5487740218926598,24.197388707181776,PRICE,TRAIN,2022-12
LREN3.SA,BEAR_CALM,0.032486460533075336,1,STOP_TECNICO,1,1.2896096954341305,-0.44827245947057726,20.004080538367102,PRICE,TRAIN,2022-12
LREN3.SA,BEAR_CALM,0.26808998843201637,1,END_CLOSED,28,-1.4908729294127785,0.5231417150568738,16.365214009949234,PRICE,TRAIN,2022-12
LREN3.SA,BEAR_CALM,-0.051200000000000044,0,HARD_STOP,10,0.19055728676468203,0.5895393828615354,7.870688301647195,PRICE,TEST,2022-12
LREN3.SA,BEAR_CALM,0.11044383149329948,1,END_CLOSED,23,-1.8449338378672266,0.41474996344596954,6.5744864822037385,PRICE,TEST,2022-12
KLBN11.SA,SIDEWAYS_CALM,-0.007883482862806289,0,TIME_STOP,11,0.5,-1.08460585002415,13.067125930108938,PRICE,TRAIN,2022-12
KLBN11.SA,SIDEWAYS_CALM,-0.0023903704510820564,0,TIME_STOP,14,0.5,0.46394208220651867,3.9766856624941687,PRICE,TRAIN,2022-12
KLBN11.SA,BEAR_CALM,-0.02310177695239548,0,TIME_STOP,11,0.5,-0.24821971151579011,2.8116891073300936,PRICE,TRAIN,2022-12
KLBN11.SA,BEAR_CALM,0.06990868387657198,1,BEAR_OPTIMIZED,23,-1.4165061828023724,1.0569914065388968,9.320646503804848,PRICE,TRAIN,2022-12
KLBN11.SA,BULL_CALM,-0.03229873220934212,0,TIME_STOP,38,0.5571760915415139,1.2281002117044446,6.527609004282359,PRICE,TRAIN,2022-12
KLBN11.SA,SIDEWAYS_VOLATILE,-0.01592676773761483,0,END_CLOSED,2,0.31926408509502635,-1.737365460060042,9.630392580192188,PRICE,TRAIN,2022-12
KLBN11.SA,SIDEWAYS_CALM,-0.004957628220515507,0,TIME_STOP,14,-0.17757716751682004,0.7294093594635298,5.263994646390484,PRICE,TEST,2022-12
LWSA3.SA,BEAR_CALM,0.00880000000000001,1,STOP_TECNICO,11,0.5,0.7094272439904862,30.958253539278495,PRICE,TRAIN,2022-12
LWSA3.SA,BEAR_CALM,0.00880000000000001,1,STOP_TECNICO,2,0.5,-0.06594563032079391,34.30961849152067,PRICE,TRAIN,2022-12
LWSA3.SA,BEAR_VOLATILE,0.00880000000000001,1,STOP_TECNICO,28,0.5,0.24839001457343438,22.50985753984551,PRICE,TRAIN,2022-12
LWSA3.SA,BEAR_CALM,0.00880000000000001,1,STOP_TECNICO,2,-2.310952753331311,-0.6030211930920725,19.071218008647705,PRICE,TRAIN,2022-12
LWSA3.SA,BEAR_CALM,-0.051200000000000044,0,HARD_STOP,6,-0.48837715186767744,0.7138893601838514,3.5979447300668266,PRICE,TEST,2022-12
MGLU3.SA,BEAR_CALM,-0.06191430661295374,0,HARD_STOP,5,0.5,0.45137740344218463,34.30961849152067,PRICE,TRAIN,2022-12
MGLU3.SA,BEAR_VOLATILE,0.00880000000000001,1,STOP_TECNICO,1,0.5,0.12415083565206897,34.30961849152067,PRICE,TRAIN,2022-12
MGLU3.SA,BEAR_VOLATILE,-0.008862865468389568,0,TIME_STOP,12,0.5,0.6687114009809488,34.30961849152067,PRICE,TRAIN,2022-12
MGLU3.SA,BEAR_CALM,0.00880000000000001,1,STOP_TECNICO,3,0.5,0.9804461212219968,12.091180566979652,PRICE,TRAIN,2022-12
MGLU3.SA,BEAR_VOLATILE,-0.017504412972978133,0,STOP_TECNICO,2,0.6871242724891938,0.9386870058164474,1000.0,PRICE,TRAIN,2022-12
MGLU3.SA,BEAR_VOLATILE,-0.008715140598217784,0,STOP_TECNICO,1,-0.8754981528293861,0.5430177836193261,1000.0,PRICE,TRAIN,2022-12
MGLU3.SA,BEAR_VOLATILE,-0.0674251545076934,0,HARD_STOP,1,0.029240442577102482,0.4234357937916246,1000.0,PRICE,TRAIN,2022-12
MGLU3.SA,BEAR_VOLATILE,-0.03039704559747094,0,STOP_TECNICO,1,-1.745019822699723,0.7197227526764334,1000.0,PRICE,TRAIN,2022-12
MGLU3.SA,BEAR_VOLATILE,0.00880000000000001,1,STOP_TECNICO,1,-0.45194664189927364,0.32313468993626726,34.30961849152067,PRICE,TRAIN,2022-12
MGLU3.SA,BEAR_CALM,0.05143148196750023,1,STOP_TECNICO,1,-1.636221976413793,-1.6035067681848374,32.820984530596284,PRICE,TRAIN,2022-12
MGLU3.SA,BEAR_CALM,-0.051200000000000044,0,HARD_STOP,1,-1.139669843463527,-0.9817467537211679,25.194677503485178,PRICE,TRAIN,2022-12
MRVE3.SA,BEAR_CALM,0.6516028926855165,1,BEAR_OPTIMIZED,76,0.5,-1.7562833177037858,34.30961849152067,PRICE,TRAIN,2022-12
MRVE3.SA,BEAR_VOLATILE,-0.002413620043642227,0,TIME_STOP,11,-1.4215180974883987,-0.015242838913220721,1000.0,PRICE,TRAIN,2022-12
MRVE3.SA,BEAR_VOLATILE,-0.051200000000000044,0,HARD_STOP,6,1.0243787811992653,-1.66179084082573,20.79492717733311,PRICE,TEST,2022-12
MRVE3.SA,BEAR_CALM,0.00880000000000001,1,STOP_TECNICO,16,0.5890805958270253,-2.051840265619832,34.30961849152067,PRICE,TEST,2022-12
MULT3.SA,SIDEWAYS_CALM,-0.003221058421283861,0,TIME_STOP,21,0.9138547182888954,0.10018307113495993,5.1794236120010035,PRICE,TRAIN,2022-12
MULT3.SA,BEAR_CALM,0.015499037246872939,1,BEAR_OPTIMIZED,2,1.0388373379872007,0.7857019969496485,9.674340570663306,PRICE,TRAIN,2022-12
MULT3.SA,SIDEWAYS_CALM,-0.032132091672436934,0,TIME_STOP,19,-0.2150435132926437,0.3600402860177615,7.812082657986174,PRICE,TRAIN,2022-12
MULT3.SA,BULL_CALM,-0.005220493524140134,0,TIME_STOP,15,-0.39346458783877664,1.3803706265203237,8.703568416349725,PRICE,TEST,2022-12
MULT3.SA,SIDEWAYS_CALM,-0.003512247000261891,0,TIME_STOP,12,-0.5588659532422976,1.3754153577369312,5.22643786166052,PRICE,TEST,2022-12
PCAR3.SA,BEAR_VOLATILE,-0.011003879010249039,0,TIME_STOP,12,0.5,1.239301976324363,25.88029221291058,PRICE,TRAIN,2022-12
PCAR3.SA,BEAR_VOLATILE,0.37050077811851667,1,BEAR_OPTIMIZED,102,0.5,-0.9602102131400808,1000.0,PRICE,TRAIN,2022-12
PCAR3.SA,BEAR_VOLATILE,-0.5121573091776414,0,HARD_STOP,1,0.5027917158702101,-7.9445572087683,5.9932864405041,PRICE,TRAIN,2022-12
PCAR3.SA,BEAR_VOLATILE,-0.0638185815750302,0,HARD_STOP,2,0.7586464169829563,-5.456671091088145,1000.0,PRICE,TRAIN,2022-12
PCAR3.SA,BEAR_VOLATILE,-0.051200000000000044,0,HARD_STOP,3,1.8235598119144736,-4.02474366722374,1000.0,PRICE,TRAIN,2022-12
PCAR3.SA,BEAR_VOLATILE,-0.06462498721461477,0,HARD_STOP,2,0.6094023455367289,-2.9825514082993343,34.30961849152067,PRICE,TRAIN,2022-12
PCAR3.SA,BEAR_VOLATILE,-0.07206613779042173,0,HARD_STOP,2,0.8647509620256876,-2.5826072261171618,1000.0,PRICE,TRAIN,2022-12
PCAR3.SA,BEAR_VOLATILE,0.0326461215679462,1,STOP_TECNICO,1,0.37417432719183974,-0.28863375809695313,34.30961849152067,PRICE,TRAIN,2022-12
PCAR3.SA,BEAR_VOLATILE,-0.051200000000000044,0,HARD_STOP,3,0.29683260221002267,0.11543171443474592,34.30961849152067,PRICE,TRAIN,2022-12
PCAR3.SA,BEAR_VOLATILE,0.00880000000000001,1,STOP_TECNICO,1,0.8795287204406488,0.8663417793091172,34.30961849152067,PRICE,TRAIN,2022-12
PCAR3.SA,BEAR_CALM,-0.05269052961359002,0,HARD_STOP,1,0.9196239914018357,0.18512709635743627,27.611196798619037,PRICE,TRAIN,2022-12
PCAR3.SA,BEAR_CALM,0.004563683216603255,1,STOP_TECNICO,1,0.5282591790105464,0.28021274462876317,21.976584678009512,PRICE,TRAIN,2022-12
PCAR3.SA,BEAR_CALM,0.05367806961197439,1,STOP_TECNICO,1,0.7304334297918971,0.48702805152864975,20.117106010605863,PRICE,TRAIN,2022-12
PCAR3.SA,BEAR_CALM,-0.010102068963955955,0,STOP_TECNICO,3,0.4890588730543608,0.767784011428329,16.798088468136243,PRICE,TRAIN,2022-12
PCAR3.SA,BEAR_CALM,0.014548016714081326,1,STOP_TECNICO,1,-0.0812148499526533,0.3627795718558592,10.263124740114842,PRICE,TRAIN,2022-12
PCAR3.SA,BEAR_CALM,-0.03496620240065842,0,STOP_TECNICO,1,-0.5990052803089906,0.232348053394665,7.980049998693626,PRICE,TRAIN,2022-12
PCAR3.SA,BEAR_CALM,0.033100822097464545,1,STOP_TECNICO,2,-2.249855405140277,0.06036775360231019,4.2355664126425205,PRICE,TRAIN,2022-12
PETR3.SA,BEAR_CALM,-0.0256354413653336,0,BEAR_OPTIMIZED,1,0.5,1.4097301345584792,3.8214746877105163,PRICE,TRAIN,2022-12
PETR3.SA,BEAR_VOLATILE,0.020944497390023555,1,BEAR_OPTIMIZED,1,0.5,1.0007721333780075,5.501418492369723,PRICE,TRAIN,2022-12
PETR3.SA,BEAR_VOLATILE,-0.020755335105992832,0,BEAR_OPTIMIZED,1,0.5,1.8004050441040653,6.7045165068222925,PRICE,TRAIN,2022-12
PETR3.SA,BULL_CALM,0.004009772390551981,1,END_CLOSED,4,-0.2657145307303815,0.2555278424560353,3.973809131685195,PRICE,TRAIN,2022-12
PETR3.SA,BULL_CALM,-0.10034743178548258,0,HARD_STOP,4,0.3070606111107447,-1.7646009752476939,13.634173421830742,PRICE,TEST,2022-12
PETR4.SA,BEAR_CALM,0.027583303494023916,1,BEAR_OPTIMIZED,8,0.5,0.15988276899822665,5.591353406976409,PRICE,TRAIN,2022-12
PETR4.SA,BULL_CALM,0.028352394460549137,1,END_CLOSED,2,-0.08181487593410351,1.1832993429694938,5.022849068781255,PRICE,TRAIN,2022-12
PETR4.SA,BULL_VOLATILE,-0.0012,0,END_CLOSED,0,1.0748678987352567,-2.974027140302699,9.656102095435141,PRICE,TEST,2022-12
PRIO3.SA,BULL_CALM,-0.09088130796451935,0,HARD_STOP,1,0.5,0.08140626482323118,12.622523294620063,PRICE,TRAIN,2022-12
PRIO3.SA,BULL_VOLATILE,-0.051200000000000155,0,HARD_STOP,1,0.5,-1.860532802754324,9.623533727122258,PRICE,TRAIN,2022-12
PRIO3.SA,SIDEWAYS_VOLATILE,-0.059116277283130535,0,HARD_STOP,10,0.5,-0.7750520224427195,34.30961849152067,PRICE,TRAIN,2022-12
PRIO3.SA,SIDEWAYS_CALM,0.4139971785436033,1,SIGNAL,110,-0.1292200517781769,0.7929650201894123,34.30961849152067,PRICE,TRAIN,2022-12
PRIO3.SA,BULL_CALM,0.03100567082554582,1,END_CLOSED,3,-1.0174012853991121,0.5826715977928247,4.474823186407617,PRICE,TRAIN,2022-12
PRIO3.SA,SIDEWAYS_CALM,-0.051200000000000044,0,HARD_STOP,3,-1.1351389444430005,0.7934325883167437,2.5070996618324144,PRICE,TEST,2022-12
PRIO3.SA,SIDEWAYS_CALM,0.005942800638126668,1,STOP_TECNICO,21,-1.8197684867086044,1.0736998073419486,3.251430080440164,PRICE,TEST,2022-12
PRIO3.SA,SIDEWAYS_CALM,0.023089674338136003,1,END_CLOSED,2,0.03157823864458277,0.6386308772023395,2.281535780455407,PRICE,TEST,2022-12
RADL3.SA,SIDEWAYS_CALM,0.07880005917588159,1,SIGNAL,7,0.5,-0.16438664853846324,6.43294133062464,PRICE,TRAIN,2022-12
RADL3.SA,BULL_CALM,-0.021989791720027595,0,TIME_STOP,22,-1.483532866499865,-0.5654092965172266,5.8631854973500355,PRICE,TRAIN,2022-12
RADL3.SA,SIDEWAYS_CALM,-0.051200000000000044,0,HARD_STOP,7,1.2937703147555994,-2.270476761203407,3.553171937627809,PRICE,TRAIN,2022-12
RADL3.SA,SIDEWAYS_VOLATILE,0.10279202730480516,1,END_CLOSED,32,1.296177246332971,0.4339088766942245,5.77826395380481,PRICE,TRAIN,2022-12
RADL3.SA,BEAR_VOLATILE,-0.0008152974184744354,0,BEAR_OPTIMIZED,1,2.312391817713001,-0.347769677465434,9.915849491451162,PRICE,TEST,2022-12
RADL3.SA,BEAR_VOLATILE,-0.05415245719182151,0,HARD_STOP,3,2.699909291914573,-0.3557448909167577,8.764982402366645,PRICE,TEST,2022-12
RADL3.SA,BEAR_VOLATILE,0.011544119586202807,1,BEAR_OPTIMIZED,1,1.3232800242892324,-0.5932642308434601,28.184340730350986,PRICE,TEST,2022-12
RADL3.SA,BEAR_CALM,0.02771562417735316,1,BEAR_OPTIMIZED,1,0.8527087535208924,0.34714594131176063,34.30961849152067,PRICE,TEST,2022-12
RAIL3.SA,SIDEWAYS_VOLATILE,0.03964504900561092,1,END_CLOSED,51,-0.18958325063109915,0.6190977127486659,4.325005705299524,PRICE,TRAIN,2022-12
RAIL3.SA,SIDEWAYS_CALM,-0.0034462143353184635,0,END_CLOSED,7,0.7404088044903572,-1.4354590115463426,2.3083162317159753,PRICE,TEST,2022-12
RAIZ4.SA,BEAR_VOLATILE,-0.05162022027866133,0,HARD_STOP,2,0.5,2.177465896922744,34.30961849152067,PRICE,TRAIN,2022-12
RAIZ4.SA,SIDEWAYS_CALM,-0.051200000000000044,0,HARD_STOP,8,0.6139178091993305,-1.1285826148664952,8.41463429261223,PRICE,TEST,2022-12
RECV3.SA,BULL_CALM,-0.0256744360776038,0,TIME_STOP,26,0.5,0.34811642540786747,7.655366824194407,PRICE,TRAIN,2022-12
RECV3.SA,SIDEWAYS_CALM,-0.051200000000000044,0,HARD_STOP,7,0.5,0.010847880307887631,8.979635672149413,PRICE,TRAIN,2022-12
RECV3.SA,BEAR_VOLATILE,-0.0021829767785097806,0,TIME_STOP,11,0.5,-2.748205213615781,1000.0,PRICE,TRAIN,2022-12
RECV3.SA,BEAR_VOLATILE,-0.02341140788470244,0,TIME_STOP,14,0.1857775070931176,-3.3808967445523987,34.30961849152067,PRICE,TRAIN,2022-12
RECV3.SA,BEAR_CALM,-0.051200000000000044,0,HARD_STOP,2,-0.5571055311540395,0.9569989404510922,25.134483796521085,PRICE,TRAIN,2022-12
RECV3.SA,BEAR_CALM,-0.06464890768072754,0,HARD_STOP,13,-0.18839663338345158,1.0394157486246098,27.97573896692679,PRICE,TRAIN,2022-12
RECV3.SA,BEAR_CALM,-0.051200000000000044,0,HARD_STOP,10,-0.9310224687293913,-1.0449918059939212,14.624977486586332,PRICE,TRAIN,2022-12
RECV3.SA,SIDEWAYS_CALM,0.030170732268546364,1,END_CLOSED,1,-0.2509447054123252,0.22227870137007694,4.383506439434597,PRICE,TEST,2022-12
RDOR3.SA,BEAR_CALM,-0.03962758431556592,0,TIME_STOP,12,1.6798180407362369,0.7593652069035767,34.30961849152067,PRICE,TRAIN,2022-12
RDOR3.SA,BEAR_CALM,-0.008732865339964334,0,TIME_STOP,15,-1.312440592788329,0.1552668626947889,3.67490834230569,PRICE,TEST,2022-12
RDOR3.SA,BEAR_CALM,-0.02489655412968441,0,TIME_STOP,14,-1.5434705011854777,0.10621398551729991,4.063061362683137,PRICE,TEST,2022-12
SANB11.SA,BEAR_CALM,-0.05119999999999993,0,HARD_STOP,5,0.5,-0.04972223465395322,8.475309966649357,PRICE,TRAIN,2022-12
SANB11.SA,BULL_VOLATILE,-0.013742432193445196,0,TIME_STOP,12,0.8425324618397062,-0.8428788789081055,7.606513488893398,PRICE,TEST,2022-12
SANB11.SA,SIDEWAYS_CALM,-0.006157422674946365,0,TIME_STOP,21,0.855760630732456,0.8897019290458253,12.894635948149155,PRICE,TEST,2022-12
RENT3.SA,SIDEWAYS_CALM,-0.04563675809113334,0,TIME_STOP,11,-0.275913204359989,-2.164352594970817,1000.0,PRICE,TRAIN,2022-12
RENT3.SA,BEAR_VOLATILE,-0.06756208462288418,0,HARD_STOP,9,-0.18083066548375268,1.6336623548851348,34.30961849152067,PRICE,TRAIN,2022-12
RENT3.SA,BEAR_VOLATILE,0.1395579040725484,1,BEAR_OPTIMIZED,22,-1.8500221055763835,0.6473705650188676,1000.0,PRICE,TRAIN,2022-12
RENT3.SA,BEAR_CALM,-0.05543850951198794,0,HARD_STOP,5,1.2531708562407928,0.003695311208653106,7.542564158294955,PRICE,TEST,2022-12
RENT3.SA,BEAR_VOLATILE,-0.03618323336179576,0,TIME_STOP,11,1.4502869380801515,1.2528017556486934,11.413426025858968,PRICE,TEST,2022-12
RENT3.SA,BEAR_CALM,0.019149606420409172,1,END_CLOSED,11,0.8342282284962829,0.5567869820055902,34.30961849152067,PRICE,TEST,2022-12
SBSP3.SA,BULL_CALM,-0.0030656986468603695,0,TIME_STOP,14,0.5,-1.3132580225043773,4.601839158204097,PRICE,TRAIN,2022-12
SBSP3.SA,BULL_CALM,-0.01642358215357311,0,TIME_STOP,20,0.5,0.6920899033590178,4.880974583840326,PRICE,TRAIN,2022-12
SBSP3.SA,SIDEWAYS_CALM,-0.021766433269108786,0,TIME_STOP,14,0.5,0.11357413490465582,2.9818604424288844,PRICE,TRAIN,2022-12
SBSP3.SA,BEAR_CALM,0.019975903428004572,1,BEAR_OPTIMIZED,1,0.08033869657518787,1.003863836459411,5.57861857600112,PRICE,TRAIN,2022-12
SBSP3.SA,SIDEWAYS_CALM,-0.013627322341179936,0,TIME_STOP,12,-1.6793030892256542,0.9888392745696406,7.632723598983265,PRICE,TRAIN,2022-12
SBSP3.SA,BEAR_CALM,-0.01856111023309117,0,BEAR_OPTIMIZED,2,-1.2728511490566625,0.9697900075069859,5.699912355480958,PRICE,TRAIN,2022-12
SBSP3.SA,BEAR_CALM,0.001265586465407288,1,BEAR_OPTIMIZED,1,-1.5522210070260527,0.44218960951666814,7.7170612280955915,PRICE,TRAIN,2022-12
SBSP3.SA,BEAR_CALM,-0.051200000000000044,0,HARD_STOP,2,-1.106573225834169,0.1429166180083896,8.342364613356338,PRICE,TRAIN,2022-12
SBSP3.SA,BEAR_VOLATILE,0.08696859886900929,1,BEAR_OPTIMIZED,7,-0.955151741095501,-0.5816636763423486,13.213190586149086,PRICE,TRAIN,2022-12
SLCE3.SA,SIDEWAYS_CALM,-0.005709673425351246,0,TIME_STOP,14,1.4399743721104632,-0.33007084177092766,20.765917999424698,PRICE,TRAIN,2022-12
SLCE3.SA,BEAR_CALM,0.028693343648943027,1,BEAR_OPTIMIZED,11,1.741206233922703,-0.523922240679088,34.30961849152067,PRICE,TRAIN,2022-12
SLCE3.SA,BEAR_CALM,-0.011506582618352822,0,TIME_STOP,11,0.883118507325696,-1.7374558519710335,21.97992829517249,PRICE,TRAIN,2022-12
SLCE3.SA,BEAR_CALM,0.11160125487566072,1,BEAR_OPTIMIZED,30,-0.9485619051093087,-2.6524034141729955,11.006805706174704,PRICE,TRAIN,2022-12
SLCE3.SA,BEAR_CALM,0.09215239925891447,1,BEAR_OPTIMIZED,4,-0.2324404835522503,0.6116447507238832,13.686055159534,PRICE,TRAIN,2022-12
TAEE11.SA,SIDEWAYS_CALM,-0.012018905146263824,0,TIME_STOP,33,-2.203190464057591,0.010399514017909825,21.43267564603917,PRICE,TRAIN,2022-12
TAEE11.SA,SIDEWAYS_CALM,-0.007382077759973148,0,TIME_STOP,11,-0.733691462627232,-1.226061474263316,4.454833481056049,PRICE,TRAIN,2022-12
TAEE11.SA,BEAR_CALM,0.02601086509871884,1,BEAR_OPTIMIZED,9,-0.2180316991381304,0.10939037215351935,5.35909154847235,PRICE,TRAIN,2022-12
TAEE11.SA,BULL_CALM,-0.01996542464434383,0,TIME_STOP,11,2.053608821257861,0.8666926347798616,7.5024921051214,PRICE,TEST,2022-12
TAEE11.SA,SIDEWAYS_CALM,-0.019127121900244924,0,TIME_STOP,12,0.6018827874793733,0.5428914034748782,9.506158901071533,PRICE,TEST,2022-12
TAEE11.SA,SIDEWAYS_VOLATILE,0.015758788447467344,1,END_CLOSED,4,0.13555479098827675,1.5596970339848597,18.98999468894002,PRICE,TEST,2022-12
SMFT3.SA,BULL_CALM,0.2609762421873968,1,SIGNAL,42,-0.04267436850913626,0.2950174464902922,6.42997305023124,PRICE,TRAIN,2022-12
SMFT3.SA,BULL_CALM,-0.0016103859484523297,0,TIME_STOP,21,-0.2209334083909069,-0.8696838895991581,10.125329768874607,PRICE,TEST,2022-12
SMFT3.SA,BULL_CALM,0.011166051461218497,1,END_CLOSED,18,-2.128262146008731,-0.5070040687653007,6.277423014075989,PRICE,TEST,2022-12
SUZB3.SA,BEAR_CALM,-0.008468833263556207,0,TIME_STOP,43,0.5,-0.10013897069183139,23.91513132315689,PRICE,TRAIN,2022-12
SUZB3.SA,BEAR_CALM,-0.04666490075498388,0,TIME_STOP,11,0.5,-0.05539489109365755,8.715859858538566,PRICE,TRAIN,2022-12
SUZB3.SA,BEAR_CALM,-0.01388914741615268,0,TIME_STOP,12,-1.1068331004203293,0.6692193053790638,17.12545669910653,PRICE,TRAIN,2022-12
SUZB3.SA,BEAR_CALM,-0.051200000000000155,0,HARD_STOP,4,-2.2563700832649114,1.3210089729187093,27.42265360931719,PRICE,TRAIN,2022-12
SUZB3.SA,BULL_CALM,0.1035244270330685,1,SIGNAL,28,0.8496196765439151,0.34873122534984613,6.062845584339047,PRICE,TEST,2022-12
TOTS3.SA,BEAR_CALM,-0.015139183963457724,0,STOP_TECNICO,5,0.5194299578321305,-0.2532207964540672,7.643139838998833,PRICE,TRAIN,2022-12
TOTS3.SA,BEAR_CALM,0.0067650540629783165,1,STOP_TECNICO,1,-0.011360329738392549,-0.4939835864727119,7.220753946137342,PRICE,TRAIN,2022-12
TOTS3.SA,BULL_CALM,-0.051200000000000044,0,HARD_STOP,15,1.6116794596744772,-0.40639603661600243,7.625512705505929,PRICE,TEST,2022-12
TOTS3.SA,SIDEWAYS_CALM,0.0034681118246518775,1,END_CLOSED,23,0.56417545723041,-3.6473894696140223,4.2923877862396,PRICE,TEST,2022-12
TIMS3.SA,BEAR_CALM,-0.02388767262999405,0,TIME_STOP,13,0.5,1.269531458340566,29.879365589381457,PRICE,TRAIN,2022-12
TIMS3.SA,BULL_CALM,0.08850695603067579,1,END_CLOSED,43,1.6787551539212235,0.19859146957544296,8.139707748600816,PRICE,TEST,2022-12
UGPA3.SA,BULL_CALM,0.05198385575101536,1,SIGNAL,6,1.3602969258872024,0.45000062319253853,7.005311999440554,PRICE,TEST,2022-12
UGPA3.SA,BULL_VOLATILE,-0.004482110591618869,0,END_CLOSED,8,0.6482511947840462,0.5541046159927075,19.07387445069238,PRICE,TEST,2022-12
VALE3.SA,BULL_CALM,-0.006664434269617735,0,TIME_STOP,16,0.5,-0.4553389033192517,5.147379114224202,PRICE,TRAIN,2022-12
VALE3.SA,BULL_CALM,-0.005198012949237295,0,TIME_STOP,11,0.5,-1.0193229478239039,10.330192682296362,PRICE,TRAIN,2022-12
VALE3.SA,BULL_CALM,-0.036927564630417596,0,TIME_STOP,12,0.5,-0.6033567854656255,13.629266403696342,PRICE,TRAIN,2022-12
VALE3.SA,BULL_CALM,-0.051200000000000044,0,HARD_STOP,2,0.4117788540125046,1.1981739479152256,24.035080305210638,PRICE,TRAIN,2022-12
VALE3.SA,SIDEWAYS_CALM,-0.08134856104759416,0,HARD_STOP,14,-0.3098302980478224,1.3110134780395652,24.293054869105003,PRICE,TRAIN,2022-12
VALE3.SA,BEAR_VOLATILE,-0.008102519284689323,0,TIME_STOP,13,-1.3770376919667136,0.4469216688638389,28.182265594407365,PRICE,TRAIN,2022-12
VALE3.SA,BEAR_CALM,-0.057293948731598786,0,HARD_STOP,8,-0.9962686361251514,2.0918010774999094,32.016677975606946,PRICE,TRAIN,2022-12
VALE3.SA,BEAR_CALM,-0.005217345317385068,0,TIME_STOP,12,-0.4986123069826107,0.7155590887392916,10.023659245430713,PRICE,TRAIN,2022-12
VALE3.SA,BEAR_VOLATILE,0.1461322182487764,1,BEAR_OPTIMIZED,78,0.4538603909820597,-0.18850685852435042,3.8620339390285463,PRICE,TRAIN,2022-12
VALE3.SA,SIDEWAYS_VOLATILE,-0.04036098223417064,0,TIME_STOP,11,1.876145595136287,-1.204755064145791,6.598607775896493,PRICE,TEST,2022-12
VALE3.SA,SIDEWAYS_CALM,0.0032125052287453673,1,END_CLOSED,23,0.6507886795399487,-0.6691614277110032,1000.0,PRICE,TEST,2022-12
USIM5.SA,BEAR_CALM,-0.025815368036395524,0,STOP_TECNICO,10,-0.07955663556370839,0.5176444111245349,16.39634637006736,PRICE,TRAIN,2022-12
USIM5.SA,BEAR_CALM,0.004677493030636672,1,STOP_TECNICO,1,0.029091495852737456,0.2261013767263823,20.141295559221923,PRICE,TRAIN,2022-12
USIM5.SA,BEAR_CALM,0.0003974182845923669,1,STOP_TECNICO,3,-0.5372395758729743,-0.2590832164604713,34.30961849152067,PRICE,TRAIN,2022-12
USIM5.SA,BEAR_CALM,-0.004425834169925945,0,STOP_TECNICO,1,-1.464626014756441,-0.7780814019487865,34.30961849152067,PRICE,TRAIN,2022-12
USIM5.SA,BEAR_CALM,0.005545337453621492,1,STOP_TECNICO,1,-0.8865991312116387,-0.7552048409756428,34.30961849152067,PRICE,TRAIN,2022-12
USIM5.SA,BEAR_VOLATILE,0.2901117848914966,1,BEAR_OPTIMIZED,22,-1.7926618632473443,-0.7980036383793417,1000.0,PRICE,TRAIN,2022-12
VIVT3.SA,BEAR_VOLATILE,-0.0022639035813454486,0,TIME_STOP,17,0.5,1.9700956578892808,5.913030064292047,PRICE,TRAIN,2022-12
VIVT3.SA,BEAR_CALM,0.1770647730701936,1,BEAR_OPTIMIZED,114,0.5,0.2239963988573581,10.774467869173215,PRICE,TRAIN,2022-12
VIVT3.SA,BULL_CALM,-0.004819184424597854,0,END_CLOSED,4,0.24546229771438877,0.781576110777552,7.2962878302815914,PRICE,TEST,2022-12
WEGE3.SA,BULL_CALM,-0.015972113152055066,0,TIME_STOP,11,0.5,0.5968923258453004,2.2485034165582056,PRICE,TRAIN,2022-12
WEGE3.SA,BULL_CALM,0.11740116668467113,1,SIGNAL,51,0.5,-0.10065421880872767,1.9442535270510404,PRICE,TRAIN,2022-12
WEGE3.SA,BULL_CALM,-0.022164955765904847,0,TIME_STOP,11,-3.06225088513288,-1.161970055611543,6.17350817318705,PRICE,TRAIN,2022-12
WEGE3.SA,BULL_CALM,-0.006313469037159257,0,TIME_STOP,23,-0.8137220718160622,0.5434372152555189,5.147653130254651,PRICE,TRAIN,2022-12
WEGE3.SA,BULL_CALM,-0.01589849908268428,0,TIME_STOP,12,-1.374820741528149,0.3889476410392536,2.5846141960216635,PRICE,TRAIN,2022-12
WEGE3.SA,SIDEWAYS_CALM,-0.019270973051076966,0,TIME_STOP,15,0.5043070487313203,1.9413735570687478,5.297972106407817,PRICE,TRAIN,2022-12
WEGE3.SA,SIDEWAYS_CALM,-0.0042218713716099185,0,TIME_STOP,14,-0.08393705551556509,-1.3745397014150686,9.820127548016735,PRICE,TRAIN,2022-12
WEGE3.SA,BEAR_CALM,0.016930420624071553,1,BEAR_OPTIMIZED,1,0.36222633253021846,-0.8184807739196036,34.30961849152067,PRICE,TRAIN,2022-12
WEGE3.SA,BEAR_CALM,-0.018810311382338817,0,BEAR_OPTIMIZED,1,0.832023631074604,-2.344887729882085,8.31175228214974,PRICE,TRAIN,2022-12
WEGE3.SA,BEAR_VOLATILE,-0.014094406631849042,0,BEAR_OPTIMIZED,1,1.0191255498943335,-0.5780206764636345,10.07601534819302,PRICE,TRAIN,2022-12
WEGE3.SA,BEAR_VOLATILE,-0.00640714440293224,0,BEAR_OPTIMIZED,1,0.43061419776856036,-0.8945745558906162,10.625811581688401,PRICE,TRAIN,2022-12
WEGE3.SA,BEAR_VOLATILE,-0.00728902950641943,0,BEAR_OPTIMIZED,1,1.098916039414501,-0.7470006411058122,11.894783099484059,PRICE,TRAIN,2022-12
WEGE3.SA,BEAR_CALM,0.009287647665758715,1,BEAR_OPTIMIZED,1,-0.5232300178258537,-0.6049152867727893,15.400715849352103,PRICE,TRAIN,2022-12
WEGE3.SA,BEAR_CALM,-0.0006461596029147187,0,BEAR_OPTIMIZED,1,1.540771157749849,0.10267437942814774,11.40902365544182,PRICE,TRAIN,2022-12
WEGE3.SA,BEAR_CALM,0.010048660320430038,1,BEAR_OPTIMIZED,5,1.8641576338122,-1.1985119304387455,12.17851700847693,PRICE,TRAIN,2022-12
WEGE3.SA,BEAR_CALM,-0.0077168138660882665,0,STOP_TECNICO,2,0.9950270061726816,-2.03442055598363,12.76829563560196,PRICE,TRAIN,2022-12
WEGE3.SA,BEAR_CALM,-0.022729436690560288,0,STOP_TECNICO,3,0.3908770634121272,-2.585332840296761,11.894197871166298,PRICE,TRAIN,2022-12
WEGE3.SA,BEAR_CALM,-0.011407072936138317,0,STOP_TECNICO,1,0.4377870578689178,-2.780171380613933,13.598716244726779,PRICE,TRAIN,2022-12
WEGE3.SA,BEAR_CALM,-0.10231371763539224,0,HARD_STOP,1,0.8721724448412902,-0.5312876014395321,12.008979376363591,PRICE,TRAIN,2022-12
WEGE3.SA,BEAR_VOLATILE,0.09167906806440404,1,BEAR_OPTIMIZED,36,0.11467337465909055,-2.393282510559947,9.428762793506149,PRICE,TRAIN,2022-12
WEGE3.SA,BEAR_VOLATILE,-0.001500572186148873,0,TIME_STOP,12,1.2818963205348284,1.3186680864924194,12.657681611867597,PRICE,TEST,2022-12
YDUQ3.SA,BEAR_CALM,-0.05119999999999993,0,HARD_STOP,3,0.5,-0.7173580241136847,13.902703948238484,PRICE,TRAIN,2022-12
YDUQ3.SA,BEAR_CALM,-0.051200000000000044,0,HARD_STOP,8,0.5,1.444691141937023,26.511365681530904,PRICE,TRAIN,2022-12
YDUQ3.SA,BEAR_CALM,-0.019738635597107,0,STOP_TECNICO,31,0.5,-0.4437698402074268,30.140224159231817,PRICE,TRAIN,2022-12
YDUQ3.SA,BEAR_VOLATILE,0.00880000000000001,1,STOP_TECNICO,6,0.5,-0.8360991495215606,1000.0,PRICE,TRAIN,2022-12
YDUQ3.SA,BULL_CALM,-0.051200000000000155,0,HARD_STOP,2,-0.2075538146428232,0.54391667816802,5.236848081353572,PRICE,TEST,2022-12
YDUQ3.SA,BULL_CALM,-0.051200000000000044,0,HARD_STOP,5,-0.28305217528346266,0.13287492720506014,3.867079285484305,PRICE,TEST,2022-12
YDUQ3.SA,SIDEWAYS_CALM,0.1412744806166316,1,END_CLOSED,23,-1.0930239472159329,0.6538255921864833,8.244650703450565,PRICE,TEST,2022-12
ABEV3.SA,BEAR_CALM,-0.020908030722171643,0,TIME_STOP,11,-0.5127955714582212,0.2011768668000519,20.30955893235533,PRICE,TRAIN,2023-03
ABEV3.SA,BEAR_VOLATILE,-0.0034693351938828373,0,TIME_STOP,11,-2.508305989880594,0.9812964817633382,22.934393484062195,PRICE,TRAIN,2023-03
ABEV3.SA,BEAR_CALM,-0.051200000000000044,0,HARD_STOP,11,-1.7258043999997434,0.7444513319612724,34.30961849152067,PRICE,TRAIN,2023-03
ABEV3.SA,BEAR_VOLATILE,0.15090358812018065,1,BEAR_OPTIMIZED,36,-1.0269065867752754,0.35275131051521313,34.30961849152067,PRICE,TRAIN,2023-03
ABEV3.SA,BEAR_CALM,-0.0054157976007825,0,TIME_STOP,34,-0.5940674633343477,0.4598671950759506,10.262856506946436,PRICE,TEST,2023-03
ABEV3.SA,BEAR_VOLATILE,-0.0003341921540852765,0,END_CLOSED,4,0.9628082162729565,-0.04657086083186466,12.38005838588574,PRICE,TEST,2023-03
ALOS3.SA,SIDEWAYS_CALM,0.026342280172655254,1,END_CLOSED,23,-0.8456292796513133,0.9884984259401716,9.719953569060241,PRICE,TRAIN,2023-03
ALOS3.SA,BEAR_VOLATILE,-0.05596305566105466,0,HARD_STOP,3,1.0139754313339298,0.1944270489642124,1000.0,PRICE,TEST,2023-03
ALOS3.SA,BEAR_VOLATILE,0.0675935488307576,1,BEAR_OPTIMIZED,8,1.0844964031100277,-2.9556018758746174,1000.0,PRICE,TEST,2023-03
AURE3.SA,BULL_CALM,-0.009662552192756045,0,TIME_STOP,26,0.5,0.8376434179690858,6.416452614019427,PRICE,TRAIN,2023-03
AURE3.SA,BULL_CALM,-0.017628578229112367,0,TIME_STOP,11,0.9687674415015762,0.21647093624589062,4.34902511635661,PRICE,TRAIN,2023-03
AURE3.SA,SIDEWAYS_CALM,-0.0019406665770718356,0,TIME_STOP,51,1.6427691478009452,-0.69491435307267,19.73144626167976,PRICE,TRAIN,2023-03
AURE3.SA,SIDEWAYS_CALM,-0.01530547840258347,0,TIME_STOP,12,-0.1877895676679759,-0.8263906854179918,2.0485519928626807,PRICE,TRAIN,2023-03
AURE3.SA,SIDEWAYS_CALM,0.08442871907771118,1,SIGNAL,44,-0.25601831321027135,0.24678162756823105,2.6877588124314693,PRICE,TRAIN,2023-03
AURE3.SA,SIDEWAYS_CALM,-0.02667860529039858,0,TIME_STOP,11,-1.023965846321022,0.2573989716345615,3.6221740104060123,PRICE,TRAIN,2023-03
AURE3.SA,BEAR_CALM,-0.00715741322176091,0,TIME_STOP,11,-0.5124800226383931,0.03176824223279063,9.675187718508715,PRICE,TEST,2023-03
ASAI3.SA,BEAR_VOLATILE,-0.051200000000000044,0,HARD_STOP,6,-1.1739939818964795,1.4520492373861011,1000.0,PRICE,TRAIN,2023-03
ASAI3.SA,BEAR_VOLATILE,-0.051200000000000044,0,HARD_STOP,1,-0.8246043923811474,0.12213833124638034,1000.0,PRICE,TRAIN,2023-03
ASAI3.SA,BEAR_VOLATILE,-0.04052088148512791,0,TIME_STOP,23,-2.4836861600917888,0.04109490797180915,1000.0,PRICE,TRAIN,2023-03
ASAI3.SA,SIDEWAYS_CALM,-0.012469697622953156,0,TIME_STOP,19,-1.6749266657203867,1.3167886044533312,4.504317871026014,PRICE,TEST,2023-03
ASAI3.SA,SIDEWAYS_CALM,-0.06427695915895495,0,HARD_STOP,7,-0.07852205495572173,-1.6102982343569223,8.057815108367537,PRICE,TEST,2023-03
ASAI3.SA,BEAR_VOLATILE,-0.00782263579634681,0,END_CLOSED,2,-0.5671798782490699,-0.6720851070156941,28.51972952266383,PRICE,TEST,2023-03
AZUL4.SA,BEAR_CALM,-0.07087982853977284,0,HARD_STOP,2,0.7693748300255806,-2.7038275966428142,10.405489356690378,PRICE,TRAIN,2023-03
AZUL4.SA,BEAR_CALM,0.004463483045545093,1,STOP_TECNICO,10,-0.708149543676332,0.36949889455648766,10.299498250293889,PRICE,TRAIN,2023-03
AZUL4.SA,BEAR_VOLATILE,0.00880000000000001,1,STOP_TECNICO,16,-0.30550010721083065,-0.2183963080256034,14.165837253025558,PRICE,TRAIN,2023-03
AZUL4.SA,BEAR_CALM,-0.03431791951712961,0,TIME_STOP,11,-0.009983599169514312,0.8586439194052418,33.542224862896205,PRICE,TRAIN,2023-03
AZUL4.SA,BEAR_CALM,0.046540873100659665,1,END_CLOSED,11,-0.41590837856521484,0.3910661361794319,18.604172612717804,PRICE,TRAIN,2023-03
AZUL4.SA,BEAR_VOLATILE,-0.05450700451653747,0,HARD_STOP,2,0.9429593128793602,0.5733621014295152,23.37035255490997,PRICE,TEST,2023-03
AZUL4.SA,BEAR_CALM,-0.006587951742845009,0,END_CLOSED,9,1.3824549909855446,0.6160847604285375,34.30961849152067,PRICE,TEST,2023-03
B3SA3.SA,BEAR_CALM,-0.01805905961469869,0,TIME_STOP,13,-0.7111881338744819,-0.08586860148132196,34.30961849152067,PRICE,TRAIN,2023-03
B3SA3.SA,BEAR_CALM,-0.014725926832287593,0,TIME_STOP,17,-1.1105841946066788,0.8009616085390747,18.08929674480966,PRICE,TEST,2023-03
B3SA3.SA,BEAR_CALM,0.003472914957249308,1,END_CLOSED,7,0.004239447849167706,-0.7285261284811713,12.980824467315607,PRICE,TEST,2023-03
BBAS3.SA,BULL_CALM,-0.010327391694893627,0,TIME_STOP,17,0.5273374564595205,0.01944400433380739,4.353021948322533,PRICE,TEST,2023-03
BBAS3.SA,BULL_CALM,-0.009879914047407089,0,TIME_STOP,12,-0.3696383630692583,-1.6823991423627778,3.7822122782665475,PRICE,TEST,2023-03
BBAS3.SA,SIDEWAYS_CALM,-9.491047079070885e-05,0,END_CLOSED,4,-0.2541958918391767,-0.692948396280907,3.4291736654424443,PRICE,TEST,2023-03
BBDC4.SA,BEAR_CALM,-0.009413000866759245,0,TIME_STOP,17,1.3390525654875607,0.6722782439040489,3.3595627644302817,PRICE,TEST,2023-03
BBDC4.SA,BEAR_CALM,-0.03771270507356241,0,TIME_STOP,13,1.032288590714979,-0.16786404192032658,5.870416524035773,PRICE,TEST,2023-03
BBDC4.SA,BEAR_CALM,0.015999965775184234,1,END_CLOSED,4,-0.6671307586547742,0.18200462109036436,1000.0,PRICE,TEST,2023-03
BBDC3.SA,BEAR_CALM,-0.00563280238632604,0,TIME_STOP,17,0.8418286252802679,0.914651742333273,4.195653175958184,PRICE,TEST,2023-03
BBDC3.SA,BEAR_CALM,-0.02467015887997772,0,TIME_STOP,12,0.5825784129966975,-0.08577392832793433,7.356224841167644,PRICE,TEST,2023-03
BBDC3.SA,BEAR_CALM,0.0011793322395500028,1,END_CLOSED,4,0.024933213166713063,0.2350044328418667,34.30961849152067,PRICE,TEST,2023-03
BBSE3.SA,BULL_CALM,-0.051200000000000044,0,HARD_STOP,4,-1.1158081902811972,-2.3251745743066907,5.788203030492888,PRICE,TRAIN,2023-03
BBSE3.SA,SIDEWAYS_VOLATILE,-0.011719652191161577,0,TIME_STOP,12,-0.3796175831827623,-1.6519860942251572,10.778437949923477,PRICE,TRAIN,2023-03
BBSE3.SA,SIDEWAYS_CALM,-0.008984589102710515,0,TIME_STOP,11,0.14649101812906049,-1.010384228441981,16.5885672108847,PRICE,TRAIN,2023-03
BBSE3.SA,BEAR_CALM,0.00045959571757823287,1,BEAR_OPTIMIZED,1,1.9551272191709246,-0.06579966847032406,10.373260643063768,PRICE,TRAIN,2023-03
BBSE3.SA,BULL_CALM,0.05799003504137943,1,SIGNAL,20,-0.4975771950850914,0.36591147275261293,1.757161798170613,PRICE,TEST,2023-03
BBSE3.SA,SIDEWAYS_VOLATILE,0.007439359145703463,1,END_CLOSED,10,1.6721924646938187,0.10063099034282416,4.2104902421812085,PRICE,TEST,2023-03
BEEF3.SA,BEAR_VOLATILE,-0.05119999999999993,0,HARD_STOP,6,0.9124102209653296,1.3955976435109614,34.30961849152067,PRICE,TRAIN,2023-03
BEEF3.SA,BEAR_VOLATILE,0.35159795853275566,1,BEAR_OPTIMIZED,42,-1.5868072878861126,1.6234701454500786,34.30961849152067,PRICE,TRAIN,2023-03
BEEF3.SA,BEAR_CALM,-0.08699086638243084,0,HARD_STOP,21,0.0742763098931639,-0.15769667451896885,34.30961849152067,PRICE,TRAIN,2023-03
BEEF3.SA,BEAR_CALM,-0.002620419332224809,0,TIME_STOP,13,-0.5476960208983285,-2.131767000753813,10.071255205376984,PRICE,TRAIN,2023-03
BEEF3.SA,BEAR_CALM,-0.005624809569319676,0,STOP_TECNICO,1,-0.7054278331152601,0.13579905095776287,3.001890706862548,PRICE,TRAIN,2023-03
BEEF3.SA,BEAR_CALM,-0.010685548202920135,0,STOP_TECNICO,11,-1.2749466399412386,0.02421210056670918,4.214967881354626,PRICE,TRAIN,2023-03
BEEF3.SA,BEAR_CALM,-0.03173439393562163,0,STOP_TECNICO,5,-0.9448777198446285,-0.4441044542157372,9.381437399123763,PRICE,TRAIN,2023-03
BEEF3.SA,BEAR_CALM,0.03589432082504183,1,END_CLOSED,17,-1.0565969597474778,-0.20437752930456293,18.923567330832505,PRICE,TRAIN,2023-03
BEEF3.SA,BEAR_VOLATILE,-0.007811563734210235,0,TIME_STOP,12,0.1971975662915133,-0.6725112610010803,8.343253778471242,PRICE,TEST,2023-03
BPAC11.SA,BULL_CALM,0.25420925168140196,1,SIGNAL,43,-0.4919549628665349,-0.8415557506836229,4.827809549697695,PRICE,TRAIN,2023-03
BPAC11.SA,BEAR_VOLATILE,0.04481209217163205,1,BEAR_OPTIMIZED,1,0.10281330641219817,-0.25638385884727205,34.30961849152067,PRICE,TEST,2023-03
BPAC11.SA,BEAR_CALM,-0.014721967608888796,0,BEAR_OPTIMIZED,1,0.9661564119639648,1.0643030540814378,9.568242256650525,PRICE,TEST,2023-03
BPAC11.SA,BEAR_VOLATILE,-0.011848319901096936,0,BEAR_OPTIMIZED,2,0.948859453436313,1.1515321889330794,13.85028454712384,PRICE,TEST,2023-03
BRKM5.SA,BEAR_CALM,-0.05583418727967795,0,HARD_STOP,1,0.5,-1.8193119038528522,8.628699457643739,PRICE,TRAIN,2023-03
BRKM5.SA,BEAR_CALM,-0.09438806301214522,0,HARD_STOP,8,0.5,-0.7005948834514631,34.30961849152067,PRICE,TRAIN,2023-03
BRKM5.SA,BEAR_VOLATILE,-0.051200000000000044,0,HARD_STOP,7,-0.020620304516125593,1.5181509352202773,12.966411792110529,PRICE,TRAIN,2023-03
BRKM5.SA,BEAR_CALM,-0.051200000000000155,0,HARD_STOP,10,0.42575427553527123,1.1385525743585987,9.70378915887513,PRICE,TRAIN,2023-03
BRKM5.SA,BEAR_CALM,-0.027088335488863156,0,TIME_STOP,11,-0.44761133196070685,-2.2429777415479055,10.10402217081402,PRICE,TEST,2023-03
BRKM5.SA,BEAR_CALM,-0.06647415273629834,0,HARD_STOP,10,-1.881292027006799,-1.4193649057422504,17.510981172573583,PRICE,TEST,2023-03
CMIN3.SA,BULL_CALM,-0.07495261081457419,0,HARD_STOP,6,0.001955687332128857,1.3331601066503542,4.100326106171793,PRICE,TRAIN,2023-03
CMIN3.SA,BULL_CALM,0.00880000000000001,1,STOP_TECNICO,68,-0.2107481910182153,1.2143507684635737,3.504656873458777,PRICE,TRAIN,2023-03
CMIN3.SA,BULL_CALM,0.00880000000000001,1,STOP_TECNICO,27,-0.557208203631903,0.634909123753875,7.250095800241978,PRICE,TRAIN,2023-03
CMIN3.SA,SIDEWAYS_CALM,-0.02052366372404426,0,TIME_STOP,12,0.5721727504781171,0.5653581025103048,7.981361057953424,PRICE,TRAIN,2023-03
CMIN3.SA,SIDEWAYS_CALM,0.2862395893225923,1,SIGNAL,65,-1.0842641969831774,0.4328806589862649,6.214242762193852,PRICE,TRAIN,2023-03
CMIN3.SA,BULL_CALM,-0.025590211781191273,0,TIME_STOP,11,1.0706041607208807,0.6935339766303116,22.957280895833694,PRICE,TRAIN,2023-03
CMIN3.SA,BEAR_CALM,-0.0012,0,BEAR_OPTIMIZED,1,-1.5540151274216238,-1.6965417266829173,33.669216030128666,PRICE,TEST,2023-03
CMIN3.SA,BEAR_CALM,0.02279994446144671,1,BEAR_OPTIMIZED,3,-2.5414147082532064,-1.8412961704465916,19.37662016496426,PRICE,TEST,2023-03
CMIN3.SA,BEAR_VOLATILE,0.013292658126001423,1,BEAR_OPTIMIZED,3,-0.872023641788655,-1.3923734056560495,4.801543241167135,PRICE,TEST,2023-03
BRAP4.SA,BEAR_CALM,-0.0720255259625944,0,HARD_STOP,10,1.047890681332221,-0.2204616042462639,20.15766952138057,PRICE,TRAIN,2023-03
BRAP4.SA,BEAR_VOLATILE,-0.009352273428343681,0,TIME_STOP,12,-1.2980876351863053,0.24528325305857648,20.912921978454314,PRICE,TRAIN,2023-03
BRAP4.SA,BEAR_CALM,0.10379297987880673,1,BEAR_OPTIMIZED,16,-1.4698983726516766,1.2451832457839922,17.356401153037286,PRICE,TRAIN,2023-03
BRAP4.SA,BEAR_VOLATILE,0.11289710309366816,1,BEAR_OPTIMIZED,16,0.7883314148606247,0.10200672777988402,6.252453002586119,PRICE,TRAIN,2023-03
BRAP4.SA,BEAR_CALM,0.13729859612446024,1,BEAR_OPTIMIZED,12,0.16292051557423148,0.5885197644824883,5.644075598755565,PRICE,TRAIN,2023-03
BRAP4.SA,BEAR_CALM,-0.015115566916139377,0,END_CLOSED,7,-1.3691893149324001,1.060974570567495,1000.0,PRICE,TRAIN,2023-03
BRAP4.SA,BEAR_CALM,-0.02103896649613115,0,END_CLOSED,3,0.11550305527820137,1.0095715617781158,5.759635028798789,PRICE,TEST,2023-03
CMIG4.SA,BULL_CALM,-0.007817351219166734,0,TIME_STOP,14,1.5063950747549388,0.7591494735002491,4.673390624197516,PRICE,TRAIN,2023-03
CMIG4.SA,SIDEWAYS_CALM,0.09871597498015347,1,SIGNAL,22,0.5162611002732905,-0.5932316674615563,4.700066803181706,PRICE,TRAIN,2023-03
CMIG4.SA,BEAR_VOLATILE,-0.07080363138093829,0,HARD_STOP,2,0.5462665473293454,-1.875748360673963,4.211228159928867,PRICE,TRAIN,2023-03
CMIG4.SA,BEAR_VOLATILE,0.021905315969570884,1,BEAR_OPTIMIZED,1,1.5985864952065298,-1.9431326021243993,16.803174688832705,PRICE,TRAIN,2023-03
CMIG4.SA,BEAR_VOLATILE,0.0015274595154023197,1,BEAR_OPTIMIZED,3,1.4972724652739424,-2.1012695151835894,13.656080431570766,PRICE,TRAIN,2023-03
CMIG4.SA,BEAR_VOLATILE,-0.0003007332343884161,0,BEAR_OPTIMIZED,1,1.371323044296802,-2.047579855542047,13.053001358608997,PRICE,TRAIN,2023-03
CMIG4.SA,BEAR_VOLATILE,0.043080615200612994,1,BEAR_OPTIMIZED,2,1.4403733254956754,-1.4134254361603809,19.316712047127652,PRICE,TRAIN,2023-03
CPFE3.SA,SIDEWAYS_VOLATILE,0.14152352740977067,1,SIGNAL,29,-0.3611256365811628,0.5344954025779115,14.825647969810785,PRICE,TRAIN,2023-03
CPFE3.SA,SIDEWAYS_CALM,-0.03456161551625194,0,TIME_STOP,11,-1.3595485541667793,0.2604629301261536,12.955695686132215,PRICE,TRAIN,2023-03
CPFE3.SA,BEAR_VOLATILE,0.0207339796910083,1,BEAR_OPTIMIZED,4,-0.8312232135388314,-2.7481976732246483,5.255357927338533,PRICE,TEST,2023-03
CPFE3.SA,BEAR_VOLATILE,0.011913763134180223,1,BEAR_OPTIMIZED,2,-0.3207520962375086,-2.5404405548714295,5.771299099578504,PRICE,TEST,2023-03
CPFE3.SA,BEAR_VOLATILE,0.010125459666959415,1,BEAR_OPTIMIZED,4,0.08093396616019051,-2.946226730618408,6.8266878276795095,PRICE,TEST,2023-03
COGN3.SA,BEAR_CALM,-0.005384004390151319,0,TIME_STOP,12,-2.2620286990974847,0.7954422979774595,34.30961849152067,PRICE,TRAIN,2023-03
COGN3.SA,BEAR_VOLATILE,-0.06494502186375098,0,HARD_STOP,9,1.0132357089293218,0.0038689476906745082,16.703171284249517,PRICE,TRAIN,2023-03
COGN3.SA,BEAR_VOLATILE,-0.051200000000000044,0,HARD_STOP,4,0.5711495912416584,-0.48495995499755645,1000.0,PRICE,TRAIN,2023-03
COGN3.SA,BEAR_VOLATILE,-0.06821034766634107,0,HARD_STOP,9,0.7598222369630445,-0.40037532678325183,17.819315184101434,PRICE,TEST,2023-03
CPLE6.SA,BULL_CALM,0.1434229084274273,1,SIGNAL,27,0.5285628342106905,1.3726559055526524,2.8499543510266125,PRICE,TRAIN,2023-03
CPLE6.SA,SIDEWAYS_VOLATILE,-0.004493048342641547,0,TIME_STOP,37,-1.2793708073918526,0.434009986538579,34.244445763836104,PRICE,TEST,2023-03
CSAN3.SA,BEAR_VOLATILE,0.016158972122636596,1,END_CLOSED,1,1.3709322753392612,0.5649511461892577,15.16713516162221,PRICE,TRAIN,2023-03
CSAN3.SA,BEAR_VOLATILE,-0.005398763390397819,0,TIME_STOP,12,-0.8266072316617339,0.6399619451435056,34.30961849152067,PRICE,TEST,2023-03
CSAN3.SA,BEAR_CALM,-0.023470141996907133,0,TIME_STOP,11,-1.6995995758655489,0.3486412262960631,9.826695558112554,PRICE,TEST,2023-03
CSNA3.SA,SIDEWAYS_CALM,-0.062429913859990104,0,HARD_STOP,10,0.061752336694613295,0.2684727786772676,15.348630407313662,PRICE,TRAIN,2023-03
CSNA3.SA,SIDEWAYS_CALM,-0.018536376213588633,0,TIME_STOP,13,-0.3772359958775141,-1.1241984012734365,9.685261746605754,PRICE,TRAIN,2023-03
CSNA3.SA,BEAR_CALM,0.04743971979334503,1,BEAR_OPTIMIZED,7,-0.7452737452073894,-0.6013889026148592,2.7106395912042274,PRICE,TRAIN,2023-03
CSNA3.SA,BEAR_CALM,0.01993823054870223,1,BEAR_OPTIMIZED,2,-0.30331531671304707,0.015573087986862662,1.690039614452455,PRICE,TRAIN,2023-03
CSNA3.SA,BEAR_CALM,-0.01885656624514411,0,TIME_STOP,11,-0.8072776671962065,-1.5706563114436805,3.27637043015448,PRICE,TRAIN,2023-03
CSNA3.SA,BEAR_CALM,0.0531933589163339,1,BEAR_OPTIMIZED,7,1.2943330804970745,-0.6575919950907705,6.264694117460628,PRICE,TRAIN,2023-03
CSNA3.SA,BEAR_CALM,-0.006951882584767664,0,TIME_STOP,16,0.1777366979483249,0.9344014494526036,6.274003375049595,PRICE,TRAIN,2023-03
CSNA3.SA,BEAR_CALM,-0.051200000000000044,0,HARD_STOP,9,0.9210507242790127,0.05341605434666443,8.312022963546537,PRICE,TRAIN,2023-03
CSNA3.SA,BEAR_CALM,-0.051200000000000044,0,HARD_STOP,8,0.7241000806822097,0.32294566694500154,13.605103777980833,PRICE,TRAIN,2023-03
CSNA3.SA,BEAR_CALM,0.1371647961347496,1,BEAR_OPTIMIZED,10,0.8329779758754464,1.0429762417713981,11.84723822121592,PRICE,TRAIN,2023-03
CSNA3.SA,SIDEWAYS_CALM,-0.006098439354206085,0,TIME_STOP,12,-0.6896388411764871,-1.4250152570301962,27.010385989658843,PRICE,TEST,2023-03
CSNA3.SA,BEAR_CALM,-0.009058983883779036,0,TIME_STOP,17,-0.27978700492069314,1.7227324731205114,10.120029095283888,PRICE,TEST,2023-03
CSNA3.SA,BEAR_CALM,-0.003605837379146791,0,END_CLOSED,2,-2.2114470966037363,1.532376989032217,15.862908381906943,PRICE,TEST,2023-03
CVCB3.SA,BEAR_CALM,-0.03460048346879265,0,STOP_TECNICO,120,-0.7904093967773675,-0.63764691815554,5.703753422226162,PRICE,TRAIN,2023-03
DIRR3.SA,BULL_CALM,-0.051200000000000044,0,HARD_STOP,2,-1.1773297546350143,1.9117666141333647,3.2080935048730663,PRICE,TRAIN,2023-03
DIRR3.SA,SIDEWAYS_CALM,0.134209432450871,1,SIGNAL,15,-0.2121942827457013,1.559145544102959,3.7481973278013756,PRICE,TRAIN,2023-03
DIRR3.SA,BEAR_CALM,0.0017939920828796486,1,BEAR_OPTIMIZED,1,-1.3499892728644505,0.23096676769280008,1000.0,PRICE,TRAIN,2023-03
DIRR3.SA,BEAR_CALM,0.01914704290563072,1,BEAR_OPTIMIZED,3,-1.4525303997988617,0.8872787759194342,1000.0,PRICE,TRAIN,2023-03
DIRR3.SA,BEAR_VOLATILE,0.04115290518162316,1,BEAR_OPTIMIZED,1,-1.449936332958617,0.6907041613905028,34.30961849152067,PRICE,TRAIN,2023-03
DIRR3.SA,BULL_VOLATILE,0.16709919240077573,1,END_CLOSED,46,0.0035883519899428777,0.10513518877583455,9.32314186007696,PRICE,TEST,2023-03
CXSE3.SA,BULL_VOLATILE,-0.0018401328642655634,0,TIME_STOP,13,0.5079858212145552,0.4213577936964488,7.013102976838822,PRICE,TEST,2023-03
CXSE3.SA,BULL_VOLATILE,-0.003945427482807039,0,END_CLOSED,4,1.2854184758624518,0.04981733159369928,5.2071800546268605,PRICE,TEST,2023-03
CYRE3.SA,SIDEWAYS_CALM,-0.011737996585613385,0,TIME_STOP,12,-1.301116569208523,0.6807983461655193,1000.0,PRICE,TRAIN,2023-03
CYRE3.SA,BEAR_VOLATILE,0.024643959792338112,1,BEAR_OPTIMIZED,1,-0.1487138537179206,0.8641828374037107,16.26220281233605,PRICE,TEST,2023-03
CYRE3.SA,BEAR_VOLATILE,0.013085784331992568,1,BEAR_OPTIMIZED,2,0.045884426200990036,1.2183103000676394,16.786175400737818,PRICE,TEST,2023-03
CYRE3.SA,BEAR_CALM,-0.0239157597221721,0,BEAR_OPTIMIZED,1,0.6891330732862658,-1.706266364137494,24.486336495703654,PRICE,TEST,2023-03
CYRE3.SA,BEAR_CALM,-0.006362704215300628,0,BEAR_OPTIMIZED,1,0.5519089515752318,-1.656733512733721,27.897832062947625,PRICE,TEST,2023-03
CYRE3.SA,BEAR_CALM,0.005043616531057317,1,BEAR_OPTIMIZED,1,0.9138352251854958,-0.34822793046799017,27.582449082009358,PRICE,TEST,2023-03
ECOR3.SA,BEAR_CALM,-0.019718465764574165,0,TIME_STOP,11,-0.7603969494703061,-1.4399108488855141,34.30961849152067,PRICE,TEST,2023-03
ECOR3.SA,BEAR_CALM,0.048707747801674285,1,BEAR_OPTIMIZED,13,-0.8938463994495311,1.1204779831875393,34.30961849152067,PRICE,TEST,2023-03
ECOR3.SA,BEAR_CALM,-0.051200000000000044,0,HARD_STOP,8,1.1053659263031865,-0.13511106095144523,19.9387361609523,PRICE,TEST,2023-03
EGIE3.SA,SIDEWAYS_CALM,-0.013503150255697392,0,TIME_STOP,15,1.0857380749297914,0.6694039906372631,9.057795680486372,PRICE,TRAIN,2023-03
EGIE3.SA,SIDEWAYS_CALM,-0.0034052456037812137,0,TIME_STOP,15,0.3282288294382996,1.3845256114984799,4.900092756137762,PRICE,TRAIN,2023-03
EGIE3.SA,SIDEWAYS_VOLATILE,-0.01823173645085454,0,TIME_STOP,11,0.887017542640521,0.43213825531287037,14.61386094217961,PRICE,TRAIN,2023-03
EGIE3.SA,BEAR_VOLATILE,0.004521254031326506,1,BEAR_OPTIMIZED,1,0.517740779023936,0.8794496333355918,16.89563038451324,PRICE,TRAIN,2023-03
EGIE3.SA,BEAR_VOLATILE,-0.009563948829204104,0,BEAR_OPTIMIZED,1,-0.309315314648732,0.9793392520287686,22.29156582033494,PRICE,TRAIN,2023-03
EGIE3.SA,BEAR_CALM,0.010433836904606732,1,BEAR_OPTIMIZED,1,-0.14779453398383113,0.6584639358901699,34.30961849152067,PRICE,TRAIN,2023-03
EGIE3.SA,BEAR_CALM,3.42237070575025e-05,1,BEAR_OPTIMIZED,1,-1.0177803239056777,0.7461612430425777,20.67736195350378,PRICE,TRAIN,2023-03
EGIE3.SA,BEAR_CALM,0.020049988222971306,1,BEAR_OPTIMIZED,1,-0.43821904183055804,0.5380332506938732,20.55795472730622,PRICE,TRAIN,2023-03
EGIE3.SA,BEAR_CALM,0.020402532513819828,1,BEAR_OPTIMIZED,5,0.8617538450746559,0.7493778402627223,1.6844780429200965,PRICE,TEST,2023-03
ELET3.SA,BEAR_VOLATILE,0.04341936070774519,1,BEAR_OPTIMIZED,11,-0.7362055818749,-2.845728550281676,34.30961849152067,PRICE,TEST,2023-03
ELET3.SA,BEAR_CALM,-0.05710223829763963,0,HARD_STOP,11,1.2215381884307173,-1.291270330220866,31.530713722558996,PRICE,TEST,2023-03
ELET3.SA,BEAR_VOLATILE,-0.0012,0,END_CLOSED,0,-0.16166474468150585,0.42358317524796213,13.888114949888989,PRICE,TEST,2023-03
ELET6.SA,SIDEWAYS_VOLATILE,-0.0076898651182965225,0,TIME_STOP,30,-0.5321554534699972,-3.1855472143276384,22.63078637356369,PRICE,TEST,2023-03
ELET6.SA,BEAR_CALM,0.00697840074740972,1,BEAR_OPTIMIZED,10,0.8739406865901298,0.054465091874816324,20.35255125192443,PRICE,TEST,2023-03
ELET6.SA,BEAR_CALM,-0.0012,0,END_CLOSED,0,0.12669471331004728,0.6745776518882366,10.981072669580211,PRICE,TEST,2023-03
EMBR3.SA,BULL_CALM,-0.0983184276241669,0,HARD_STOP,1,1.6328061432080376,-1.1460660601769375,20.10229599007835,PRICE,TRAIN,2023-03
EMBR3.SA,BULL_VOLATILE,0.23892143449253064,1,SIGNAL,36,1.7169857312136538,-2.3391553309573707,31.00300491322151,PRICE,TRAIN,2023-03
EMBR3.SA,BULL_CALM,0.00880000000000001,1,STOP_TECNICO,22,1.8841637197558283,-0.16526500552709678,13.495304032924091,PRICE,TRAIN,2023-03
EMBR3.SA,BEAR_VOLATILE,-0.0100496282982643,0,TIME_STOP,12,0.8208335484815676,0.3519683804400078,7.086469539139579,PRICE,TRAIN,2023-03
ENEV3.SA,BEAR_VOLATILE,0.19082232836493782,1,BEAR_OPTIMIZED,29,-1.0418463495754975,-1.023212696844,34.30961849152067,PRICE,TRAIN,2023-03
EQTL3.SA,BULL_CALM,0.00880000000000001,1,STOP_TECNICO,29,-0.7169939222960671,0.4769295573708379,9.31538636734993,PRICE,TRAIN,2023-03
EQTL3.SA,BULL_CALM,-0.017582857704646536,0,TIME_STOP,11,2.38442323571191,0.4502037044036525,8.787608554760807,PRICE,TRAIN,2023-03
EQTL3.SA,BULL_CALM,0.1183547195800588,1,SIGNAL,60,0.8543830745655283,-0.13472063571386433,4.8107360022328765,PRICE,TRAIN,2023-03
EQTL3.SA,BULL_CALM,-0.008501487996235645,0,TIME_STOP,11,-1.7379052532424384,-0.7919971029007374,2.074527384378952,PRICE,TRAIN,2023-03
EQTL3.SA,SIDEWAYS_CALM,-0.000306596818707171,0,END_CLOSED,11,-2.2029907402882785,-0.2669901188280673,2.9884216810636706,PRICE,TRAIN,2023-03
EQTL3.SA,BEAR_CALM,0.0282774963316371,1,BEAR_OPTIMIZED,7,-2.086301030173855,-1.9072677946102146,34.30961849152067,PRICE,TEST,2023-03
EQTL3.SA,BEAR_CALM,0.014826684407542957,1,BEAR_OPTIMIZED,5,-0.26371959841271264,-0.7602733886837358,11.173971376756434,PRICE,TEST,2023-03
EQTL3.SA,BEAR_CALM,0.0011801346767233779,1,END_CLOSED,9,-1.2043396484557625,-0.16800602935874037,9.884067498552609,PRICE,TEST,2023-03
ENGI11.SA,SIDEWAYS_VOLATILE,-0.018587532958147766,0,TIME_STOP,13,2.335660974574952,0.13898481956729322,7.964092107339448,PRICE,TRAIN,2023-03
ENGI11.SA,BEAR_CALM,0.011909062156644092,1,BEAR_OPTIMIZED,2,-0.15571455834461295,-0.32792612430572116,23.158395916267512,PRICE,TEST,2023-03
ENGI11.SA,BEAR_CALM,0.05112818965133701,1,BEAR_OPTIMIZED,3,-0.32629907795233326,-0.15210130637980246,23.22407664357782,PRICE,TEST,2023-03
ENGI11.SA,BEAR_CALM,0.026046651577947035,1,BEAR_OPTIMIZED,2,-1.795509553623559,-0.13873492282787975,7.789599857119831,PRICE,TEST,2023-03
EZTC3.SA,BEAR_VOLATILE,-0.051200000000000044,0,HARD_STOP,5,1.0311064216249322,0.27927625518540894,1000.0,PRICE,TRAIN,2023-03
EZTC3.SA,BEAR_VOLATILE,0.00880000000000001,1,STOP_TECNICO,18,0.34658482664908163,1.4990363478123938,18.866719105643703,PRICE,TEST,2023-03
EZTC3.SA,BEAR_CALM,0.0437612606929759,1,END_CLOSED,10,-0.25147450495478174,-0.5428523991234314,14.701823864981794,PRICE,TEST,2023-03
FLRY3.SA,SIDEWAYS_CALM,-0.0012,0,END_CLOSED,0,0.38240353740328786,-0.5993167171005895,34.30961849152067,PRICE,TRAIN,2023-03
FLRY3.SA,BEAR_CALM,0.025134522345885292,1,END_CLOSED,7,0.7513575615343279,0.2029024315675023,4.179822734618776,PRICE,TEST,2023-03
GGBR4.SA,BEAR_CALM,0.04058736862880217,1,BEAR_OPTIMIZED,2,1.0897729381914525,-0.18348714154994064,8.158034493507557,PRICE,TRAIN,2023-03
GGBR4.SA,BEAR_CALM,0.05494170421924247,1,BEAR_OPTIMIZED,4,-1.2906351292829714,-0.1800639701147766,7.402644405295073,PRICE,TRAIN,2023-03
GGBR4.SA,BEAR_CALM,0.07331832531489088,1,BEAR_OPTIMIZED,6,-1.5366548975677377,0.9853905677427277,5.857268017666094,PRICE,TRAIN,2023-03
GGBR4.SA,BEAR_CALM,-0.051200000000000155,0,HARD_STOP,11,1.0150100551482812,-0.0498523414659991,13.755288997649515,PRICE,TRAIN,2023-03
GGBR4.SA,BEAR_VOLATILE,-0.051200000000000155,0,HARD_STOP,11,1.114770807013144,1.4901230539546133,1000.0,PRICE,TRAIN,2023-03
GGBR4.SA,BEAR_VOLATILE,0.1278174752786779,1,BEAR_OPTIMIZED,22,-0.09913355746030264,0.18315716930442125,29.265220169860942,PRICE,TRAIN,2023-03
GGBR4.SA,BEAR_CALM,-0.01423537317845349,0,STOP_TECNICO,1,1.0838441971337014,-0.24525231349433196,6.507090341346526,PRICE,TRAIN,2023-03
GGBR4.SA,BEAR_VOLATILE,0.030479082957557503,1,END_CLOSED,52,1.5599898581009837,-0.7300003927845332,9.646079296813403,PRICE,TRAIN,2023-03
GGBR4.SA,BEAR_VOLATILE,-0.03644738004095573,0,END_CLOSED,4,-0.7212538192599609,0.8270089689399327,4.457488442178787,PRICE,TEST,2023-03
GOAU4.SA,BEAR_CALM,0.04360298023426155,1,BEAR_OPTIMIZED,3,0.8839856176499034,0.3496927340407047,10.120008146666828,PRICE,TRAIN,2023-03
GOAU4.SA,BEAR_CALM,0.04425433629312945,1,BEAR_OPTIMIZED,1,-1.1355947446529027,0.3481419790186667,7.232401229253735,PRICE,TRAIN,2023-03
GOAU4.SA,BEAR_CALM,0.024185711128521394,1,BEAR_OPTIMIZED,6,-1.4274694988869785,-0.3942383466838214,6.1308067525498435,PRICE,TRAIN,2023-03
GOAU4.SA,BEAR_CALM,-0.05680563988670997,0,HARD_STOP,6,1.7244811268031888,-0.23079829603901444,33.343236285630645,PRICE,TRAIN,2023-03
GOAU4.SA,BEAR_VOLATILE,-0.05119999999999993,0,HARD_STOP,10,1.5811146946450239,-0.06869790926825596,1000.0,PRICE,TRAIN,2023-03
GOAU4.SA,BEAR_CALM,0.1388198238255752,1,BEAR_OPTIMIZED,16,0.42007765888999327,0.8436801783551264,22.22028907994331,PRICE,TRAIN,2023-03
GOAU4.SA,SIDEWAYS_VOLATILE,-0.0012,0,END_CLOSED,0,-0.18746497895632463,0.8294969151567212,7.711660569623895,PRICE,TEST,2023-03
HYPE3.SA,BEAR_CALM,0.05212232023442618,1,BEAR_OPTIMIZED,20,-1.396883340864224,1.0264472100425481,34.30961849152067,PRICE,TRAIN,2023-03
HYPE3.SA,BEAR_VOLATILE,0.04678969621947635,1,BEAR_OPTIMIZED,6,0.993270029952514,0.21799970497845983,1000.0,PRICE,TRAIN,2023-03
HYPE3.SA,BEAR_CALM,-0.016097746557274493,0,TIME_STOP,11,-0.3730661539252964,0.7430918522659371,1000.0,PRICE,TRAIN,2023-03
HYPE3.SA,BEAR_VOLATILE,-0.058525120105912286,0,HARD_STOP,11,-0.17030595468735094,0.1643517815478465,34.30961849152067,PRICE,TRAIN,2023-03
HYPE3.SA,BEAR_CALM,-0.07555822955359096,0,HARD_STOP,9,-1.2824032215455352,-0.7481220179584441,34.30961849152067,PRICE,TRAIN,2023-03
HYPE3.SA,BEAR_VOLATILE,0.00880000000000001,1,STOP_TECNICO,90,-0.3427301985661785,-1.2557571341488016,34.30961849152067,PRICE,TRAIN,2023-03
HYPE3.SA,BEAR_CALM,0.06849202714224653,1,END_CLOSED,23,0.10429214232885052,0.5752996445880258,12.459392778661082,PRICE,TRAIN,2023-03
HYPE3.SA,BEAR_VOLATILE,-0.05783664665459145,0,HARD_STOP,1,2.228800360309368,-0.9475441332167873,14.06224733801832,PRICE,TEST,2023-03
HYPE3.SA,BEAR_CALM,0.05625848271238985,1,END_CLOSED,7,1.547914562263449,-1.6989646465395094,19.1152091292168,PRICE,TEST,2023-03
HAPV3.SA,BEAR_VOLATILE,-0.053112542676493145,0,HARD_STOP,1,-0.02029585986384331,0.19279485324361278,10.400715962889404,PRICE,TRAIN,2023-03
HAPV3.SA,BEAR_VOLATILE,0.13330295572117964,1,END_CLOSED,23,-0.003057432658274723,0.4553333457396665,34.30961849152067,PRICE,TRAIN,2023-03
IGTI11.SA,BEAR_CALM,0.06952295178036424,1,BEAR_OPTIMIZED,6,0.17612148731224658,0.404303104503008,9.756084595502932,PRICE,TRAIN,2023-03
IGTI11.SA,BEAR_VOLATILE,0.04454529179566622,1,BEAR_OPTIMIZED,1,-0.7959419846720506,0.11681987353633576,34.30961849152067,PRICE,TEST,2023-03
IGTI11.SA,BEAR_CALM,-0.020095307957444762,0,TIME_STOP,11,-0.3647491143696294,0.23879172041295757,11.994302925567478,PRICE,TEST,2023-03
ITSA4.SA,BULL_VOLATILE,0.02016672049849775,1,END_CLOSED,46,0.5445598943702588,0.7544718404191277,11.982756749532227,PRICE,TEST,2023-03
IRBR3.SA,SIDEWAYS_VOLATILE,-0.051200000000000044,0,HARD_STOP,6,2.0524930654176305,0.19572638591632666,18.147028627330556,PRICE,TRAIN,2023-03
IRBR3.SA,BEAR_CALM,-0.011085915896225117,0,TIME_STOP,29,-0.4328655337440393,-1.5848915338072818,20.009489556743425,PRICE,TRAIN,2023-03
IRBR3.SA,BEAR_VOLATILE,-0.05173847176544535,0,HARD_STOP,7,0.09821574764589651,-0.278394375211091,3.088476337604161,PRICE,TEST,2023-03
IRBR3.SA,BEAR_VOLATILE,-0.052027083731056155,0,HARD_STOP,4,0.2072604537530895,0.5137899697616871,11.601725979238141,PRICE,TEST,2023-03
IRBR3.SA,BEAR_VOLATILE,0.004201972672487654,1,END_CLOSED,2,0.6136476544496773,0.30869837139035006,27.247333183036297,PRICE,TEST,2023-03
ITUB4.SA,BULL_VOLATILE,-0.006348894967869521,0,TIME_STOP,37,0.7042302178699117,-0.5699258552221425,8.471412953636642,PRICE,TEST,2023-03
ITUB4.SA,BULL_VOLATILE,-0.0012,0,END_CLOSED,4,-0.3103032009354193,0.016827977882030158,11.310075837960134,PRICE,TEST,2023-03
KLBN11.SA,BULL_CALM,-0.03229873220934212,0,TIME_STOP,38,0.5571760915415139,1.2281002117044446,6.527609004282359,PRICE,TRAIN,2023-03
KLBN11.SA,SIDEWAYS_VOLATILE,0.008369423316947656,1,STOP_TECNICO,57,0.31926408509502635,-1.737365460060042,9.630392580192188,PRICE,TRAIN,2023-03
KLBN11.SA,SIDEWAYS_CALM,0.056324462389523024,1,END_CLOSED,35,-0.12725316948650622,0.9852942574391643,6.114664613760195,PRICE,TRAIN,2023-03
KLBN11.SA,BULL_CALM,-0.017449708850237465,0,TIME_STOP,12,0.524791040535656,0.6585109873031494,30.613584903885137,PRICE,TEST,2023-03
KLBN11.SA,BULL_CALM,-0.035961849887810725,0,TIME_STOP,12,-0.7146628752104268,-0.4261096122504103,9.417711991965264,PRICE,TEST,2023-03
LREN3.SA,BEAR_CALM,0.3718630483261899,1,END_CLOSED,130,1.2020300839859228,1.9451502239897442,34.30961849152067,PRICE,TRAIN,2023-03
LREN3.SA,SIDEWAYS_CALM,-0.06676295837860338,0,HARD_STOP,11,0.32459107293709655,-0.4200108726298053,3.149694962832008,PRICE,TEST,2023-03
LREN3.SA,BEAR_VOLATILE,-0.051200000000000044,0,HARD_STOP,8,0.16749032238046435,-0.419609821519975,12.269188142119337,PRICE,TEST,2023-03
LWSA3.SA,BEAR_CALM,0.00880000000000001,1,STOP_TECNICO,2,-2.310952753331311,-0.6030211930920725,19.071218008647705,PRICE,TRAIN,2023-03
LWSA3.SA,BEAR_CALM,0.12675276713934677,1,END_CLOSED,32,-0.9997728906836604,-0.15146119681265846,5.976442191142799,PRICE,TRAIN,2023-03
LWSA3.SA,BEAR_VOLATILE,-0.058813151249561234,0,HARD_STOP,2,0.5688807524748535,1.2630161669751883,9.377553189009896,PRICE,TEST,2023-03
LWSA3.SA,BEAR_CALM,0.007495649387349125,1,STOP_TECNICO,16,0.05708131546228547,1.240741526941224,30.591636346719106,PRICE,TEST,2023-03
LWSA3.SA,BEAR_CALM,-0.09945318984356813,0,HARD_STOP,2,-1.1146319305099566,-0.25008099257525607,34.30961849152067,PRICE,TEST,2023-03
LWSA3.SA,BEAR_VOLATILE,0.0035620206391665313,1,STOP_TECNICO,11,1.2403408154343272,-1.0545445723862787,34.30961849152067,PRICE,TEST,2023-03
MGLU3.SA,BEAR_VOLATILE,-0.051200000000000044,0,HARD_STOP,3,0.6871242724891938,0.9386870058164474,1000.0,PRICE,TRAIN,2023-03
MGLU3.SA,BEAR_VOLATILE,-0.08995738210798335,0,HARD_STOP,3,-0.8754981528293861,0.5430177836193261,1000.0,PRICE,TRAIN,2023-03
MGLU3.SA,BEAR_VOLATILE,-0.051200000000000044,0,HARD_STOP,5,-0.7053451996734341,0.41803734525765207,1000.0,PRICE,TRAIN,2023-03
MGLU3.SA,BEAR_VOLATILE,0.00880000000000001,1,STOP_TECNICO,1,-0.45194664189927364,0.32313468993626726,34.30961849152067,PRICE,TRAIN,2023-03
MGLU3.SA,BEAR_VOLATILE,-0.051200000000000044,0,HARD_STOP,1,-1.2983825469548462,-0.11585014256262631,1000.0,PRICE,TEST,2023-03
MGLU3.SA,BEAR_VOLATILE,-0.03061186243226035,0,STOP_TECNICO,24,-0.9747226465903439,0.47698119226807856,1000.0,PRICE,TEST,2023-03
MGLU3.SA,BEAR_VOLATILE,-0.051200000000000044,0,HARD_STOP,2,1.2629106616418269,-1.0311882639584375,34.30961849152067,PRICE,TEST,2023-03
MGLU3.SA,BEAR_VOLATILE,-0.038115558721752006,0,END_CLOSED,2,0.2551389200649442,0.27974071135445094,27.30996732078182,PRICE,TEST,2023-03
MRVE3.SA,BEAR_VOLATILE,-0.002413620043642227,0,TIME_STOP,11,-1.4215180974883987,-0.015242838913220721,1000.0,PRICE,TRAIN,2023-03
MRVE3.SA,BEAR_VOLATILE,-0.024217941333054903,0,TIME_STOP,18,1.7481269611567194,-0.8366667378696595,11.93027760029421,PRICE,TRAIN,2023-03
MRVE3.SA,BEAR_VOLATILE,-0.09945034131080424,0,HARD_STOP,3,1.0212791527804779,-1.1169433606423698,34.30961849152067,PRICE,TRAIN,2023-03
MRVE3.SA,BEAR_CALM,0.00593262657135183,1,STOP_TECNICO,1,0.5890805958270253,-2.051840265619832,34.30961849152067,PRICE,TRAIN,2023-03
MRVE3.SA,BEAR_CALM,0.0015397233430073166,1,STOP_TECNICO,3,1.0592794689876415,-1.226150667774095,29.977781759575073,PRICE,TRAIN,2023-03
MRVE3.SA,BEAR_VOLATILE,0.06557015908664651,1,END_CLOSED,45,0.3837937679461472,1.4794523376978876,10.67694888376258,PRICE,TEST,2023-03
MULT3.SA,SIDEWAYS_CALM,-0.003221058421283861,0,TIME_STOP,21,0.9138547182888954,0.10018307113495993,5.1794236120010035,PRICE,TRAIN,2023-03
MULT3.SA,BEAR_CALM,0.015499037246872939,1,BEAR_OPTIMIZED,2,1.0388373379872007,0.7857019969496485,9.674340570663306,PRICE,TRAIN,2023-03
MULT3.SA,SIDEWAYS_CALM,-0.032132091672436934,0,TIME_STOP,19,-0.2150435132926437,0.3600402860177615,7.812082657986174,PRICE,TRAIN,2023-03
MULT3.SA,BEAR_VOLATILE,-0.051200000000000044,0,HARD_STOP,2,0.20228319065507586,-0.41795024940134395,18.181808720036805,PRICE,TEST,2023-03
MULT3.SA,BEAR_VOLATILE,-0.003384286959060255,0,TIME_STOP,23,-0.7954164510102714,-1.722383202279498,16.08356384721945,PRICE,TEST,2023-03
MULT3.SA,BEAR_CALM,-0.0020733689860931367,0,END_CLOSED,9,0.18691015925716314,-1.4778908691360146,13.704442380986752,PRICE,TEST,2023-03
PRIO3.SA,BULL_CALM,0.00880000000000001,1,STOP_TECNICO,56,-1.0174012853991121,0.5826715977928247,4.474823186407617,PRICE,TRAIN,2023-03
PRIO3.SA,SIDEWAYS_CALM,-0.051200000000000044,0,HARD_STOP,2,-2.4613007384776346,0.7872867138146573,2.41021363433184,PRICE,TRAIN,2023-03
PRIO3.SA,SIDEWAYS_CALM,-0.007113171003234962,0,TIME_STOP,22,-2.4990040218601437,1.6514575267149298,2.9501827476790243,PRICE,TRAIN,2023-03
PRIO3.SA,SIDEWAYS_CALM,0.023089674338136003,1,END_CLOSED,2,0.03157823864458277,0.6386308772023395,2.281535780455407,PRICE,TRAIN,2023-03
PRIO3.SA,BULL_CALM,-0.03453330154418945,0,TIME_STOP,13,-1.4042845910932757,1.2936446104150074,8.346028912482707,PRICE,TEST,2023-03
PRIO3.SA,SIDEWAYS_CALM,-0.05354455378523639,0,HARD_STOP,3,-1.5211618626967764,-0.1030551831260359,6.841136434195676,PRICE,TEST,2023-03
PRIO3.SA,BEAR_VOLATILE,-0.020525941289804582,0,BEAR_OPTIMIZED,2,-0.778245534241066,-0.1555019766806887,11.713903292151684,PRICE,TEST,2023-03
PRIO3.SA,BEAR_VOLATILE,-0.006680847634488528,0,END_CLOSED,2,0.7512183987127773,0.16980865121650746,1000.0,PRICE,TEST,2023-03
PETR3.SA,BULL_CALM,0.11478567759606836,1,SIGNAL,30,-0.2657145307303815,0.2555278424560353,3.973809131685195,PRICE,TRAIN,2023-03
PETR3.SA,BULL_CALM,-0.10034743178548258,0,HARD_STOP,4,0.3070606111107447,-1.7646009752476939,13.634173421830742,PRICE,TRAIN,2023-03
PCAR3.SA,BEAR_VOLATILE,-0.5121573091776414,0,HARD_STOP,1,0.5027917158702101,-7.9445572087683,5.9932864405041,PRICE,TRAIN,2023-03
PCAR3.SA,BEAR_VOLATILE,-0.0638185815750302,0,HARD_STOP,2,0.7586464169829563,-5.456671091088145,1000.0,PRICE,TRAIN,2023-03
PCAR3.SA,BEAR_VOLATILE,-0.051200000000000044,0,HARD_STOP,3,1.8235598119144736,-4.02474366722374,1000.0,PRICE,TRAIN,2023-03
PCAR3.SA,BEAR_VOLATILE,-0.06462498721461477,0,HARD_STOP,2,0.6094023455367289,-2.9825514082993343,34.30961849152067,PRICE,TRAIN,2023-03
PCAR3.SA,BEAR_VOLATILE,-0.07206613779042173,0,HARD_STOP,2,0.8647509620256876,-2.5826072261171618,1000.0,PRICE,TRAIN,2023-03
PCAR3.SA,BEAR_VOLATILE,0.00803076042762161,1,STOP_TECNICO,28,0.37417432719183974,-0.28863375809695313,34.30961849152067,PRICE,TRAIN,2023-03
PETR4.SA,BULL_CALM,0.11312854574540529,1,SIGNAL,20,-0.08181487593410351,1.1832993429694938,5.022849068781255,PRICE,TRAIN,2023-03
PETR4.SA,BULL_VOLATILE,-0.0012,0,END_CLOSED,0,1.0748678987352567,-2.974027140302699,9.656102095435141,PRICE,TRAIN,2023-03
RADL3.SA,BULL_CALM,-0.021989791720027595,0,TIME_STOP,22,-1.483532866499865,-0.5654092965172266,5.8631854973500355,PRICE,TRAIN,2023-03
RADL3.SA,SIDEWAYS_CALM,-0.051200000000000044,0,HARD_STOP,7,1.2937703147555994,-2.270476761203407,3.553171937627809,PRICE,TRAIN,2023-03
RADL3.SA,SIDEWAYS_VOLATILE,0.00880000000000001,1,STOP_TECNICO,80,1.296177246332971,0.4339088766942245,5.77826395380481,PRICE,TRAIN,2023-03
RADL3.SA,BEAR_VOLATILE,0.004151593168832603,1,BEAR_OPTIMIZED,3,3.100543108061932,-0.19104098040663792,8.980030917751913,PRICE,TRAIN,2023-03
RADL3.SA,BEAR_VOLATILE,-0.05415245719182151,0,HARD_STOP,3,2.699909291914573,-0.3557448909167577,8.764982402366645,PRICE,TRAIN,2023-03
RADL3.SA,BEAR_VOLATILE,0.005928918772688842,1,BEAR_OPTIMIZED,2,1.7029592983657393,-0.16013909584758573,14.37668989371859,PRICE,TRAIN,2023-03
RADL3.SA,BEAR_VOLATILE,0.011448178391812426,1,BEAR_OPTIMIZED,6,0.7547772043341109,0.1762562189164225,31.756536101220217,PRICE,TRAIN,2023-03
RADL3.SA,BEAR_CALM,0.024036664902962947,1,BEAR_OPTIMIZED,1,1.0517337126992001,-0.7404310185704588,31.327659939588877,PRICE,TRAIN,2023-03
RADL3.SA,BEAR_VOLATILE,0.01951717964824127,1,BEAR_OPTIMIZED,3,1.4910523955734003,0.31537882298904424,6.969314799757666,PRICE,TEST,2023-03
RADL3.SA,BEAR_VOLATILE,0.013629671887328644,1,END_CLOSED,2,1.2237874848294399,-0.5826824945026352,8.005429604885766,PRICE,TEST,2023-03
RAIL3.SA,SIDEWAYS_VOLATILE,0.00880000000000001,1,STOP_TECNICO,93,-0.18958325063109915,0.6190977127486659,4.325005705299524,PRICE,TRAIN,2023-03
RAIL3.SA,SIDEWAYS_CALM,0.08003872472058124,1,SIGNAL,18,-1.0780513149498712,0.6248466932584862,1.789019029820355,PRICE,TRAIN,2023-03
RAIL3.SA,SIDEWAYS_CALM,-0.0034462143353184635,0,END_CLOSED,7,0.7404088044903572,-1.4354590115463426,2.3083162317159753,PRICE,TRAIN,2023-03
RAIL3.SA,BEAR_VOLATILE,-0.0104095258129411,0,TIME_STOP,14,3.8589466514896906,0.8227612172635153,12.252420000578029,PRICE,TEST,2023-03
RAIL3.SA,BEAR_CALM,-0.030742054790842598,0,TIME_STOP,11,1.144463146293801,-0.6262649478593829,12.12862290216383,PRICE,TEST,2023-03
RAIL3.SA,BEAR_CALM,-0.0012,0,END_CLOSED,2,1.4762286123237618,-0.3123525354838466,19.641134754764526,PRICE,TEST,2023-03
RAIZ4.SA,BEAR_CALM,-0.051200000000000044,0,HARD_STOP,2,-1.2352042912653716,0.809726243863868,11.0736497604391,PRICE,TEST,2023-03
RAIZ4.SA,BEAR_CALM,-0.051200000000000044,0,HARD_STOP,7,-1.9043259196482512,-0.11478662276635929,18.934690489055715,PRICE,TEST,2023-03
RECV3.SA,BEAR_CALM,-0.051200000000000044,0,HARD_STOP,8,-0.4401562203246463,1.1100641782823384,25.116441727520897,PRICE,TRAIN,2023-03
RECV3.SA,BEAR_CALM,-0.0035162408817809507,0,TIME_STOP,16,0.13907486543419972,-0.0100387150350514,20.91105005348125,PRICE,TRAIN,2023-03
RECV3.SA,BEAR_VOLATILE,0.07373923816180925,1,BEAR_OPTIMIZED,2,0.2838840687192467,-0.2617137951675827,3.626278923824208,PRICE,TEST,2023-03
RECV3.SA,SIDEWAYS_CALM,-0.051200000000000044,0,HARD_STOP,7,0.4703473206555514,-0.23815558743943127,3.4017272967316545,PRICE,TEST,2023-03
RECV3.SA,BEAR_CALM,0.01853680521352139,1,END_CLOSED,10,0.21960534168985385,-0.6346981200780802,3.5403011215395117,PRICE,TEST,2023-03
RENT3.SA,SIDEWAYS_CALM,-0.04563675809113334,0,TIME_STOP,11,-0.275913204359989,-2.164352594970817,1000.0,PRICE,TRAIN,2023-03
RENT3.SA,BEAR_VOLATILE,-0.06756208462288418,0,HARD_STOP,9,-0.18083066548375268,1.6336623548851348,34.30961849152067,PRICE,TRAIN,2023-03
RENT3.SA,BEAR_VOLATILE,0.1395579040725484,1,BEAR_OPTIMIZED,22,-1.8500221055763835,0.6473705650188676,1000.0,PRICE,TRAIN,2023-03
RENT3.SA,BEAR_CALM,-0.018861714901392566,0,STOP_TECNICO,7,0.8342282284962829,0.5567869820055902,34.30961849152067,PRICE,TRAIN,2023-03
RENT3.SA,BEAR_CALM,-0.014522534122887863,0,TIME_STOP,14,1.7415424820996577,1.2194308592590715,2.5195828534231404,PRICE,TEST,2023-03
RENT3.SA,BEAR_CALM,-0.020638269782286688,0,TIME_STOP,11,0.21849601118735185,-0.8957290960321435,7.862034564157885,PRICE,TEST,2023-03
RENT3.SA,BEAR_VOLATILE,-0.02960900049960182,0,END_CLOSED,9,-1.655531653900461,-1.5873516143232294,34.30961849152067,PRICE,TEST,2023-03
RDOR3.SA,BEAR_CALM,-0.03962758431556592,0,TIME_STOP,12,1.6798180407362369,0.7593652069035767,34.30961849152067,PRICE,TRAIN,2023-03
SBSP3.SA,BEAR_CALM,-0.051200000000000044,0,HARD_STOP,2,-1.106573225834169,0.1429166180083896,8.342364613356338,PRICE,TRAIN,2023-03
SBSP3.SA,BEAR_VOLATILE,0.08696859886900929,1,BEAR_OPTIMIZED,7,-0.955151741095501,-0.5816636763423486,13.213190586149086,PRICE,TRAIN,2023-03
SBSP3.SA,BULL_CALM,-0.016121680778091195,0,TIME_STOP,11,1.6185328640441434,0.043446609507867225,6.95410661816843,PRICE,TEST,2023-03
SBSP3.SA,BULL_CALM,-0.019879109306203645,0,TIME_STOP,12,0.9811553532573823,0.30272649019791603,12.302543944290251,PRICE,TEST,2023-03
SLCE3.SA,BEAR_CALM,-0.051200000000000044,0,HARD_STOP,6,2.1749133336741284,0.9858913490812772,34.30961849152067,PRICE,TRAIN,2023-03
SLCE3.SA,BEAR_CALM,0.041799608910164744,1,BEAR_OPTIMIZED,3,0.6584939823235342,0.037761508267920754,34.30961849152067,PRICE,TRAIN,2023-03
SLCE3.SA,BEAR_CALM,-0.011506582618352822,0,TIME_STOP,11,0.883118507325696,-1.7374558519710335,21.97992829517249,PRICE,TRAIN,2023-03
SLCE3.SA,BEAR_CALM,0.11160125487566072,1,BEAR_OPTIMIZED,30,-0.9485619051093087,-2.6524034141729955,11.006805706174704,PRICE,TRAIN,2023-03
SLCE3.SA,BEAR_CALM,0.07805793390945057,1,BEAR_OPTIMIZED,9,-0.09814092285144659,1.1829996849800635,2.1813719855443363,PRICE,TRAIN,2023-03
SLCE3.SA,SIDEWAYS_CALM,-0.033186476016307885,0,END_CLOSED,7,0.8813745826489853,-0.053586952526753766,5.537847610215354,PRICE,TEST,2023-03
SMFT3.SA,BULL_CALM,0.34217757119806536,1,SIGNAL,54,-0.04267436850913626,0.2950174464902922,6.42997305023124,PRICE,TRAIN,2023-03
SMFT3.SA,BULL_CALM,-0.056594900431720684,0,HARD_STOP,13,0.07492109246699925,0.5938018616653586,4.279557772433054,PRICE,TEST,2023-03
SMFT3.SA,SIDEWAYS_CALM,-0.060433305937793745,0,HARD_STOP,7,0.49739563179163643,-0.7165225417843293,7.864876367741951,PRICE,TEST,2023-03
SUZB3.SA,BEAR_CALM,-0.051200000000000155,0,HARD_STOP,4,-2.2563700832649114,1.3210089729187093,27.42265360931719,PRICE,TRAIN,2023-03
SUZB3.SA,BULL_CALM,0.1035244270330685,1,SIGNAL,28,0.8496196765439151,0.34873122534984613,6.062845584339047,PRICE,TRAIN,2023-03
SUZB3.SA,BULL_CALM,-0.023991120354209493,0,TIME_STOP,11,0.4633281211700322,1.1680447434982977,22.17509533140351,PRICE,TEST,2023-03
SUZB3.SA,SIDEWAYS_VOLATILE,-0.02547374808088556,0,TIME_STOP,12,-2.6799359107902454,-6.834383917115531,14.19428275105407,PRICE,TEST,2023-03
SUZB3.SA,BEAR_VOLATILE,-0.051200000000000044,0,HARD_STOP,8,-1.926222175412047,-1.6406036709442235,1000.0,PRICE,TEST,2023-03
TAEE11.SA,SIDEWAYS_CALM,-0.012018905146263824,0,TIME_STOP,33,-2.203190464057591,0.010399514017909825,21.43267564603917,PRICE,TRAIN,2023-03
TAEE11.SA,SIDEWAYS_CALM,-0.007382077759973148,0,TIME_STOP,11,-0.733691462627232,-1.226061474263316,4.454833481056049,PRICE,TRAIN,2023-03
TAEE11.SA,BEAR_CALM,0.02601086509871884,1,BEAR_OPTIMIZED,9,-0.2180316991381304,0.10939037215351935,5.35909154847235,PRICE,TRAIN,2023-03
TAEE11.SA,SIDEWAYS_CALM,0.028957709126995558,1,SIGNAL,10,-0.4024322867778637,-1.1977293442102694,4.411113628855099,PRICE,TEST,2023-03
TAEE11.SA,SIDEWAYS_CALM,-0.014958712543375018,0,END_CLOSED,4,-0.08197222324413188,0.34408528951558415,2.9273416761128965,PRICE,TEST,2023-03
TOTS3.SA,BEAR_CALM,-0.005505202992095802,0,TIME_STOP,13,-0.3893596116043029,-1.6306627612234852,6.342873811916261,PRICE,TRAIN,2023-03
TOTS3.SA,BEAR_CALM,-0.017523323821523572,0,TIME_STOP,11,0.8192906685158803,0.6828681798104266,7.966742883205642,PRICE,TRAIN,2023-03
TIMS3.SA,BULL_CALM,0.08266717179141389,1,SIGNAL,10,-1.416656814853451,-0.09712642165199142,2.6629417663378647,PRICE,TEST,2023-03
TIMS3.SA,BULL_VOLATILE,-0.03683193802712361,0,TIME_STOP,13,-1.7928242305677085,-1.4574207492926652,1.7803357217884812,PRICE,TEST,2023-03
TIMS3.SA,SIDEWAYS_VOLATILE,-0.02726066988855993,0,TIME_STOP,11,-0.8740349303524133,0.16424581164710472,4.699192398683393,PRICE,TEST,2023-03
USIM5.SA,BEAR_CALM,-0.051200000000000044,0,HARD_STOP,6,-0.3937749210813957,0.3380594214752441,13.323353891659965,PRICE,TRAIN,2023-03
USIM5.SA,BEAR_CALM,-0.052236724901105334,0,HARD_STOP,4,-0.6962965419389462,-0.14091701561734787,34.30961849152067,PRICE,TRAIN,2023-03
USIM5.SA,BEAR_VOLATILE,0.2901117848914966,1,BEAR_OPTIMIZED,22,-1.7926618632473443,-0.7980036383793417,1000.0,PRICE,TRAIN,2023-03
USIM5.SA,BULL_CALM,-0.051200000000000155,0,HARD_STOP,1,-0.46763857237251216,-2.4850218246709823,4.708614376554395,PRICE,TEST,2023-03
USIM5.SA,BULL_VOLATILE,-0.03165066977325206,0,TIME_STOP,11,-0.3592310935232804,-1.8808451952869993,12.207548051441087,PRICE,TEST,2023-03
USIM5.SA,SIDEWAYS_VOLATILE,-0.0037220657452024172,0,TIME_STOP,13,0.792096148265036,-2.1464045802580705,34.30961849152067,PRICE,TEST,2023-03
USIM5.SA,BEAR_CALM,-0.053970461661411416,0,HARD_STOP,4,0.2430351044107322,1.448908915255817,26.568967012331424,PRICE,TEST,2023-03
VALE3.SA,SIDEWAYS_CALM,-0.057462453570865345,0,HARD_STOP,5,-0.7618152466727839,0.3488933908259263,15.235142664783853,PRICE,TRAIN,2023-03
VALE3.SA,BEAR_VOLATILE,-0.008102519284689323,0,TIME_STOP,13,-1.3770376919667136,0.4469216688638389,28.182265594407365,PRICE,TRAIN,2023-03
VALE3.SA,BEAR_CALM,-0.011115799627486121,0,TIME_STOP,31,-1.6764925265993944,1.787269282916717,34.30961849152067,PRICE,TRAIN,2023-03
VALE3.SA,BEAR_CALM,-0.008246936785407354,0,STOP_TECNICO,45,-0.08006916822311326,0.35075789962097387,9.820737069454102,PRICE,TRAIN,2023-03
UGPA3.SA,BULL_CALM,-0.016983552293558767,0,TIME_STOP,14,0.5075251939360067,-1.2413105762427667,11.485067558436107,PRICE,TEST,2023-03
UGPA3.SA,SIDEWAYS_VOLATILE,-0.02614904295523448,0,TIME_STOP,11,1.337390261894692,-0.6657967372924135,34.30961849152067,PRICE,TEST,2023-03
UGPA3.SA,SIDEWAYS_VOLATILE,-0.062216895707561524,0,HARD_STOP,9,0.8772193011431508,-0.7779078533286363,34.30961849152067,PRICE,TEST,2023-03
VIVT3.SA,BULL_CALM,-0.023454816330540272,0,TIME_STOP,15,-1.6869796285892316,0.9149128859773499,9.352673703549193,PRICE,TEST,2023-03
VIVT3.SA,BEAR_VOLATILE,-0.003182230126191808,0,BEAR_OPTIMIZED,1,-0.5211278196939112,-2.1035234789906725,13.372357432251585,PRICE,TEST,2023-03
VIVT3.SA,BEAR_VOLATILE,-0.007784654121003064,0,BEAR_OPTIMIZED,1,-1.2537965115819858,-1.3455986482559397,9.472542447061777,PRICE,TEST,2023-03
VIVT3.SA,BEAR_VOLATILE,-0.007818337047620603,0,BEAR_OPTIMIZED,7,-1.7699050072596303,-0.5948431043735443,9.809928833429487,PRICE,TEST,2023-03
WEGE3.SA,BULL_CALM,-0.007816037268596608,0,TIME_STOP,21,-1.4266674718662522,0.809332315929201,4.639369722712223,PRICE,TRAIN,2023-03
WEGE3.SA,BULL_CALM,-0.01658865975718795,0,TIME_STOP,13,0.15135564339899768,0.7786145769432725,2.7367000341984835,PRICE,TRAIN,2023-03
WEGE3.SA,SIDEWAYS_CALM,-0.012367335655537735,0,TIME_STOP,15,0.10876367119498413,-0.4390824605915789,7.203359318707579,PRICE,TRAIN,2023-03
WEGE3.SA,BEAR_CALM,-0.010569053772467994,0,BEAR_OPTIMIZED,1,-0.43767029860198153,-0.25921127135314836,14.97015916977047,PRICE,TRAIN,2023-03
WEGE3.SA,BEAR_CALM,0.016930420624071553,1,BEAR_OPTIMIZED,1,0.36222633253021846,-0.8184807739196036,34.30961849152067,PRICE,TRAIN,2023-03
WEGE3.SA,BEAR_CALM,-0.018810311382338817,0,BEAR_OPTIMIZED,1,0.832023631074604,-2.344887729882085,8.31175228214974,PRICE,TRAIN,2023-03
WEGE3.SA,BEAR_VOLATILE,-0.014094406631849042,0,BEAR_OPTIMIZED,1,1.0191255498943335,-0.5780206764636345,10.07601534819302,PRICE,TRAIN,2023-03
WEGE3.SA,BEAR_VOLATILE,-0.00640714440293224,0,BEAR_OPTIMIZED,1,0.43061419776856036,-0.8945745558906162,10.625811581688401,PRICE,TRAIN,2023-03
WEGE3.SA,BEAR_VOLATILE,-0.00728902950641943,0,BEAR_OPTIMIZED,1,1.098916039414501,-0.7470006411058122,11.894783099484059,PRICE,TRAIN,2023-03
WEGE3.SA,BEAR_CALM,0.009287647665758715,1,BEAR_OPTIMIZED,1,-0.5232300178258537,-0.6049152867727893,15.400715849352103,PRICE,TRAIN,2023-03
WEGE3.SA,BEAR_CALM,-0.0006461596029147187,0,BEAR_OPTIMIZED,1,1.540771157749849,0.10267437942814774,11.40902365544182,PRICE,TRAIN,2023-03
WEGE3.SA,BEAR_CALM,0.010048660320430038,1,BEAR_OPTIMIZED,5,1.8641576338122,-1.1985119304387455,12.17851700847693,PRICE,TRAIN,2023-03
WEGE3.SA,BEAR_CALM,-0.015985121034077808,0,TIME_STOP,13,0.9950270061726816,-2.03442055598363,12.76829563560196,PRICE,TRAIN,2023-03
WEGE3.SA,BEAR_CALM,-0.07288144152226264,0,HARD_STOP,2,0.3763162566128124,-2.646042522940643,17.43261441078072,PRICE,TRAIN,2023-03
WEGE3.SA,BEAR_VOLATILE,0.09167906806440404,1,BEAR_OPTIMIZED,36,0.11467337465909055,-2.393282510559947,9.428762793506149,PRICE,TRAIN,2023-03
WEGE3.SA,BEAR_VOLATILE,-0.005691143977268463,0,TIME_STOP,12,1.746522515945688,0.41562687827066763,6.401898979208371,PRICE,TRAIN,2023-03
WEGE3.SA,BULL_CALM,0.039863276923555714,1,SIGNAL,7,0.7909550418525088,-0.9972574088220062,17.651530380594846,PRICE,TEST,2023-03
WEGE3.SA,BULL_CALM,-0.015284373382471482,0,TIME_STOP,11,-1.39902607058288,0.6387317459805446,5.055320031874057,PRICE,TEST,2023-03
VBBR3.SA,BEAR_VOLATILE,0.4075590619805335,1,BEAR_OPTIMIZED,31,1.8857954101148258,0.09110895907350818,14.214179156105528,PRICE,TRAIN,2023-03
VBBR3.SA,BULL_CALM,-0.00465272588768275,0,TIME_STOP,30,0.4348327338652605,1.495271177479561,5.55577430308599,PRICE,TEST,2023-03
VBBR3.SA,BULL_CALM,-0.0518830320946694,0,HARD_STOP,4,0.2755805063294265,0.4355716448396288,4.733473041297723,PRICE,TEST,2023-03
VBBR3.SA,BEAR_VOLATILE,0.0059803545552480145,1,BEAR_OPTIMIZED,1,1.2414856146367015,1.4107761361771098,1000.0,PRICE,TEST,2023-03
VBBR3.SA,BEAR_VOLATILE,-0.0012,0,END_CLOSED,0,1.6313949792090343,1.584301097901571,1000.0,PRICE,TEST,2023-03
YDUQ3.SA,BULL_CALM,-0.05396640441898506,0,HARD_STOP,8,0.4202863493917889,0.8215438626543897,5.503750922549378,PRICE,TRAIN,2023-03
YDUQ3.SA,SIDEWAYS_CALM,0.12143151654294967,1,END_CLOSED,30,-1.8889070907401193,0.7361926211914949,5.990381211348126,PRICE,TRAIN,2023-03
YDUQ3.SA,BEAR_VOLATILE,-0.0019633653715466423,0,TIME_STOP,11,1.649706347137277,-0.9163601184336188,34.30961849152067,PRICE,TEST,2023-03
YDUQ3.SA,BEAR_VOLATILE,-0.05207567530520398,0,HARD_STOP,4,1.3918353237114156,-2.5645373535529066,28.936475571714873,PRICE,TEST,2023-03
ALOS3.SA,BULL_CALM,-0.051200000000000044,0,HARD_STOP,10,-2.392928696652772,-0.5422078966016751,9.975771790684417,PRICE,TRAIN,2023-06
ALOS3.SA,BULL_CALM,-0.022929916488335998,0,TIME_STOP,13,-1.9244103890277706,-0.24040210117884542,5.333405205784475,PRICE,TRAIN,2023-06
ALOS3.SA,BULL_CALM,-0.051200000000000155,0,HARD_STOP,6,-0.7378122928162919,0.5963251564319094,6.9834770587298225,PRICE,TRAIN,2023-06
ALOS3.SA,BULL_CALM,-0.0021087124532884957,0,STOP_TECNICO,16,-1.604728542926212,0.852938119658511,7.939595652194667,PRICE,TRAIN,2023-06
ALOS3.SA,SIDEWAYS_CALM,-0.007979736577443462,0,TIME_STOP,56,-0.8456292796513133,0.9884984259401716,9.719953569060241,PRICE,TRAIN,2023-06
ALOS3.SA,BEAR_CALM,-0.012838374547650709,0,STOP_TECNICO,1,0.036471761462654184,-0.12218542588382875,7.264582683197098,PRICE,TRAIN,2023-06
ALOS3.SA,BEAR_VOLATILE,-0.05596305566105466,0,HARD_STOP,3,1.0139754313339298,0.1944270489642124,1000.0,PRICE,TRAIN,2023-06
ALOS3.SA,BEAR_VOLATILE,0.0675935488307576,1,BEAR_OPTIMIZED,8,1.0844964031100277,-2.9556018758746174,1000.0,PRICE,TRAIN,2023-06
ALOS3.SA,BEAR_CALM,0.02842607835333997,1,BEAR_OPTIMIZED,1,0.8062655639841294,-1.4048500293305013,23.309908240892526,PRICE,TRAIN,2023-06
ABEV3.SA,SIDEWAYS_CALM,-0.014303312288168744,0,TIME_STOP,13,-0.50362209918837,0.007025618246574929,4.385969818189679,PRICE,TRAIN,2023-06
ABEV3.SA,SIDEWAYS_CALM,-0.037090254032008406,0,TIME_STOP,11,0.24459718272399278,1.0136564952246967,7.8615912230995155,PRICE,TRAIN,2023-06
ABEV3.SA,BEAR_CALM,-0.03199169287519912,0,TIME_STOP,12,-0.3797697484730596,0.9656503260524253,21.65482611601622,PRICE,TRAIN,2023-06
ABEV3.SA,BEAR_VOLATILE,-0.009603225645023493,0,TIME_STOP,11,-2.0441355373198467,1.2410039442668013,34.30961849152067,PRICE,TRAIN,2023-06
ABEV3.SA,BEAR_CALM,-0.01476748120406448,0,TIME_STOP,12,-1.194928198448187,0.9155072820167307,34.30961849152067,PRICE,TRAIN,2023-06
ABEV3.SA,BEAR_CALM,-0.018924794867250315,0,STOP_TECNICO,7,-1.789469908235944,1.2593246639904698,6.979193640293109,PRICE,TRAIN,2023-06
ABEV3.SA,BEAR_CALM,-0.007894440074114904,0,TIME_STOP,32,-0.9970041670127567,0.8597919291967526,8.78532095314436,PRICE,TRAIN,2023-06
ABEV3.SA,BEAR_VOLATILE,0.0022721591524193854,1,END_CLOSED,9,0.6058535045235497,-0.044147900932986345,15.0132637895945,PRICE,TRAIN,2023-06
AURE3.SA,BULL_CALM,-0.013893983659398555,0,TIME_STOP,11,1.160556139682303,1.1073397581872455,3.697334693828036,PRICE,TRAIN,2023-06
AURE3.SA,SIDEWAYS_CALM,-0.019250561902758333,0,TIME_STOP,11,0.3585621289591746,-0.27910311191006026,5.837584616896624,PRICE,TRAIN,2023-06
AURE3.SA,SIDEWAYS_CALM,-0.007030881552405298,0,TIME_STOP,33,0.6928429893382118,-0.030105858789118905,13.381265554243333,PRICE,TRAIN,2023-06
AURE3.SA,SIDEWAYS_CALM,-0.02013658432558687,0,TIME_STOP,16,-0.47922005905456166,-0.01346294072720119,5.162602900135159,PRICE,TRAIN,2023-06
AURE3.SA,SIDEWAYS_CALM,-0.0034155981264759813,0,TIME_STOP,17,-0.059717239184214024,-1.8785548694626126,2.356033063681453,PRICE,TRAIN,2023-06
AURE3.SA,SIDEWAYS_CALM,-0.02667860529039858,0,TIME_STOP,11,-1.023965846321022,0.2573989716345615,3.6221740104060123,PRICE,TRAIN,2023-06
AURE3.SA,SIDEWAYS_VOLATILE,-0.007850004413225385,0,TIME_STOP,11,-0.40424597855175404,0.1216678306786156,12.935985374379245,PRICE,TRAIN,2023-06
AURE3.SA,BEAR_VOLATILE,0.015706157238031572,1,BEAR_OPTIMIZED,6,0.12663459982387162,0.5317770981720128,22.939255042416082,PRICE,TRAIN,2023-06
AURE3.SA,SIDEWAYS_CALM,-0.051200000000000044,0,HARD_STOP,11,-0.33959097668897964,0.09144332159759865,10.278476820642673,PRICE,TRAIN,2023-06
AURE3.SA,BEAR_CALM,-0.037795783482934574,0,STOP_TECNICO,3,-0.5124800226383931,0.03176824223279063,9.675187718508715,PRICE,TRAIN,2023-06
AURE3.SA,BEAR_VOLATILE,0.0333124820538274,1,BEAR_OPTIMIZED,14,-1.5375207714675312,1.0940195740351617,12.941837853903133,PRICE,TRAIN,2023-06
AURE3.SA,SIDEWAYS_CALM,-0.051200000000000155,0,HARD_STOP,12,-0.3496907814179163,-1.1523880316272281,5.473318355298629,PRICE,TEST,2023-06
AURE3.SA,BEAR_VOLATILE,-0.002065047017830078,0,TIME_STOP,14,-0.3626806900602303,-2.9217229913390135,5.445913531143388,PRICE,TEST,2023-06
AURE3.SA,BEAR_CALM,-0.005585940164760793,0,END_CLOSED,4,-1.085537190570766,1.1725262152914302,20.77414713115948,PRICE,TEST,2023-06
ASAI3.SA,BEAR_VOLATILE,-0.004481318192357996,0,STOP_TECNICO,39,1.1878884488565367,-0.05305178707412457,7.013290439210482,PRICE,TRAIN,2023-06
ASAI3.SA,BEAR_CALM,-0.05704633228599478,0,HARD_STOP,26,0.27035241265377014,-0.2995398532068803,14.377391472223481,PRICE,TRAIN,2023-06
ASAI3.SA,SIDEWAYS_CALM,-0.06138520426270846,0,HARD_STOP,4,-0.30520493609929406,-1.7897928596338348,8.41079575892368,PRICE,TRAIN,2023-06
ASAI3.SA,BEAR_VOLATILE,-0.00782263579634681,0,END_CLOSED,2,-0.5671798782490699,-0.6720851070156941,28.51972952266383,PRICE,TRAIN,2023-06
ASAI3.SA,BEAR_VOLATILE,-0.051200000000000155,0,HARD_STOP,5,1.738158349890751,0.2867727034321161,34.30961849152067,PRICE,TEST,2023-06
ASAI3.SA,BEAR_CALM,0.008415468404613914,1,END_CLOSED,8,2.438878242578747,1.4988036121528374,8.542293436037802,PRICE,TEST,2023-06
B3SA3.SA,BULL_CALM,-0.051200000000000044,0,HARD_STOP,3,-0.6955197433925251,-2.153081805483939,4.347302377984236,PRICE,TRAIN,2023-06
B3SA3.SA,BULL_CALM,-0.06829963412874754,0,HARD_STOP,9,0.23033984650690897,0.44187548766054496,2.8737197390856304,PRICE,TRAIN,2023-06
B3SA3.SA,SIDEWAYS_CALM,-0.015295568908174649,0,TIME_STOP,16,-0.5080175472641878,0.8459284153572312,15.02362679606015,PRICE,TRAIN,2023-06
B3SA3.SA,BEAR_CALM,-0.051200000000000044,0,HARD_STOP,7,-1.5446396741410842,-0.8883221629180803,34.30961849152067,PRICE,TRAIN,2023-06
B3SA3.SA,BEAR_CALM,-0.05637822675201334,0,HARD_STOP,9,-0.6275620550049315,0.13491606781083035,34.30961849152067,PRICE,TRAIN,2023-06
B3SA3.SA,BEAR_CALM,0.10047986319471933,1,BEAR_OPTIMIZED,15,-1.5520520478627435,-0.16938872543949354,34.30961849152067,PRICE,TRAIN,2023-06
B3SA3.SA,BEAR_CALM,-0.0101953686326395,0,STOP_TECNICO,1,-2.0521875856386873,1.5726379792788667,10.833971469213127,PRICE,TRAIN,2023-06
B3SA3.SA,BEAR_CALM,-0.017171385957058825,0,STOP_TECNICO,1,-1.252281996965765,0.5974244614788115,11.983988325278899,PRICE,TRAIN,2023-06
B3SA3.SA,BEAR_VOLATILE,-0.051200000000000044,0,HARD_STOP,1,-0.598568747432563,0.5625299715166672,17.99730752179525,PRICE,TRAIN,2023-06
B3SA3.SA,BEAR_CALM,-0.025285745885373155,0,STOP_TECNICO,1,-1.3283112689427956,0.3915183583540007,8.52206408142852,PRICE,TRAIN,2023-06
B3SA3.SA,BEAR_CALM,-0.01896451342714913,0,STOP_TECNICO,7,-0.8863386506803599,0.5052005443068468,9.47014487135928,PRICE,TRAIN,2023-06
B3SA3.SA,BEAR_CALM,0.0006710259604388658,1,STOP_TECNICO,1,-1.1073972865965047,-1.3370541671605225,12.741142677487895,PRICE,TRAIN,2023-06
B3SA3.SA,BEAR_CALM,-0.0023832974132359727,0,STOP_TECNICO,1,-1.2937515074607573,-1.9554883542284731,10.462340662780607,PRICE,TRAIN,2023-06
AZUL4.SA,BULL_CALM,0.00880000000000001,1,STOP_TECNICO,1,0.5628739121553848,1.144148579823339,14.751019731120076,PRICE,TRAIN,2023-06
AZUL4.SA,BULL_CALM,-0.012848268028582431,0,TIME_STOP,11,-0.5255313905155512,-0.3980234095490874,8.108316893884652,PRICE,TRAIN,2023-06
AZUL4.SA,BULL_CALM,-0.051200000000000044,0,HARD_STOP,4,-0.2677049794441048,-0.8730622968562481,10.18716256457571,PRICE,TRAIN,2023-06
AZUL4.SA,BULL_CALM,-0.06436488109539132,0,HARD_STOP,6,-0.20479956155251872,-0.6858266404172465,25.161449450394954,PRICE,TRAIN,2023-06
AZUL4.SA,SIDEWAYS_CALM,-0.051200000000000044,0,HARD_STOP,4,-0.3177520538609264,0.7089597330430331,34.30961849152067,PRICE,TRAIN,2023-06
AZUL4.SA,BEAR_CALM,-0.051200000000000155,0,HARD_STOP,6,-0.7180461370688003,-0.5839287145751653,11.64345124590996,PRICE,TRAIN,2023-06
AZUL4.SA,BEAR_CALM,-0.051200000000000155,0,HARD_STOP,5,-1.3501506407200838,1.1907156240784442,9.675912921979648,PRICE,TRAIN,2023-06
AZUL4.SA,BEAR_CALM,0.2337155273212724,1,BEAR_OPTIMIZED,11,-1.8145288758836942,1.2909664122143976,8.111692336256056,PRICE,TRAIN,2023-06
AZUL4.SA,BEAR_VOLATILE,0.00880000000000001,1,STOP_TECNICO,16,-0.30550010721083065,-0.2183963080256034,14.165837253025558,PRICE,TRAIN,2023-06
AZUL4.SA,BEAR_CALM,-0.03431791951712961,0,TIME_STOP,11,-0.009983599169514312,0.8586439194052418,33.542224862896205,PRICE,TRAIN,2023-06
AZUL4.SA,BEAR_CALM,-0.051200000000000044,0,HARD_STOP,46,-0.41590837856521484,0.3910661361794319,18.604172612717804,PRICE,TRAIN,2023-06
AZUL4.SA,BEAR_VOLATILE,-0.051200000000000044,0,HARD_STOP,1,0.1637014756237822,0.42069241898798243,12.800625135237983,PRICE,TRAIN,2023-06
AZUL4.SA,BEAR_VOLATILE,-0.07363454162467156,0,HARD_STOP,2,0.7392102337905484,0.7569552170536796,24.961077634768245,PRICE,TRAIN,2023-06
AZUL4.SA,BEAR_VOLATILE,0.00880000000000001,1,STOP_TECNICO,20,0.9387689451384573,0.18739161793239048,34.30961849152067,PRICE,TRAIN,2023-06
AZUL4.SA,BEAR_CALM,-0.044344846574562856,0,STOP_TECNICO,1,1.6294862158755894,1.2400786076912529,21.364501763929386,PRICE,TRAIN,2023-06
AZUL4.SA,BEAR_CALM,-0.051200000000000155,0,HARD_STOP,1,1.5105715016307566,0.4903685032902421,24.793540215060425,PRICE,TRAIN,2023-06
AZUL4.SA,BEAR_CALM,-0.026704758236969293,0,STOP_TECNICO,1,0.7633425207035311,0.07156135786784794,34.30961849152067,PRICE,TRAIN,2023-06
AZUL4.SA,BEAR_VOLATILE,-0.19938184592507105,0,HARD_STOP,4,0.3087991088517541,-3.4637692330210306,10.63019620751091,PRICE,TEST,2023-06
BBAS3.SA,BULL_CALM,-0.004773605651709832,0,TIME_STOP,11,1.7094571335775504,-1.3871866475991703,19.37447963339776,PRICE,TRAIN,2023-06
BBAS3.SA,BULL_CALM,0.18878674478835697,1,SIGNAL,113,-2.165844074708257,-0.09392135354409457,10.448185983888868,PRICE,TRAIN,2023-06
BBAS3.SA,BULL_CALM,-0.014098660014724394,0,TIME_STOP,13,0.2957944232404641,0.4986567694202294,3.0291422961156678,PRICE,TRAIN,2023-06
BBAS3.SA,BULL_CALM,-0.00856915884590772,0,TIME_STOP,14,-0.0883566868564933,-1.9904602064125205,5.159382333234519,PRICE,TRAIN,2023-06
BBAS3.SA,BULL_CALM,-0.006324416362727424,0,END_CLOSED,10,-0.6329220196087005,-0.3673156970342221,3.8214671210576774,PRICE,TRAIN,2023-06
BBAS3.SA,SIDEWAYS_CALM,0.04051426537881251,1,SIGNAL,12,-1.0760304928599616,0.4702912965660636,1.234463367874641,PRICE,TEST,2023-06
BBDC3.SA,BULL_CALM,-0.019095232966047558,0,TIME_STOP,11,-0.5477715859914815,-0.7324370450375979,8.664447038581539,PRICE,TRAIN,2023-06
BBDC3.SA,BULL_VOLATILE,-0.008713179747171028,0,TIME_STOP,11,0.29106668448071404,-0.5799819308285161,10.819121525777264,PRICE,TRAIN,2023-06
BBDC3.SA,SIDEWAYS_CALM,-0.02463734005995468,0,TIME_STOP,15,-0.06922207568614573,0.205004651723615,34.30961849152067,PRICE,TRAIN,2023-06
BBDC3.SA,BEAR_CALM,0.09719336274508036,1,BEAR_OPTIMIZED,43,-1.3968307353105347,-0.9170803233151388,34.30961849152067,PRICE,TRAIN,2023-06
BBDC3.SA,BEAR_CALM,-0.003974687434391576,0,TIME_STOP,14,1.6634003641293897,0.5385456954074771,3.5687002198577638,PRICE,TRAIN,2023-06
BBDC3.SA,BEAR_CALM,-0.02467015887997772,0,TIME_STOP,12,0.5825784129966975,-0.08577392832793433,7.356224841167644,PRICE,TRAIN,2023-06
BBDC3.SA,BEAR_CALM,0.0011793322395500028,1,END_CLOSED,4,0.024933213166713063,0.2350044328418667,34.30961849152067,PRICE,TRAIN,2023-06
BBDC4.SA,BULL_CALM,-0.008966982525817312,0,TIME_STOP,11,-0.462649532733754,-1.8289614292425918,3.629187168484565,PRICE,TRAIN,2023-06
BBDC4.SA,BULL_VOLATILE,-0.0071682603983221,0,TIME_STOP,11,-0.8565461615212431,-2.1120820679755195,9.22404841158012,PRICE,TRAIN,2023-06
BBDC4.SA,SIDEWAYS_CALM,-0.009544959766240056,0,TIME_STOP,15,-0.3542313167452865,0.45682022046136217,28.98277238893219,PRICE,TRAIN,2023-06
BBDC4.SA,BEAR_CALM,0.11713547169172397,1,BEAR_OPTIMIZED,51,-1.618456167796386,0.3178092358578324,27.808110749288197,PRICE,TRAIN,2023-06
BBDC4.SA,BEAR_CALM,-0.010122069901132645,0,TIME_STOP,11,1.3138771974822172,0.05035640818974187,5.781859960724582,PRICE,TRAIN,2023-06
BBDC4.SA,BEAR_CALM,-0.01895009832949026,0,STOP_TECNICO,2,-0.5499716955581014,0.7994088671940937,34.30961849152067,PRICE,TRAIN,2023-06
BBDC4.SA,BEAR_CALM,0.015999965775184234,1,END_CLOSED,4,-0.6671307586547742,0.18200462109036436,1000.0,PRICE,TRAIN,2023-06
BBSE3.SA,SIDEWAYS_VOLATILE,0.01087437642198439,1,END_CLOSED,7,3.137876735481704,-0.2902497020843,4.282278099718274,PRICE,TRAIN,2023-06
BPAC11.SA,BULL_CALM,-0.005381461160873145,0,TIME_STOP,21,-1.1735065397169278,1.5651565924236794,9.849524834867406,PRICE,TRAIN,2023-06
BPAC11.SA,BULL_CALM,0.00880000000000001,1,STOP_TECNICO,8,-0.6946291419932978,-0.7396959496350785,4.62460553799193,PRICE,TRAIN,2023-06
BPAC11.SA,BULL_CALM,-0.051200000000000044,0,HARD_STOP,7,-0.3957997738444451,-1.249004470767477,2.8586679979948038,PRICE,TRAIN,2023-06
BPAC11.SA,BULL_CALM,-0.013932576824259878,0,TIME_STOP,15,0.30354399608065225,-0.25921565081452713,5.06755035896092,PRICE,TRAIN,2023-06
BPAC11.SA,BULL_CALM,0.2203015739048598,1,SIGNAL,52,1.5592255988641706,-0.011600533302039038,5.364582947732098,PRICE,TRAIN,2023-06
BPAC11.SA,BULL_CALM,-0.051200000000000044,0,HARD_STOP,6,-1.494390200340216,0.25002978548587623,2.7001242989561614,PRICE,TRAIN,2023-06
BPAC11.SA,SIDEWAYS_VOLATILE,-0.004501387069421735,0,TIME_STOP,17,0.19896313696069787,0.5987209967760114,15.467607601904925,PRICE,TRAIN,2023-06
BPAC11.SA,SIDEWAYS_CALM,-0.051200000000000044,0,HARD_STOP,2,-0.12388790336301325,0.11374068441131635,7.201759019295228,PRICE,TRAIN,2023-06
BPAC11.SA,BEAR_VOLATILE,-0.010815392342066764,0,BEAR_OPTIMIZED,1,1.0584476765735271,0.9091272663669455,12.054310699677286,PRICE,TRAIN,2023-06
BPAC11.SA,BEAR_VOLATILE,-0.010106690300325426,0,BEAR_OPTIMIZED,1,-0.1286876119090339,1.2798183621874717,11.413628679111675,PRICE,TRAIN,2023-06
BEEF3.SA,BEAR_CALM,0.15088328199227793,1,BEAR_OPTIMIZED,17,-0.774774522315471,1.4198324715257977,6.699576083495308,PRICE,TRAIN,2023-06
BEEF3.SA,BEAR_CALM,-0.05843908390750021,0,HARD_STOP,2,-1.2325883687964254,-3.432856261870976,3.563825350053475,PRICE,TRAIN,2023-06
BEEF3.SA,BEAR_VOLATILE,-0.010363794719462381,0,TIME_STOP,12,-0.14492820803357723,-2.9951221837405364,5.849288613559194,PRICE,TRAIN,2023-06
BEEF3.SA,BEAR_VOLATILE,-0.004876437932864096,0,TIME_STOP,11,-1.095514774611241,-2.8945916883574636,12.696434525183216,PRICE,TRAIN,2023-06
BEEF3.SA,BEAR_CALM,-0.060468575077651375,0,HARD_STOP,6,-0.7070232952633276,-0.20994465814399224,21.781563429321533,PRICE,TRAIN,2023-06
BEEF3.SA,BEAR_CALM,-0.09307750149019547,0,HARD_STOP,16,-0.216695202906747,0.34408562508906815,34.30961849152067,PRICE,TRAIN,2023-06
BEEF3.SA,BEAR_CALM,-0.002620419332224809,0,TIME_STOP,13,-0.5476960208983285,-2.131767000753813,10.071255205376984,PRICE,TRAIN,2023-06
BEEF3.SA,BEAR_CALM,-0.005624809569319676,0,TIME_STOP,16,-0.7054278331152601,0.13579905095776287,3.001890706862548,PRICE,TRAIN,2023-06
BEEF3.SA,BEAR_CALM,-0.013413801253987077,0,TIME_STOP,11,-0.9448777198446285,-0.4441044542157372,9.381437399123763,PRICE,TRAIN,2023-06
BEEF3.SA,BEAR_VOLATILE,-0.006166843238520146,0,TIME_STOP,21,-0.3001800267292251,-1.1047091286027628,6.008194560645154,PRICE,TRAIN,2023-06
BRAP4.SA,BEAR_CALM,0.10248974637655425,1,BEAR_OPTIMIZED,17,0.7476297820611574,0.10389327731209093,5.494028265420486,PRICE,TRAIN,2023-06
BRAP4.SA,BEAR_CALM,0.13729859612446024,1,BEAR_OPTIMIZED,12,0.16292051557423148,0.5885197644824883,5.644075598755565,PRICE,TRAIN,2023-06
BRAP4.SA,BEAR_CALM,-0.033349765880081116,0,TIME_STOP,11,-1.3691893149324001,1.060974570567495,1000.0,PRICE,TRAIN,2023-06
BRAP4.SA,BEAR_CALM,-0.01431412251264743,0,TIME_STOP,77,0.3219179575719066,0.18164897464877688,34.30961849152067,PRICE,TRAIN,2023-06
BRKM5.SA,BEAR_CALM,-0.014493287735813508,0,TIME_STOP,11,-0.4181559421846115,0.39205025904430385,18.100426283924328,PRICE,TRAIN,2023-06
BRKM5.SA,BEAR_VOLATILE,-0.05388485411536561,0,HARD_STOP,13,-0.9897429395844817,-0.11421542695672554,19.088162066896338,PRICE,TRAIN,2023-06
BRKM5.SA,BEAR_CALM,-0.09765778860860744,0,HARD_STOP,7,-1.5452278019545866,1.0403119108975103,34.30961849152067,PRICE,TRAIN,2023-06
BRKM5.SA,BEAR_CALM,-0.051200000000000044,0,HARD_STOP,3,0.0775262226014374,1.630195267844045,9.684680606594151,PRICE,TEST,2023-06
BRKM5.SA,BEAR_CALM,0.14148431513733603,1,END_CLOSED,25,-0.3487873328820854,1.0977905360436082,9.436753048281258,PRICE,TEST,2023-06
CMIG4.SA,BULL_CALM,-0.017355051603441217,0,TIME_STOP,15,-0.9407823087622806,-0.9989281875030777,7.146455300927654,PRICE,TRAIN,2023-06
CMIG4.SA,BULL_CALM,-0.0036713456170721845,0,TIME_STOP,28,-1.0772101306989295,0.5022535112646801,6.866029935575399,PRICE,TRAIN,2023-06
CMIG4.SA,BULL_CALM,-0.007817351219166734,0,TIME_STOP,14,1.5063950747549388,0.7591494735002491,4.673390624197516,PRICE,TRAIN,2023-06
CMIG4.SA,SIDEWAYS_CALM,0.09871597498015347,1,SIGNAL,22,0.5162611002732905,-0.5932316674615563,4.700066803181706,PRICE,TRAIN,2023-06
CMIG4.SA,BEAR_VOLATILE,-0.07080363138093829,0,HARD_STOP,2,0.5462665473293454,-1.875748360673963,4.211228159928867,PRICE,TRAIN,2023-06
CMIG4.SA,BEAR_VOLATILE,0.021905315969570884,1,BEAR_OPTIMIZED,1,1.5985864952065298,-1.9431326021243993,16.803174688832705,PRICE,TRAIN,2023-06
CMIG4.SA,BEAR_VOLATILE,0.0015274595154023197,1,BEAR_OPTIMIZED,3,1.4972724652739424,-2.1012695151835894,13.656080431570766,PRICE,TRAIN,2023-06
CMIG4.SA,BEAR_VOLATILE,-0.0003007332343884161,0,BEAR_OPTIMIZED,1,1.371323044296802,-2.047579855542047,13.053001358608997,PRICE,TRAIN,2023-06
CMIG4.SA,BEAR_VOLATILE,0.043080615200612994,1,BEAR_OPTIMIZED,2,1.4403733254956754,-1.4134254361603809,19.316712047127652,PRICE,TRAIN,2023-06
CPFE3.SA,BULL_CALM,-0.005100421871387616,0,TIME_STOP,13,0.9691722178745397,-0.4861243197300334,3.9571082604581553,PRICE,TRAIN,2023-06
CPFE3.SA,BULL_CALM,0.1150861452743622,1,SIGNAL,24,-0.16100084523474445,-0.0506188090626382,6.812358986650138,PRICE,TRAIN,2023-06
CPFE3.SA,SIDEWAYS_CALM,-0.03456161551625194,0,TIME_STOP,11,-1.3595485541667793,0.2604629301261536,12.955695686132215,PRICE,TRAIN,2023-06
CPFE3.SA,BEAR_CALM,-0.002387915147170093,0,BEAR_OPTIMIZED,1,0.7666217618797557,0.678674086275287,34.30961849152067,PRICE,TRAIN,2023-06
CPFE3.SA,BEAR_CALM,0.012429602502893468,1,BEAR_OPTIMIZED,1,-0.052281355265402035,0.8236149414030807,28.930223812060873,PRICE,TRAIN,2023-06
CPFE3.SA,SIDEWAYS_CALM,-0.06048511841248285,0,HARD_STOP,39,0.4336239587081912,0.6645214567387033,17.247237191406846,PRICE,TRAIN,2023-06
CPFE3.SA,BEAR_VOLATILE,0.011913763134180223,1,BEAR_OPTIMIZED,2,-0.3207520962375086,-2.5404405548714295,5.771299099578504,PRICE,TRAIN,2023-06
CPFE3.SA,BEAR_VOLATILE,0.010125459666959415,1,BEAR_OPTIMIZED,4,0.08093396616019051,-2.946226730618408,6.8266878276795095,PRICE,TRAIN,2023-06
CPFE3.SA,BEAR_CALM,-0.0012,0,END_CLOSED,0,1.916043691747888,0.26393144274925134,4.442912073585925,PRICE,TRAIN,2023-06
CPFE3.SA,BEAR_CALM,0.025726613893738516,1,BEAR_OPTIMIZED,8,1.0129911215332212,0.179945972297512,4.89010344873259,PRICE,TEST,2023-06
COGN3.SA,BULL_CALM,-0.051200000000000155,0,HARD_STOP,1,-0.7743124861625326,1.1778917699922333,5.145999669658694,PRICE,TRAIN,2023-06
COGN3.SA,BULL_CALM,-0.03398685497363121,0,TIME_STOP,13,0.2314006940960223,-0.18085127951231877,5.325067989307364,PRICE,TRAIN,2023-06
COGN3.SA,BULL_CALM,-0.06242449829502763,0,HARD_STOP,11,-1.1025524037369572,0.7566975939755003,5.099174530391452,PRICE,TRAIN,2023-06
COGN3.SA,BULL_CALM,-0.051200000000000044,0,HARD_STOP,2,-2.532829658517385,1.0181363252301192,21.185850588874864,PRICE,TRAIN,2023-06
COGN3.SA,SIDEWAYS_VOLATILE,-0.05119999999999993,0,HARD_STOP,12,-1.9908143310858744,0.5588126059512485,1000.0,PRICE,TRAIN,2023-06
COGN3.SA,SIDEWAYS_CALM,-0.05278728462056017,0,HARD_STOP,2,-1.4556233037348754,0.9487532852986317,34.30961849152067,PRICE,TRAIN,2023-06
COGN3.SA,BEAR_CALM,-0.05119999999999993,0,HARD_STOP,7,-1.924973670046617,0.8767239398912237,31.919446764884764,PRICE,TRAIN,2023-06
COGN3.SA,BEAR_VOLATILE,-0.06494502186375098,0,HARD_STOP,9,1.0132357089293218,0.0038689476906745082,16.703171284249517,PRICE,TRAIN,2023-06
COGN3.SA,BEAR_VOLATILE,-0.051200000000000044,0,HARD_STOP,4,0.5711495912416584,-0.48495995499755645,1000.0,PRICE,TRAIN,2023-06
COGN3.SA,BEAR_CALM,-0.005419415822153238,0,TIME_STOP,11,2.226603688431355,-2.0268524771283714,18.836628145347337,PRICE,TRAIN,2023-06
COGN3.SA,BEAR_VOLATILE,-0.08416955652467653,0,HARD_STOP,7,0.7374314334307629,-1.8979897650990574,10.774178281831558,PRICE,TRAIN,2023-06
COGN3.SA,BEAR_VOLATILE,0.00880000000000001,1,STOP_TECNICO,17,0.6979951516557835,-0.11520816529042666,12.839346693798001,PRICE,TRAIN,2023-06
COGN3.SA,BEAR_CALM,-0.02052370121489424,0,STOP_TECNICO,3,0.8708546420628593,-0.23400278034528618,12.230999427129808,PRICE,TRAIN,2023-06
COGN3.SA,BEAR_CALM,-0.0012,0,STOP_TECNICO,1,1.6731998491839677,-0.6023269767701499,13.581253046830488,PRICE,TRAIN,2023-06
COGN3.SA,BEAR_VOLATILE,-0.06821034766634107,0,HARD_STOP,9,0.7598222369630445,-0.40037532678325183,17.819315184101434,PRICE,TRAIN,2023-06
COGN3.SA,BEAR_VOLATILE,-0.02859730163045706,0,TIME_STOP,12,0.770273774712585,0.9129516104596415,10.206140624233287,PRICE,TEST,2023-06
COGN3.SA,BEAR_CALM,0.00880000000000001,1,STOP_TECNICO,11,-0.48448763227008323,-1.43801235613477,20.61085999695583,PRICE,TEST,2023-06
CMIN3.SA,SIDEWAYS_CALM,0.00880000000000001,1,STOP_TECNICO,20,-0.09570163991577192,0.20226151084958094,5.3349981903164645,PRICE,TRAIN,2023-06
CMIN3.SA,SIDEWAYS_CALM,-0.01814916372663402,0,TIME_STOP,11,0.616585461734851,0.5633199424201029,7.542887293475939,PRICE,TRAIN,2023-06
CMIN3.SA,BULL_CALM,-0.025590211781191273,0,TIME_STOP,11,1.0706041607208807,0.6935339766303116,22.957280895833694,PRICE,TRAIN,2023-06
CMIN3.SA,BULL_CALM,-0.06002353529947604,0,HARD_STOP,4,0.8441546349742318,1.5075771557591073,1000.0,PRICE,TRAIN,2023-06
CMIN3.SA,BULL_VOLATILE,-0.051200000000000044,0,HARD_STOP,5,1.3799085352510256,0.7071738460636795,34.30961849152067,PRICE,TRAIN,2023-06
CMIN3.SA,SIDEWAYS_VOLATILE,-0.051200000000000155,0,HARD_STOP,11,-0.0026744987380261606,1.941471697614286,20.777549324078723,PRICE,TRAIN,2023-06
CMIN3.SA,BEAR_CALM,0.00841544559174432,1,BEAR_OPTIMIZED,1,-1.3880207712340615,-2.025190548135242,33.59083786371754,PRICE,TRAIN,2023-06
CMIN3.SA,BEAR_CALM,-0.03004611426500816,0,BEAR_OPTIMIZED,1,-0.8421289569140177,-2.6402159000703307,25.539465840459496,PRICE,TRAIN,2023-06
CMIN3.SA,BEAR_CALM,0.02279994446144671,1,BEAR_OPTIMIZED,3,-2.5414147082532064,-1.8412961704465916,19.37662016496426,PRICE,TRAIN,2023-06
CMIN3.SA,BEAR_CALM,0.002713714643795752,1,BEAR_OPTIMIZED,1,-2.5619173166640374,-0.7637401615515349,16.361976992418782,PRICE,TRAIN,2023-06
CMIN3.SA,BEAR_CALM,-0.003168357099426998,0,BEAR_OPTIMIZED,1,-2.8997458515014913,-1.6186654515693182,13.84516287539352,PRICE,TRAIN,2023-06
CMIN3.SA,BEAR_VOLATILE,0.013292658126001423,1,BEAR_OPTIMIZED,3,-0.872023641788655,-1.3923734056560495,4.801543241167135,PRICE,TRAIN,2023-06
CMIN3.SA,BEAR_VOLATILE,-0.0012,0,END_CLOSED,0,-0.882122996574078,-0.5136589518891768,3.5470776297630415,PRICE,TRAIN,2023-06
CMIN3.SA,BEAR_CALM,0.013203197386429812,1,BEAR_OPTIMIZED,10,0.5947427276840366,1.0454595006370677,4.203434000508915,PRICE,TEST,2023-06
CSAN3.SA,BULL_CALM,-0.021881874644823628,0,TIME_STOP,14,1.430931809024671,0.8762780638000396,12.601172673023383,PRICE,TRAIN,2023-06
CSAN3.SA,BULL_CALM,-0.025479904899673576,0,TIME_STOP,21,0.48056708984505536,-0.009417392509733134,11.621755942732378,PRICE,TRAIN,2023-06
CSAN3.SA,SIDEWAYS_CALM,-0.051200000000000044,0,HARD_STOP,4,2.14445437250239,0.704183461442781,1000.0,PRICE,TRAIN,2023-06
CSAN3.SA,SIDEWAYS_VOLATILE,-0.051200000000000044,0,HARD_STOP,5,1.6970406088144399,0.583138075660538,34.30961849152067,PRICE,TRAIN,2023-06
CSAN3.SA,BEAR_CALM,0.13345228303478604,1,BEAR_OPTIMIZED,15,0.9974489571799748,1.4272093653450746,34.30961849152067,PRICE,TRAIN,2023-06
CSAN3.SA,BEAR_VOLATILE,-0.008639472045365214,0,TIME_STOP,19,1.3709322753392612,0.5649511461892577,15.16713516162221,PRICE,TRAIN,2023-06
CSAN3.SA,BEAR_CALM,-0.019624392058849825,0,STOP_TECNICO,1,-1.167224241633915,0.783930779337629,33.97026582932047,PRICE,TRAIN,2023-06
CSAN3.SA,BEAR_CALM,-0.016389893190937886,0,STOP_TECNICO,2,-1.9336576393669542,0.4524791749531305,20.677224430918116,PRICE,TRAIN,2023-06
CSAN3.SA,BEAR_VOLATILE,-0.019949965720930017,0,STOP_TECNICO,1,-0.7644460672217146,0.030316709773412356,1000.0,PRICE,TRAIN,2023-06
CSAN3.SA,BEAR_VOLATILE,-0.023864890815025984,0,TIME_STOP,14,-0.9223410765084928,0.6493943637866411,34.30961849152067,PRICE,TRAIN,2023-06
CSAN3.SA,BEAR_CALM,0.002981207489463379,1,STOP_TECNICO,1,-0.1873508209878933,0.4541677768808739,18.39960971768006,PRICE,TRAIN,2023-06
CSAN3.SA,BEAR_CALM,0.007840360150713634,1,STOP_TECNICO,1,-0.6632660033947442,0.04357332570905304,12.98356145590958,PRICE,TRAIN,2023-06
CSAN3.SA,BEAR_CALM,-0.009574017542233991,0,STOP_TECNICO,3,-1.3191281049664099,-0.37191007222329986,11.476683120382965,PRICE,TRAIN,2023-06
CSAN3.SA,BEAR_CALM,-0.01470388937779079,0,STOP_TECNICO,1,-2.348468107164355,0.013776168259147483,16.732318742579867,PRICE,TRAIN,2023-06
CSAN3.SA,BEAR_CALM,-0.020303511713776333,0,STOP_TECNICO,1,-0.6454415404870771,-0.34041896409219985,33.560503548197865,PRICE,TRAIN,2023-06
CPLE6.SA,BULL_CALM,0.1434229084274273,1,SIGNAL,27,0.5285628342106905,1.3726559055526524,2.8499543510266125,PRICE,TRAIN,2023-06
CPLE6.SA,BULL_CALM,-0.018635796772027112,0,TIME_STOP,15,-0.44581577503597414,0.7260597503061316,2.334873679913485,PRICE,TRAIN,2023-06
CPLE6.SA,SIDEWAYS_VOLATILE,-0.009434766055401632,0,TIME_STOP,11,-2.6676883152879176,0.0643439319722944,23.549622250776977,PRICE,TRAIN,2023-06
CPLE6.SA,SIDEWAYS_CALM,-0.002282346375078091,0,TIME_STOP,20,-2.164427181887159,-0.029561626841902347,13.863354518064448,PRICE,TRAIN,2023-06
CPLE6.SA,SIDEWAYS_CALM,-0.0012,0,END_CLOSED,0,-2.16727434694974,0.9764262552143442,4.147869470686294,PRICE,TRAIN,2023-06
CSNA3.SA,BEAR_CALM,-0.0329331469100256,0,TIME_STOP,11,-0.6241765617893421,-1.6941301873809234,3.307306738758691,PRICE,TRAIN,2023-06
CSNA3.SA,BEAR_CALM,0.03926248163014621,1,BEAR_OPTIMIZED,4,1.3400737417808044,-0.103793364302744,6.210799185356814,PRICE,TRAIN,2023-06
CSNA3.SA,BEAR_CALM,-0.012096909539601429,0,TIME_STOP,25,0.4483930675057845,1.4139428061643684,6.6230647522967825,PRICE,TRAIN,2023-06
CSNA3.SA,BEAR_CALM,-0.051200000000000044,0,HARD_STOP,11,-0.34850060359623125,-0.6806034300174287,21.712437666638884,PRICE,TRAIN,2023-06
CSNA3.SA,BEAR_CALM,0.1464449002035578,1,BEAR_OPTIMIZED,9,0.20883746916467485,0.8221065008752769,8.269490786581374,PRICE,TRAIN,2023-06
CSNA3.SA,SIDEWAYS_CALM,-0.006098439354206085,0,TIME_STOP,12,-0.6896388411764871,-1.4250152570301962,27.010385989658843,PRICE,TRAIN,2023-06
CSNA3.SA,BEAR_CALM,-0.005020815624245077,0,TIME_STOP,14,-1.0673472013252576,1.8606079197806624,13.31625346406716,PRICE,TRAIN,2023-06
CSNA3.SA,BEAR_CALM,-0.02090057264223024,0,END_CLOSED,4,-2.030745837296781,1.561411942236844,10.362469908863204,PRICE,TRAIN,2023-06
CSNA3.SA,BEAR_VOLATILE,-0.051200000000000044,0,HARD_STOP,6,-0.5116056765407853,0.5658573682231767,6.610987227594215,PRICE,TEST,2023-06
CYRE3.SA,BULL_CALM,-0.051200000000000044,0,HARD_STOP,6,-0.6096229848749669,-0.5178798711138689,9.885452444581007,PRICE,TRAIN,2023-06
CYRE3.SA,BULL_CALM,-0.051200000000000044,0,HARD_STOP,3,-2.2364488734198917,-0.03021560172893667,21.97716499327386,PRICE,TRAIN,2023-06
CYRE3.SA,BULL_VOLATILE,-0.054418456862714536,0,HARD_STOP,7,-1.1867651062692706,0.26219910317794576,34.30961849152067,PRICE,TRAIN,2023-06
CYRE3.SA,SIDEWAYS_CALM,-0.051200000000000044,0,HARD_STOP,8,-0.9689783957593214,0.8246184869293228,1000.0,PRICE,TRAIN,2023-06
CYRE3.SA,BEAR_VOLATILE,0.014850563250654238,1,BEAR_OPTIMIZED,1,0.1612096412830068,0.36002294051075046,15.226220986793223,PRICE,TRAIN,2023-06
CYRE3.SA,BEAR_VOLATILE,0.024643959792338112,1,BEAR_OPTIMIZED,1,-0.1487138537179206,0.8641828374037107,16.26220281233605,PRICE,TRAIN,2023-06
CYRE3.SA,BEAR_VOLATILE,0.013085784331992568,1,BEAR_OPTIMIZED,2,0.045884426200990036,1.2183103000676394,16.786175400737818,PRICE,TRAIN,2023-06
CYRE3.SA,SIDEWAYS_CALM,-0.013634305686447766,0,TIME_STOP,11,1.3197193967181182,-0.031472314931399854,12.424843137811239,PRICE,TRAIN,2023-06
CYRE3.SA,BEAR_CALM,-0.014444899463804915,0,BEAR_OPTIMIZED,1,0.5097598266345168,-1.8082532418328128,26.70641911728218,PRICE,TRAIN,2023-06
CYRE3.SA,BEAR_CALM,0.005043616531057317,1,BEAR_OPTIMIZED,1,0.9138352251854958,-0.34822793046799017,27.582449082009358,PRICE,TRAIN,2023-06
CYRE3.SA,BEAR_CALM,0.022138434520113305,1,BEAR_OPTIMIZED,1,-0.27131199475089135,-0.255331910285657,18.55741178252492,PRICE,TRAIN,2023-06
CYRE3.SA,BEAR_CALM,-0.0012,0,END_CLOSED,0,-0.5723785065357828,1.0513612685805054,14.768884389527942,PRICE,TRAIN,2023-06
CVCB3.SA,BEAR_CALM,-0.00786666030883789,0,TIME_STOP,11,2.066690088143035,-1.014735159546191,11.804937577158412,PRICE,TRAIN,2023-06
CVCB3.SA,BEAR_CALM,-0.0874068937167827,0,HARD_STOP,2,1.1816408367277462,1.0507548752648006,13.283779279381404,PRICE,TRAIN,2023-06
CVCB3.SA,BEAR_CALM,-0.051200000000000044,0,HARD_STOP,2,1.3298576402441373,-1.064417967339344,16.760652610658944,PRICE,TRAIN,2023-06
CVCB3.SA,BEAR_CALM,-0.09320000762939454,0,HARD_STOP,4,0.8816985793231603,-1.3281868201977,28.90424766506344,PRICE,TRAIN,2023-06
CVCB3.SA,BEAR_CALM,-0.01851600123110688,0,TIME_STOP,12,1.495153055438131,-0.8062555209205475,20.413922560931223,PRICE,TRAIN,2023-06
CVCB3.SA,BEAR_VOLATILE,-0.055046104469523204,0,HARD_STOP,1,1.1418951939903024,0.8073201377923925,34.30961849152067,PRICE,TRAIN,2023-06
CVCB3.SA,BEAR_VOLATILE,-0.051200000000000044,0,HARD_STOP,1,1.8558021985525261,-0.22189274817512267,1000.0,PRICE,TRAIN,2023-06
CVCB3.SA,BEAR_VOLATILE,-0.06223291429871138,0,HARD_STOP,2,2.0602477843927343,-0.11003162029980851,1000.0,PRICE,TRAIN,2023-06
CVCB3.SA,BEAR_VOLATILE,0.00880000000000001,1,STOP_TECNICO,3,1.8866791569368637,-0.783430725750297,1000.0,PRICE,TRAIN,2023-06
CVCB3.SA,BEAR_CALM,-0.07561864127142973,0,HARD_STOP,1,0.9856937933946758,-0.18608725876750032,34.30961849152067,PRICE,TRAIN,2023-06
CVCB3.SA,BEAR_CALM,-0.02559022120941492,0,STOP_TECNICO,1,0.6986751630962653,-0.5927117778965655,34.30961849152067,PRICE,TRAIN,2023-06
CVCB3.SA,BEAR_CALM,-0.03061173720662238,0,STOP_TECNICO,1,1.4387460968358876,-0.7476154853078691,26.080373012709135,PRICE,TRAIN,2023-06
CVCB3.SA,BEAR_CALM,-0.006328200112166747,0,STOP_TECNICO,1,0.6723249323490693,0.2856441578137298,25.38089727857188,PRICE,TRAIN,2023-06
CVCB3.SA,BEAR_VOLATILE,0.10991107238164818,1,END_CLOSED,31,0.343169480294936,0.7456888898972943,3.79196789352802,PRICE,TEST,2023-06
CXSE3.SA,BULL_VOLATILE,-0.027339355981319,0,END_CLOSED,10,1.3573066491694294,0.4865100847690055,3.682767220277314,PRICE,TRAIN,2023-06
CXSE3.SA,BULL_CALM,-0.005742780639809396,0,TIME_STOP,11,1.7885663890040164,0.055656697381734004,16.124632559526,PRICE,TEST,2023-06
DIRR3.SA,BULL_CALM,-0.020956775903557733,0,TIME_STOP,13,0.35947541911144926,1.5951892999543735,11.621703565288234,PRICE,TRAIN,2023-06
DIRR3.SA,SIDEWAYS_VOLATILE,-0.051200000000000044,0,HARD_STOP,11,-2.3238754892915208,-0.5520210813765355,34.30961849152067,PRICE,TRAIN,2023-06
DIRR3.SA,SIDEWAYS_CALM,-0.07445206188473233,0,HARD_STOP,7,-1.0168030186743422,1.0347739822551032,34.30961849152067,PRICE,TRAIN,2023-06
DIRR3.SA,BEAR_CALM,0.009357174910122092,1,BEAR_OPTIMIZED,1,-1.4270236382422294,0.5790108724663358,34.30961849152067,PRICE,TRAIN,2023-06
DIRR3.SA,BEAR_VOLATILE,0.04115290518162316,1,BEAR_OPTIMIZED,1,-1.449936332958617,0.6907041613905028,34.30961849152067,PRICE,TRAIN,2023-06
DIRR3.SA,SIDEWAYS_CALM,0.31900034062177707,1,SIGNAL,59,-0.05837438070625106,0.8008131382944266,25.466593463548353,PRICE,TRAIN,2023-06
ECOR3.SA,SIDEWAYS_CALM,-0.018377802327741798,0,TIME_STOP,11,-0.3990735944020173,1.7054352427239021,4.043367935487381,PRICE,TRAIN,2023-06
ECOR3.SA,BEAR_VOLATILE,-0.009043143037756017,0,BEAR_OPTIMIZED,1,-1.1597178364088678,0.5389992106504427,34.30961849152067,PRICE,TRAIN,2023-06
ECOR3.SA,BEAR_CALM,-0.019718465764574165,0,TIME_STOP,11,-0.7603969494703061,-1.4399108488855141,34.30961849152067,PRICE,TRAIN,2023-06
ECOR3.SA,BEAR_CALM,0.048707747801674285,1,BEAR_OPTIMIZED,13,-0.8938463994495311,1.1204779831875393,34.30961849152067,PRICE,TRAIN,2023-06
ECOR3.SA,BEAR_CALM,-0.02376702119150533,0,TIME_STOP,11,0.36386206948590216,1.1046016477059224,19.86294083568705,PRICE,TRAIN,2023-06
EGIE3.SA,BULL_CALM,-0.011981702896504486,0,TIME_STOP,11,1.861994632212099,-1.3356990899099213,9.95320722127311,PRICE,TRAIN,2023-06
EGIE3.SA,BULL_CALM,-0.0347260258170581,0,TIME_STOP,11,0.7322124499112611,1.0860349137672294,9.407398097802307,PRICE,TRAIN,2023-06
EGIE3.SA,BULL_CALM,-0.0065593496057692255,0,TIME_STOP,16,-0.20995803128666982,0.6135729252622882,8.037976538412535,PRICE,TRAIN,2023-06
EGIE3.SA,SIDEWAYS_VOLATILE,-0.02113006707533862,0,TIME_STOP,12,0.5111261761121527,1.1830324570018838,4.931741320087238,PRICE,TRAIN,2023-06
EGIE3.SA,SIDEWAYS_VOLATILE,-0.01823173645085454,0,TIME_STOP,11,0.887017542640521,0.43213825531287037,14.61386094217961,PRICE,TRAIN,2023-06
EGIE3.SA,BEAR_VOLATILE,0.004521254031326506,1,BEAR_OPTIMIZED,1,0.517740779023936,0.8794496333355918,16.89563038451324,PRICE,TRAIN,2023-06
EGIE3.SA,BEAR_VOLATILE,-0.009563948829204104,0,BEAR_OPTIMIZED,1,-0.309315314648732,0.9793392520287686,22.29156582033494,PRICE,TRAIN,2023-06
EGIE3.SA,BEAR_CALM,0.010433836904606732,1,BEAR_OPTIMIZED,1,-0.14779453398383113,0.6584639358901699,34.30961849152067,PRICE,TRAIN,2023-06
EGIE3.SA,BEAR_CALM,3.42237070575025e-05,1,BEAR_OPTIMIZED,1,-1.0177803239056777,0.7461612430425777,20.67736195350378,PRICE,TRAIN,2023-06
EGIE3.SA,BEAR_CALM,0.020049988222971306,1,BEAR_OPTIMIZED,1,-0.43821904183055804,0.5380332506938732,20.55795472730622,PRICE,TRAIN,2023-06
EGIE3.SA,BEAR_CALM,0.005026525162749131,1,BEAR_OPTIMIZED,3,0.26276691670718805,-0.059636313014934876,13.869826688547597,PRICE,TRAIN,2023-06
EGIE3.SA,BEAR_CALM,-0.004676481577808887,0,BEAR_OPTIMIZED,3,-0.4680264334588145,-0.053294293950899026,10.726903598989054,PRICE,TRAIN,2023-06
EGIE3.SA,BEAR_CALM,0.026429840369012726,1,BEAR_OPTIMIZED,1,-1.5289344944094334,0.19676855076295582,6.85712255954738,PRICE,TRAIN,2023-06
EGIE3.SA,BEAR_CALM,0.005817512806103632,1,BEAR_OPTIMIZED,3,0.1507008802208497,0.929738209289571,1.6095712324504203,PRICE,TRAIN,2023-06
EGIE3.SA,BEAR_CALM,0.020402532513819828,1,BEAR_OPTIMIZED,5,0.8617538450746559,0.7493778402627223,1.6844780429200965,PRICE,TRAIN,2023-06
EGIE3.SA,BULL_CALM,-0.011574407985511036,0,TIME_STOP,12,2.1619430707843965,-1.0408297347007918,4.476466087378347,PRICE,TEST,2023-06
ELET6.SA,BULL_CALM,-0.03371653296179102,0,TIME_STOP,14,0.21619613856447314,0.7528917160355606,14.699762654403905,PRICE,TRAIN,2023-06
ELET6.SA,SIDEWAYS_CALM,-0.051200000000000044,0,HARD_STOP,7,-0.6955863623389338,-2.0738298785630254,9.373440112441939,PRICE,TRAIN,2023-06
ELET6.SA,BEAR_VOLATILE,0.06698188254799184,1,BEAR_OPTIMIZED,2,0.22042630913752986,0.3104238614646537,22.462364677616637,PRICE,TRAIN,2023-06
ELET6.SA,BEAR_CALM,-0.015913568087090678,0,TIME_STOP,11,1.2369139361129327,-2.591211278057605,16.357124796494883,PRICE,TRAIN,2023-06
ELET6.SA,SIDEWAYS_VOLATILE,-0.005592347210167568,0,TIME_STOP,34,0.13516773759180037,-2.893680532874008,20.98541451744376,PRICE,TRAIN,2023-06
ELET6.SA,BEAR_CALM,0.00697840074740972,1,BEAR_OPTIMIZED,10,0.8739406865901298,0.054465091874816324,20.35255125192443,PRICE,TRAIN,2023-06
ELET6.SA,BEAR_CALM,-0.0012,0,END_CLOSED,0,0.12669471331004728,0.6745776518882366,10.981072669580211,PRICE,TRAIN,2023-06
ELET3.SA,BEAR_CALM,-0.0022974066098412557,0,TIME_STOP,11,-1.1067250671012583,0.37260623525430053,7.850282007533168,PRICE,TRAIN,2023-06
ELET3.SA,BEAR_VOLATILE,0.007657372353810789,1,STOP_TECNICO,16,-0.42237471248871633,-1.9844021973907857,12.378829167530862,PRICE,TRAIN,2023-06
ELET3.SA,BEAR_CALM,0.11547149591943104,1,BEAR_OPTIMIZED,20,0.48562955318572004,0.9202983841157719,3.4265795744510497,PRICE,TRAIN,2023-06
ELET3.SA,BEAR_VOLATILE,0.04037954296757982,1,BEAR_OPTIMIZED,14,0.01459686199536464,-2.295256888196745,32.48586997362422,PRICE,TRAIN,2023-06
ELET3.SA,SIDEWAYS_CALM,-0.009649972377942205,0,TIME_STOP,11,0.9798220743764287,-1.010115601242237,29.307496624906328,PRICE,TRAIN,2023-06
ELET3.SA,BEAR_VOLATILE,-0.014183455544703592,0,TIME_STOP,11,0.726331377448268,-1.8454642405557415,26.277144456332124,PRICE,TRAIN,2023-06
EMBR3.SA,BEAR_VOLATILE,-0.051200000000000044,0,HARD_STOP,11,0.9994111830192897,0.2667200761762622,5.8085710414642096,PRICE,TRAIN,2023-06
EMBR3.SA,BULL_CALM,0.25001016265189235,1,SIGNAL,33,-0.438556434857009,0.34767420811029975,3.167181282963079,PRICE,TEST,2023-06
ENGI11.SA,BULL_CALM,-0.013911773059515874,0,TIME_STOP,11,-0.2756342701440595,0.5414726344428703,9.848435926736574,PRICE,TRAIN,2023-06
ENGI11.SA,BULL_CALM,-0.010256677467492502,0,STOP_TECNICO,27,0.35958603606989964,-0.079167008186797,5.664657573231746,PRICE,TRAIN,2023-06
ENGI11.SA,SIDEWAYS_VOLATILE,0.17425032544393523,1,SIGNAL,39,1.4422127752344438,-0.19484321221518974,13.410315102091516,PRICE,TRAIN,2023-06
ENGI11.SA,SIDEWAYS_CALM,-0.008109630574784664,0,TIME_STOP,11,-0.17313558771612836,1.8316180372430952,5.260571599983682,PRICE,TRAIN,2023-06
ENGI11.SA,SIDEWAYS_CALM,-0.009245844981400152,0,TIME_STOP,11,-0.04768656329153907,1.5363117087823113,10.619692044753757,PRICE,TRAIN,2023-06
ENGI11.SA,BEAR_CALM,0.009519728989838196,1,BEAR_OPTIMIZED,2,-0.5011256695879552,-1.0560406089528467,22.459126454488146,PRICE,TRAIN,2023-06
ENGI11.SA,BEAR_CALM,-0.010157366182094306,0,BEAR_OPTIMIZED,1,-1.9896233450146776,-1.162108002544975,14.096020842102101,PRICE,TRAIN,2023-06
ENGI11.SA,BEAR_CALM,0.033237651819157145,1,BEAR_OPTIMIZED,4,-1.0980278054101258,-0.5189943112970659,18.477745680368166,PRICE,TRAIN,2023-06
ENGI11.SA,BEAR_CALM,0.026046651577947035,1,BEAR_OPTIMIZED,2,-1.795509553623559,-0.13873492282787975,7.789599857119831,PRICE,TRAIN,2023-06
ENGI11.SA,BEAR_CALM,0.02216754805327068,1,BEAR_OPTIMIZED,5,-1.5382453750312737,-0.774229152440201,5.689507532645713,PRICE,TRAIN,2023-06
ENGI11.SA,BEAR_VOLATILE,-0.0025605797556939244,0,TIME_STOP,11,1.0762351997119646,1.0758731638088315,3.9222640303694365,PRICE,TEST,2023-06
ENEV3.SA,SIDEWAYS_CALM,-0.007142249270880384,0,TIME_STOP,17,0.48412167948071777,0.8387838543449535,5.630371065614602,PRICE,TRAIN,2023-06
ENEV3.SA,BEAR_CALM,-0.014521542553777154,0,TIME_STOP,13,-0.7285301203717204,-0.17090844276715084,13.806545337918271,PRICE,TRAIN,2023-06
ENEV3.SA,BEAR_VOLATILE,-0.051200000000000044,0,HARD_STOP,9,0.10920573232292742,-1.2988226952389261,17.90589386216271,PRICE,TRAIN,2023-06
ENEV3.SA,SIDEWAYS_CALM,0.08421502277598689,1,SIGNAL,9,-2.207421206264712,0.2039793691820727,2.415261204153524,PRICE,TEST,2023-06
EQTL3.SA,BULL_CALM,-0.03032319360245763,0,TIME_STOP,11,0.996063881732014,1.737190448168605,21.4700746605975,PRICE,TRAIN,2023-06
EQTL3.SA,BULL_CALM,-0.011310554890491063,0,TIME_STOP,15,1.5584404464085608,0.8292714697357791,13.225370201035709,PRICE,TRAIN,2023-06
EQTL3.SA,BULL_CALM,-0.009061599806144315,0,TIME_STOP,22,-0.676750040070505,0.4449725446142584,6.253689970533047,PRICE,TRAIN,2023-06
EQTL3.SA,BULL_CALM,-0.014881249063169254,0,TIME_STOP,11,1.598522129446054,0.32781926890780355,8.767568938161787,PRICE,TRAIN,2023-06
EQTL3.SA,BULL_CALM,0.00880000000000001,1,STOP_TECNICO,159,0.6249807622777451,0.014539493247412208,4.149873162464322,PRICE,TRAIN,2023-06
EQTL3.SA,SIDEWAYS_CALM,-0.024765868933381528,0,TIME_STOP,13,-0.6521192054642523,1.3281600122173376,8.668486130170182,PRICE,TRAIN,2023-06
EQTL3.SA,BEAR_CALM,0.003921689538253982,1,BEAR_OPTIMIZED,1,-1.9788838810402056,-0.05422717102765834,25.225623472949138,PRICE,TRAIN,2023-06
EQTL3.SA,BEAR_CALM,-0.04833541730106385,0,STOP_TECNICO,1,-1.865119373703951,-0.6520430298028895,16.153504602537808,PRICE,TRAIN,2023-06
EQTL3.SA,BEAR_VOLATILE,0.03770063870154692,1,BEAR_OPTIMIZED,2,-1.7029177269642584,-1.6936066375423675,34.30961849152067,PRICE,TRAIN,2023-06
EQTL3.SA,BEAR_CALM,-0.0028341042572957095,0,BEAR_OPTIMIZED,3,-1.710130653084111,-2.2859650293245135,12.14792014799123,PRICE,TRAIN,2023-06
EQTL3.SA,BEAR_CALM,-0.0005457565979819711,0,BEAR_OPTIMIZED,1,-0.9275658268161997,-1.1902735561091986,10.188656161613858,PRICE,TRAIN,2023-06
EQTL3.SA,BEAR_CALM,-0.0347195895413648,0,STOP_TECNICO,2,-1.1770880739304326,-0.31142107706505306,7.496015409436374,PRICE,TRAIN,2023-06
EQTL3.SA,BEAR_CALM,-0.0058689396982918515,0,STOP_TECNICO,1,-1.4352730669962914,1.2587959221533098,8.3898125053035,PRICE,TRAIN,2023-06
EZTC3.SA,BULL_VOLATILE,-0.05513500772938298,0,HARD_STOP,3,-0.10639396550897293,0.3832919743366888,34.30961849152067,PRICE,TRAIN,2023-06
EZTC3.SA,SIDEWAYS_VOLATILE,-0.051200000000000044,0,HARD_STOP,3,-1.2948090769293612,0.09059613850893997,1000.0,PRICE,TRAIN,2023-06
EZTC3.SA,BEAR_VOLATILE,-0.0650157201759636,0,HARD_STOP,12,-1.589402614360573,-0.8864150502588952,1000.0,PRICE,TRAIN,2023-06
EZTC3.SA,BEAR_VOLATILE,0.00880000000000001,1,STOP_TECNICO,23,-0.049627116421580277,1.788440990490526,13.857738803007141,PRICE,TRAIN,2023-06
EZTC3.SA,BEAR_CALM,-0.04896099401633005,0,STOP_TECNICO,7,0.2685276105141081,0.27549449494307277,15.504511566487439,PRICE,TRAIN,2023-06
FLRY3.SA,SIDEWAYS_CALM,-0.013732886569601942,0,TIME_STOP,25,1.3100000948346833,1.2255310667087218,4.735963770665492,PRICE,TRAIN,2023-06
FLRY3.SA,SIDEWAYS_CALM,-0.03677873782157117,0,TIME_STOP,11,1.1522307178684177,0.6341306054718977,3.9209328332309794,PRICE,TRAIN,2023-06
FLRY3.SA,SIDEWAYS_CALM,0.08253701079214623,1,SIGNAL,21,1.7346826419074879,0.5841825294307461,14.751512461796075,PRICE,TRAIN,2023-06
FLRY3.SA,SIDEWAYS_CALM,-0.018801061147007768,0,TIME_STOP,11,0.38240353740328786,-0.5993167171005895,34.30961849152067,PRICE,TRAIN,2023-06
FLRY3.SA,BEAR_CALM,-0.0205461891588963,0,TIME_STOP,11,0.9737673750537197,-0.05982609230796465,12.852737083727412,PRICE,TRAIN,2023-06
FLRY3.SA,BEAR_CALM,-0.056982287387105444,0,HARD_STOP,7,0.13304672027150827,1.1363941588102573,9.927767245786788,PRICE,TRAIN,2023-06
FLRY3.SA,BEAR_VOLATILE,0.02806467419879497,1,END_CLOSED,46,-0.20839206101842278,-0.05399559797748829,28.759825759003963,PRICE,TRAIN,2023-06
GGBR4.SA,SIDEWAYS_VOLATILE,-0.0026788327021928446,0,TIME_STOP,11,0.23841896886385772,-1.1174829170287484,10.309968247434742,PRICE,TRAIN,2023-06
GGBR4.SA,BEAR_CALM,-0.015233659521568542,0,BEAR_OPTIMIZED,1,0.3733136475563032,-0.8111673575754381,10.497340744026097,PRICE,TRAIN,2023-06
GGBR4.SA,BEAR_CALM,-0.051200000000000044,0,HARD_STOP,8,1.2825367895835598,-0.5551769458384135,12.290400973073542,PRICE,TRAIN,2023-06
GGBR4.SA,BEAR_VOLATILE,-0.051200000000000155,0,HARD_STOP,11,1.114770807013144,1.4901230539546133,1000.0,PRICE,TRAIN,2023-06
GGBR4.SA,BEAR_VOLATILE,0.1278174752786779,1,BEAR_OPTIMIZED,22,-0.09913355746030264,0.18315716930442125,29.265220169860942,PRICE,TRAIN,2023-06
GGBR4.SA,BEAR_CALM,-0.017237633549780272,0,TIME_STOP,11,1.504946703524776,-0.41619558134139795,7.215738311059469,PRICE,TRAIN,2023-06
GGBR4.SA,BEAR_VOLATILE,0.08211452765001978,1,BEAR_OPTIMIZED,14,0.854934271617637,-1.2237301681499981,8.837749195054162,PRICE,TEST,2023-06
GOAU4.SA,SIDEWAYS_VOLATILE,-0.019635113414880244,0,TIME_STOP,12,1.0622709267649337,-1.482773200044049,13.978486300556739,PRICE,TRAIN,2023-06
GOAU4.SA,SIDEWAYS_CALM,-0.011482660524449816,0,TIME_STOP,12,0.638568937920389,-0.761840820152165,15.0777779366973,PRICE,TRAIN,2023-06
GOAU4.SA,BEAR_CALM,-0.00031255765241713245,0,BEAR_OPTIMIZED,2,0.87828984543027,-0.05813225400450142,17.20918106381853,PRICE,TRAIN,2023-06
GOAU4.SA,BEAR_CALM,-0.051200000000000044,0,HARD_STOP,3,1.3776153930668271,-0.6448910573224865,34.30961849152067,PRICE,TRAIN,2023-06
GOAU4.SA,BEAR_VOLATILE,-0.05119999999999993,0,HARD_STOP,10,1.5811146946450239,-0.06869790926825596,1000.0,PRICE,TRAIN,2023-06
GOAU4.SA,BEAR_CALM,0.1388198238255752,1,BEAR_OPTIMIZED,16,0.42007765888999327,0.8436801783551264,22.22028907994331,PRICE,TRAIN,2023-06
GOAU4.SA,SIDEWAYS_CALM,0.05299248759240203,1,END_CLOSED,32,0.5780186820327776,-0.41588433139847886,10.470601119145595,PRICE,TEST,2023-06
HAPV3.SA,BEAR_CALM,-0.04330528992770013,0,TIME_STOP,12,1.745908947331202,1.047400607548778,13.09395296793025,PRICE,TRAIN,2023-06
HAPV3.SA,BEAR_VOLATILE,-0.053112542676493145,0,HARD_STOP,1,-0.02029585986384331,0.19279485324361278,10.400715962889404,PRICE,TRAIN,2023-06
HAPV3.SA,BEAR_VOLATILE,0.00880000000000001,1,STOP_TECNICO,64,-0.003057432658274723,0.4553333457396665,34.30961849152067,PRICE,TRAIN,2023-06
HAPV3.SA,BEAR_CALM,-0.014523213988018611,0,STOP_TECNICO,4,1.9050632995602408,-0.6768432893176494,5.20555386082364,PRICE,TRAIN,2023-06
HYPE3.SA,SIDEWAYS_CALM,-0.005360688637795506,0,TIME_STOP,14,1.5174947518234927,1.1689803815364799,12.356072008264125,PRICE,TRAIN,2023-06
HYPE3.SA,SIDEWAYS_CALM,-0.05369092395554156,0,HARD_STOP,10,0.6259855305680473,1.8042466982544219,6.92472011360965,PRICE,TRAIN,2023-06
HYPE3.SA,BEAR_VOLATILE,0.024180715539705445,1,BEAR_OPTIMIZED,7,1.246876956178856,0.3146355948110478,34.30961849152067,PRICE,TRAIN,2023-06
HYPE3.SA,BEAR_CALM,-0.051200000000000044,0,HARD_STOP,7,-0.7113157545245009,0.0321762326431974,34.30961849152067,PRICE,TRAIN,2023-06
HYPE3.SA,BEAR_CALM,-0.051200000000000044,0,HARD_STOP,13,-0.161745432034065,-0.3315882346497077,34.30961849152067,PRICE,TRAIN,2023-06
HYPE3.SA,BEAR_CALM,-0.09455230171081444,0,HARD_STOP,11,-1.8787848102417228,-0.7235309288207354,34.30961849152067,PRICE,TRAIN,2023-06
HYPE3.SA,BEAR_VOLATILE,0.00880000000000001,1,STOP_TECNICO,90,-0.3427301985661785,-1.2557571341488016,34.30961849152067,PRICE,TRAIN,2023-06
HYPE3.SA,BEAR_VOLATILE,-0.001703178439545171,0,STOP_TECNICO,42,2.571404702528857,-2.4322029875034534,16.922289811054338,PRICE,TRAIN,2023-06
HYPE3.SA,BEAR_CALM,-0.015371357438584442,0,STOP_TECNICO,1,0.45190726884845667,-2.5534705297860647,9.436259951139892,PRICE,TRAIN,2023-06
HYPE3.SA,BEAR_CALM,0.15533432709218484,1,BEAR_OPTIMIZED,26,-0.9392468115295041,0.679660724227191,2.8018389311178318,PRICE,TEST,2023-06
IRBR3.SA,SIDEWAYS_VOLATILE,-0.051200000000000044,0,HARD_STOP,6,2.0524930654176305,0.19572638591632666,18.147028627330556,PRICE,TRAIN,2023-06
IRBR3.SA,BEAR_CALM,-0.011085915896225117,0,TIME_STOP,29,-0.4328655337440393,-1.5848915338072818,20.009489556743425,PRICE,TRAIN,2023-06
IRBR3.SA,BEAR_CALM,-0.05119999999999993,0,HARD_STOP,11,0.26510639187055934,-0.05117637239993866,4.582919193661611,PRICE,TRAIN,2023-06
IRBR3.SA,BEAR_CALM,0.005856990841834754,1,STOP_TECNICO,15,-1.1992782223951597,-0.5166449531194681,2.066860743747331,PRICE,TRAIN,2023-06
IRBR3.SA,BEAR_CALM,-0.03944707524690163,0,STOP_TECNICO,1,-0.6831089103858577,-0.28463912909771194,2.6217317787749588,PRICE,TRAIN,2023-06
IRBR3.SA,BEAR_VOLATILE,-0.051200000000000044,0,HARD_STOP,7,-0.16990241271549078,0.34030598043240085,4.034718778670519,PRICE,TRAIN,2023-06
IRBR3.SA,BEAR_VOLATILE,-0.012987159575631589,0,STOP_TECNICO,1,1.329046946545344,-0.13089458487480218,30.479244531642003,PRICE,TRAIN,2023-06
IRBR3.SA,BEAR_CALM,-0.05288386958619697,0,HARD_STOP,6,1.3272520673823138,0.6149965153666027,20.994304572252243,PRICE,TEST,2023-06
IRBR3.SA,BEAR_CALM,-0.051200000000000044,0,HARD_STOP,6,1.9932836756742298,1.1762659382509761,5.971677924354886,PRICE,TEST,2023-06
ITSA4.SA,BULL_CALM,-0.024087214841718073,0,TIME_STOP,12,0.1906673909280697,0.4848530930677071,15.337595951724662,PRICE,TRAIN,2023-06
ITSA4.SA,BULL_CALM,-0.002282156835149339,0,TIME_STOP,11,0.3563583255866734,0.9257183374613144,2.6884984345361365,PRICE,TRAIN,2023-06
ITSA4.SA,BULL_CALM,-0.02145665191587367,0,TIME_STOP,11,-0.7559280668730565,1.362327085566722,4.47648832497469,PRICE,TRAIN,2023-06
ITSA4.SA,BULL_CALM,-0.012311032673611243,0,TIME_STOP,11,-1.466933833587262,0.47311807803486017,10.106272831495582,PRICE,TRAIN,2023-06
ITSA4.SA,SIDEWAYS_CALM,0.11131439013856723,1,SIGNAL,20,-0.7203484454142066,0.8232817358274545,6.690951294510188,PRICE,TRAIN,2023-06
ITSA4.SA,BULL_CALM,-0.001877168979346887,0,END_CLOSED,7,1.499965358755486,1.8293673458874617,16.46117215292282,PRICE,TRAIN,2023-06
IGTI11.SA,BULL_CALM,0.04933822091679705,1,SIGNAL,13,0.25279970824713716,0.41955896917328717,4.899241597043162,PRICE,TRAIN,2023-06
IGTI11.SA,BULL_CALM,-0.024433928876433718,0,TIME_STOP,15,0.5780393602796556,0.39465651012644765,3.4944930727005716,PRICE,TRAIN,2023-06
IGTI11.SA,SIDEWAYS_CALM,-0.00512546446247477,0,TIME_STOP,15,0.2633858283595383,0.3633832944629876,9.532318926212954,PRICE,TRAIN,2023-06
IGTI11.SA,SIDEWAYS_CALM,-0.023072044461864304,0,TIME_STOP,22,1.0390270541271724,0.6451901951730428,10.80014899695422,PRICE,TRAIN,2023-06
IGTI11.SA,BEAR_VOLATILE,0.012639858847091602,1,BEAR_OPTIMIZED,1,1.2098837256324717,-1.0700034534504703,34.30961849152067,PRICE,TRAIN,2023-06
IGTI11.SA,BEAR_VOLATILE,0.04454529179566622,1,BEAR_OPTIMIZED,1,-0.7959419846720506,0.11681987353633576,34.30961849152067,PRICE,TRAIN,2023-06
IGTI11.SA,BEAR_CALM,0.01368952611018246,1,BEAR_OPTIMIZED,1,0.5530129075761754,-0.08333883297348328,11.938162643891127,PRICE,TRAIN,2023-06
IGTI11.SA,BEAR_CALM,-0.020845468207988625,0,TIME_STOP,11,-0.016830556573998685,0.10141720483229857,11.434572920762749,PRICE,TRAIN,2023-06
IGTI11.SA,BEAR_CALM,-0.009950618414022692,0,END_CLOSED,4,0.7501376405793054,1.8687861103598369,12.956855410008789,PRICE,TRAIN,2023-06
ITUB4.SA,BULL_CALM,-0.029535748751871503,0,TIME_STOP,11,-2.39500157961384,1.6230090136848092,9.559315516821913,PRICE,TRAIN,2023-06
ITUB4.SA,BULL_CALM,-0.005028045588843642,0,TIME_STOP,16,0.056351993017232864,0.9667659789008449,8.51194661508582,PRICE,TRAIN,2023-06
ITUB4.SA,BULL_CALM,0.08969871927794357,1,SIGNAL,42,-3.5176559112638066,0.6554186282855468,4.53221692213185,PRICE,TRAIN,2023-06
ITUB4.SA,BULL_CALM,-0.011165765359372769,0,TIME_STOP,31,0.21489455378824535,0.009276798823390093,7.812286584745535,PRICE,TRAIN,2023-06
ITUB4.SA,BULL_VOLATILE,-0.002787549480807859,0,END_CLOSED,2,-0.5743652968984821,-0.9420368078125105,11.41346611973955,PRICE,TRAIN,2023-06
KLBN11.SA,BULL_CALM,0.12085827018346249,1,SIGNAL,18,0.8656404652593171,2.1231507770327287,6.878203059414434,PRICE,TRAIN,2023-06
KLBN11.SA,BULL_CALM,-0.04083773811837501,0,TIME_STOP,11,0.28328574624218916,0.9696409898209828,4.510899228326442,PRICE,TRAIN,2023-06
KLBN11.SA,SIDEWAYS_CALM,-0.015850209046369378,0,TIME_STOP,11,0.0380582445882232,-2.20281619740281,7.649647548176277,PRICE,TRAIN,2023-06
KLBN11.SA,SIDEWAYS_VOLATILE,0.007889993610269298,1,STOP_TECNICO,45,-0.1404738012728147,-1.093497485557012,11.52746969683823,PRICE,TRAIN,2023-06
KLBN11.SA,SIDEWAYS_CALM,0.17100131959817153,1,SIGNAL,46,-0.12725316948650622,0.9852942574391643,6.114664613760195,PRICE,TRAIN,2023-06
KLBN11.SA,SIDEWAYS_VOLATILE,0.008901076747195404,1,END_CLOSED,2,0.031184540160141466,1.3613792423533335,11.066325048776028,PRICE,TRAIN,2023-06
LREN3.SA,BEAR_VOLATILE,0.00880000000000001,1,STOP_TECNICO,19,0.4623707456451507,-0.6825917895007269,8.147791387731353,PRICE,TRAIN,2023-06
LREN3.SA,BEAR_CALM,-0.025162600124558752,0,TIME_STOP,11,1.307527543892607,0.7975611035240565,9.79795434245065,PRICE,TRAIN,2023-06
LREN3.SA,BEAR_CALM,-0.05411971464645051,0,HARD_STOP,2,2.183071597238252,-0.4365519185218436,10.499493698651854,PRICE,TRAIN,2023-06
LREN3.SA,BEAR_CALM,-0.07421570290342441,0,HARD_STOP,8,1.8607482222567528,-2.2281361188123534,31.34149460519682,PRICE,TRAIN,2023-06
LREN3.SA,BEAR_VOLATILE,-0.051200000000000044,0,HARD_STOP,1,-0.7839324891020627,0.02660669938678133,1000.0,PRICE,TRAIN,2023-06
LREN3.SA,BEAR_VOLATILE,-0.051200000000000044,0,HARD_STOP,4,0.2791456927308074,0.6053303785074587,34.30961849152067,PRICE,TRAIN,2023-06
LREN3.SA,BEAR_VOLATILE,-0.051200000000000044,0,HARD_STOP,7,1.21002278420155,0.8271729146921583,1000.0,PRICE,TRAIN,2023-06
LREN3.SA,BEAR_CALM,0.12381755049376028,1,END_CLOSED,221,1.2020300839859228,1.9451502239897442,34.30961849152067,PRICE,TRAIN,2023-06
LWSA3.SA,SIDEWAYS_CALM,0.00880000000000001,1,STOP_TECNICO,22,0.7049886576345782,0.16566955658401475,10.988386511110601,PRICE,TRAIN,2023-06
LWSA3.SA,SIDEWAYS_CALM,-0.051200000000000155,0,HARD_STOP,3,-0.7696526002202345,0.6843425318317145,12.871352373882246,PRICE,TRAIN,2023-06
LWSA3.SA,BEAR_CALM,-0.051200000000000044,0,HARD_STOP,11,-1.5184957875316765,1.0470393806372373,10.784792751651505,PRICE,TRAIN,2023-06
LWSA3.SA,BEAR_CALM,-0.05119999999999993,0,HARD_STOP,3,-1.34344457503841,-1.5366908589411452,7.499312340491922,PRICE,TRAIN,2023-06
LWSA3.SA,BEAR_CALM,-0.07140549789319231,0,HARD_STOP,5,-2.117189292786641,0.13762073753780066,8.740297164509713,PRICE,TRAIN,2023-06
LWSA3.SA,BEAR_VOLATILE,0.00880000000000001,1,STOP_TECNICO,15,-0.6682720921012185,0.5072570836260006,13.18918359887098,PRICE,TRAIN,2023-06
LWSA3.SA,BEAR_CALM,-0.031687745808149724,0,STOP_TECNICO,3,-1.667007992084749,-0.46998761080094875,14.356120244530116,PRICE,TRAIN,2023-06
LWSA3.SA,BEAR_CALM,-0.029584323982752923,0,STOP_TECNICO,1,-1.1146319305099566,-0.25008099257525607,34.30961849152067,PRICE,TRAIN,2023-06
LWSA3.SA,BEAR_VOLATILE,0.0035620206391665313,1,STOP_TECNICO,11,1.2403408154343272,-1.0545445723862787,34.30961849152067,PRICE,TRAIN,2023-06
MGLU3.SA,BEAR_CALM,0.00880000000000001,1,STOP_TECNICO,19,-1.004657064223597,0.4079309591997253,9.587112545033596,PRICE,TRAIN,2023-06
MGLU3.SA,BEAR_CALM,-0.06494502492162982,0,HARD_STOP,13,-0.707990089914775,0.09972690816028398,14.984383538778934,PRICE,TRAIN,2023-06
MGLU3.SA,BEAR_VOLATILE,-0.051200000000000044,0,HARD_STOP,6,0.8130663088327897,0.4283393072420623,1000.0,PRICE,TRAIN,2023-06
MGLU3.SA,BEAR_VOLATILE,-0.09259792839516182,0,HARD_STOP,8,0.36613805720356,1.057608731170077,1000.0,PRICE,TRAIN,2023-06
MGLU3.SA,BEAR_VOLATILE,-0.0674251545076934,0,HARD_STOP,1,0.029240442577102482,0.4234357937916246,1000.0,PRICE,TRAIN,2023-06
MGLU3.SA,BEAR_VOLATILE,0.00880000000000001,1,STOP_TECNICO,4,-1.745019822699723,0.7197227526764334,1000.0,PRICE,TRAIN,2023-06
MGLU3.SA,BEAR_VOLATILE,0.00880000000000001,1,STOP_TECNICO,1,-0.45194664189927364,0.32313468993626726,34.30961849152067,PRICE,TRAIN,2023-06
MGLU3.SA,BEAR_CALM,-0.051200000000000044,0,HARD_STOP,3,0.5500862399973471,-0.3353911979208276,24.23564952475973,PRICE,TRAIN,2023-06
MGLU3.SA,BEAR_VOLATILE,-0.08243038276967055,0,HARD_STOP,1,0.19741832078028376,-0.26890228711742,26.86934368538355,PRICE,TRAIN,2023-06
MRVE3.SA,BULL_CALM,-0.015754800672275103,0,TIME_STOP,19,0.5091327698318817,-0.2907000893078419,13.991752872377447,PRICE,TRAIN,2023-06
MRVE3.SA,BULL_CALM,-0.051200000000000155,0,HARD_STOP,2,0.8792702724418658,-0.045633001282043284,34.30961849152067,PRICE,TRAIN,2023-06
MRVE3.SA,BULL_VOLATILE,-0.05435954588268579,0,HARD_STOP,1,-0.32253199348378914,0.24188981917863717,1000.0,PRICE,TRAIN,2023-06
MRVE3.SA,SIDEWAYS_VOLATILE,-0.10680340198658181,0,HARD_STOP,9,0.002903032046447947,1.0441665516140013,1000.0,PRICE,TRAIN,2023-06
MRVE3.SA,BEAR_VOLATILE,-0.051200000000000044,0,HARD_STOP,7,-0.8022563126912183,-1.632177093210464,34.30961849152067,PRICE,TRAIN,2023-06
MRVE3.SA,BEAR_VOLATILE,-0.024217941333054903,0,TIME_STOP,18,1.7481269611567194,-0.8366667378696595,11.93027760029421,PRICE,TRAIN,2023-06
MRVE3.SA,BEAR_VOLATILE,-0.09945034131080424,0,HARD_STOP,3,1.0212791527804779,-1.1169433606423698,34.30961849152067,PRICE,TRAIN,2023-06
MRVE3.SA,BEAR_CALM,0.00880000000000001,1,STOP_TECNICO,16,0.5890805958270253,-2.051840265619832,34.30961849152067,PRICE,TRAIN,2023-06
MRVE3.SA,BEAR_CALM,-0.04018054361437131,0,STOP_TECNICO,3,-0.722821711987543,-0.2986157203655844,4.655187321188364,PRICE,TRAIN,2023-06
MRVE3.SA,BEAR_VOLATILE,0.047654913817692136,1,END_CLOSED,46,0.2993955725877649,1.2919787631926583,8.79682421576229,PRICE,TRAIN,2023-06
PETR3.SA,BULL_CALM,0.1761860458269958,1,SIGNAL,41,-0.03444141507420406,-0.8717711742347176,11.42733523144675,PRICE,TRAIN,2023-06
PETR3.SA,BULL_CALM,-0.00479512009949392,0,TIME_STOP,28,-0.7049985378026405,-1.0469214463880208,6.597160446697546,PRICE,TRAIN,2023-06
PETR3.SA,BULL_CALM,0.1577604671118252,1,SIGNAL,49,-0.47374038331788665,0.6879096615541289,3.338348655137462,PRICE,TRAIN,2023-06
PETR3.SA,BULL_CALM,-0.10034743178548258,0,HARD_STOP,4,0.3070606111107447,-1.7646009752476939,13.634173421830742,PRICE,TRAIN,2023-06
PETR3.SA,BULL_VOLATILE,-0.0036326418030271576,0,TIME_STOP,13,1.2170214901606424,-2.639008073953216,8.075474122634583,PRICE,TRAIN,2023-06
PETR3.SA,BULL_CALM,0.13905082814829237,1,SIGNAL,24,0.04549154636740246,0.32840633295203614,5.297203053324193,PRICE,TEST,2023-06
MULT3.SA,BULL_CALM,-0.00469780082482054,0,TIME_STOP,36,0.9265108547023038,-2.1597911587355725,3.5788963678953345,PRICE,TRAIN,2023-06
MULT3.SA,BULL_CALM,-0.020677882466477858,0,TIME_STOP,12,0.3583036389149596,-0.07521102290750971,3.2697178725878335,PRICE,TRAIN,2023-06
MULT3.SA,SIDEWAYS_CALM,-0.051200000000000044,0,HARD_STOP,9,-0.21768908985118143,-0.006845086405623653,6.683144627981139,PRICE,TRAIN,2023-06
MULT3.SA,SIDEWAYS_CALM,-0.022974968894800128,0,TIME_STOP,16,-0.5007062008293179,0.6274961074684312,7.601093924092644,PRICE,TRAIN,2023-06
MULT3.SA,BEAR_CALM,-0.009516692706674344,0,BEAR_OPTIMIZED,1,2.7669347557021093,-0.49796025727250615,19.008200833622556,PRICE,TRAIN,2023-06
MULT3.SA,BEAR_CALM,0.012010503245862926,1,BEAR_OPTIMIZED,1,0.18659968846323405,0.19100896287903613,7.275753874874788,PRICE,TRAIN,2023-06
MULT3.SA,BEAR_CALM,-0.030420748551901154,0,TIME_STOP,11,0.15229789640657995,0.6770245775072377,10.624010798501558,PRICE,TRAIN,2023-06
MULT3.SA,BEAR_VOLATILE,-0.051200000000000044,0,HARD_STOP,1,-0.03411032784428398,-1.527707325888127,10.143342292507617,PRICE,TRAIN,2023-06
MULT3.SA,BEAR_CALM,-0.023810916670978254,0,STOP_TECNICO,13,-0.6386101125581185,-0.5726696884079885,9.867626100222145,PRICE,TRAIN,2023-06
MULT3.SA,BEAR_CALM,-0.0065561605154957,0,STOP_TECNICO,2,0.4264476609785953,-2.1724722454551877,12.04385482796727,PRICE,TRAIN,2023-06
MULT3.SA,BEAR_CALM,-0.008704185204032731,0,STOP_TECNICO,1,-1.289311487649183,0.027919810729937062,12.787039618589182,PRICE,TRAIN,2023-06
PCAR3.SA,BEAR_VOLATILE,-0.5121573091776414,0,HARD_STOP,1,0.5027917158702101,-7.9445572087683,5.9932864405041,PRICE,TRAIN,2023-06
PCAR3.SA,BEAR_VOLATILE,-0.0638185815750302,0,HARD_STOP,2,0.7586464169829563,-5.456671091088145,1000.0,PRICE,TRAIN,2023-06
PCAR3.SA,BEAR_VOLATILE,-0.051200000000000044,0,HARD_STOP,3,1.8235598119144736,-4.02474366722374,1000.0,PRICE,TRAIN,2023-06
PCAR3.SA,BEAR_VOLATILE,-0.06462498721461477,0,HARD_STOP,2,0.6094023455367289,-2.9825514082993343,34.30961849152067,PRICE,TRAIN,2023-06
PCAR3.SA,BEAR_VOLATILE,-0.07206613779042173,0,HARD_STOP,2,0.8647509620256876,-2.5826072261171618,1000.0,PRICE,TRAIN,2023-06
PCAR3.SA,BEAR_VOLATILE,0.00803076042762161,1,STOP_TECNICO,28,0.37417432719183974,-0.28863375809695313,34.30961849152067,PRICE,TRAIN,2023-06
PETR4.SA,BULL_CALM,0.13758685621820219,1,SIGNAL,27,-0.1963698860447976,-1.4543896043501934,11.600681132267576,PRICE,TRAIN,2023-06
PETR4.SA,BULL_CALM,0.16178512053855862,1,SIGNAL,28,-0.08181487593410351,1.1832993429694938,5.022849068781255,PRICE,TRAIN,2023-06
PETR4.SA,BULL_VOLATILE,-0.0183661588805595,0,TIME_STOP,11,1.0748678987352567,-2.974027140302699,9.656102095435141,PRICE,TRAIN,2023-06
PETR4.SA,BULL_VOLATILE,0.1326798727767032,1,SIGNAL,28,1.2307614856966422,-1.1042782347515645,11.901972348548599,PRICE,TRAIN,2023-06
PETR4.SA,BULL_VOLATILE,0.007814017137665809,1,END_CLOSED,14,0.7289421992686351,-0.7737923405379457,14.053438654137986,PRICE,TRAIN,2023-06
PETR4.SA,BULL_CALM,-0.051200000000000044,0,HARD_STOP,6,1.1592953732077167,0.6587250315738123,6.509521353168166,PRICE,TEST,2023-06
PRIO3.SA,BULL_CALM,-0.0640675070003082,0,HARD_STOP,2,-0.9803732454745835,0.28272026102091286,3.5293930722750035,PRICE,TRAIN,2023-06
PRIO3.SA,BULL_CALM,0.00880000000000001,1,STOP_TECNICO,29,-0.34869526908647536,0.5710635777224303,4.651223729562596,PRICE,TRAIN,2023-06
PRIO3.SA,BULL_CALM,-0.030650552804129448,0,TIME_STOP,11,-0.533926197662884,1.623676131130544,4.4999033228914636,PRICE,TRAIN,2023-06
PRIO3.SA,BULL_CALM,-0.05280852647937775,0,HARD_STOP,4,-2.269228379249462,0.7998156069959035,2.5097813959795285,PRICE,TRAIN,2023-06
PRIO3.SA,SIDEWAYS_CALM,-0.007113171003234962,0,TIME_STOP,22,-2.4990040218601437,1.6514575267149298,2.9501827476790243,PRICE,TRAIN,2023-06
PRIO3.SA,SIDEWAYS_CALM,0.1456835915917217,1,SIGNAL,29,0.03157823864458277,0.6386308772023395,2.281535780455407,PRICE,TRAIN,2023-06
PRIO3.SA,SIDEWAYS_CALM,-0.05354455378523639,0,HARD_STOP,3,-1.5211618626967764,-0.1030551831260359,6.841136434195676,PRICE,TRAIN,2023-06
PRIO3.SA,BEAR_VOLATILE,-0.020525941289804582,0,BEAR_OPTIMIZED,2,-0.778245534241066,-0.1555019766806887,11.713903292151684,PRICE,TRAIN,2023-06
PRIO3.SA,BEAR_VOLATILE,-0.000452646244319198,0,STOP_TECNICO,1,0.7512183987127773,0.16980865121650746,1000.0,PRICE,TRAIN,2023-06
RAIL3.SA,BULL_CALM,-0.007500524292375375,0,TIME_STOP,19,0.026316746651949153,-0.39567676991275175,4.309942222701975,PRICE,TRAIN,2023-06
RAIL3.SA,BULL_CALM,0.006026772542779481,1,STOP_TECNICO,16,-1.5680862218447658,0.6684097729668967,4.005007836284712,PRICE,TRAIN,2023-06
RAIL3.SA,BULL_CALM,-0.051200000000000044,0,HARD_STOP,4,-0.40451827389964756,0.8518873050805128,3.1738378402787846,PRICE,TRAIN,2023-06
RAIL3.SA,BULL_VOLATILE,0.0038205387751049993,1,STOP_TECNICO,92,-0.1590795969865371,0.6228551544248272,3.8503423165617314,PRICE,TRAIN,2023-06
RAIL3.SA,SIDEWAYS_CALM,0.00880000000000001,1,STOP_TECNICO,47,-0.29640677109170693,-0.20452546931728804,1.8595650769171799,PRICE,TRAIN,2023-06
RAIL3.SA,SIDEWAYS_VOLATILE,-0.014622835602199145,0,TIME_STOP,12,1.444543573862652,-0.8914553925497971,2.452884539187941,PRICE,TRAIN,2023-06
RAIL3.SA,BEAR_CALM,0.009331253355640758,1,BEAR_OPTIMIZED,1,0.4586648547597216,0.7877363537885083,3.884176612530863,PRICE,TRAIN,2023-06
RAIL3.SA,SIDEWAYS_CALM,-0.01843350338495333,0,TIME_STOP,14,0.8124703490979185,1.0413509329479933,3.944436725967108,PRICE,TRAIN,2023-06
RAIL3.SA,BEAR_VOLATILE,-0.022063062670715138,0,STOP_TECNICO,2,3.8589466514896906,0.8227612172635153,12.252420000578029,PRICE,TRAIN,2023-06
RAIL3.SA,BEAR_VOLATILE,-0.03336517540701502,0,STOP_TECNICO,1,3.028922503792353,1.3594716250929868,18.905434609262993,PRICE,TRAIN,2023-06
RAIL3.SA,BEAR_VOLATILE,-0.02708599070022346,0,STOP_TECNICO,3,2.5520202874536357,1.654079553439861,16.177335969208986,PRICE,TRAIN,2023-06
RAIL3.SA,BEAR_CALM,-0.008467407243918944,0,STOP_TECNICO,1,2.982182240584247,-0.40458593712350727,10.708862324524686,PRICE,TRAIN,2023-06
RAIL3.SA,BEAR_CALM,0.01701772293994428,1,STOP_TECNICO,1,1.144463146293801,-0.6262649478593829,12.12862290216383,PRICE,TRAIN,2023-06
RAIL3.SA,BEAR_CALM,-0.0012,0,STOP_TECNICO,1,1.8033269868045971,-0.050577732916516925,10.46868657230714,PRICE,TRAIN,2023-06
RAIL3.SA,BEAR_CALM,-0.020564396408211526,0,STOP_TECNICO,1,1.2124297805626238,-1.0623358714697655,14.374354388701706,PRICE,TRAIN,2023-06
RAIL3.SA,BEAR_CALM,0.00031293233484151035,1,STOP_TECNICO,1,1.3378845948471818,-0.589931996196701,18.213480163965475,PRICE,TRAIN,2023-06
RAIL3.SA,BEAR_CALM,0.029059656852990258,1,STOP_TECNICO,1,1.4762286123237618,-0.3123525354838466,19.641134754764526,PRICE,TRAIN,2023-06
RAIL3.SA,BEAR_CALM,-0.0012,0,END_CLOSED,0,0.45753500435977934,0.49146287246557213,13.368780064102268,PRICE,TRAIN,2023-06
RADL3.SA,BULL_CALM,-0.03472152605564829,0,TIME_STOP,11,-0.8478933433457453,0.637765408901227,2.7813673137417223,PRICE,TRAIN,2023-06
RADL3.SA,BULL_VOLATILE,-0.013918451701735578,0,TIME_STOP,58,1.9199908067496396,-0.5635971974579663,6.39689012057434,PRICE,TRAIN,2023-06
RADL3.SA,SIDEWAYS_CALM,-0.051200000000000044,0,HARD_STOP,7,1.2937703147555994,-2.270476761203407,3.553171937627809,PRICE,TRAIN,2023-06
RADL3.SA,SIDEWAYS_VOLATILE,0.00880000000000001,1,STOP_TECNICO,80,1.296177246332971,0.4339088766942245,5.77826395380481,PRICE,TRAIN,2023-06
RADL3.SA,BEAR_VOLATILE,0.004151593168832603,1,BEAR_OPTIMIZED,3,3.100543108061932,-0.19104098040663792,8.980030917751913,PRICE,TRAIN,2023-06
RADL3.SA,BEAR_VOLATILE,-0.05415245719182151,0,HARD_STOP,3,2.699909291914573,-0.3557448909167577,8.764982402366645,PRICE,TRAIN,2023-06
RADL3.SA,BEAR_VOLATILE,0.005928918772688842,1,BEAR_OPTIMIZED,2,1.7029592983657393,-0.16013909584758573,14.37668989371859,PRICE,TRAIN,2023-06
RADL3.SA,BEAR_VOLATILE,0.011448178391812426,1,BEAR_OPTIMIZED,6,0.7547772043341109,0.1762562189164225,31.756536101220217,PRICE,TRAIN,2023-06
RADL3.SA,BEAR_CALM,0.024036664902962947,1,BEAR_OPTIMIZED,1,1.0517337126992001,-0.7404310185704588,31.327659939588877,PRICE,TRAIN,2023-06
RADL3.SA,BEAR_CALM,-0.013888124019897828,0,STOP_TECNICO,1,1.6242415548447697,1.4974569302615717,5.141129088629982,PRICE,TRAIN,2023-06
RADL3.SA,BEAR_VOLATILE,0.01951717964824127,1,BEAR_OPTIMIZED,3,1.4910523955734003,0.31537882298904424,6.969314799757666,PRICE,TRAIN,2023-06
RADL3.SA,BEAR_VOLATILE,0.013629671887328644,1,END_CLOSED,2,1.2237874848294399,-0.5826824945026352,8.005429604885766,PRICE,TRAIN,2023-06
RAIZ4.SA,BULL_CALM,-0.051577872015627045,0,HARD_STOP,6,-0.02852831556184187,0.27935364335780327,6.577445758235072,PRICE,TRAIN,2023-06
RAIZ4.SA,SIDEWAYS_VOLATILE,0.00880000000000001,1,STOP_TECNICO,37,-0.05592648853849705,1.2645840286203893,11.73410453433564,PRICE,TRAIN,2023-06
RAIZ4.SA,BULL_CALM,-0.05442127717495628,0,HARD_STOP,7,1.772087115993133,1.4774970775178566,14.494483860818454,PRICE,TRAIN,2023-06
RAIZ4.SA,SIDEWAYS_CALM,-0.0012,0,STOP_TECNICO,48,1.493646582367989,1.1845454970339448,10.447579217806556,PRICE,TRAIN,2023-06
RAIZ4.SA,BEAR_CALM,-0.007152375461590109,0,TIME_STOP,11,0.08971192220060371,1.8347030803747657,16.408303432403244,PRICE,TRAIN,2023-06
RAIZ4.SA,BEAR_CALM,-0.046931664102818925,0,STOP_TECNICO,1,-1.7384666825288242,1.3293769317940842,9.879356839688189,PRICE,TRAIN,2023-06
RAIZ4.SA,BEAR_VOLATILE,-0.0015154606115489677,0,STOP_TECNICO,1,-0.3345097803756701,1.7424364722659134,1000.0,PRICE,TRAIN,2023-06
RAIZ4.SA,BEAR_VOLATILE,-0.017225626330215203,0,TIME_STOP,17,-0.4691891469535027,0.6395011204298524,34.30961849152067,PRICE,TRAIN,2023-06
RAIZ4.SA,BEAR_CALM,0.008799990463256836,1,STOP_TECNICO,1,-1.6028833673118836,0.8353502080188853,13.407595012225213,PRICE,TRAIN,2023-06
RAIZ4.SA,BEAR_CALM,-0.017756275705983503,0,STOP_TECNICO,1,-2.2791248072807884,0.9570489534201975,11.509374829633012,PRICE,TRAIN,2023-06
RAIZ4.SA,BEAR_CALM,0.005917431079635806,1,STOP_TECNICO,1,-1.3016468395096041,-0.21200958094988295,22.114427814767815,PRICE,TRAIN,2023-06
RAIZ4.SA,BEAR_CALM,0.023535043656717748,1,STOP_TECNICO,3,-1.4336907359018807,-0.2161612585690297,18.22750286817671,PRICE,TRAIN,2023-06
RAIZ4.SA,BEAR_CALM,0.005817537402020491,1,STOP_TECNICO,1,-1.9043259196482512,-0.11478662276635929,18.934690489055715,PRICE,TRAIN,2023-06
RAIZ4.SA,BEAR_CALM,-0.018743843505051004,0,STOP_TECNICO,3,-1.2065704663511003,0.02303090362728502,18.13788493526445,PRICE,TRAIN,2023-06
RDOR3.SA,BULL_CALM,-0.051200000000000044,0,HARD_STOP,5,1.9363056197284183,-1.4437723289531097,10.583056582410034,PRICE,TRAIN,2023-06
RDOR3.SA,BULL_VOLATILE,-0.038558211502819816,0,TIME_STOP,11,2.343789146304948,-1.9628518300230482,12.638505911242113,PRICE,TRAIN,2023-06
RDOR3.SA,SIDEWAYS_CALM,-0.01956158795441556,0,TIME_STOP,13,0.7037561229382824,0.23067606450018113,34.30961849152067,PRICE,TRAIN,2023-06
RDOR3.SA,BEAR_CALM,-0.05546953549705871,0,HARD_STOP,2,1.5658790066887174,-0.29736561735534073,1000.0,PRICE,TRAIN,2023-06
RDOR3.SA,BEAR_VOLATILE,-0.051200000000000044,0,HARD_STOP,4,1.2164710492932562,0.6339347497341444,1000.0,PRICE,TRAIN,2023-06
RDOR3.SA,BEAR_CALM,-0.060846136118833404,0,HARD_STOP,2,1.1811106541126886,1.5983521638478806,1000.0,PRICE,TRAIN,2023-06
RDOR3.SA,BEAR_CALM,-0.03962758431556592,0,TIME_STOP,12,1.6798180407362369,0.7593652069035767,34.30961849152067,PRICE,TRAIN,2023-06
RECV3.SA,BEAR_CALM,0.019553994157190814,1,END_CLOSED,16,0.982699278309526,-0.41183266227258675,3.2310215313905575,PRICE,TRAIN,2023-06
RENT3.SA,BULL_CALM,-0.02962031267175138,0,TIME_STOP,18,0.15454895278941466,-0.3652614626644011,7.339165547987491,PRICE,TRAIN,2023-06
RENT3.SA,BULL_CALM,-0.00584000691608124,0,TIME_STOP,15,-0.4574585504717157,0.11658187508052509,6.580022779479379,PRICE,TRAIN,2023-06
RENT3.SA,BULL_CALM,-0.051200000000000155,0,HARD_STOP,10,-0.7977863146460411,0.6871844670300179,17.016299006331938,PRICE,TRAIN,2023-06
RENT3.SA,BEAR_CALM,-0.051200000000000044,0,HARD_STOP,10,0.05105521913648385,-0.6367737310773889,1000.0,PRICE,TRAIN,2023-06
RENT3.SA,BEAR_CALM,-0.051200000000000155,0,HARD_STOP,6,-0.5338651131270254,1.3144094354240667,31.908966685222715,PRICE,TRAIN,2023-06
RENT3.SA,BEAR_VOLATILE,0.1395579040725484,1,BEAR_OPTIMIZED,22,-1.8500221055763835,0.6473705650188676,1000.0,PRICE,TRAIN,2023-06
RENT3.SA,BEAR_CALM,0.0013657267117593642,1,STOP_TECNICO,41,1.0411511918529257,-0.2853538474802502,34.30961849152067,PRICE,TRAIN,2023-06
RENT3.SA,BEAR_CALM,-0.019123797677947495,0,STOP_TECNICO,6,2.06718320157234,0.9399995568933613,4.103252481420107,PRICE,TRAIN,2023-06
RENT3.SA,BEAR_VOLATILE,-0.056880263533784746,0,HARD_STOP,13,0.8458692254932679,0.96145116794134,2.998131721216139,PRICE,TRAIN,2023-06
RENT3.SA,BEAR_CALM,-0.028328549433611426,0,STOP_TECNICO,1,-1.0266273430649653,-1.0245152963754303,6.415782052985556,PRICE,TRAIN,2023-06
RENT3.SA,BEAR_VOLATILE,-0.051200000000000044,0,HARD_STOP,4,-2.0753968739421707,-0.011624391416590388,21.748545967162535,PRICE,TRAIN,2023-06
RENT3.SA,BEAR_VOLATILE,-0.007476169542709042,0,END_CLOSED,2,-0.4464811815631248,0.006891933022842622,34.30961849152067,PRICE,TRAIN,2023-06
SANB11.SA,SIDEWAYS_CALM,-0.020918250647356106,0,TIME_STOP,11,0.2432096502672304,0.3478520219506454,2.668770283111946,PRICE,TRAIN,2023-06
SANB11.SA,SIDEWAYS_VOLATILE,-0.01338623840094768,0,TIME_STOP,11,0.1287356953848542,-1.0513953492186066,17.810599383226045,PRICE,TRAIN,2023-06
SANB11.SA,BEAR_CALM,-0.014523007040008994,0,TIME_STOP,13,0.17272062089969062,1.6055549883375915,16.450970279507278,PRICE,TRAIN,2023-06
SANB11.SA,BEAR_CALM,0.05822333640593267,1,BEAR_OPTIMIZED,14,-1.7527116883745542,-1.0654419269108708,5.259222440338774,PRICE,TRAIN,2023-06
SANB11.SA,SIDEWAYS_CALM,0.0017411407954977876,1,END_CLOSED,3,0.9428890424112504,0.7386293359504816,6.024370508465131,PRICE,TRAIN,2023-06
SBSP3.SA,SIDEWAYS_CALM,0.0464720190929536,1,SIGNAL,7,-0.06172897845593937,-0.12676215298626348,14.141732081049389,PRICE,TRAIN,2023-06
SBSP3.SA,SIDEWAYS_CALM,0.07715817515492426,1,SIGNAL,13,0.23643947819048103,-0.19893142231435562,3.677048209826503,PRICE,TRAIN,2023-06
SBSP3.SA,BULL_CALM,-0.019437507866759927,0,TIME_STOP,11,1.1331353850985804,0.8049243325569534,6.7353435422625605,PRICE,TRAIN,2023-06
SBSP3.SA,BULL_VOLATILE,-0.012123126566674046,0,TIME_STOP,11,1.6996305550102193,-1.836895445330807,12.572313461781397,PRICE,TRAIN,2023-06
SMFT3.SA,BULL_CALM,0.00880000000000001,1,STOP_TECNICO,11,2.0431731597734526,1.0821973670319105,8.443209173805968,PRICE,TRAIN,2023-06
SMFT3.SA,BULL_CALM,-0.06056058032180169,0,HARD_STOP,3,0.6174877523388701,0.6121985574294855,4.620994697019829,PRICE,TRAIN,2023-06
SMFT3.SA,BULL_CALM,-0.051200000000000044,0,HARD_STOP,3,0.7088173195334336,0.808159975316212,4.049728749924149,PRICE,TRAIN,2023-06
SMFT3.SA,BULL_CALM,-0.0536378626150197,0,HARD_STOP,7,-0.555739589124486,0.4412811499777001,3.7519546270116995,PRICE,TRAIN,2023-06
SMFT3.SA,BULL_CALM,0.00880000000000001,1,STOP_TECNICO,10,-0.8708712021129033,0.5260950566937628,5.737446273364842,PRICE,TRAIN,2023-06
SMFT3.SA,BULL_CALM,-0.051200000000000044,0,HARD_STOP,5,0.9414590772211263,0.7280706236235451,4.369234592699832,PRICE,TRAIN,2023-06
SMFT3.SA,BULL_CALM,-0.051200000000000044,0,HARD_STOP,7,-0.031794077893351244,0.45195913829519474,6.172442260449493,PRICE,TRAIN,2023-06
SMFT3.SA,BULL_CALM,0.3016735958135074,1,SIGNAL,37,-0.5421661066640645,1.4089469629942375,3.0202030711290386,PRICE,TRAIN,2023-06
SMFT3.SA,SIDEWAYS_VOLATILE,0.0026395779608575434,1,STOP_TECNICO,21,1.2597167856169134,0.23857066571144395,5.598117515484499,PRICE,TRAIN,2023-06
SMFT3.SA,SIDEWAYS_CALM,-0.01070331664061621,0,TIME_STOP,12,-1.4887372789012572,0.24725457656995609,4.8645038347361815,PRICE,TRAIN,2023-06
SMFT3.SA,BEAR_VOLATILE,0.01731838161001118,1,BEAR_OPTIMIZED,1,0.4246718223928909,-0.206342397387884,34.30961849152067,PRICE,TRAIN,2023-06
SMFT3.SA,BEAR_VOLATILE,0.009581667440462384,1,BEAR_OPTIMIZED,2,-0.1507459339115804,-0.9322606235660756,22.403003794114063,PRICE,TRAIN,2023-06
SMFT3.SA,SIDEWAYS_CALM,-0.01859126874244834,0,END_CLOSED,4,-0.22904951252179942,-0.22513119754317348,14.862138215782242,PRICE,TRAIN,2023-06
SMFT3.SA,BEAR_CALM,0.005842382978332374,1,BEAR_OPTIMIZED,5,0.24821127494305886,0.5633627673511539,4.240110376645026,PRICE,TEST,2023-06
SMFT3.SA,BEAR_CALM,-0.051200000000000044,0,HARD_STOP,6,0.8796476818311822,-0.3872614767920251,4.730314262754909,PRICE,TEST,2023-06
SUZB3.SA,BEAR_CALM,0.10005993436427682,1,BEAR_OPTIMIZED,11,0.15949813250418174,0.3094172134096237,7.185372107737588,PRICE,TRAIN,2023-06
SUZB3.SA,BULL_CALM,0.11730396710869026,1,SIGNAL,29,0.8496196765439151,0.34873122534984613,6.062845584339047,PRICE,TRAIN,2023-06
SUZB3.SA,SIDEWAYS_VOLATILE,-0.022855852467197922,0,TIME_STOP,13,-2.7365820300808426,-7.5967352698734425,15.000632412298556,PRICE,TRAIN,2023-06
SUZB3.SA,BEAR_VOLATILE,-0.051200000000000044,0,HARD_STOP,8,-1.926222175412047,-1.6406036709442235,1000.0,PRICE,TRAIN,2023-06
SLCE3.SA,BEAR_CALM,0.030217835036013253,1,BEAR_OPTIMIZED,6,1.1372345373836792,-0.12351451099948656,34.30961849152067,PRICE,TRAIN,2023-06
SLCE3.SA,BEAR_CALM,-0.027639176898487182,0,TIME_STOP,12,0.013259652589950755,0.901732254648369,34.30961849152067,PRICE,TRAIN,2023-06
SLCE3.SA,BEAR_CALM,0.0682444698373462,1,BEAR_OPTIMIZED,13,0.04429143466154548,1.1521598448951453,7.8141642166088054,PRICE,TRAIN,2023-06
SLCE3.SA,BEAR_CALM,0.07805793390945057,1,BEAR_OPTIMIZED,9,-0.09814092285144659,1.1829996849800635,2.1813719855443363,PRICE,TRAIN,2023-06
SLCE3.SA,BEAR_CALM,-0.02140852288200259,0,STOP_TECNICO,4,1.7424518338940345,-0.5580861116898779,6.982003344338334,PRICE,TRAIN,2023-06
SLCE3.SA,BEAR_CALM,-0.004644328513600769,0,END_CLOSED,4,-0.5739002910261877,-0.10144909324105994,7.761413738363932,PRICE,TEST,2023-06
TAEE11.SA,SIDEWAYS_CALM,-0.015588184341661003,0,TIME_STOP,13,-2.6248379105161264,0.18415865042441798,6.093100638851205,PRICE,TRAIN,2023-06
TAEE11.SA,SIDEWAYS_CALM,-0.0026358643246302757,0,TIME_STOP,11,-0.6955443661261004,-0.7216396922269899,11.82202828527501,PRICE,TRAIN,2023-06
TAEE11.SA,SIDEWAYS_CALM,-0.012018905146263824,0,TIME_STOP,33,-2.203190464057591,0.010399514017909825,21.43267564603917,PRICE,TRAIN,2023-06
TAEE11.SA,SIDEWAYS_CALM,-0.007382077759973148,0,TIME_STOP,11,-0.733691462627232,-1.226061474263316,4.454833481056049,PRICE,TRAIN,2023-06
TAEE11.SA,BEAR_CALM,0.02601086509871884,1,BEAR_OPTIMIZED,9,-0.2180316991381304,0.10939037215351935,5.35909154847235,PRICE,TRAIN,2023-06
TAEE11.SA,SIDEWAYS_CALM,0.002809525269890624,1,END_CLOSED,43,-0.6165792770083284,-0.8695172669878513,4.224308711825348,PRICE,TRAIN,2023-06
TOTS3.SA,SIDEWAYS_CALM,-0.0017452014603396503,0,TIME_STOP,20,0.17656958236370465,-0.6971728777988992,6.4353210484398895,PRICE,TRAIN,2023-06
TOTS3.SA,BEAR_CALM,0.05514308229554219,1,BEAR_OPTIMIZED,31,0.6835077312343179,-2.0514029728280327,1.9332131281408484,PRICE,TRAIN,2023-06
TOTS3.SA,BEAR_CALM,-0.024991811035728027,0,TIME_STOP,14,2.303783231666475,-0.9496133455795327,6.195350261156089,PRICE,TRAIN,2023-06
TOTS3.SA,BEAR_CALM,-0.03765435703764921,0,TIME_STOP,12,0.5194299578321305,-0.2532207964540672,7.643139838998833,PRICE,TRAIN,2023-06
TOTS3.SA,BEAR_VOLATILE,0.09917170818676566,1,BEAR_OPTIMIZED,36,-1.4662076137590048,-0.195614575563081,9.201777564957231,PRICE,TRAIN,2023-06
TOTS3.SA,BEAR_CALM,-0.020444468501233735,0,TIME_STOP,11,1.1885895096815895,-0.6423580187078763,5.099966745819911,PRICE,TEST,2023-06
TOTS3.SA,BEAR_VOLATILE,0.10599547585602162,1,BEAR_OPTIMIZED,4,-0.7463587160471141,1.166204315417303,7.536265349449105,PRICE,TEST,2023-06
TIMS3.SA,BULL_CALM,0.0679341504071774,1,SIGNAL,14,0.7702771288725407,-0.490127463159211,3.6723421501066267,PRICE,TRAIN,2023-06
TIMS3.SA,BULL_CALM,-0.008072915147033365,0,TIME_STOP,11,-0.7733553420704624,-1.099816716668929,3.62306715807564,PRICE,TRAIN,2023-06
TIMS3.SA,BULL_VOLATILE,-0.03683193802712361,0,TIME_STOP,13,-1.7928242305677085,-1.4574207492926652,1.7803357217884812,PRICE,TRAIN,2023-06
TIMS3.SA,SIDEWAYS_VOLATILE,-0.02726066988855993,0,TIME_STOP,11,-0.8740349303524133,0.16424581164710472,4.699192398683393,PRICE,TRAIN,2023-06
UGPA3.SA,BULL_CALM,-0.00125907989927989,0,TIME_STOP,11,0.3465655118806778,-0.6618586294653013,7.976890232196198,PRICE,TRAIN,2023-06
UGPA3.SA,BULL_CALM,-0.004503937196744599,0,TIME_STOP,26,-2.4454926681679923,-1.034529492292689,3.930450330789072,PRICE,TRAIN,2023-06
UGPA3.SA,BULL_CALM,0.10377509860464981,1,SIGNAL,14,-0.5918107900183883,0.21105370253226238,1.7494405396995072,PRICE,TRAIN,2023-06
UGPA3.SA,BULL_CALM,-0.016435916142203875,0,TIME_STOP,11,1.1102412308552194,-0.21733746422541056,7.9508521457388275,PRICE,TRAIN,2023-06
UGPA3.SA,BULL_VOLATILE,-0.051200000000000044,0,HARD_STOP,7,1.9654816562878041,-0.09020284027302758,17.26830666358192,PRICE,TRAIN,2023-06
UGPA3.SA,BULL_VOLATILE,-0.03310646056282209,0,TIME_STOP,13,1.2586534814246697,-0.4202359836273036,34.30961849152067,PRICE,TRAIN,2023-06
UGPA3.SA,BEAR_VOLATILE,-0.002937668851250373,0,BEAR_OPTIMIZED,1,-0.4831630848227186,-0.8886169779934521,1000.0,PRICE,TRAIN,2023-06
VALE3.SA,BEAR_VOLATILE,0.1461322182487764,1,BEAR_OPTIMIZED,78,0.4538603909820597,-0.18850685852435042,3.8620339390285463,PRICE,TRAIN,2023-06
VALE3.SA,BEAR_CALM,-0.005633849049399918,0,TIME_STOP,11,0.6674822823703708,0.45813469240348387,34.30961849152067,PRICE,TRAIN,2023-06
VALE3.SA,BEAR_CALM,0.09087916116460412,1,BEAR_OPTIMIZED,51,-0.16218210732164723,-1.0829837768388597,9.54997948265072,PRICE,TRAIN,2023-06
VALE3.SA,BEAR_CALM,-0.0005374857620203055,0,END_CLOSED,2,0.132983742456919,1.2382539686968927,6.617139892387918,PRICE,TRAIN,2023-06
VALE3.SA,BEAR_CALM,-0.01991198001540386,0,TIME_STOP,13,0.9308505765777403,0.33121522004629705,13.742430542840836,PRICE,TEST,2023-06
VALE3.SA,BEAR_CALM,-0.005075337077766882,0,TIME_STOP,22,0.3315836429764608,1.0563486811321094,8.034683909911609,PRICE,TEST,2023-06
USIM5.SA,SIDEWAYS_CALM,-0.01834279311669642,0,TIME_STOP,12,0.1884358869581217,-0.45576443584914156,3.07031739228016,PRICE,TRAIN,2023-06
USIM5.SA,BEAR_CALM,-0.01291305876881834,0,TIME_STOP,11,-0.11445602589851221,1.765256113084086,6.594574207114584,PRICE,TRAIN,2023-06
USIM5.SA,BEAR_CALM,-0.02735388071286573,0,TIME_STOP,11,-0.07955663556370839,0.5176444111245349,16.39634637006736,PRICE,TRAIN,2023-06
USIM5.SA,BEAR_CALM,-0.06271421632339783,0,HARD_STOP,9,-0.07224659249790484,-0.05754826522392845,15.957308518202806,PRICE,TRAIN,2023-06
USIM5.SA,BEAR_VOLATILE,0.2901117848914966,1,BEAR_OPTIMIZED,22,-1.7926618632473443,-0.7980036383793417,1000.0,PRICE,TRAIN,2023-06
USIM5.SA,SIDEWAYS_VOLATILE,-0.01118756532549816,0,TIME_STOP,17,0.4833738382887336,-1.824821221750242,29.030197881159886,PRICE,TRAIN,2023-06
USIM5.SA,BEAR_CALM,-0.0629760643824673,0,HARD_STOP,7,0.5041233367055977,1.0016115337396057,25.66903440915098,PRICE,TRAIN,2023-06
USIM5.SA,BEAR_CALM,-0.1568175543690862,0,HARD_STOP,3,0.5436847761593432,-1.7071411195776398,4.354232927014611,PRICE,TEST,2023-06
USIM5.SA,BEAR_VOLATILE,0.029781037884917795,1,END_CLOSED,32,0.708865495566246,-1.372272099857247,27.750126640642524,PRICE,TEST,2023-06
VBBR3.SA,BULL_CALM,-0.01966335498588436,0,TIME_STOP,21,1.562878263655145,-0.43930090058825655,13.234370313585174,PRICE,TRAIN,2023-06
VBBR3.SA,BULL_CALM,-0.00465272588768275,0,TIME_STOP,30,0.4348327338652605,1.495271177479561,5.55577430308599,PRICE,TRAIN,2023-06
VBBR3.SA,BULL_CALM,-0.0518830320946694,0,HARD_STOP,4,0.2755805063294265,0.4355716448396288,4.733473041297723,PRICE,TRAIN,2023-06
VBBR3.SA,BEAR_VOLATILE,0.0059803545552480145,1,BEAR_OPTIMIZED,1,1.2414856146367015,1.4107761361771098,1000.0,PRICE,TRAIN,2023-06
VBBR3.SA,BEAR_VOLATILE,-0.0012,0,END_CLOSED,0,1.6313949792090343,1.584301097901571,1000.0,PRICE,TRAIN,2023-06
YDUQ3.SA,BULL_CALM,-0.051200000000000044,0,HARD_STOP,7,-2.071924806546704,0.517721775062977,1.8076712083580546,PRICE,TRAIN,2023-06
YDUQ3.SA,BULL_CALM,-0.006899338884226801,0,TIME_STOP,11,-1.7567798565185067,0.35660112489573986,2.1144128228056633,PRICE,TRAIN,2023-06
YDUQ3.SA,BULL_CALM,-0.051200000000000155,0,HARD_STOP,8,-1.8566998772835606,0.41327756933639975,2.998921638487531,PRICE,TRAIN,2023-06
YDUQ3.SA,BULL_CALM,-0.0006325086648783162,0,STOP_TECNICO,142,-1.324420757229364,-0.7938128100651726,3.944448217357583,PRICE,TRAIN,2023-06
YDUQ3.SA,BEAR_VOLATILE,-0.051200000000000044,0,HARD_STOP,1,0.33578028747307853,-0.5965626807278908,7.624882691699606,PRICE,TRAIN,2023-06
YDUQ3.SA,BEAR_VOLATILE,-0.032815023259333075,0,STOP_TECNICO,2,1.3071162882158338,-0.5791347523283664,17.410163653248485,PRICE,TRAIN,2023-06
YDUQ3.SA,BEAR_VOLATILE,-0.010335606003812024,0,STOP_TECNICO,1,0.6257910253376594,1.6807978100158572,1000.0,PRICE,TRAIN,2023-06
YDUQ3.SA,BEAR_VOLATILE,0.005192034498575505,1,STOP_TECNICO,1,0.4853892423967685,1.2853827059291225,1000.0,PRICE,TRAIN,2023-06
YDUQ3.SA,BEAR_VOLATILE,0.03874454766214717,1,STOP_TECNICO,1,0.9633485036358395,1.1320253187007343,1000.0,PRICE,TRAIN,2023-06
YDUQ3.SA,BEAR_VOLATILE,-0.051200000000000044,0,HARD_STOP,4,1.5810155572561655,-1.8962439270659928,34.30961849152067,PRICE,TRAIN,2023-06
YDUQ3.SA,BEAR_VOLATILE,-0.000473249523818352,0,STOP_TECNICO,2,1.9372837520543718,-1.407616748267183,34.30961849152067,PRICE,TRAIN,2023-06
YDUQ3.SA,BEAR_VOLATILE,0.04767575032003788,1,STOP_TECNICO,1,2.01441195404912,0.04895071645191308,34.30961849152067,PRICE,TRAIN,2023-06
YDUQ3.SA,BEAR_VOLATILE,-0.051200000000000044,0,HARD_STOP,2,0.6544784987714483,-0.6861148403885478,27.08672580015524,PRICE,TRAIN,2023-06
YDUQ3.SA,BEAR_VOLATILE,-0.01537852252363816,0,STOP_TECNICO,1,1.3918353237114156,-2.5645373535529066,28.936475571714873,PRICE,TRAIN,2023-06
WEGE3.SA,BEAR_VOLATILE,-0.00726719818309076,0,BEAR_OPTIMIZED,3,0.7944057763056411,-3.1878566238125967,9.651893869185745,PRICE,TRAIN,2023-06
WEGE3.SA,BEAR_VOLATILE,-0.012770100453097365,0,BEAR_OPTIMIZED,1,1.144596763294175,-0.7633254678584357,11.194676206037279,PRICE,TRAIN,2023-06
WEGE3.SA,BEAR_VOLATILE,-0.011224918576210795,0,BEAR_OPTIMIZED,1,0.9897469940740145,-0.7429061580186173,12.405793230221223,PRICE,TRAIN,2023-06
WEGE3.SA,BEAR_CALM,0.009287647665758715,1,BEAR_OPTIMIZED,1,-0.5232300178258537,-0.6049152867727893,15.400715849352103,PRICE,TRAIN,2023-06
WEGE3.SA,BEAR_CALM,0.004108765550447126,1,BEAR_OPTIMIZED,1,1.6692409885526072,-0.2175459513074835,12.107878909387066,PRICE,TRAIN,2023-06
WEGE3.SA,BEAR_CALM,0.010048660320430038,1,BEAR_OPTIMIZED,5,1.8641576338122,-1.1985119304387455,12.17851700847693,PRICE,TRAIN,2023-06
WEGE3.SA,BEAR_CALM,-0.015985121034077808,0,TIME_STOP,13,0.9950270061726816,-2.03442055598363,12.76829563560196,PRICE,TRAIN,2023-06
WEGE3.SA,BEAR_CALM,-0.07288144152226264,0,HARD_STOP,2,0.3763162566128124,-2.646042522940643,17.43261441078072,PRICE,TRAIN,2023-06
WEGE3.SA,BEAR_VOLATILE,0.09167906806440404,1,BEAR_OPTIMIZED,36,0.11467337465909055,-2.393282510559947,9.428762793506149,PRICE,TRAIN,2023-06
WEGE3.SA,BEAR_VOLATILE,-0.005691143977268463,0,TIME_STOP,12,1.746522515945688,0.41562687827066763,6.401898979208371,PRICE,TRAIN,2023-06
VIVT3.SA,BULL_CALM,-0.012945750186519799,0,TIME_STOP,11,0.7738161509659071,1.0911880044413973,6.268630814070448,PRICE,TRAIN,2023-06
VIVT3.SA,SIDEWAYS_CALM,-0.05119999999999993,0,HARD_STOP,10,-0.637958831699955,0.41364322910717444,13.212807477495339,PRICE,TRAIN,2023-06
VIVT3.SA,BEAR_VOLATILE,0.010717734721238693,1,BEAR_OPTIMIZED,1,-0.7678211281753148,-2.265392749290457,18.98404649607682,PRICE,TRAIN,2023-06
VIVT3.SA,SIDEWAYS_VOLATILE,-0.01345818296545711,0,TIME_STOP,11,-1.2865851271054896,-1.8096062997118783,11.946889413289943,PRICE,TRAIN,2023-06
VIVT3.SA,BEAR_VOLATILE,0.024540286714984073,1,BEAR_OPTIMIZED,1,-1.5623425230226613,-0.6068650263683907,25.34260894321098,PRICE,TRAIN,2023-06
VIVT3.SA,BEAR_CALM,0.002325248945027482,1,BEAR_OPTIMIZED,1,-1.5733912755084118,0.15891961132776794,11.90550374413449,PRICE,TRAIN,2023-06
VIVT3.SA,BEAR_CALM,-0.0012,0,END_CLOSED,0,-1.350312580691245,0.8969451660013524,12.16334576917614,PRICE,TRAIN,2023-06
ALOS3.SA,SIDEWAYS_CALM,-0.0024782303816668558,0,TIME_STOP,54,0.08299889692867223,0.5817141540280183,12.666647180867246,PRICE,TRAIN,2023-09
ALOS3.SA,BEAR_CALM,-0.08177304303970248,0,HARD_STOP,10,0.036471761462654184,-0.12218542588382875,7.264582683197098,PRICE,TRAIN,2023-09
ALOS3.SA,BEAR_VOLATILE,0.0675935488307576,1,BEAR_OPTIMIZED,8,1.0844964031100277,-2.9556018758746174,1000.0,PRICE,TRAIN,2023-09
ALOS3.SA,BEAR_CALM,0.02842607835333997,1,BEAR_OPTIMIZED,1,0.8062655639841294,-1.4048500293305013,23.309908240892526,PRICE,TRAIN,2023-09
ALOS3.SA,SIDEWAYS_CALM,-0.01908996287843958,0,TIME_STOP,20,0.5086463167669486,-0.14011477978562498,7.213176667616155,PRICE,TEST,2023-09
ALOS3.SA,BEAR_CALM,-0.056808353007935984,0,HARD_STOP,1,-1.5431219844080095,0.49134460557360077,4.264091406609107,PRICE,TEST,2023-09
ALOS3.SA,BEAR_VOLATILE,0.0013895778773199486,1,END_CLOSED,3,-0.7695144490697768,-0.07254205818992764,1000.0,PRICE,TEST,2023-09
ABEV3.SA,BEAR_CALM,0.13891200851275984,1,BEAR_OPTIMIZED,46,-0.24004924801226954,0.401229204715022,34.30961849152067,PRICE,TRAIN,2023-09
ABEV3.SA,BEAR_CALM,-0.0054157976007825,0,TIME_STOP,34,-0.5940674633343477,0.4598671950759506,10.262856506946436,PRICE,TRAIN,2023-09
ABEV3.SA,BEAR_VOLATILE,-0.028039862054109597,0,TIME_STOP,11,0.9628082162729565,-0.04657086083186466,12.38005838588574,PRICE,TRAIN,2023-09
ABEV3.SA,BEAR_VOLATILE,0.1211214885407795,1,BEAR_OPTIMIZED,55,-0.5270869181149344,0.37451455311713705,19.079497662968127,PRICE,TRAIN,2023-09
ABEV3.SA,BULL_CALM,-0.012900400285442502,0,TIME_STOP,13,1.208179503232573,-1.190466807951132,4.907696754158982,PRICE,TEST,2023-09
ABEV3.SA,SIDEWAYS_CALM,-0.009992953326518304,0,TIME_STOP,17,1.377899320968256,1.2022592424960523,4.4889105224199835,PRICE,TEST,2023-09
AURE3.SA,SIDEWAYS_CALM,-0.0034155981264759813,0,TIME_STOP,17,-0.059717239184214024,-1.8785548694626126,2.356033063681453,PRICE,TRAIN,2023-09
AURE3.SA,SIDEWAYS_CALM,-0.024536341279347583,0,TIME_STOP,11,-1.3986252662987055,-0.06700921398833769,3.9253102654566328,PRICE,TRAIN,2023-09
AURE3.SA,BEAR_VOLATILE,0.015706157238031572,1,BEAR_OPTIMIZED,1,-0.7371481246148597,1.0196476066119877,34.30961849152067,PRICE,TRAIN,2023-09
AURE3.SA,BEAR_VOLATILE,0.004657787982669116,1,BEAR_OPTIMIZED,5,0.15761291571725655,0.21604778872573863,16.39629636943972,PRICE,TRAIN,2023-09
AURE3.SA,SIDEWAYS_VOLATILE,-0.007850004413225385,0,TIME_STOP,11,0.9476982629618085,0.534064906826101,15.673526618640336,PRICE,TRAIN,2023-09
AURE3.SA,SIDEWAYS_CALM,-0.051200000000000044,0,HARD_STOP,6,0.8173598350079043,0.025502481718523328,10.171120292879909,PRICE,TRAIN,2023-09
AURE3.SA,BEAR_CALM,-0.00715741322176091,0,TIME_STOP,11,-0.5124800226383931,0.03176824223279063,9.675187718508715,PRICE,TRAIN,2023-09
AURE3.SA,BEAR_CALM,0.02886863987863051,1,BEAR_OPTIMIZED,6,0.14844857642428286,0.5532965379364491,11.046847741983127,PRICE,TRAIN,2023-09
AURE3.SA,BEAR_VOLATILE,-0.015618999566224055,0,TIME_STOP,11,-1.1137648162341,-4.160499053693721,2.4089763820955565,PRICE,TRAIN,2023-09
AURE3.SA,BEAR_VOLATILE,-0.013331730333743373,0,TIME_STOP,13,-1.2264005039331298,-2.9817201108383315,9.169322707449114,PRICE,TRAIN,2023-09
AURE3.SA,BEAR_CALM,-0.02875105979405037,0,TIME_STOP,14,1.5439764207737163,0.5697410003294322,26.78992716061175,PRICE,TEST,2023-09
ASAI3.SA,SIDEWAYS_CALM,-0.06138520426270846,0,HARD_STOP,4,-0.30520493609929406,-1.7897928596338348,8.41079575892368,PRICE,TRAIN,2023-09
ASAI3.SA,BEAR_VOLATILE,-0.05119999999999993,0,HARD_STOP,9,-0.5671798782490699,-0.6720851070156941,28.51972952266383,PRICE,TRAIN,2023-09
ASAI3.SA,BEAR_VOLATILE,-0.051200000000000044,0,HARD_STOP,8,0.4784556459021869,0.3897046486569272,1000.0,PRICE,TRAIN,2023-09
ASAI3.SA,BEAR_VOLATILE,-0.0012,0,STOP_TECNICO,23,-2.0603673802369937,-0.37226023640475875,1000.0,PRICE,TRAIN,2023-09
ASAI3.SA,BEAR_VOLATILE,0.00880000000000001,1,STOP_TECNICO,27,0.1976127184343181,-0.1962945663833809,1000.0,PRICE,TRAIN,2023-09
ASAI3.SA,BEAR_CALM,-0.010468774974307558,0,STOP_TECNICO,1,2.4172301361261845,2.096856903559399,8.838224623951186,PRICE,TRAIN,2023-09
ASAI3.SA,BEAR_CALM,0.01920808440463393,1,STOP_TECNICO,1,1.3359159301773802,0.9114078431301852,7.048221950737694,PRICE,TRAIN,2023-09
ASAI3.SA,BEAR_CALM,-0.040278167426405574,0,STOP_TECNICO,1,0.8966317948641551,-0.36007197436015664,5.969711502771359,PRICE,TRAIN,2023-09
AZUL4.SA,BEAR_CALM,0.004463483045545093,1,STOP_TECNICO,10,-0.708149543676332,0.36949889455648766,10.299498250293889,PRICE,TRAIN,2023-09
AZUL4.SA,BEAR_VOLATILE,0.00880000000000001,1,STOP_TECNICO,16,-0.30550010721083065,-0.2183963080256034,14.165837253025558,PRICE,TRAIN,2023-09
AZUL4.SA,BEAR_CALM,-0.03431791951712961,0,TIME_STOP,11,-0.009983599169514312,0.8586439194052418,33.542224862896205,PRICE,TRAIN,2023-09
AZUL4.SA,BEAR_CALM,-0.051200000000000044,0,HARD_STOP,46,-0.41590837856521484,0.3910661361794319,18.604172612717804,PRICE,TRAIN,2023-09
AZUL4.SA,BEAR_VOLATILE,-0.051200000000000044,0,HARD_STOP,1,0.1637014756237822,0.42069241898798243,12.800625135237983,PRICE,TRAIN,2023-09
AZUL4.SA,BEAR_VOLATILE,-0.07363454162467156,0,HARD_STOP,2,0.7392102337905484,0.7569552170536796,24.961077634768245,PRICE,TRAIN,2023-09
AZUL4.SA,BEAR_VOLATILE,0.00880000000000001,1,STOP_TECNICO,20,0.9387689451384573,0.18739161793239048,34.30961849152067,PRICE,TRAIN,2023-09
AZUL4.SA,BEAR_CALM,-0.07134026466661339,0,HARD_STOP,7,1.7357542079273445,1.5514808723762064,26.50743927551044,PRICE,TRAIN,2023-09
AZUL4.SA,BEAR_CALM,-0.03201827487306299,0,TIME_STOP,11,0.7633425207035311,0.07156135786784794,34.30961849152067,PRICE,TRAIN,2023-09
AZUL4.SA,BEAR_CALM,-0.051200000000000044,0,HARD_STOP,2,1.3340312970660315,-0.15037710059108397,21.15735499668812,PRICE,TRAIN,2023-09
AZUL4.SA,BEAR_VOLATILE,0.00880000000000001,1,STOP_TECNICO,40,0.39632106899539027,-0.11637807853424931,34.30961849152067,PRICE,TRAIN,2023-09
AZUL4.SA,BEAR_CALM,-0.017925320770635265,0,STOP_TECNICO,2,1.0519835963021837,-0.37979518032763454,8.525138807978395,PRICE,TRAIN,2023-09
AZUL4.SA,BEAR_CALM,0.014575994784932524,1,STOP_TECNICO,1,-0.5352669948837787,-1.046851537408153,8.348572065500287,PRICE,TRAIN,2023-09
AZUL4.SA,BEAR_VOLATILE,-0.19938184592507105,0,HARD_STOP,4,0.3087991088517541,-3.4637692330210306,10.63019620751091,PRICE,TRAIN,2023-09
B3SA3.SA,BEAR_CALM,-0.005684176758061897,0,TIME_STOP,11,-0.659889804740867,-0.067628440234833,34.30961849152067,PRICE,TRAIN,2023-09
B3SA3.SA,BEAR_CALM,-0.010096829814925788,0,TIME_STOP,12,-2.165390185239916,1.693410506643697,12.014105734584625,PRICE,TRAIN,2023-09
B3SA3.SA,BEAR_CALM,-0.01458096010452694,0,TIME_STOP,13,-1.3283112689427956,0.3915183583540007,8.52206408142852,PRICE,TRAIN,2023-09
B3SA3.SA,BEAR_CALM,-0.037045664908575214,0,TIME_STOP,12,-1.1275991254883673,-0.7348041945940554,10.43241949424774,PRICE,TRAIN,2023-09
B3SA3.SA,BEAR_CALM,-0.02357073402218581,0,TIME_STOP,11,0.5457991239380593,-1.8362320754156514,6.1084750850059555,PRICE,TRAIN,2023-09
B3SA3.SA,BEAR_CALM,-0.02947522506262692,0,TIME_STOP,17,1.8787939495930475,0.8872871547168478,20.44600978055544,PRICE,TEST,2023-09
B3SA3.SA,BEAR_CALM,-0.009997563634244998,0,TIME_STOP,12,1.0629927473289242,0.27334929707975,15.053092701154462,PRICE,TEST,2023-09
B3SA3.SA,BEAR_VOLATILE,0.05856512888926733,1,END_CLOSED,4,0.3042204344597402,-1.1127696614377427,15.920723264082357,PRICE,TEST,2023-09
BBAS3.SA,BULL_CALM,-0.014098660014724394,0,TIME_STOP,13,0.2957944232404641,0.4986567694202294,3.0291422961156678,PRICE,TRAIN,2023-09
BBAS3.SA,BULL_CALM,-0.00856915884590772,0,TIME_STOP,14,-0.0883566868564933,-1.9904602064125205,5.159382333234519,PRICE,TRAIN,2023-09
BBAS3.SA,BULL_CALM,-0.005226518386129329,0,TIME_STOP,13,-0.6329220196087005,-0.3673156970342221,3.8214671210576774,PRICE,TRAIN,2023-09
BBAS3.SA,SIDEWAYS_CALM,-0.004602612953391726,0,TIME_STOP,14,0.24066013021395408,-0.08712166703323442,4.063088157837782,PRICE,TRAIN,2023-09
BBAS3.SA,SIDEWAYS_CALM,-0.0061448063402635075,0,TIME_STOP,25,0.2845633793186647,0.5318997632184512,1.9763247548957596,PRICE,TRAIN,2023-09
BBAS3.SA,SIDEWAYS_CALM,0.1193398758784546,1,SIGNAL,28,-1.3113201911528647,0.517823056908974,1.8948041296760332,PRICE,TRAIN,2023-09
BBAS3.SA,SIDEWAYS_CALM,-0.0034812845187438754,0,TIME_STOP,13,1.5400943483215757,-0.6349759060440802,16.427875910399084,PRICE,TEST,2023-09
BBAS3.SA,BEAR_CALM,-0.0035068774988411752,0,BEAR_OPTIMIZED,1,1.4239161783008751,0.0485765833553467,28.74902840231973,PRICE,TEST,2023-09
BBAS3.SA,BEAR_CALM,0.004245443416388196,1,BEAR_OPTIMIZED,1,1.6205886579421052,-0.8725059846180749,34.30961849152067,PRICE,TEST,2023-09
BBAS3.SA,BEAR_CALM,0.012260115132915007,1,BEAR_OPTIMIZED,1,1.2558093211757333,-0.9671967974333301,34.30961849152067,PRICE,TEST,2023-09
BBAS3.SA,BEAR_CALM,0.014761792350486226,1,BEAR_OPTIMIZED,1,0.2164515202071643,-0.24553934515778048,27.234149108963916,PRICE,TEST,2023-09
BBAS3.SA,BEAR_CALM,-0.03054175335901501,0,BEAR_OPTIMIZED,1,-0.4169310483265977,0.21298844612554307,21.413122689228157,PRICE,TEST,2023-09
BBAS3.SA,BEAR_CALM,0.010862625499722035,1,BEAR_OPTIMIZED,1,0.8361209651417002,-0.7031935724921796,13.665451625878061,PRICE,TEST,2023-09
BBAS3.SA,BEAR_CALM,-0.0012,0,END_CLOSED,0,-0.01252755950256235,-0.8268435407580995,9.72996162501461,PRICE,TEST,2023-09
BBDC3.SA,BEAR_CALM,-0.003974687434391576,0,TIME_STOP,14,1.6634003641293897,0.5385456954074771,3.5687002198577638,PRICE,TRAIN,2023-09
BBDC3.SA,BEAR_CALM,-0.02467015887997772,0,TIME_STOP,12,0.5825784129966975,-0.08577392832793433,7.356224841167644,PRICE,TRAIN,2023-09
BBDC3.SA,BEAR_CALM,-0.007552374543749928,0,TIME_STOP,11,0.024933213166713063,0.2350044328418667,34.30961849152067,PRICE,TRAIN,2023-09
BBDC3.SA,BEAR_CALM,0.11363574898639292,1,BEAR_OPTIMIZED,47,0.39326204448313395,0.4853135437271022,34.30961849152067,PRICE,TRAIN,2023-09
BBDC3.SA,BULL_CALM,-0.05484122711431729,0,HARD_STOP,8,1.4727286115739586,-0.2691065252488559,5.641327086149725,PRICE,TEST,2023-09
BBDC3.SA,SIDEWAYS_VOLATILE,-0.02628364395895657,0,TIME_STOP,14,1.2331315753304433,-0.2718276990393521,1000.0,PRICE,TEST,2023-09
BBDC3.SA,BEAR_VOLATILE,0.013143922439534085,1,END_CLOSED,4,0.007682025219645224,0.42806426149566223,1000.0,PRICE,TEST,2023-09
BBDC4.SA,BEAR_CALM,-0.010122069901132645,0,TIME_STOP,11,1.3138771974822172,0.05035640818974187,5.781859960724582,PRICE,TRAIN,2023-09
BBDC4.SA,BEAR_CALM,-0.005131120128360166,0,TIME_STOP,14,-0.5499716955581014,0.7994088671940937,34.30961849152067,PRICE,TRAIN,2023-09
BBDC4.SA,BEAR_CALM,-0.010085359670271486,0,TIME_STOP,13,1.0093281578163884,0.8117016416632296,32.7122922008369,PRICE,TRAIN,2023-09
BBDC4.SA,BULL_CALM,-0.051200000000000155,0,HARD_STOP,6,1.6464177882734587,0.15804817726278167,3.4394873358016027,PRICE,TEST,2023-09
BBDC4.SA,SIDEWAYS_VOLATILE,-0.011601288454286006,0,TIME_STOP,16,1.7161546921147712,-0.11148914151576941,1000.0,PRICE,TEST,2023-09
BBDC4.SA,BEAR_VOLATILE,-0.0029035540804551938,0,END_CLOSED,4,-0.2450491524990761,0.6097083310818817,1000.0,PRICE,TEST,2023-09
BBSE3.SA,SIDEWAYS_CALM,-0.013032488424763698,0,TIME_STOP,37,-3.2061526755694643,0.8372614660701782,4.928542538967626,PRICE,TRAIN,2023-09
BBSE3.SA,SIDEWAYS_CALM,0.059099807148162854,1,SIGNAL,12,-0.0011777355028032462,0.7293301902012514,2.5025830610359567,PRICE,TRAIN,2023-09
BBSE3.SA,SIDEWAYS_VOLATILE,0.05267007214232287,1,SIGNAL,45,3.137876735481704,-0.2902497020843,4.282278099718274,PRICE,TRAIN,2023-09
BBSE3.SA,SIDEWAYS_VOLATILE,-0.003565425962338463,0,TIME_STOP,25,-0.7776735847990504,-0.4591649054780813,14.2609273137469,PRICE,TEST,2023-09
BBSE3.SA,SIDEWAYS_CALM,0.05516743988950377,1,END_CLOSED,18,2.5639128748231106,0.8301389034397298,21.608781684245375,PRICE,TEST,2023-09
BEEF3.SA,BEAR_CALM,-0.08329955192066865,0,HARD_STOP,20,0.19647448281245655,0.14568130237588983,34.30961849152067,PRICE,TRAIN,2023-09
BEEF3.SA,BEAR_CALM,-0.002620419332224809,0,TIME_STOP,13,-0.5476960208983285,-2.131767000753813,10.071255205376984,PRICE,TRAIN,2023-09
BEEF3.SA,BEAR_CALM,-0.002688058386441171,0,TIME_STOP,18,-0.7268289449825224,0.11555390549455125,3.8642912482941774,PRICE,TRAIN,2023-09
BEEF3.SA,BEAR_CALM,0.008248810028448884,1,STOP_TECNICO,58,-1.47211298140318,-0.30122117935795995,33.68514044925468,PRICE,TRAIN,2023-09
BEEF3.SA,BEAR_VOLATILE,-0.006166843238520146,0,TIME_STOP,21,-0.3001800267292251,-1.1047091286027628,6.008194560645154,PRICE,TRAIN,2023-09
BPAC11.SA,BULL_CALM,0.1479617963544498,1,SIGNAL,19,2.303085161606806,1.1168989221387036,7.332208360842719,PRICE,TRAIN,2023-09
BPAC11.SA,BULL_CALM,-0.051200000000000044,0,HARD_STOP,6,-1.494390200340216,0.25002978548587623,2.7001242989561614,PRICE,TRAIN,2023-09
BPAC11.SA,SIDEWAYS_VOLATILE,-0.004501387069421735,0,TIME_STOP,17,0.19896313696069787,0.5987209967760114,15.467607601904925,PRICE,TRAIN,2023-09
BPAC11.SA,SIDEWAYS_CALM,-0.051200000000000044,0,HARD_STOP,2,-0.12388790336301325,0.11374068441131635,7.201759019295228,PRICE,TRAIN,2023-09
BPAC11.SA,BEAR_VOLATILE,-0.010815392342066764,0,BEAR_OPTIMIZED,1,1.0584476765735271,0.9091272663669455,12.054310699677286,PRICE,TRAIN,2023-09
BPAC11.SA,BEAR_VOLATILE,-0.010106690300325426,0,BEAR_OPTIMIZED,1,-0.1286876119090339,1.2798183621874717,11.413628679111675,PRICE,TRAIN,2023-09
BPAC11.SA,BEAR_VOLATILE,0.01873679587501962,1,BEAR_OPTIMIZED,1,0.7001021901556209,-0.29580764070156873,9.900385304768829,PRICE,TRAIN,2023-09
BPAC11.SA,BEAR_VOLATILE,0.004795513819477383,1,BEAR_OPTIMIZED,1,0.34569499942835047,-1.3385761148105535,11.036522567430977,PRICE,TRAIN,2023-09
BPAC11.SA,BEAR_CALM,-0.008409989419068252,0,BEAR_OPTIMIZED,3,0.5422887621418497,-1.534566599163123,9.973189828985078,PRICE,TRAIN,2023-09
BPAC11.SA,BEAR_CALM,0.008182007831427952,1,BEAR_OPTIMIZED,3,0.8084849818730223,0.3196026073392034,6.9519748802038634,PRICE,TRAIN,2023-09
BPAC11.SA,BEAR_CALM,0.030100026522749214,1,BEAR_OPTIMIZED,1,0.4981015965273791,0.4347753861761705,6.072199631973353,PRICE,TRAIN,2023-09
BPAC11.SA,BEAR_CALM,-0.003055956745915543,0,BEAR_OPTIMIZED,1,0.7617878952130666,-0.27220836485149175,10.452862585772069,PRICE,TEST,2023-09
BPAC11.SA,BEAR_CALM,0.043293301555168286,1,BEAR_OPTIMIZED,3,0.36131519791945216,0.9984845423978334,24.719795003581194,PRICE,TEST,2023-09
BPAC11.SA,BEAR_CALM,-0.05642607667656898,0,HARD_STOP,2,-1.8094086994182133,-0.8308879638701542,4.438792705323097,PRICE,TEST,2023-09
BPAC11.SA,BEAR_VOLATILE,-0.0047807316271079245,0,END_CLOSED,2,-0.7031712572911125,-0.5355866060580425,5.654779468549394,PRICE,TEST,2023-09
BRAP4.SA,BEAR_CALM,0.13729859612446024,1,BEAR_OPTIMIZED,12,0.16292051557423148,0.5885197644824883,5.644075598755565,PRICE,TRAIN,2023-09
BRAP4.SA,BEAR_CALM,-0.033349765880081116,0,TIME_STOP,11,-1.3691893149324001,1.060974570567495,1000.0,PRICE,TRAIN,2023-09
BRAP4.SA,BEAR_CALM,-0.01431412251264743,0,TIME_STOP,77,0.3219179575719066,0.18164897464877688,34.30961849152067,PRICE,TRAIN,2023-09
BRAP4.SA,BEAR_VOLATILE,-0.021374483768500173,0,TIME_STOP,11,0.5921377703431551,2.4145392436151534,9.388039663280484,PRICE,TRAIN,2023-09
BRAP4.SA,BEAR_CALM,0.0385758470181897,1,END_CLOSED,32,0.924393207540351,0.9441476885753002,15.70271501715185,PRICE,TRAIN,2023-09
BRAP4.SA,BEAR_CALM,-0.0012,0,END_CLOSED,0,-1.1732466199646645,1.0650360544558808,3.8512894770521986,PRICE,TEST,2023-09
BRKM5.SA,BEAR_CALM,-0.09071121596466594,0,HARD_STOP,10,-1.635392924117452,0.8823760276083492,34.30961849152067,PRICE,TRAIN,2023-09
BRKM5.SA,BEAR_CALM,-0.051200000000000044,0,HARD_STOP,3,0.0775262226014374,1.630195267844045,9.684680606594151,PRICE,TRAIN,2023-09
BRKM5.SA,BEAR_CALM,0.14148431513733603,1,END_CLOSED,25,-0.3487873328820854,1.0977905360436082,9.436753048281258,PRICE,TRAIN,2023-09
BRKM5.SA,BEAR_CALM,-0.020740239082867838,0,TIME_STOP,11,1.1746728215721731,0.1322943691680614,9.031150835021503,PRICE,TEST,2023-09
BRKM5.SA,BEAR_CALM,-0.07104129406156992,0,HARD_STOP,7,-1.1414458156200975,-1.2956941604546466,17.105450362762053,PRICE,TEST,2023-09
BRKM5.SA,BEAR_VOLATILE,-0.02221697760113219,0,END_CLOSED,9,-2.148479059120036,-0.5811099821703265,34.30961849152067,PRICE,TEST,2023-09
CMIG4.SA,SIDEWAYS_CALM,-0.007127372288538679,0,TIME_STOP,11,0.30443053671363596,-0.36484364333874036,4.433112981955188,PRICE,TRAIN,2023-09
CMIG4.SA,BEAR_VOLATILE,-0.07080363138093829,0,HARD_STOP,2,0.5462665473293454,-1.875748360673963,4.211228159928867,PRICE,TRAIN,2023-09
CMIG4.SA,BEAR_VOLATILE,0.021905315969570884,1,BEAR_OPTIMIZED,1,1.5985864952065298,-1.9431326021243993,16.803174688832705,PRICE,TRAIN,2023-09
CMIG4.SA,BEAR_VOLATILE,0.0015274595154023197,1,BEAR_OPTIMIZED,3,1.4972724652739424,-2.1012695151835894,13.656080431570766,PRICE,TRAIN,2023-09
CMIG4.SA,BEAR_VOLATILE,0.035430085487932673,1,BEAR_OPTIMIZED,5,1.2259660688024066,-1.3496151223459298,17.475628334787583,PRICE,TRAIN,2023-09
CMIG4.SA,BULL_CALM,0.09390864157906606,1,SIGNAL,27,-1.5289476891274252,1.7910628997172435,8.62529822976492,PRICE,TEST,2023-09
CMIG4.SA,BULL_CALM,0.0014155635224891506,1,END_CLOSED,8,-0.6657178609831697,0.0130641826632421,2.961625402600687,PRICE,TEST,2023-09
CMIN3.SA,BULL_CALM,-0.015554193689945615,0,TIME_STOP,12,1.8794714442306795,-0.9213413445425093,8.15596510249625,PRICE,TRAIN,2023-09
CMIN3.SA,BULL_CALM,-0.051200000000000044,0,HARD_STOP,7,-0.09165375566617118,0.7912134760425723,34.30961849152067,PRICE,TRAIN,2023-09
CMIN3.SA,BULL_VOLATILE,-0.06202300411726638,0,HARD_STOP,8,0.9237594855843864,0.4990212012936565,1000.0,PRICE,TRAIN,2023-09
CMIN3.SA,SIDEWAYS_VOLATILE,-0.051200000000000155,0,HARD_STOP,11,-0.0026744987380261606,1.941471697614286,20.777549324078723,PRICE,TRAIN,2023-09
CMIN3.SA,BEAR_CALM,0.00841544559174432,1,BEAR_OPTIMIZED,1,-1.3880207712340615,-2.025190548135242,33.59083786371754,PRICE,TRAIN,2023-09
CMIN3.SA,BEAR_CALM,-0.03004611426500816,0,BEAR_OPTIMIZED,1,-0.8421289569140177,-2.6402159000703307,25.539465840459496,PRICE,TRAIN,2023-09
CMIN3.SA,BEAR_CALM,0.02279994446144671,1,BEAR_OPTIMIZED,3,-2.5414147082532064,-1.8412961704465916,19.37662016496426,PRICE,TRAIN,2023-09
CMIN3.SA,BEAR_CALM,0.002713714643795752,1,BEAR_OPTIMIZED,1,-2.5619173166640374,-0.7637401615515349,16.361976992418782,PRICE,TRAIN,2023-09
CMIN3.SA,BEAR_CALM,-0.003168357099426998,0,BEAR_OPTIMIZED,1,-2.8997458515014913,-1.6186654515693182,13.84516287539352,PRICE,TRAIN,2023-09
CMIN3.SA,BEAR_VOLATILE,0.013292658126001423,1,BEAR_OPTIMIZED,3,-0.872023641788655,-1.3923734056560495,4.801543241167135,PRICE,TRAIN,2023-09
CMIN3.SA,BEAR_VOLATILE,0.00290661844541016,1,BEAR_OPTIMIZED,3,-0.882122996574078,-0.5136589518891768,3.5470776297630415,PRICE,TRAIN,2023-09
CMIN3.SA,BEAR_VOLATILE,0.03192594360016563,1,BEAR_OPTIMIZED,1,-0.9636918948835668,-0.4572406471612793,3.926211555340964,PRICE,TRAIN,2023-09
CMIN3.SA,BEAR_VOLATILE,0.037894524206900516,1,BEAR_OPTIMIZED,1,-0.9847122507780777,0.6959123511831072,2.9065571814797053,PRICE,TRAIN,2023-09
CMIN3.SA,BEAR_CALM,0.013203197386429812,1,BEAR_OPTIMIZED,10,0.5947427276840366,1.0454595006370677,4.203434000508915,PRICE,TRAIN,2023-09
CMIN3.SA,BULL_VOLATILE,-0.014875154021731694,0,TIME_STOP,19,-0.04315235598026451,0.344820807670977,17.585431595202532,PRICE,TEST,2023-09
CMIN3.SA,SIDEWAYS_VOLATILE,-0.006881842036531215,0,TIME_STOP,14,-0.1147394205660979,0.036704255929990603,7.192353448968073,PRICE,TEST,2023-09
COGN3.SA,BEAR_CALM,0.09921846191424852,1,BEAR_OPTIMIZED,14,-2.1578607633358873,0.7865668077208833,34.30961849152067,PRICE,TRAIN,2023-09
COGN3.SA,BEAR_VOLATILE,-0.06494502186375098,0,HARD_STOP,9,1.0132357089293218,0.0038689476906745082,16.703171284249517,PRICE,TRAIN,2023-09
COGN3.SA,BEAR_VOLATILE,-0.051200000000000044,0,HARD_STOP,4,0.5711495912416584,-0.48495995499755645,1000.0,PRICE,TRAIN,2023-09
COGN3.SA,BEAR_CALM,-0.005419415822153238,0,TIME_STOP,11,2.226603688431355,-2.0268524771283714,18.836628145347337,PRICE,TRAIN,2023-09
COGN3.SA,BEAR_VOLATILE,-0.08416955652467653,0,HARD_STOP,7,0.7374314334307629,-1.8979897650990574,10.774178281831558,PRICE,TRAIN,2023-09
COGN3.SA,BEAR_VOLATILE,0.00880000000000001,1,STOP_TECNICO,17,0.6979951516557835,-0.11520816529042666,12.839346693798001,PRICE,TRAIN,2023-09
COGN3.SA,BEAR_CALM,-0.010861850607447175,0,TIME_STOP,11,0.8708546420628593,-0.23400278034528618,12.230999427129808,PRICE,TRAIN,2023-09
COGN3.SA,BEAR_VOLATILE,-0.06821034766634107,0,HARD_STOP,9,0.7598222369630445,-0.40037532678325183,17.819315184101434,PRICE,TRAIN,2023-09
COGN3.SA,BEAR_CALM,-0.05706587287510769,0,HARD_STOP,2,0.6728761732161477,-1.5215627345673455,7.92456374162076,PRICE,TRAIN,2023-09
COGN3.SA,BEAR_VOLATILE,0.00880000000000001,1,STOP_TECNICO,36,0.306999144578308,-0.5930950770174793,14.987586324971087,PRICE,TRAIN,2023-09
COGN3.SA,BEAR_VOLATILE,-0.051200000000000044,0,HARD_STOP,6,1.6985957123201647,1.517388606980493,12.723406288524414,PRICE,TRAIN,2023-09
COGN3.SA,BEAR_VOLATILE,-0.05453333442167265,0,HARD_STOP,8,0.7498565684888099,1.2311129616359027,15.374637720113578,PRICE,TRAIN,2023-09
COGN3.SA,BEAR_CALM,-0.03521365643683274,0,STOP_TECNICO,1,1.3726755643684332,-1.4738661633217367,10.861666309492856,PRICE,TRAIN,2023-09
COGN3.SA,BEAR_CALM,-0.016882878666191335,0,STOP_TECNICO,3,-0.8359728971536027,-0.726856334059358,15.844139454444623,PRICE,TRAIN,2023-09
CPFE3.SA,BULL_CALM,0.1150861452743622,1,SIGNAL,27,-0.25832511821564735,-0.050618809062639866,6.4044713435808465,PRICE,TRAIN,2023-09
CPFE3.SA,SIDEWAYS_CALM,-0.03456161551625194,0,TIME_STOP,11,-1.3595485541667793,0.2604629301261536,12.955695686132215,PRICE,TRAIN,2023-09
CPFE3.SA,BEAR_CALM,-0.002387915147170093,0,BEAR_OPTIMIZED,1,0.7666217618797557,0.678674086275287,34.30961849152067,PRICE,TRAIN,2023-09
CPFE3.SA,BEAR_CALM,0.012429602502893468,1,BEAR_OPTIMIZED,1,-0.052281355265402035,0.8236149414030807,28.930223812060873,PRICE,TRAIN,2023-09
CPFE3.SA,SIDEWAYS_CALM,-0.06048511841248285,0,HARD_STOP,39,0.4336239587081912,0.6645214567387033,17.247237191406846,PRICE,TRAIN,2023-09
CPFE3.SA,BEAR_VOLATILE,0.011913763134180223,1,BEAR_OPTIMIZED,2,-0.3207520962375086,-2.5404405548714295,5.771299099578504,PRICE,TRAIN,2023-09
CPFE3.SA,BEAR_VOLATILE,0.010125459666959415,1,BEAR_OPTIMIZED,4,0.08093396616019051,-2.946226730618408,6.8266878276795095,PRICE,TRAIN,2023-09
CPFE3.SA,BEAR_CALM,-0.03239378856531341,0,TIME_STOP,11,1.916043691747888,0.26393144274925134,4.442912073585925,PRICE,TRAIN,2023-09
CPFE3.SA,BEAR_VOLATILE,0.014123321594634676,1,BEAR_OPTIMIZED,2,0.5492325374280262,-0.12023519864685847,6.914141122684193,PRICE,TRAIN,2023-09
CPFE3.SA,BEAR_CALM,0.025726613893738516,1,BEAR_OPTIMIZED,8,1.0129911215332212,0.179945972297512,4.89010344873259,PRICE,TRAIN,2023-09
CPFE3.SA,BEAR_CALM,0.0350454159816441,1,BEAR_OPTIMIZED,8,0.16074983856181355,0.1507566198892341,5.5305457948930385,PRICE,TRAIN,2023-09
CPFE3.SA,BEAR_CALM,-0.0027337190000250797,0,TIME_STOP,11,-1.2349690476142792,-2.226313295670477,3.09168016333315,PRICE,TEST,2023-09
CPFE3.SA,BEAR_CALM,-0.003982075945378714,0,TIME_STOP,11,-1.91611093755775,0.44175238699996433,4.454326029638026,PRICE,TEST,2023-09
CPFE3.SA,BEAR_CALM,-0.007097033960512776,0,END_CLOSED,4,-1.235361849282829,0.6130231225425771,5.238444932112061,PRICE,TEST,2023-09
CSAN3.SA,BEAR_VOLATILE,0.1451572381573075,1,BEAR_OPTIMIZED,18,1.126766006502844,1.4400706994812733,34.30961849152067,PRICE,TRAIN,2023-09
CSAN3.SA,BEAR_VOLATILE,-0.008639472045365214,0,TIME_STOP,19,1.3709322753392612,0.5649511461892577,15.16713516162221,PRICE,TRAIN,2023-09
CSAN3.SA,BEAR_CALM,-0.05583786961494743,0,HARD_STOP,11,-1.167224241633915,0.783930779337629,33.97026582932047,PRICE,TRAIN,2023-09
CSAN3.SA,BEAR_VOLATILE,-0.013005574599483392,0,TIME_STOP,19,-1.0069042370333583,0.2452029553558992,1000.0,PRICE,TRAIN,2023-09
CSAN3.SA,BEAR_CALM,-0.0427200284791184,0,TIME_STOP,11,-0.6204643348541312,-0.5890838290517781,12.999952517497285,PRICE,TRAIN,2023-09
CSAN3.SA,BEAR_CALM,-0.028367831291866062,0,TIME_STOP,12,-0.585079621078156,1.6079983438682826,34.30961849152067,PRICE,TRAIN,2023-09
CSAN3.SA,BEAR_VOLATILE,-0.027448976172920435,0,TIME_STOP,14,-0.23259535683125065,-0.06126823966668974,10.134631808880496,PRICE,TEST,2023-09
CSAN3.SA,BEAR_CALM,-0.07778449928277145,0,HARD_STOP,9,-1.0036586466762984,-2.404397840210962,13.197425317224704,PRICE,TEST,2023-09
CSAN3.SA,BEAR_VOLATILE,-0.12290754993017652,0,HARD_STOP,2,-2.062297358812918,-0.16113034155837228,13.039208591804961,PRICE,TEST,2023-09
CSAN3.SA,BEAR_VOLATILE,-0.05552595419005082,0,HARD_STOP,3,-2.0831000408200984,-1.612382487538582,34.30961849152067,PRICE,TEST,2023-09
CPLE6.SA,BULL_CALM,0.11580842087018003,1,SIGNAL,20,0.1957916913922582,0.49221011319521135,2.258102694756581,PRICE,TRAIN,2023-09
CPLE6.SA,BULL_CALM,-0.018635796772027112,0,TIME_STOP,15,-0.44581577503597414,0.7260597503061316,2.334873679913485,PRICE,TRAIN,2023-09
CPLE6.SA,SIDEWAYS_VOLATILE,-0.009434766055401632,0,TIME_STOP,11,-2.6676883152879176,0.0643439319722944,23.549622250776977,PRICE,TRAIN,2023-09
CPLE6.SA,SIDEWAYS_CALM,-0.002282346375078091,0,TIME_STOP,20,-2.164427181887159,-0.029561626841902347,13.863354518064448,PRICE,TRAIN,2023-09
CPLE6.SA,SIDEWAYS_CALM,-0.009848553214292476,0,TIME_STOP,11,-2.16727434694974,0.9764262552143442,4.147869470686294,PRICE,TRAIN,2023-09
CPLE6.SA,SIDEWAYS_CALM,0.12923474982609537,1,SIGNAL,49,-1.3665991037901954,-0.09973700384165517,2.67629840523486,PRICE,TRAIN,2023-09
CPLE6.SA,SIDEWAYS_CALM,-0.0032200743535407902,0,TIME_STOP,11,-0.35972070219808744,1.2787769372973217,8.87852349833827,PRICE,TEST,2023-09
CPLE6.SA,SIDEWAYS_CALM,-0.051200000000000044,0,HARD_STOP,9,-1.15042579177433,-0.8344413681631656,15.278504332816722,PRICE,TEST,2023-09
CPLE6.SA,SIDEWAYS_CALM,0.00933746006106815,1,END_CLOSED,18,0.5195588050050842,-1.952600951356963,22.75722327837229,PRICE,TEST,2023-09
CSNA3.SA,BEAR_CALM,0.16332202937208926,1,BEAR_OPTIMIZED,14,0.8070750341919964,0.5033851270545628,12.143124807719149,PRICE,TRAIN,2023-09
CSNA3.SA,SIDEWAYS_CALM,-0.006098439354206085,0,TIME_STOP,12,-0.6896388411764871,-1.4250152570301962,27.010385989658843,PRICE,TRAIN,2023-09
CSNA3.SA,BEAR_CALM,-0.005020815624245077,0,TIME_STOP,14,-1.0673472013252576,1.8606079197806624,13.31625346406716,PRICE,TRAIN,2023-09
CSNA3.SA,BEAR_CALM,-0.06266576769725643,0,HARD_STOP,9,-2.030745837296781,1.561411942236844,10.362469908863204,PRICE,TRAIN,2023-09
CSNA3.SA,BEAR_VOLATILE,0.00880000000000001,1,STOP_TECNICO,1,-2.1536680063284117,0.5293556185220524,17.91853711330699,PRICE,TRAIN,2023-09
CSNA3.SA,BEAR_CALM,-0.009827391327099665,0,TIME_STOP,29,-1.4980896631065215,-2.730251118672105,8.145591383331196,PRICE,TRAIN,2023-09
CSNA3.SA,BEAR_CALM,-0.05850890714254988,0,HARD_STOP,10,-0.9287144957790786,-0.5685982506514176,4.436070422441574,PRICE,TRAIN,2023-09
CSNA3.SA,BEAR_VOLATILE,0.0005683342218997035,1,STOP_TECNICO,27,0.48591550940450023,0.23233822676923718,15.10824076343055,PRICE,TRAIN,2023-09
CSNA3.SA,BEAR_CALM,0.016343913608602857,1,END_CLOSED,2,0.13984648923111512,0.17119827234111695,7.516662752136697,PRICE,TRAIN,2023-09
CSNA3.SA,BEAR_CALM,-0.051200000000000044,0,HARD_STOP,1,-1.4045993657064748,1.6251151387112137,3.2901371177314074,PRICE,TEST,2023-09
CVCB3.SA,BEAR_VOLATILE,-0.055046104469523204,0,HARD_STOP,1,1.1418951939903024,0.8073201377923925,34.30961849152067,PRICE,TRAIN,2023-09
CVCB3.SA,BEAR_VOLATILE,-0.051200000000000044,0,HARD_STOP,1,1.8558021985525261,-0.22189274817512267,1000.0,PRICE,TRAIN,2023-09
CVCB3.SA,BEAR_VOLATILE,-0.06223291429871138,0,HARD_STOP,2,2.0602477843927343,-0.11003162029980851,1000.0,PRICE,TRAIN,2023-09
CVCB3.SA,BEAR_VOLATILE,0.00880000000000001,1,STOP_TECNICO,3,1.8866791569368637,-0.783430725750297,1000.0,PRICE,TRAIN,2023-09
CVCB3.SA,BEAR_CALM,-0.006225120811725347,0,TIME_STOP,13,1.0450511823786164,0.5711679011087525,34.30961849152067,PRICE,TRAIN,2023-09
CVCB3.SA,BEAR_CALM,-0.021712861581634567,0,TIME_STOP,15,0.6723249323490693,0.2856441578137298,25.38089727857188,PRICE,TRAIN,2023-09
CVCB3.SA,BEAR_CALM,0.03400180427571473,1,STOP_TECNICO,1,0.7621990463220802,0.34011041830115135,4.2496067515304,PRICE,TRAIN,2023-09
CVCB3.SA,BEAR_CALM,0.00880000000000001,1,STOP_TECNICO,1,0.16335880163934383,0.015699711074027158,3.3039440140651966,PRICE,TRAIN,2023-09
CVCB3.SA,BEAR_CALM,-0.010626439453461999,0,STOP_TECNICO,1,0.18039087847207627,0.649308568970768,5.440985768991389,PRICE,TRAIN,2023-09
CXSE3.SA,BULL_CALM,0.04870754617383786,1,SIGNAL,10,-1.4252464406154828,-1.192594181923112,7.089986852595352,PRICE,TRAIN,2023-09
CXSE3.SA,BULL_VOLATILE,-0.051200000000000155,0,HARD_STOP,13,1.3573066491694294,0.4865100847690055,3.682767220277314,PRICE,TRAIN,2023-09
CXSE3.SA,BULL_VOLATILE,-0.005330642870726397,0,TIME_STOP,52,0.0928103355727367,-0.36424774151373074,11.946750682017829,PRICE,TRAIN,2023-09
CXSE3.SA,BULL_CALM,0.1126440740542883,1,END_CLOSED,24,-0.5761186135025871,0.12558823614158657,3.5120668388309086,PRICE,TRAIN,2023-09
CXSE3.SA,SIDEWAYS_CALM,0.08171990388566472,1,SIGNAL,28,2.2597061069535234,-0.7317295703495478,11.708709684941661,PRICE,TEST,2023-09
DIRR3.SA,BEAR_CALM,0.01914704290563072,1,BEAR_OPTIMIZED,3,-1.4525303997988617,0.8872787759194342,1000.0,PRICE,TRAIN,2023-09
DIRR3.SA,BEAR_VOLATILE,0.04115290518162316,1,BEAR_OPTIMIZED,1,-1.449936332958617,0.6907041613905028,34.30961849152067,PRICE,TRAIN,2023-09
DIRR3.SA,BULL_CALM,-0.025573878447621955,0,TIME_STOP,31,1.9501679175077833,1.0406850500348224,13.497969811175869,PRICE,TEST,2023-09
DIRR3.SA,BULL_CALM,-0.07229626302895634,0,HARD_STOP,1,0.6564138967934517,-0.07418499253164162,3.201019670610095,PRICE,TEST,2023-09
DIRR3.SA,BULL_VOLATILE,0.055142998228700925,1,END_CLOSED,3,1.0862507866633186,-0.4263593701510418,5.049445413369899,PRICE,TEST,2023-09
CYRE3.SA,SIDEWAYS_CALM,-0.017064437726003544,0,TIME_STOP,11,-1.281520681294713,0.8312362945706211,1000.0,PRICE,TRAIN,2023-09
CYRE3.SA,BEAR_VOLATILE,0.014850563250654238,1,BEAR_OPTIMIZED,1,0.1612096412830068,0.36002294051075046,15.226220986793223,PRICE,TRAIN,2023-09
CYRE3.SA,BEAR_VOLATILE,0.024643959792338112,1,BEAR_OPTIMIZED,1,-0.1487138537179206,0.8641828374037107,16.26220281233605,PRICE,TRAIN,2023-09
CYRE3.SA,BEAR_VOLATILE,0.013085784331992568,1,BEAR_OPTIMIZED,2,0.045884426200990036,1.2183103000676394,16.786175400737818,PRICE,TRAIN,2023-09
CYRE3.SA,SIDEWAYS_CALM,-0.013634305686447766,0,TIME_STOP,11,1.3197193967181182,-0.031472314931399854,12.424843137811239,PRICE,TRAIN,2023-09
CYRE3.SA,BEAR_CALM,-0.014444899463804915,0,BEAR_OPTIMIZED,1,0.5097598266345168,-1.8082532418328128,26.70641911728218,PRICE,TRAIN,2023-09
CYRE3.SA,BEAR_CALM,0.005043616531057317,1,BEAR_OPTIMIZED,1,0.9138352251854958,-0.34822793046799017,27.582449082009358,PRICE,TRAIN,2023-09
CYRE3.SA,BEAR_CALM,0.022138434520113305,1,BEAR_OPTIMIZED,1,-0.27131199475089135,-0.255331910285657,18.55741178252492,PRICE,TRAIN,2023-09
CYRE3.SA,BEAR_CALM,-0.012952645148768614,0,BEAR_OPTIMIZED,3,-0.5723785065357828,1.0513612685805054,14.768884389527942,PRICE,TRAIN,2023-09
CYRE3.SA,BEAR_CALM,0.04211551377111831,1,BEAR_OPTIMIZED,7,-0.6146983400789808,1.5012849194437616,15.385697570932686,PRICE,TRAIN,2023-09
CYRE3.SA,BEAR_CALM,0.020812636033510447,1,BEAR_OPTIMIZED,1,0.05200693749494251,-0.004241926436333245,8.302315530200463,PRICE,TRAIN,2023-09
CYRE3.SA,BEAR_CALM,0.05025887736972998,1,BEAR_OPTIMIZED,6,0.7166040807371205,0.7320484052099908,8.329172493008276,PRICE,TRAIN,2023-09
CYRE3.SA,SIDEWAYS_CALM,-0.10882544845137823,0,HARD_STOP,10,0.20122875609923382,-0.24395590617024038,2.8887478711842265,PRICE,TEST,2023-09
CYRE3.SA,BEAR_VOLATILE,0.008603947080804898,1,END_CLOSED,3,-0.02793461496241138,-1.3391625880296616,16.366860259453844,PRICE,TEST,2023-09
ECOR3.SA,BULL_CALM,0.1654666174667919,1,SIGNAL,25,0.6136137525893344,0.5037180463766284,7.427773247273189,PRICE,TRAIN,2023-09
ECOR3.SA,SIDEWAYS_CALM,-0.018377802327741798,0,TIME_STOP,11,-0.3990735944020173,1.7054352427239021,4.043367935487381,PRICE,TRAIN,2023-09
ECOR3.SA,BEAR_VOLATILE,-0.009043143037756017,0,BEAR_OPTIMIZED,1,-1.1597178364088678,0.5389992106504427,34.30961849152067,PRICE,TRAIN,2023-09
ECOR3.SA,BEAR_CALM,-0.019718465764574165,0,TIME_STOP,11,-0.7603969494703061,-1.4399108488855141,34.30961849152067,PRICE,TRAIN,2023-09
ECOR3.SA,BEAR_CALM,0.048707747801674285,1,BEAR_OPTIMIZED,13,-0.8938463994495311,1.1204779831875393,34.30961849152067,PRICE,TRAIN,2023-09
ECOR3.SA,BEAR_CALM,-0.02376702119150533,0,TIME_STOP,11,0.36386206948590216,1.1046016477059224,19.86294083568705,PRICE,TRAIN,2023-09
ECOR3.SA,BEAR_VOLATILE,-0.05276247830617078,0,HARD_STOP,8,1.0847444115010327,1.0755847717843314,11.9947980456169,PRICE,TRAIN,2023-09
ECOR3.SA,BEAR_CALM,0.09268974722011167,1,BEAR_OPTIMIZED,5,-1.6070007463592937,1.3176713527757902,6.002745439233079,PRICE,TEST,2023-09
ECOR3.SA,BEAR_CALM,-0.027906189036638128,0,TIME_STOP,13,-1.565517200464725,-0.054436253658338776,4.356162318342839,PRICE,TEST,2023-09
ECOR3.SA,BEAR_VOLATILE,-0.051200000000000044,0,HARD_STOP,1,-0.6572264263026099,-2.8131645721442498,11.195724840662848,PRICE,TEST,2023-09
ECOR3.SA,BEAR_VOLATILE,-0.02988072118727194,0,END_CLOSED,2,-0.08180409221652392,-3.6233632360628243,23.865560101469526,PRICE,TEST,2023-09
ELET3.SA,BEAR_VOLATILE,0.04037954296757982,1,BEAR_OPTIMIZED,14,0.01459686199536464,-2.295256888196745,32.48586997362422,PRICE,TRAIN,2023-09
ELET3.SA,SIDEWAYS_CALM,-0.009649972377942205,0,TIME_STOP,11,0.9798220743764287,-1.010115601242237,29.307496624906328,PRICE,TRAIN,2023-09
ELET3.SA,BEAR_VOLATILE,-0.014183455544703592,0,TIME_STOP,11,0.726331377448268,-1.8454642405557415,26.277144456332124,PRICE,TRAIN,2023-09
ELET3.SA,BEAR_CALM,-0.018058498123604626,0,TIME_STOP,12,0.42134156808675394,0.7378002800632648,13.051414276742968,PRICE,TRAIN,2023-09
ELET3.SA,BEAR_CALM,-0.028999728360124676,0,TIME_STOP,14,-0.8584564849379686,-1.0078939376739957,9.846587093183583,PRICE,TEST,2023-09
ELET3.SA,BEAR_CALM,-0.051200000000000044,0,HARD_STOP,2,-0.3791456301582676,0.10710153598000885,34.30961849152067,PRICE,TEST,2023-09
ELET3.SA,BEAR_VOLATILE,-0.00429771963237837,0,TIME_STOP,14,-0.19804262690723556,-1.022799872845726,34.30961849152067,PRICE,TEST,2023-09
ELET3.SA,BEAR_CALM,0.05528910061000212,1,END_CLOSED,4,-1.0236968130362412,0.05646037479324694,22.71052647707841,PRICE,TEST,2023-09
EGIE3.SA,SIDEWAYS_CALM,-0.03369628264471649,0,TIME_STOP,11,0.3764007674977162,0.9001954108849329,4.909168249096498,PRICE,TRAIN,2023-09
EGIE3.SA,SIDEWAYS_VOLATILE,-0.01823173645085454,0,TIME_STOP,11,0.887017542640521,0.43213825531287037,14.61386094217961,PRICE,TRAIN,2023-09
EGIE3.SA,BEAR_VOLATILE,0.004521254031326506,1,BEAR_OPTIMIZED,1,0.517740779023936,0.8794496333355918,16.89563038451324,PRICE,TRAIN,2023-09
EGIE3.SA,BEAR_CALM,0.001032536897186721,1,BEAR_OPTIMIZED,5,-0.1164725744548369,0.6602233848788908,28.502281761271565,PRICE,TRAIN,2023-09
EGIE3.SA,BEAR_CALM,0.020049988222971306,1,BEAR_OPTIMIZED,1,-0.43821904183055804,0.5380332506938732,20.55795472730622,PRICE,TRAIN,2023-09
EGIE3.SA,BEAR_CALM,0.005026525162749131,1,BEAR_OPTIMIZED,3,0.26276691670718805,-0.059636313014934876,13.869826688547597,PRICE,TRAIN,2023-09
EGIE3.SA,BEAR_CALM,-0.004676481577808887,0,BEAR_OPTIMIZED,3,-0.4680264334588145,-0.053294293950899026,10.726903598989054,PRICE,TRAIN,2023-09
EGIE3.SA,BEAR_CALM,0.026429840369012726,1,BEAR_OPTIMIZED,1,-1.5289344944094334,0.19676855076295582,6.85712255954738,PRICE,TRAIN,2023-09
EGIE3.SA,BEAR_CALM,0.005817512806103632,1,BEAR_OPTIMIZED,3,0.1507008802208497,0.929738209289571,1.6095712324504203,PRICE,TRAIN,2023-09
EGIE3.SA,BEAR_CALM,0.020402532513819828,1,BEAR_OPTIMIZED,5,0.8617538450746559,0.7493778402627223,1.6844780429200965,PRICE,TRAIN,2023-09
EGIE3.SA,SIDEWAYS_CALM,-0.009997679770892741,0,TIME_STOP,14,-0.802024711617089,0.5727752042815069,34.30961849152067,PRICE,TEST,2023-09
EGIE3.SA,BEAR_CALM,-0.021758381942458625,0,TIME_STOP,11,1.6300722786207524,-0.5354796261981474,34.30961849152067,PRICE,TEST,2023-09
EGIE3.SA,BEAR_VOLATILE,-0.002514189497236495,0,END_CLOSED,9,-2.129609650888091,0.006103178610491154,34.30961849152067,PRICE,TEST,2023-09
ELET6.SA,SIDEWAYS_VOLATILE,-0.005592347210167568,0,TIME_STOP,34,0.13516773759180037,-2.893680532874008,20.98541451744376,PRICE,TRAIN,2023-09
ELET6.SA,BEAR_CALM,0.00697840074740972,1,BEAR_OPTIMIZED,10,0.8739406865901298,0.054465091874816324,20.35255125192443,PRICE,TRAIN,2023-09
ELET6.SA,BEAR_CALM,-0.016241305708744956,0,TIME_STOP,11,0.12669471331004728,0.6745776518882366,10.981072669580211,PRICE,TRAIN,2023-09
ELET6.SA,BEAR_CALM,0.035733392021422984,1,BEAR_OPTIMIZED,7,0.8399905903901578,1.415161042150051,10.0286816469687,PRICE,TRAIN,2023-09
ELET6.SA,SIDEWAYS_CALM,-0.02352248040034801,0,TIME_STOP,14,-0.034588772469178936,-1.3517456211286294,16.42579074283406,PRICE,TEST,2023-09
ELET6.SA,BEAR_CALM,-0.02874933970485829,0,TIME_STOP,12,0.1433047384416109,-0.8971798657839529,34.30961849152067,PRICE,TEST,2023-09
ELET6.SA,BEAR_CALM,0.012076531884250931,1,END_CLOSED,9,-0.47131588705989624,0.88948687107045,23.729919188000448,PRICE,TEST,2023-09
EQTL3.SA,BULL_CALM,-0.008501487996235645,0,TIME_STOP,11,-1.7379052532424384,-0.7919971029007374,2.074527384378952,PRICE,TRAIN,2023-09
EQTL3.SA,SIDEWAYS_CALM,-0.007753626109051968,0,TIME_STOP,14,-2.2029907402882785,-0.2669901188280673,2.9884216810636706,PRICE,TRAIN,2023-09
EQTL3.SA,SIDEWAYS_CALM,-0.04229177208938475,0,TIME_STOP,14,-1.0663484274376291,-0.020168991309383755,5.278670787916235,PRICE,TRAIN,2023-09
EQTL3.SA,BEAR_CALM,0.015275156846162298,1,BEAR_OPTIMIZED,1,-1.8927375916186537,1.2858667332377967,8.55543714285163,PRICE,TRAIN,2023-09
EQTL3.SA,BEAR_CALM,-0.006824959238726745,0,BEAR_OPTIMIZED,1,-2.1242800860227162,0.6714194252296547,9.804522931738587,PRICE,TRAIN,2023-09
EQTL3.SA,BEAR_CALM,-0.007264452885708005,0,BEAR_OPTIMIZED,1,-1.8471114507684527,0.3636533468725398,18.419150316343636,PRICE,TRAIN,2023-09
EQTL3.SA,BEAR_CALM,0.003921689538253982,1,BEAR_OPTIMIZED,1,-1.9788838810402056,-0.05422717102765834,25.225623472949138,PRICE,TRAIN,2023-09
EQTL3.SA,BEAR_CALM,-0.051200000000000044,0,HARD_STOP,5,-1.865119373703951,-0.6520430298028895,16.153504602537808,PRICE,TRAIN,2023-09
EQTL3.SA,BEAR_CALM,-0.0028341042572957095,0,BEAR_OPTIMIZED,3,-1.710130653084111,-2.2859650293245135,12.14792014799123,PRICE,TRAIN,2023-09
EQTL3.SA,BEAR_CALM,-0.0005457565979819711,0,BEAR_OPTIMIZED,1,-0.9275658268161997,-1.1902735561091986,10.188656161613858,PRICE,TRAIN,2023-09
EQTL3.SA,BEAR_CALM,-0.03241923600205834,0,TIME_STOP,11,-1.1770880739304326,-0.31142107706505306,7.496015409436374,PRICE,TRAIN,2023-09
EQTL3.SA,BEAR_CALM,0.06424955649058747,1,BEAR_OPTIMIZED,15,-0.9821302324300949,1.1832131434000168,8.641146488082473,PRICE,TRAIN,2023-09
EQTL3.SA,SIDEWAYS_CALM,-0.006459864974973771,0,TIME_STOP,13,0.6390659072819558,-0.16553412215565597,2.8823142349759263,PRICE,TEST,2023-09
EQTL3.SA,SIDEWAYS_CALM,-0.012041762659016374,0,TIME_STOP,17,-2.2679475324666143,0.5154088937259039,12.499353069246517,PRICE,TEST,2023-09
EQTL3.SA,BEAR_VOLATILE,-0.005217453072372334,0,END_CLOSED,3,0.7407235102955605,0.9300133084100536,7.415327551823129,PRICE,TEST,2023-09
ENGI11.SA,SIDEWAYS_CALM,-0.008109630574784664,0,TIME_STOP,11,-0.17313558771612836,1.8316180372430952,5.260571599983682,PRICE,TRAIN,2023-09
ENGI11.SA,SIDEWAYS_CALM,-0.009245844981400152,0,TIME_STOP,11,-0.04768656329153907,1.5363117087823113,10.619692044753757,PRICE,TRAIN,2023-09
ENGI11.SA,BEAR_CALM,0.009519728989838196,1,BEAR_OPTIMIZED,2,-0.5011256695879552,-1.0560406089528467,22.459126454488146,PRICE,TRAIN,2023-09
ENGI11.SA,BEAR_CALM,-0.010157366182094306,0,BEAR_OPTIMIZED,1,-1.9896233450146776,-1.162108002544975,14.096020842102101,PRICE,TRAIN,2023-09
ENGI11.SA,BEAR_CALM,0.033237651819157145,1,BEAR_OPTIMIZED,4,-1.0980278054101258,-0.5189943112970659,18.477745680368166,PRICE,TRAIN,2023-09
ENGI11.SA,BEAR_CALM,0.026046651577947035,1,BEAR_OPTIMIZED,2,-1.795509553623559,-0.13873492282787975,7.789599857119831,PRICE,TRAIN,2023-09
ENGI11.SA,BEAR_CALM,0.02216754805327068,1,BEAR_OPTIMIZED,5,-1.5382453750312737,-0.774229152440201,5.689507532645713,PRICE,TRAIN,2023-09
ENGI11.SA,BEAR_CALM,-0.051200000000000044,0,HARD_STOP,9,-1.1300159521803053,0.20396768452066574,2.201591829566035,PRICE,TRAIN,2023-09
ENGI11.SA,BEAR_CALM,0.022251322977614764,1,BEAR_OPTIMIZED,10,-1.5097329273709115,0.6655110427877005,3.3033733144903095,PRICE,TRAIN,2023-09
ENGI11.SA,BEAR_CALM,-0.016185643290597927,0,TIME_STOP,12,0.6310573559163899,1.4675075691625719,3.5681269626646688,PRICE,TRAIN,2023-09
ENGI11.SA,BEAR_CALM,-0.007188029593649968,0,TIME_STOP,13,1.179786325834195,0.5809317257376608,11.98448286478746,PRICE,TEST,2023-09
ENGI11.SA,BEAR_CALM,-0.01648387337161219,0,TIME_STOP,17,-0.12676695755087675,0.2265770088949939,21.750928714100503,PRICE,TEST,2023-09
ENGI11.SA,BEAR_CALM,-0.01954637903299685,0,END_CLOSED,3,-0.8726675897122669,0.5747007590675228,19.004545723118838,PRICE,TEST,2023-09
ENEV3.SA,BEAR_CALM,0.18531897248328164,1,BEAR_OPTIMIZED,17,-0.21151837196702503,-0.35917158091472223,12.504254728595052,PRICE,TRAIN,2023-09
ENEV3.SA,SIDEWAYS_CALM,0.06698183225611473,1,SIGNAL,10,-0.35121333096083157,1.0376343049454835,1.707611984915246,PRICE,TRAIN,2023-09
ENEV3.SA,BULL_CALM,-0.05631814195028919,0,HARD_STOP,7,-0.06826012440941633,0.7102259592547651,7.661176316397986,PRICE,TEST,2023-09
ENEV3.SA,SIDEWAYS_VOLATILE,-0.051200000000000044,0,HARD_STOP,4,2.1909793270257545,-0.33225278474052006,6.394237181498772,PRICE,TEST,2023-09
ENEV3.SA,BEAR_VOLATILE,-0.006195871646397587,0,TIME_STOP,12,2.7828972494819677,-0.8733101345833039,1000.0,PRICE,TEST,2023-09
ENEV3.SA,BEAR_VOLATILE,0.004026517596621072,1,END_CLOSED,4,1.1108271435546102,0.7136652438337824,1000.0,PRICE,TEST,2023-09
EZTC3.SA,BEAR_VOLATILE,-0.06130569808497712,0,HARD_STOP,10,-0.4693121008394338,0.3147578755113545,1000.0,PRICE,TRAIN,2023-09
EZTC3.SA,BEAR_VOLATILE,0.00880000000000001,1,STOP_TECNICO,23,-0.049627116421580277,1.788440990490526,13.857738803007141,PRICE,TRAIN,2023-09
EZTC3.SA,BEAR_CALM,-0.051200000000000044,0,HARD_STOP,9,0.2685276105141081,0.27549449494307277,15.504511566487439,PRICE,TRAIN,2023-09
EZTC3.SA,BEAR_CALM,0.00880000000000001,1,STOP_TECNICO,50,-1.1122382978805727,-0.2944939300959443,10.66242099588305,PRICE,TRAIN,2023-09
EZTC3.SA,BEAR_VOLATILE,-0.012637706471598363,0,END_CLOSED,4,-0.33943182752441897,0.0850254080804855,5.84030576223526,PRICE,TEST,2023-09
GGBR4.SA,BEAR_VOLATILE,0.12887006826827183,1,BEAR_OPTIMIZED,27,0.4381627925531851,0.5938968826956257,34.30961849152067,PRICE,TRAIN,2023-09
GGBR4.SA,BEAR_VOLATILE,0.008135616376953127,1,STOP_TECNICO,59,1.5599898581009837,-0.7300003927845332,9.646079296813403,PRICE,TRAIN,2023-09
GGBR4.SA,SIDEWAYS_CALM,0.09731385044704285,1,SIGNAL,15,-0.36579692440269385,-0.08117020345815135,5.024683914839897,PRICE,TEST,2023-09
FLRY3.SA,SIDEWAYS_CALM,-0.018801061147007768,0,TIME_STOP,11,0.38240353740328786,-0.5993167171005895,34.30961849152067,PRICE,TRAIN,2023-09
FLRY3.SA,BEAR_CALM,-0.0205461891588963,0,TIME_STOP,11,0.9737673750537197,-0.05982609230796465,12.852737083727412,PRICE,TRAIN,2023-09
FLRY3.SA,BEAR_CALM,-0.056982287387105444,0,HARD_STOP,7,0.13304672027150827,1.1363941588102573,9.927767245786788,PRICE,TRAIN,2023-09
FLRY3.SA,BEAR_VOLATILE,-0.0033414848766052593,0,TIME_STOP,56,-0.20839206101842278,-0.05399559797748829,28.759825759003963,PRICE,TRAIN,2023-09
FLRY3.SA,SIDEWAYS_CALM,-0.08165979135823845,0,HARD_STOP,10,0.8454220719755079,0.12836371429973048,17.25771286091439,PRICE,TEST,2023-09
FLRY3.SA,BEAR_VOLATILE,-0.0026367834148757416,0,TIME_STOP,12,-0.5355275299675184,-2.037146963666248,34.30961849152067,PRICE,TEST,2023-09
FLRY3.SA,BEAR_VOLATILE,-0.01252923658853957,0,END_CLOSED,4,-0.2736468005214218,0.3860605908544914,33.583558749132905,PRICE,TEST,2023-09
GOAU4.SA,BEAR_VOLATILE,0.14336629797633513,1,BEAR_OPTIMIZED,21,1.1808069214642938,0.018019267804862203,34.30961849152067,PRICE,TRAIN,2023-09
GOAU4.SA,SIDEWAYS_CALM,-0.008951953845860026,0,TIME_STOP,11,-0.05402305686108905,-1.001707875484116,3.55447422113697,PRICE,TEST,2023-09
IGTI11.SA,BEAR_VOLATILE,0.07175452955270631,1,BEAR_OPTIMIZED,4,0.3563529050719155,-0.8070800538438891,9.90088368485146,PRICE,TRAIN,2023-09
IGTI11.SA,BEAR_VOLATILE,0.012639858847091602,1,BEAR_OPTIMIZED,1,1.2098837256324717,-1.0700034534504703,34.30961849152067,PRICE,TRAIN,2023-09
IGTI11.SA,BEAR_VOLATILE,0.04454529179566622,1,BEAR_OPTIMIZED,1,-0.7959419846720506,0.11681987353633576,34.30961849152067,PRICE,TRAIN,2023-09
IGTI11.SA,BEAR_CALM,0.01368952611018246,1,BEAR_OPTIMIZED,1,0.5530129075761754,-0.08333883297348328,11.938162643891127,PRICE,TRAIN,2023-09
IGTI11.SA,BEAR_CALM,-0.020845468207988625,0,TIME_STOP,11,-0.016830556573998685,0.10141720483229857,11.434572920762749,PRICE,TRAIN,2023-09
IGTI11.SA,BEAR_CALM,-0.051200000000000044,0,HARD_STOP,10,0.7501376405793054,1.8687861103598369,12.956855410008789,PRICE,TRAIN,2023-09
IGTI11.SA,BEAR_CALM,0.08299415545262354,1,BEAR_OPTIMIZED,9,1.4317943613261463,-0.8696460809038246,9.244320698127176,PRICE,TRAIN,2023-09
IGTI11.SA,BEAR_CALM,-0.016886314743941443,0,TIME_STOP,11,0.3953111062351858,-0.2935939827004795,14.233677703615335,PRICE,TEST,2023-09
IGTI11.SA,BEAR_CALM,-0.051200000000000044,0,HARD_STOP,11,-0.839315837367532,-1.667289332379631,8.868942731885054,PRICE,TEST,2023-09
IGTI11.SA,BEAR_VOLATILE,0.023827173673668024,1,END_CLOSED,2,-0.6920461244930376,-1.625709336478164,34.30961849152067,PRICE,TEST,2023-09
HAPV3.SA,SIDEWAYS_CALM,-0.051200000000000044,0,HARD_STOP,7,1.4359281457456219,0.509388551221633,13.398190866390383,PRICE,TRAIN,2023-09
HAPV3.SA,BEAR_VOLATILE,-0.053112542676493145,0,HARD_STOP,1,-0.02029585986384331,0.19279485324361278,10.400715962889404,PRICE,TRAIN,2023-09
HAPV3.SA,BEAR_VOLATILE,0.00880000000000001,1,STOP_TECNICO,64,-0.003057432658274723,0.4553333457396665,34.30961849152067,PRICE,TRAIN,2023-09
HAPV3.SA,BEAR_CALM,-0.051200000000000044,0,HARD_STOP,4,0.355779959612426,2.0762558756181524,32.4238942114316,PRICE,TEST,2023-09
HAPV3.SA,BEAR_CALM,-0.0761999858714916,0,HARD_STOP,3,-1.0367361233574777,2.0438967605874674,34.30961849152067,PRICE,TEST,2023-09
HAPV3.SA,BEAR_CALM,-0.06019705191784377,0,HARD_STOP,2,-1.6117556569901985,-0.6085509461684205,1000.0,PRICE,TEST,2023-09
HAPV3.SA,BEAR_VOLATILE,-0.051200000000000044,0,HARD_STOP,6,-1.623819678343222,0.9695337434231176,1000.0,PRICE,TEST,2023-09
HAPV3.SA,BEAR_VOLATILE,-0.051200000000000044,0,HARD_STOP,2,-0.8638047439540557,2.1063020871540217,1000.0,PRICE,TEST,2023-09
HAPV3.SA,BEAR_VOLATILE,-0.07610636846814048,0,HARD_STOP,4,-1.1265978804105203,1.0318631796603701,1000.0,PRICE,TEST,2023-09
HYPE3.SA,BEAR_VOLATILE,-0.07144312076981066,0,HARD_STOP,7,-1.073395632573116,-0.9117796086416083,34.30961849152067,PRICE,TRAIN,2023-09
HYPE3.SA,BEAR_VOLATILE,0.00880000000000001,1,STOP_TECNICO,90,-0.3427301985661785,-1.2557571341488016,34.30961849152067,PRICE,TRAIN,2023-09
HYPE3.SA,BEAR_VOLATILE,-0.001703178439545171,0,STOP_TECNICO,42,2.571404702528857,-2.4322029875034534,16.922289811054338,PRICE,TRAIN,2023-09
HYPE3.SA,BEAR_CALM,-0.017631315908025823,0,STOP_TECNICO,8,1.6249083556959214,0.4252949832143739,2.0322225257096043,PRICE,TRAIN,2023-09
HYPE3.SA,BEAR_CALM,-0.051200000000000044,0,HARD_STOP,3,0.37305304106083836,1.5250206339688246,24.408912207851138,PRICE,TEST,2023-09
HYPE3.SA,BEAR_CALM,-0.07728690525839202,0,HARD_STOP,3,0.6894679123695532,-1.3840528042719813,31.588065702853143,PRICE,TEST,2023-09
HYPE3.SA,BEAR_VOLATILE,-0.05119999999999993,0,HARD_STOP,2,1.8139976248107055,-0.16675874722157488,34.30961849152067,PRICE,TEST,2023-09
HYPE3.SA,BEAR_VOLATILE,-0.02244576052159577,0,TIME_STOP,13,1.591977649709669,-0.01765684014209238,34.30961849152067,PRICE,TEST,2023-09
HYPE3.SA,BEAR_VOLATILE,-0.036261052850096974,0,END_CLOSED,4,0.28513168956901763,0.17455936448995388,34.30961849152067,PRICE,TEST,2023-09
IRBR3.SA,BULL_CALM,0.08720616283178292,1,SIGNAL,13,-1.4545766279960965,0.32893064059694566,2.378977573427503,PRICE,TRAIN,2023-09
IRBR3.SA,SIDEWAYS_VOLATILE,-0.03467993629492574,0,TIME_STOP,11,2.6626581999911076,0.6088809664133826,19.207107986093906,PRICE,TRAIN,2023-09
IRBR3.SA,BEAR_CALM,0.00880000000000001,1,STOP_TECNICO,39,0.030063284239365176,-0.13808456969963215,34.30961849152067,PRICE,TRAIN,2023-09
IRBR3.SA,BEAR_CALM,-0.05119999999999993,0,HARD_STOP,11,0.26510639187055934,-0.05117637239993866,4.582919193661611,PRICE,TRAIN,2023-09
IRBR3.SA,BEAR_CALM,0.005856990841834754,1,STOP_TECNICO,15,-1.1992782223951597,-0.5166449531194681,2.066860743747331,PRICE,TRAIN,2023-09
IRBR3.SA,BEAR_CALM,-0.07503804731278144,0,HARD_STOP,7,-0.6831089103858577,-0.28463912909771194,2.6217317787749588,PRICE,TRAIN,2023-09
IRBR3.SA,BEAR_VOLATILE,-0.052027083731056155,0,HARD_STOP,4,0.2072604537530895,0.5137899697616871,11.601725979238141,PRICE,TRAIN,2023-09
IRBR3.SA,BEAR_VOLATILE,-0.004377581070955337,0,TIME_STOP,12,0.6136476544496773,0.30869837139035006,27.247333183036297,PRICE,TRAIN,2023-09
IRBR3.SA,BEAR_CALM,-0.007212675055821592,0,STOP_TECNICO,3,0.4611832419010464,1.6292411911070293,34.30961849152067,PRICE,TRAIN,2023-09
IRBR3.SA,BEAR_CALM,0.009031068683059564,1,STOP_TECNICO,1,1.4491342557610356,1.4672483226013404,34.30961849152067,PRICE,TRAIN,2023-09
IRBR3.SA,BEAR_CALM,-0.00023098554481051242,0,STOP_TECNICO,1,0.44347092120701354,0.9469727329846052,34.30961849152067,PRICE,TRAIN,2023-09
IRBR3.SA,BEAR_CALM,-0.051200000000000044,0,HARD_STOP,1,1.2698817596185772,0.6245176764375971,20.51947057097135,PRICE,TRAIN,2023-09
IRBR3.SA,BEAR_CALM,-0.01506961221962335,0,STOP_TECNICO,1,1.102720665098713,1.094188961889293,11.962481621204658,PRICE,TRAIN,2023-09
IRBR3.SA,BEAR_CALM,0.008793073866445324,1,STOP_TECNICO,1,1.9932836756742298,1.1762659382509761,5.971677924354886,PRICE,TRAIN,2023-09
IRBR3.SA,BEAR_CALM,-0.010878558025988493,0,STOP_TECNICO,1,1.2754072987468859,0.5995739987590439,7.980763623834254,PRICE,TRAIN,2023-09
IRBR3.SA,BEAR_CALM,-0.002920551891927768,0,STOP_TECNICO,1,0.5597211953599934,0.34890062989550774,8.948184494933088,PRICE,TRAIN,2023-09
IRBR3.SA,BULL_CALM,-0.00840295416007144,0,STOP_TECNICO,7,-0.5171595479384549,1.0942374457209798,13.511577492204706,PRICE,TEST,2023-09
IRBR3.SA,BULL_CALM,-0.02974398335111974,0,TIME_STOP,12,0.21773045560592644,-0.7511017006099432,3.015907595706943,PRICE,TEST,2023-09
IRBR3.SA,SIDEWAYS_CALM,-0.017429656019073335,0,TIME_STOP,15,0.1755576053142864,-0.23323762978764617,5.713248603473409,PRICE,TEST,2023-09
ITSA4.SA,SIDEWAYS_CALM,-0.012641754759331068,0,TIME_STOP,11,0.33920879126506426,0.8460961381678458,7.0777216296961,PRICE,TRAIN,2023-09
ITSA4.SA,BULL_CALM,-0.00496782271942111,0,TIME_STOP,12,1.499965358755486,1.8293673458874617,16.46117215292282,PRICE,TRAIN,2023-09
ITSA4.SA,SIDEWAYS_CALM,0.00880000000000001,1,STOP_TECNICO,49,1.6230653556985493,0.04160210770819747,6.2993109673784815,PRICE,TRAIN,2023-09
ITSA4.SA,BULL_CALM,-0.004027439862371772,0,TIME_STOP,12,0.6723078306634216,-1.1720996213588122,3.738009238157032,PRICE,TEST,2023-09
ITSA4.SA,SIDEWAYS_CALM,-0.051685458917472026,0,HARD_STOP,10,1.8808199065035476,-1.1778963590898583,9.664057848873309,PRICE,TEST,2023-09
ITSA4.SA,BEAR_VOLATILE,0.005321945957473685,1,BEAR_OPTIMIZED,1,-0.35008642173078897,-0.24056493991459152,34.30961849152067,PRICE,TEST,2023-09
ITSA4.SA,SIDEWAYS_VOLATILE,-0.02231920996050942,0,END_CLOSED,1,0.7677357692367729,-1.1171496901153564,15.222452401235193,PRICE,TEST,2023-09
ITUB4.SA,BULL_CALM,-0.011165765359372769,0,TIME_STOP,31,0.21489455378824535,0.009276798823390093,7.812286584745535,PRICE,TRAIN,2023-09
ITUB4.SA,BULL_VOLATILE,0.13881324269762926,1,SIGNAL,69,-0.5743652968984821,-0.9420368078125105,11.41346611973955,PRICE,TRAIN,2023-09
ITUB4.SA,BULL_CALM,-0.009838080108161139,0,TIME_STOP,12,0.26711398453636626,1.2394112817965113,3.600665310434407,PRICE,TEST,2023-09
ITUB4.SA,SIDEWAYS_CALM,-0.051200000000000044,0,HARD_STOP,11,1.9569733777755738,-1.3817001780810847,7.9038986702448994,PRICE,TEST,2023-09
ITUB4.SA,SIDEWAYS_VOLATILE,-0.0005879980373057136,0,END_CLOSED,2,0.28834240128384886,0.7203739089693001,15.615737788782821,PRICE,TEST,2023-09
LREN3.SA,BEAR_CALM,0.35839006295388665,1,BEAR_OPTIMIZED,287,1.2020300839859228,1.9451502239897442,34.30961849152067,PRICE,TRAIN,2023-09
LREN3.SA,BULL_CALM,-0.05632247392033465,0,HARD_STOP,16,0.8966178659631158,1.679701307666916,6.5288933408895025,PRICE,TEST,2023-09
LREN3.SA,BULL_VOLATILE,-0.05548227857899781,0,HARD_STOP,8,0.7662686649401282,-3.395261471530104,3.090204674895828,PRICE,TEST,2023-09
LREN3.SA,BULL_VOLATILE,-0.10281083985693798,0,HARD_STOP,1,-0.8552377091469411,-0.7491141872922334,6.243399372360145,PRICE,TEST,2023-09
LREN3.SA,SIDEWAYS_VOLATILE,0.013735021735097865,1,END_CLOSED,3,-1.1005961063885252,-0.5188685151297778,11.809177243930582,PRICE,TEST,2023-09
KLBN11.SA,BULL_CALM,-0.04083773811837501,0,TIME_STOP,11,0.28328574624218916,0.9696409898209828,4.510899228326442,PRICE,TRAIN,2023-09
KLBN11.SA,SIDEWAYS_CALM,-0.015850209046369378,0,TIME_STOP,11,0.0380582445882232,-2.20281619740281,7.649647548176277,PRICE,TRAIN,2023-09
KLBN11.SA,SIDEWAYS_VOLATILE,0.007889993610269298,1,STOP_TECNICO,45,-0.1404738012728147,-1.093497485557012,11.52746969683823,PRICE,TRAIN,2023-09
KLBN11.SA,SIDEWAYS_CALM,0.17100131959817153,1,SIGNAL,46,-0.12725316948650622,0.9852942574391643,6.114664613760195,PRICE,TRAIN,2023-09
KLBN11.SA,SIDEWAYS_VOLATILE,0.10940589494268557,1,SIGNAL,47,0.031184540160141466,1.3613792423533335,11.066325048776028,PRICE,TRAIN,2023-09
LWSA3.SA,BEAR_CALM,-0.06821032886189185,0,HARD_STOP,10,-1.9123774533855402,-1.1791858643212065,9.381967056712698,PRICE,TRAIN,2023-09
LWSA3.SA,BEAR_VOLATILE,0.00880000000000001,1,STOP_TECNICO,15,-0.6682720921012185,0.5072570836260006,13.18918359887098,PRICE,TRAIN,2023-09
LWSA3.SA,BEAR_CALM,-0.11111370523596123,0,HARD_STOP,6,-0.4599675813848144,-0.451530289917523,27.557040282468378,PRICE,TRAIN,2023-09
LWSA3.SA,BEAR_VOLATILE,0.0035620206391665313,1,STOP_TECNICO,11,1.2403408154343272,-1.0545445723862787,34.30961849152067,PRICE,TRAIN,2023-09
LWSA3.SA,BEAR_CALM,-0.05131931704842376,0,HARD_STOP,8,0.8067738563503611,-1.3583165475178718,18.853323879058593,PRICE,TRAIN,2023-09
LWSA3.SA,BEAR_CALM,0.11129996545096019,1,END_CLOSED,73,0.4695338592636103,-0.07786848287544484,9.368894768701455,PRICE,TRAIN,2023-09
LWSA3.SA,BEAR_VOLATILE,-0.051200000000000044,0,HARD_STOP,3,-0.43486386578981195,-0.866946051836658,2.5301458702250708,PRICE,TEST,2023-09
MGLU3.SA,BEAR_VOLATILE,-0.08561558308699782,0,HARD_STOP,4,-0.3038866806540278,0.36748966013961026,1000.0,PRICE,TRAIN,2023-09
MGLU3.SA,BEAR_VOLATILE,0.00880000000000001,1,STOP_TECNICO,4,-1.745019822699723,0.7197227526764334,1000.0,PRICE,TRAIN,2023-09
MGLU3.SA,BEAR_CALM,-0.051200000000000044,0,HARD_STOP,3,0.5500862399973471,-0.3353911979208276,24.23564952475973,PRICE,TRAIN,2023-09
MGLU3.SA,BEAR_VOLATILE,-0.08243038276967055,0,HARD_STOP,1,0.19741832078028376,-0.26890228711742,26.86934368538355,PRICE,TRAIN,2023-09
MGLU3.SA,BEAR_VOLATILE,-0.051200000000000044,0,HARD_STOP,8,-1.7107873763158068,0.1676645938054766,30.284734430654627,PRICE,TRAIN,2023-09
MGLU3.SA,BEAR_CALM,0.006268890289831221,1,STOP_TECNICO,3,0.3089966294671402,0.5328976652017446,15.18073209285352,PRICE,TRAIN,2023-09
MGLU3.SA,BEAR_CALM,0.00722230028454094,1,STOP_TECNICO,1,0.05862842956524988,0.02768137531530479,13.257725348131894,PRICE,TRAIN,2023-09
MGLU3.SA,BEAR_CALM,-0.007198220130705611,0,STOP_TECNICO,1,1.6543602033963594,0.5446661835652413,11.508027791567311,PRICE,TRAIN,2023-09
MGLU3.SA,BEAR_CALM,-0.0021025678054064287,0,STOP_TECNICO,1,0.5858516844081944,0.3813213734392013,10.852178547980168,PRICE,TRAIN,2023-09
MGLU3.SA,BEAR_CALM,0.00880000000000001,1,STOP_TECNICO,16,1.4147750574816544,1.4217258833282047,34.30961849152067,PRICE,TEST,2023-09
MULT3.SA,BEAR_CALM,-0.009516692706674344,0,BEAR_OPTIMIZED,1,2.7669347557021093,-0.49796025727250615,19.008200833622556,PRICE,TRAIN,2023-09
MULT3.SA,BEAR_CALM,0.012010503245862926,1,BEAR_OPTIMIZED,1,0.18659968846323405,0.19100896287903613,7.275753874874788,PRICE,TRAIN,2023-09
MULT3.SA,BEAR_CALM,-0.030420748551901154,0,TIME_STOP,11,0.15229789640657995,0.6770245775072377,10.624010798501558,PRICE,TRAIN,2023-09
MULT3.SA,BEAR_VOLATILE,-0.051200000000000044,0,HARD_STOP,1,-0.03411032784428398,-1.527707325888127,10.143342292507617,PRICE,TRAIN,2023-09
MULT3.SA,BEAR_CALM,-0.023810916670978254,0,TIME_STOP,13,-0.6386101125581185,-0.5726696884079885,9.867626100222145,PRICE,TRAIN,2023-09
MULT3.SA,BEAR_CALM,-0.005118271903698089,0,TIME_STOP,11,0.4264476609785953,-2.1724722454551877,12.04385482796727,PRICE,TRAIN,2023-09
MULT3.SA,BEAR_CALM,0.07448639958094602,1,BEAR_OPTIMIZED,23,-0.6996803851052222,-0.6911545445181027,9.995745686982355,PRICE,TRAIN,2023-09
MULT3.SA,SIDEWAYS_CALM,-0.004745929872572073,0,TIME_STOP,15,2.208025092816166,-0.369977412970402,3.617864635189847,PRICE,TEST,2023-09
MULT3.SA,SIDEWAYS_CALM,-0.031379483736895385,0,TIME_STOP,17,1.2500807380509915,0.37474643792075674,7.079564260429256,PRICE,TEST,2023-09
MULT3.SA,BEAR_VOLATILE,0.0005256301278820719,1,END_CLOSED,3,1.4142500346406128,-0.6062795360126327,22.67994348820017,PRICE,TEST,2023-09
MRVE3.SA,BEAR_VOLATILE,0.24204317674759354,1,BEAR_OPTIMIZED,21,-1.5614986535756608,-0.44747134597770455,1000.0,PRICE,TRAIN,2023-09
MRVE3.SA,BEAR_VOLATILE,-0.024217941333054903,0,TIME_STOP,18,1.7481269611567194,-0.8366667378696595,11.93027760029421,PRICE,TRAIN,2023-09
MRVE3.SA,BEAR_VOLATILE,-0.09945034131080424,0,HARD_STOP,3,1.0212791527804779,-1.1169433606423698,34.30961849152067,PRICE,TRAIN,2023-09
MRVE3.SA,BEAR_CALM,0.00880000000000001,1,STOP_TECNICO,16,0.5890805958270253,-2.051840265619832,34.30961849152067,PRICE,TRAIN,2023-09
MRVE3.SA,BEAR_CALM,-0.051200000000000044,0,HARD_STOP,4,-0.722821711987543,-0.2986157203655844,4.655187321188364,PRICE,TRAIN,2023-09
MRVE3.SA,BEAR_VOLATILE,0.007960296340817276,1,STOP_TECNICO,52,0.2993955725877649,1.2919787631926583,8.79682421576229,PRICE,TRAIN,2023-09
MRVE3.SA,SIDEWAYS_CALM,-0.051200000000000044,0,HARD_STOP,4,-0.7782443039823704,-1.4266546728263305,4.9767214550716545,PRICE,TEST,2023-09
MRVE3.SA,BEAR_CALM,-0.005510374948839346,0,TIME_STOP,15,-1.8601242979590935,-0.525899403943134,2.595684236120515,PRICE,TEST,2023-09
MRVE3.SA,BEAR_CALM,-0.13800776775513682,0,HARD_STOP,10,-1.9439987575475095,0.10491935279841816,24.23977573326493,PRICE,TEST,2023-09
MRVE3.SA,BEAR_VOLATILE,-0.04500952744256883,0,END_CLOSED,3,-1.882958228902838,-2.3750988367238315,1000.0,PRICE,TEST,2023-09
PCAR3.SA,BEAR_CALM,-0.004361133728472487,0,STOP_TECNICO,1,0.5156609438882894,0.41977626890917386,7.292926819761583,PRICE,TRAIN,2023-09
PCAR3.SA,BEAR_CALM,-0.08259536602982412,0,HARD_STOP,3,-2.01158660662572,-0.5269333072084276,15.310943647298696,PRICE,TEST,2023-09
PETR3.SA,BULL_CALM,-0.022769628815015784,0,TIME_STOP,11,-0.829116628100547,-0.4726800117811918,12.75885976150418,PRICE,TRAIN,2023-09
PETR3.SA,BULL_CALM,-0.004390275484608484,0,TIME_STOP,18,-1.1871230790149907,-2.277665002021584,4.700837352549839,PRICE,TRAIN,2023-09
PETR3.SA,BULL_CALM,0.17417621514246648,1,SIGNAL,52,-0.47374038331788665,0.6879096615541289,3.338348655137462,PRICE,TRAIN,2023-09
PETR3.SA,BULL_CALM,-0.09482752417451848,0,HARD_STOP,3,0.904325260495381,-1.99360867791934,11.987862266396741,PRICE,TRAIN,2023-09
PETR3.SA,BULL_VOLATILE,-0.0036326418030271576,0,TIME_STOP,13,1.2170214901606424,-2.639008073953216,8.075474122634583,PRICE,TRAIN,2023-09
PETR3.SA,SIDEWAYS_CALM,0.10117516303013749,1,SIGNAL,14,-0.41243006778195834,0.5252158170028737,10.540924395480921,PRICE,TRAIN,2023-09
PETR3.SA,BULL_CALM,-0.03476037485595398,0,TIME_STOP,11,0.2730115025173522,0.20726821861522832,4.565310104008895,PRICE,TEST,2023-09
PETR3.SA,SIDEWAYS_CALM,0.13341022138877298,1,SIGNAL,16,0.17917115345119042,-0.07362497142513488,6.416456607441109,PRICE,TEST,2023-09
PETR4.SA,BULL_CALM,-0.015872776167766632,0,TIME_STOP,11,-0.5385416942294626,-0.45909995873228676,14.938861466262553,PRICE,TRAIN,2023-09
PETR4.SA,BULL_CALM,0.1199510729725922,1,SIGNAL,29,0.37913627594455207,-0.43740822589749595,5.706404607241852,PRICE,TRAIN,2023-09
PETR4.SA,BULL_VOLATILE,-0.0183661588805595,0,TIME_STOP,11,1.0748678987352567,-2.974027140302699,9.656102095435141,PRICE,TRAIN,2023-09
PETR4.SA,BULL_VOLATILE,0.2260948917302444,1,SIGNAL,154,1.2307614856966422,-1.1042782347515645,11.901972348548599,PRICE,TRAIN,2023-09
PETR4.SA,SIDEWAYS_CALM,-0.0240966110795904,0,TIME_STOP,11,0.4496934099262487,0.8737523931565714,4.9652490568568,PRICE,TEST,2023-09
PETR4.SA,SIDEWAYS_CALM,0.07789596573478472,1,SIGNAL,12,0.30739746943519786,0.8047957698064566,6.940062938056428,PRICE,TEST,2023-09
PRIO3.SA,BULL_VOLATILE,-0.0024941847727948593,0,TIME_STOP,14,-0.47855303334036275,-2.94605631070046,3.597728757093661,PRICE,TRAIN,2023-09
PRIO3.SA,BULL_CALM,-0.051200000000000044,0,HARD_STOP,7,0.4486004035166547,1.1223954969984185,2.6572034324873237,PRICE,TRAIN,2023-09
PRIO3.SA,BULL_CALM,-0.006991610126791857,0,TIME_STOP,30,-0.57931052861154,0.27320158807612577,4.485952043230844,PRICE,TRAIN,2023-09
PRIO3.SA,BULL_CALM,-0.0076373123293811615,0,TIME_STOP,12,-0.450303540810433,0.9248011065983454,3.0511938084662207,PRICE,TRAIN,2023-09
PRIO3.SA,SIDEWAYS_CALM,0.007836886444942383,1,STOP_TECNICO,114,-2.1642926040457744,0.943738094802752,3.2755339169026345,PRICE,TRAIN,2023-09
PRIO3.SA,BEAR_VOLATILE,-0.05119999999999993,0,HARD_STOP,4,0.29928278979900874,0.004420362229708406,20.530350984087484,PRICE,TRAIN,2023-09
PRIO3.SA,BEAR_VOLATILE,0.04169215766480692,1,BEAR_OPTIMIZED,1,0.369479246120861,1.0717384079887298,1000.0,PRICE,TRAIN,2023-09
PRIO3.SA,BEAR_VOLATILE,-0.020642446546206637,0,BEAR_OPTIMIZED,1,1.395989303746462,0.7683106341960046,34.30961849152067,PRICE,TRAIN,2023-09
PRIO3.SA,BEAR_CALM,0.0007394383285984419,1,BEAR_OPTIMIZED,3,-0.002748822833945159,-0.8616902177802591,34.30961849152067,PRICE,TRAIN,2023-09
PRIO3.SA,BEAR_CALM,-0.051200000000000044,0,HARD_STOP,11,0.006136153866186089,0.16998648127686486,8.287502618111205,PRICE,TEST,2023-09
PRIO3.SA,BEAR_CALM,-0.004707877478920007,0,TIME_STOP,12,0.10465634003801472,-0.8767390233971488,9.324760805575597,PRICE,TEST,2023-09
RADL3.SA,SIDEWAYS_CALM,-0.011177053774047895,0,TIME_STOP,11,2.1559351918974685,-2.3031093440882278,4.056217385485438,PRICE,TRAIN,2023-09
RADL3.SA,SIDEWAYS_VOLATILE,0.1168612520744122,1,SIGNAL,14,1.296177246332971,0.4339088766942245,5.77826395380481,PRICE,TRAIN,2023-09
RADL3.SA,BEAR_VOLATILE,0.01578777560223186,1,BEAR_OPTIMIZED,1,2.2828680031101816,0.7320016722918636,11.244210659332502,PRICE,TRAIN,2023-09
RADL3.SA,BEAR_VOLATILE,-0.0008152974184744354,0,BEAR_OPTIMIZED,1,2.312391817713001,-0.347769677465434,9.915849491451162,PRICE,TRAIN,2023-09
RADL3.SA,BEAR_VOLATILE,-0.05415245719182151,0,HARD_STOP,3,2.699909291914573,-0.3557448909167577,8.764982402366645,PRICE,TRAIN,2023-09
RADL3.SA,BEAR_VOLATILE,0.005928918772688842,1,BEAR_OPTIMIZED,2,1.7029592983657393,-0.16013909584758573,14.37668989371859,PRICE,TRAIN,2023-09
RADL3.SA,BEAR_VOLATILE,0.011448178391812426,1,BEAR_OPTIMIZED,6,0.7547772043341109,0.1762562189164225,31.756536101220217,PRICE,TRAIN,2023-09
RADL3.SA,BEAR_CALM,0.016669765702539953,1,BEAR_OPTIMIZED,10,1.6242415548447697,1.4974569302615717,5.141129088629982,PRICE,TRAIN,2023-09
RADL3.SA,BEAR_VOLATILE,0.02886029515740627,1,BEAR_OPTIMIZED,9,1.2237874848294399,-0.5826824945026352,8.005429604885766,PRICE,TRAIN,2023-09
RADL3.SA,BEAR_VOLATILE,0.051861266515835426,1,BEAR_OPTIMIZED,3,1.2108414583154712,-0.29637023354659264,6.28667826492432,PRICE,TRAIN,2023-09
RADL3.SA,BEAR_CALM,0.05153839180281126,1,BEAR_OPTIMIZED,13,-0.14017223561284695,0.39188317836572484,32.247162706626064,PRICE,TEST,2023-09
RADL3.SA,BEAR_CALM,0.0059229611168091015,1,END_CLOSED,7,-1.5588374851222393,2.1607979789609826,7.125628720031629,PRICE,TEST,2023-09
RAIL3.SA,BULL_CALM,0.00880000000000001,1,STOP_TECNICO,54,-0.24887741438327957,0.7932541156086856,3.789806404094853,PRICE,TRAIN,2023-09
RAIL3.SA,SIDEWAYS_CALM,0.09280540394630274,1,SIGNAL,23,-0.4700211020466767,-0.8668346969139944,1.752036721009931,PRICE,TRAIN,2023-09
RAIL3.SA,SIDEWAYS_CALM,-0.005243167840325434,0,TIME_STOP,12,0.7404088044903572,-1.4354590115463426,2.3083162317159753,PRICE,TRAIN,2023-09
RAIL3.SA,SIDEWAYS_CALM,-0.01843350338495333,0,TIME_STOP,28,1.0426455502318923,0.6391334694792036,3.0905649977732943,PRICE,TRAIN,2023-09
RAIL3.SA,BEAR_VOLATILE,-0.0104095258129411,0,TIME_STOP,14,3.8589466514896906,0.8227612172635153,12.252420000578029,PRICE,TRAIN,2023-09
RAIL3.SA,BEAR_CALM,-0.02615207272626565,0,TIME_STOP,11,3.1727973586031055,-0.15379153806003576,8.368882483295161,PRICE,TRAIN,2023-09
RAIL3.SA,BEAR_CALM,-0.008794900228700463,0,TIME_STOP,12,0.8787764879433558,-1.1529709913703756,22.828695691028933,PRICE,TRAIN,2023-09
RAIL3.SA,BEAR_CALM,0.0932473384924962,1,BEAR_OPTIMIZED,10,1.402458927597033,0.1419399753076789,15.911222512360167,PRICE,TRAIN,2023-09
RAIL3.SA,BEAR_CALM,0.00880000000000001,1,STOP_TECNICO,17,-0.36281074433274424,0.6682231913073102,1000.0,PRICE,TEST,2023-09
RAIZ4.SA,BEAR_CALM,-0.007152375461590109,0,TIME_STOP,11,0.08971192220060371,1.8347030803747657,16.408303432403244,PRICE,TRAIN,2023-09
RAIZ4.SA,BEAR_CALM,-0.0560780696119745,0,HARD_STOP,2,-1.7384666825288242,1.3293769317940842,9.879356839688189,PRICE,TRAIN,2023-09
RAIZ4.SA,BEAR_VOLATILE,0.002167000123544184,1,STOP_TECNICO,26,-0.9013213842992783,1.39533776302022,1000.0,PRICE,TRAIN,2023-09
RAIZ4.SA,BEAR_CALM,-0.0645333524068197,0,HARD_STOP,8,-1.6028833673118836,0.8353502080188853,13.407595012225213,PRICE,TRAIN,2023-09
RAIZ4.SA,BEAR_CALM,-0.06671725895594696,0,HARD_STOP,8,-2.0864809557000963,-0.21573865446840454,18.188146349999343,PRICE,TRAIN,2023-09
RAIZ4.SA,BEAR_CALM,0.2451235548700633,1,BEAR_OPTIMIZED,64,-1.0297042604894557,-0.6475529293985474,22.153327256872966,PRICE,TRAIN,2023-09
RAIZ4.SA,BEAR_CALM,-0.028691463836777474,0,TIME_STOP,11,0.24224229089353497,0.22996088285185237,8.661029673657037,PRICE,TEST,2023-09
RAIZ4.SA,BEAR_CALM,-0.051200000000000044,0,HARD_STOP,4,-0.48570058980802866,-1.8455030657431317,13.48576906303736,PRICE,TEST,2023-09
RAIZ4.SA,BEAR_VOLATILE,-0.017199984741210893,0,TIME_STOP,18,0.4652166242754297,0.3800995100705419,1000.0,PRICE,TEST,2023-09
RDOR3.SA,BEAR_CALM,0.3491355377061177,1,BEAR_OPTIMIZED,195,0.4844316133767986,-0.08672921844445948,32.19332757431199,PRICE,TRAIN,2023-09
RDOR3.SA,BULL_CALM,-0.011888091543447186,0,TIME_STOP,12,0.4136740072330392,0.970510816275533,11.854057141972524,PRICE,TEST,2023-09
RDOR3.SA,BULL_CALM,-0.01992660697588302,0,TIME_STOP,13,0.10236878613965733,1.1831283502917709,16.012785995734948,PRICE,TEST,2023-09
RDOR3.SA,SIDEWAYS_CALM,-0.051200000000000044,0,HARD_STOP,2,-1.093755060414725,-0.24805809761511236,28.87113536098513,PRICE,TEST,2023-09
RDOR3.SA,BEAR_VOLATILE,0.018145126668141033,1,END_CLOSED,2,-0.6330426185729279,-0.30147842698181315,26.67898429327512,PRICE,TEST,2023-09
RECV3.SA,BEAR_CALM,-0.011633039474111782,0,TIME_STOP,18,-0.5827502128973862,1.2531527659618735,7.217459138150378,PRICE,TRAIN,2023-09
RECV3.SA,BEAR_CALM,-0.004545664306731777,0,TIME_STOP,21,0.982699278309526,-0.41183266227258675,3.2310215313905575,PRICE,TRAIN,2023-09
RECV3.SA,BEAR_CALM,0.12421436477418676,1,BEAR_OPTIMIZED,15,-0.5945858076481432,0.6390349938730819,4.7189915365878745,PRICE,TRAIN,2023-09
RECV3.SA,BEAR_CALM,-0.02517663865445354,0,TIME_STOP,11,0.9244781061126109,0.9986430977699393,34.30961849152067,PRICE,TEST,2023-09
RENT3.SA,BEAR_VOLATILE,-0.003748960955755741,0,TIME_STOP,11,-1.69926825442162,0.2685984762927492,1000.0,PRICE,TRAIN,2023-09
RENT3.SA,BEAR_VOLATILE,-0.03689966309533945,0,TIME_STOP,15,1.3719016979921204,0.7685865462604644,3.1143499349603263,PRICE,TRAIN,2023-09
RENT3.SA,BEAR_CALM,-0.051200000000000044,0,HARD_STOP,8,0.1655082616835726,-0.5930183307182587,6.244739915593464,PRICE,TRAIN,2023-09
RENT3.SA,BEAR_VOLATILE,-0.051200000000000155,0,HARD_STOP,6,-2.0576503010049048,-0.5570420551985733,30.37425905954308,PRICE,TRAIN,2023-09
RENT3.SA,BEAR_VOLATILE,-0.05996736912610936,0,HARD_STOP,7,-1.2192673107673266,1.150900526296815,34.30961849152067,PRICE,TRAIN,2023-09
RENT3.SA,BEAR_CALM,-0.006676227769512731,0,STOP_TECNICO,3,1.004134504203059,-0.7725941642863774,28.168869275762518,PRICE,TRAIN,2023-09
RENT3.SA,BEAR_VOLATILE,-0.051200000000000044,0,HARD_STOP,1,-0.6164772777617292,0.777352155754914,1.669955294224213,PRICE,TEST,2023-09
RENT3.SA,BEAR_VOLATILE,-0.051200000000000044,0,HARD_STOP,2,-0.1439134571848185,0.11421929712573664,10.626654494083288,PRICE,TEST,2023-09
SBSP3.SA,BULL_CALM,-0.019201375140205944,0,TIME_STOP,11,-0.48771475955419796,1.1365275240244677,6.8328801405193085,PRICE,TRAIN,2023-09
SBSP3.SA,BULL_CALM,-0.019437507866759927,0,TIME_STOP,11,1.1331353850985804,0.8049243325569534,6.7353435422625605,PRICE,TRAIN,2023-09
SBSP3.SA,BULL_VOLATILE,-0.012123126566674046,0,TIME_STOP,11,1.6996305550102193,-1.836895445330807,12.572313461781397,PRICE,TRAIN,2023-09
SBSP3.SA,BULL_VOLATILE,0.3291716511452748,1,SIGNAL,58,-0.9712491574844007,-1.7772935840472421,11.234621794541336,PRICE,TRAIN,2023-09
SBSP3.SA,BULL_CALM,0.017482202750659682,1,END_CLOSED,35,2.025334281626873,0.05275043544624839,15.078300069252837,PRICE,TEST,2023-09
SLCE3.SA,BEAR_CALM,0.06441912816702575,1,BEAR_OPTIMIZED,14,0.35287395376113895,0.27211504322493285,34.30961849152067,PRICE,TRAIN,2023-09
SLCE3.SA,BEAR_CALM,0.0682444698373462,1,BEAR_OPTIMIZED,13,0.04429143466154548,1.1521598448951453,7.8141642166088054,PRICE,TRAIN,2023-09
SLCE3.SA,BEAR_CALM,0.07805793390945057,1,BEAR_OPTIMIZED,9,-0.09814092285144659,1.1829996849800635,2.1813719855443363,PRICE,TRAIN,2023-09
SLCE3.SA,BEAR_CALM,-0.003495014031088449,0,TIME_STOP,22,1.7424518338940345,-0.5580861116898779,6.982003344338334,PRICE,TRAIN,2023-09
SLCE3.SA,BEAR_VOLATILE,0.04731597675009711,1,BEAR_OPTIMIZED,4,0.5690699301119245,-0.7362104228098607,9.314245609185152,PRICE,TRAIN,2023-09
SLCE3.SA,BEAR_CALM,-0.004644328513600769,0,END_CLOSED,4,-0.5739002910261877,-0.10144909324105994,7.761413738363932,PRICE,TRAIN,2023-09
SLCE3.SA,BEAR_CALM,0.07227665924544477,1,BEAR_OPTIMIZED,11,0.653273619065055,0.22742512276060156,2.9514320828217433,PRICE,TEST,2023-09
SANB11.SA,BEAR_CALM,0.05822333640593267,1,BEAR_OPTIMIZED,14,-1.7527116883745542,-1.0654419269108708,5.259222440338774,PRICE,TRAIN,2023-09
SANB11.SA,SIDEWAYS_CALM,-0.004508889624901612,0,TIME_STOP,31,0.9428890424112504,0.7386293359504816,6.024370508465131,PRICE,TRAIN,2023-09
SANB11.SA,SIDEWAYS_CALM,-0.03843984012762094,0,TIME_STOP,13,0.5731799126116615,-2.226708481214166,21.854347070197225,PRICE,TEST,2023-09
SANB11.SA,BEAR_VOLATILE,-0.018543211536032687,0,TIME_STOP,11,2.169719415891058,-1.595456337994136,1000.0,PRICE,TEST,2023-09
SUZB3.SA,BULL_VOLATILE,-0.0035268917457136548,0,TIME_STOP,35,0.9196351287170657,-0.16556318176663187,14.281449243844424,PRICE,TRAIN,2023-09
SUZB3.SA,BULL_CALM,0.11730396710869026,1,SIGNAL,29,0.8496196765439151,0.34873122534984613,6.062845584339047,PRICE,TRAIN,2023-09
SUZB3.SA,SIDEWAYS_VOLATILE,-0.022855852467197922,0,TIME_STOP,13,-2.7365820300808426,-7.5967352698734425,15.000632412298556,PRICE,TRAIN,2023-09
SUZB3.SA,BEAR_VOLATILE,-0.051200000000000044,0,HARD_STOP,8,-1.926222175412047,-1.6406036709442235,1000.0,PRICE,TRAIN,2023-09
SUZB3.SA,BEAR_CALM,0.1639677437905974,1,BEAR_OPTIMIZED,16,-0.35309805024003604,0.9066297586532097,34.30961849152067,PRICE,TRAIN,2023-09
SMFT3.SA,BULL_CALM,0.1749660266321945,1,SIGNAL,25,-0.04267436850913626,0.2950174464902922,6.42997305023124,PRICE,TRAIN,2023-09
SMFT3.SA,SIDEWAYS_VOLATILE,0.0026395779608575434,1,STOP_TECNICO,21,1.2597167856169134,0.23857066571144395,5.598117515484499,PRICE,TRAIN,2023-09
SMFT3.SA,SIDEWAYS_CALM,-0.01070331664061621,0,TIME_STOP,12,-1.4887372789012572,0.24725457656995609,4.8645038347361815,PRICE,TRAIN,2023-09
SMFT3.SA,BEAR_VOLATILE,0.01731838161001118,1,BEAR_OPTIMIZED,1,0.4246718223928909,-0.206342397387884,34.30961849152067,PRICE,TRAIN,2023-09
SMFT3.SA,BEAR_VOLATILE,0.009581667440462384,1,BEAR_OPTIMIZED,2,-0.1507459339115804,-0.9322606235660756,22.403003794114063,PRICE,TRAIN,2023-09
SMFT3.SA,SIDEWAYS_CALM,-0.051200000000000044,0,HARD_STOP,7,-0.22904951252179942,-0.22513119754317348,14.862138215782242,PRICE,TRAIN,2023-09
SMFT3.SA,BEAR_CALM,0.001120346965213327,1,BEAR_OPTIMIZED,1,1.4997174943145075,0.6897624876983861,19.04371763086822,PRICE,TRAIN,2023-09
SMFT3.SA,BEAR_CALM,0.0015946198966026793,1,BEAR_OPTIMIZED,1,1.1976683687843128,1.393805786279967,17.806124577944093,PRICE,TRAIN,2023-09
SMFT3.SA,BEAR_CALM,-0.00280064048055486,0,BEAR_OPTIMIZED,3,1.4866775034408102,1.122149600262376,13.960178860190625,PRICE,TRAIN,2023-09
SMFT3.SA,BEAR_CALM,0.048776247962343124,1,BEAR_OPTIMIZED,1,-0.4615853417780413,0.04165331932286736,11.64499299653682,PRICE,TRAIN,2023-09
SMFT3.SA,BEAR_CALM,0.005842382978332374,1,BEAR_OPTIMIZED,5,0.24821127494305886,0.5633627673511539,4.240110376645026,PRICE,TRAIN,2023-09
SMFT3.SA,BEAR_CALM,-0.051200000000000044,0,HARD_STOP,6,0.8796476818311822,-0.3872614767920251,4.730314262754909,PRICE,TRAIN,2023-09
SMFT3.SA,BEAR_CALM,0.03384679844078895,1,BEAR_OPTIMIZED,1,1.8079554226965036,0.8014448469926002,5.566570929738307,PRICE,TRAIN,2023-09
SMFT3.SA,BEAR_CALM,0.01987728583307189,1,BEAR_OPTIMIZED,2,1.6424873569933962,0.3866646989106058,3.904708059380949,PRICE,TEST,2023-09
SMFT3.SA,BEAR_CALM,0.026340498540108205,1,BEAR_OPTIMIZED,3,1.2349819554129806,0.22030561887872854,4.0162098147561345,PRICE,TEST,2023-09
SMFT3.SA,BEAR_CALM,-0.06225770767450558,0,HARD_STOP,11,1.23138539658229,-0.6756817200700911,3.066107849785501,PRICE,TEST,2023-09
SMFT3.SA,BEAR_VOLATILE,-0.05421444624766527,0,HARD_STOP,2,-0.9799292275836229,0.5157216287796189,10.71201487967888,PRICE,TEST,2023-09
SMFT3.SA,BEAR_VOLATILE,0.014786791633202158,1,END_CLOSED,2,-1.0220220905974633,0.025074784044348538,34.30961849152067,PRICE,TEST,2023-09
TAEE11.SA,SIDEWAYS_CALM,-0.0019586458265338433,0,TIME_STOP,46,-0.6165792770083284,-0.8695172669878513,4.224308711825348,PRICE,TRAIN,2023-09
TAEE11.SA,SIDEWAYS_VOLATILE,0.06380147234813202,1,SIGNAL,53,0.7400792841977903,1.11300375227528,6.521679906942089,PRICE,TRAIN,2023-09
TAEE11.SA,SIDEWAYS_CALM,0.014876130238227515,1,END_CLOSED,8,-1.1105039806805534,0.7744781066447783,3.320092621907029,PRICE,TEST,2023-09
TOTS3.SA,BEAR_CALM,-0.017523323821523572,0,TIME_STOP,11,0.8192906685158803,0.6828681798104266,7.966742883205642,PRICE,TRAIN,2023-09
TOTS3.SA,BEAR_VOLATILE,0.09917170818676566,1,BEAR_OPTIMIZED,36,-1.4662076137590048,-0.195614575563081,9.201777564957231,PRICE,TRAIN,2023-09
TOTS3.SA,BEAR_VOLATILE,0.10599547585602162,1,BEAR_OPTIMIZED,4,-0.7463587160471141,1.166204315417303,7.536265349449105,PRICE,TRAIN,2023-09
TOTS3.SA,BEAR_VOLATILE,0.0004261514364208641,1,END_CLOSED,8,0.626305293757839,-0.14084677234069165,5.401004120550309,PRICE,TEST,2023-09
TIMS3.SA,BULL_CALM,0.057662777569185676,1,SIGNAL,5,-0.46410218903090084,-1.2454176436913398,5.600318857790554,PRICE,TRAIN,2023-09
TIMS3.SA,BULL_CALM,-0.008072915147033365,0,TIME_STOP,11,-0.7733553420704624,-1.099816716668929,3.62306715807564,PRICE,TRAIN,2023-09
TIMS3.SA,BULL_VOLATILE,-0.03683193802712361,0,TIME_STOP,13,-1.7928242305677085,-1.4574207492926652,1.7803357217884812,PRICE,TRAIN,2023-09
TIMS3.SA,SIDEWAYS_VOLATILE,-0.02726066988855993,0,TIME_STOP,11,-0.8740349303524133,0.16424581164710472,4.699192398683393,PRICE,TRAIN,2023-09
TIMS3.SA,BEAR_VOLATILE,-0.015747795397015672,0,BEAR_OPTIMIZED,1,-0.5742246212832479,1.8635635703717959,11.94855023550237,PRICE,TRAIN,2023-09
TIMS3.SA,BEAR_CALM,-0.0018373772136176735,0,BEAR_OPTIMIZED,1,-0.2977049403632677,1.8112592823730123,15.161080222642655,PRICE,TRAIN,2023-09
TIMS3.SA,SIDEWAYS_CALM,-0.006263244927661969,0,TIME_STOP,11,-0.41810561735778906,1.755089869599208,14.035838869906936,PRICE,TRAIN,2023-09
TIMS3.SA,SIDEWAYS_VOLATILE,-0.05175177417479284,0,HARD_STOP,7,0.8159862461973397,-0.6314312915278737,3.4888813048418372,PRICE,TEST,2023-09
TIMS3.SA,BEAR_CALM,-0.0018197626012988121,0,BEAR_OPTIMIZED,1,-1.4557925476727325,-0.24230122609195687,34.30961849152067,PRICE,TEST,2023-09
TIMS3.SA,BEAR_CALM,0.02022407821299397,1,BEAR_OPTIMIZED,1,-1.624808869897269,-0.059879332398797704,34.30961849152067,PRICE,TEST,2023-09
TIMS3.SA,BEAR_CALM,-0.051200000000000044,0,HARD_STOP,2,-1.3260326072490967,-0.5118711127413739,23.091501217284154,PRICE,TEST,2023-09
USIM5.SA,BEAR_CALM,0.2727495677097246,1,BEAR_OPTIMIZED,27,-1.3019011411677752,-0.6261011684533923,34.30961849152067,PRICE,TRAIN,2023-09
USIM5.SA,SIDEWAYS_VOLATILE,-0.01118756532549816,0,TIME_STOP,17,0.4833738382887336,-1.824821221750242,29.030197881159886,PRICE,TRAIN,2023-09
USIM5.SA,BEAR_CALM,-0.0629760643824673,0,HARD_STOP,7,0.5041233367055977,1.0016115337396057,25.66903440915098,PRICE,TRAIN,2023-09
USIM5.SA,BEAR_VOLATILE,0.2115659516905127,1,BEAR_OPTIMIZED,37,-0.36917897525473703,1.2074091216848213,34.30961849152067,PRICE,TRAIN,2023-09
USIM5.SA,BEAR_CALM,-0.1568175543690862,0,HARD_STOP,3,0.5436847761593432,-1.7071411195776398,4.354232927014611,PRICE,TRAIN,2023-09
USIM5.SA,BEAR_VOLATILE,0.029781037884917795,1,END_CLOSED,32,0.708865495566246,-1.372272099857247,27.750126640642524,PRICE,TRAIN,2023-09
UGPA3.SA,BULL_CALM,-0.016435916142203875,0,TIME_STOP,11,1.1102412308552194,-0.21733746422541056,7.9508521457388275,PRICE,TRAIN,2023-09
UGPA3.SA,BULL_VOLATILE,-0.051200000000000044,0,HARD_STOP,7,1.9654816562878041,-0.09020284027302758,17.26830666358192,PRICE,TRAIN,2023-09
UGPA3.SA,BULL_VOLATILE,-0.03310646056282209,0,TIME_STOP,13,1.2586534814246697,-0.4202359836273036,34.30961849152067,PRICE,TRAIN,2023-09
UGPA3.SA,BEAR_VOLATILE,-0.002937668851250373,0,BEAR_OPTIMIZED,1,-0.4831630848227186,-0.8886169779934521,1000.0,PRICE,TRAIN,2023-09
UGPA3.SA,BEAR_VOLATILE,0.00857338321050314,1,BEAR_OPTIMIZED,1,0.530280676288797,-0.9461193947427073,34.30961849152067,PRICE,TRAIN,2023-09
UGPA3.SA,BEAR_VOLATILE,-0.006696985669254495,0,BEAR_OPTIMIZED,1,0.39451726240034296,1.2848453741359014,1000.0,PRICE,TRAIN,2023-09
UGPA3.SA,BEAR_VOLATILE,0.008115491016396172,1,BEAR_OPTIMIZED,1,0.011499707943216619,0.07831025503827754,1000.0,PRICE,TRAIN,2023-09
UGPA3.SA,BEAR_VOLATILE,0.0015868394328403047,1,BEAR_OPTIMIZED,1,0.480208615010094,0.5083266222416055,34.30961849152067,PRICE,TRAIN,2023-09
UGPA3.SA,BEAR_VOLATILE,-0.01751162744316872,0,BEAR_OPTIMIZED,1,0.7396653721004907,-0.5539707619154538,34.30961849152067,PRICE,TRAIN,2023-09
UGPA3.SA,BEAR_CALM,-0.011779416858645163,0,BEAR_OPTIMIZED,1,-0.7884480045142944,1.5993817691461987,27.03841623740038,PRICE,TRAIN,2023-09
UGPA3.SA,BEAR_CALM,0.06228433601730319,1,BEAR_OPTIMIZED,15,-0.003798584069218873,-0.31348235008447123,10.93282117556688,PRICE,TEST,2023-09
UGPA3.SA,BEAR_CALM,-0.051200000000000044,0,HARD_STOP,5,-0.20495536586031463,-0.7281100534687919,13.46513973205579,PRICE,TEST,2023-09
UGPA3.SA,BEAR_VOLATILE,-0.08287650024335716,0,HARD_STOP,3,1.3376118009351925,0.41058443334511946,20.736816681730886,PRICE,TEST,2023-09
UGPA3.SA,BEAR_VOLATILE,-0.0012,0,END_CLOSED,3,0.7751387602149167,0.6736932468394428,28.793118360308018,PRICE,TEST,2023-09
VALE3.SA,BEAR_CALM,0.12068890160135823,1,BEAR_OPTIMIZED,12,0.7188172659909238,-0.07221629705124907,5.762596702127509,PRICE,TRAIN,2023-09
VALE3.SA,BEAR_CALM,-0.005633849049399918,0,TIME_STOP,11,0.6674822823703708,0.45813469240348387,34.30961849152067,PRICE,TRAIN,2023-09
VALE3.SA,BEAR_CALM,0.09087916116460412,1,BEAR_OPTIMIZED,51,-0.16218210732164723,-1.0829837768388597,9.54997948265072,PRICE,TRAIN,2023-09
VALE3.SA,BEAR_CALM,-0.0035189419728639745,0,TIME_STOP,48,0.132983742456919,1.2382539686968927,6.617139892387918,PRICE,TRAIN,2023-09
VALE3.SA,BEAR_CALM,-0.0150912781137136,0,TIME_STOP,11,0.7551444223063228,0.7535953271382021,11.415828317699418,PRICE,TRAIN,2023-09
VALE3.SA,BEAR_CALM,-0.008746527524379676,0,TIME_STOP,15,0.4805540910324833,1.0241176220341404,6.291436228844974,PRICE,TRAIN,2023-09
VALE3.SA,BEAR_VOLATILE,-0.0073231118051756625,0,TIME_STOP,23,-1.2964284306961853,0.5460445838748754,5.893486170135814,PRICE,TEST,2023-09
VBBR3.SA,BULL_CALM,-0.00465272588768275,0,TIME_STOP,30,0.4348327338652605,1.495271177479561,5.55577430308599,PRICE,TRAIN,2023-09
VBBR3.SA,BULL_CALM,-0.0518830320946694,0,HARD_STOP,4,0.2755805063294265,0.4355716448396288,4.733473041297723,PRICE,TRAIN,2023-09
VBBR3.SA,BEAR_VOLATILE,0.0059803545552480145,1,BEAR_OPTIMIZED,1,1.2414856146367015,1.4107761361771098,1000.0,PRICE,TRAIN,2023-09
VBBR3.SA,BEAR_VOLATILE,0.022838190664166015,1,BEAR_OPTIMIZED,3,1.6313949792090343,1.584301097901571,1000.0,PRICE,TRAIN,2023-09
VBBR3.SA,SIDEWAYS_VOLATILE,-0.06647779264056566,0,HARD_STOP,6,1.6776848018496051,1.7531618540492273,25.15169686530535,PRICE,TRAIN,2023-09
VBBR3.SA,BEAR_CALM,-0.03019246347337192,0,BEAR_OPTIMIZED,1,1.5704218402047456,1.7610503537883737,24.722446961719694,PRICE,TRAIN,2023-09
VBBR3.SA,BEAR_CALM,0.016343863623671774,1,BEAR_OPTIMIZED,1,0.750511928414569,0.46283583993700067,29.919278655428784,PRICE,TRAIN,2023-09
VBBR3.SA,SIDEWAYS_CALM,-0.019333626203718722,0,TIME_STOP,11,0.027894151939117914,-2.545133613233602,16.223096799613334,PRICE,TEST,2023-09
VBBR3.SA,BEAR_CALM,-0.019660111943392254,0,BEAR_OPTIMIZED,4,1.3685784402386776,-2.1238507079589763,24.59003314249787,PRICE,TEST,2023-09
VBBR3.SA,BEAR_CALM,0.010267893910177996,1,BEAR_OPTIMIZED,1,-0.6278563282465116,-0.6707851880467749,18.60354097078648,PRICE,TEST,2023-09
VBBR3.SA,BEAR_CALM,-0.051200000000000044,0,HARD_STOP,1,-1.1543454116516967,0.3062837641897865,20.59602994620906,PRICE,TEST,2023-09
VBBR3.SA,BEAR_VOLATILE,-0.011494024740581942,0,END_CLOSED,3,-0.0676671472201799,-0.10003967840014787,19.204266143152328,PRICE,TEST,2023-09
VIVT3.SA,BULL_CALM,-0.012945750186519799,0,TIME_STOP,11,0.7738161509659071,1.0911880044413973,6.268630814070448,PRICE,TRAIN,2023-09
VIVT3.SA,SIDEWAYS_CALM,-0.05119999999999993,0,HARD_STOP,10,-0.637958831699955,0.41364322910717444,13.212807477495339,PRICE,TRAIN,2023-09
VIVT3.SA,BEAR_VOLATILE,0.010717734721238693,1,BEAR_OPTIMIZED,1,-0.7678211281753148,-2.265392749290457,18.98404649607682,PRICE,TRAIN,2023-09
VIVT3.SA,SIDEWAYS_VOLATILE,-0.01345818296545711,0,TIME_STOP,11,-1.2865851271054896,-1.8096062997118783,11.946889413289943,PRICE,TRAIN,2023-09
VIVT3.SA,BEAR_VOLATILE,0.024540286714984073,1,BEAR_OPTIMIZED,1,-1.5623425230226613,-0.6068650263683907,25.34260894321098,PRICE,TRAIN,2023-09
VIVT3.SA,BEAR_CALM,0.002325248945027482,1,BEAR_OPTIMIZED,1,-1.5733912755084118,0.15891961132776794,11.90550374413449,PRICE,TRAIN,2023-09
VIVT3.SA,BEAR_CALM,0.007688763229952135,1,BEAR_OPTIMIZED,4,-1.350312580691245,0.8969451660013524,12.16334576917614,PRICE,TRAIN,2023-09
VIVT3.SA,BEAR_CALM,0.007109240519111194,1,BEAR_OPTIMIZED,2,-1.2875623730279098,1.0476024661901724,12.023739460606075,PRICE,TRAIN,2023-09
VIVT3.SA,BEAR_CALM,0.019341927212793576,1,BEAR_OPTIMIZED,7,-1.0741051179493835,0.9379155349975251,12.675524039215576,PRICE,TRAIN,2023-09
VIVT3.SA,BULL_CALM,-0.005303601762783015,0,TIME_STOP,13,-0.2840407928955008,0.012222722689446101,5.792648514243384,PRICE,TEST,2023-09
VIVT3.SA,BULL_CALM,-0.024357782894125178,0,TIME_STOP,13,-1.6042210703560527,-0.2715562970719569,4.8297361495526205,PRICE,TEST,2023-09
VIVT3.SA,SIDEWAYS_VOLATILE,0.04138336102072602,1,END_CLOSED,4,-0.8006731129516912,1.6596505127293697,17.85176923008854,PRICE,TEST,2023-09
YDUQ3.SA,BULL_CALM,-0.03181790578636847,0,TIME_STOP,11,-2.043172144062828,0.5980870293774232,2.8266312207584945,PRICE,TRAIN,2023-09
YDUQ3.SA,BULL_CALM,0.2252472749063795,1,SIGNAL,32,-1.324420757229364,-0.7938128100651726,3.944448217357583,PRICE,TRAIN,2023-09
YDUQ3.SA,SIDEWAYS_CALM,-0.017014347120451266,0,TIME_STOP,15,0.1359211818433756,0.3865730226848636,4.0320702163188145,PRICE,TRAIN,2023-09
YDUQ3.SA,BEAR_CALM,-0.03934002233260205,0,BEAR_OPTIMIZED,3,2.3449532169286567,-1.4826611676603534,7.165951899473311,PRICE,TRAIN,2023-09
YDUQ3.SA,BEAR_VOLATILE,-0.035497918646104874,0,BEAR_OPTIMIZED,1,0.6064214544431392,-0.35633831073725913,5.311071331464588,PRICE,TRAIN,2023-09
YDUQ3.SA,BEAR_VOLATILE,-0.051200000000000044,0,HARD_STOP,1,0.33578028747307853,-0.5965626807278908,7.624882691699606,PRICE,TRAIN,2023-09
YDUQ3.SA,BEAR_VOLATILE,-0.06711448165216508,0,HARD_STOP,3,1.3071162882158338,-0.5791347523283664,17.410163653248485,PRICE,TRAIN,2023-09
YDUQ3.SA,BEAR_VOLATILE,-0.007852002894542597,0,STOP_TECNICO,27,1.2821734065236337,1.3244672990898272,1000.0,PRICE,TRAIN,2023-09
YDUQ3.SA,BEAR_VOLATILE,0.002790457752553356,1,STOP_TECNICO,9,2.01441195404912,0.04895071645191308,34.30961849152067,PRICE,TRAIN,2023-09
YDUQ3.SA,BEAR_VOLATILE,-0.06148070969100785,0,HARD_STOP,7,1.702745978222076,-1.4989376094924782,34.30961849152067,PRICE,TRAIN,2023-09
YDUQ3.SA,BEAR_VOLATILE,-0.05142034929378838,0,HARD_STOP,5,0.9219136638066114,-2.0700154074782904,31.00544360522372,PRICE,TRAIN,2023-09
YDUQ3.SA,BEAR_VOLATILE,-0.051200000000000044,0,HARD_STOP,2,0.7532307098075341,-0.10885360835730944,24.72815793528413,PRICE,TRAIN,2023-09
YDUQ3.SA,BEAR_CALM,-0.01914142313997682,0,STOP_TECNICO,1,1.1744119177384706,0.014043586095018561,26.512316990936526,PRICE,TRAIN,2023-09
YDUQ3.SA,BEAR_CALM,0.017396866190081718,1,STOP_TECNICO,1,1.835708651534083,1.3522814109810646,14.907099939084585,PRICE,TRAIN,2023-09
YDUQ3.SA,BEAR_CALM,-0.009603268132208152,0,STOP_TECNICO,1,2.2092184847367884,1.3372205296938804,19.939548587811647,PRICE,TRAIN,2023-09
YDUQ3.SA,BEAR_CALM,-0.012198997527477017,0,STOP_TECNICO,1,1.1166131835508124,1.3398603762160413,8.950131555312648,PRICE,TRAIN,2023-09
YDUQ3.SA,BEAR_CALM,-0.051200000000000044,0,HARD_STOP,1,0.5181024249001105,1.009986366043228,6.476584044950372,PRICE,TRAIN,2023-09
YDUQ3.SA,BEAR_CALM,0.0067840016877863465,1,STOP_TECNICO,1,0.2773352515227544,0.998951195635813,7.1952201111279885,PRICE,TRAIN,2023-09
YDUQ3.SA,BEAR_CALM,0.034399146573369156,1,STOP_TECNICO,3,1.1885827617075402,0.9880297647215924,5.9993603824194395,PRICE,TRAIN,2023-09
YDUQ3.SA,BEAR_CALM,-0.047505332788503794,0,STOP_TECNICO,1,0.6382269200337579,0.10074588431756469,4.084440284063941,PRICE,TRAIN,2023-09
WEGE3.SA,BEAR_CALM,-0.07040998505640719,0,HARD_STOP,5,0.3383818505499803,-2.846360210870676,18.890256546117538,PRICE,TRAIN,2023-09
WEGE3.SA,BEAR_VOLATILE,0.09167906806440404,1,BEAR_OPTIMIZED,36,0.11467337465909055,-2.393282510559947,9.428762793506149,PRICE,TRAIN,2023-09
WEGE3.SA,BEAR_VOLATILE,0.10913650482211876,1,BEAR_OPTIMIZED,22,1.5195281913927434,1.5264996154465227,16.894779303572847,PRICE,TRAIN,2023-09
WEGE3.SA,BULL_CALM,-0.007377370794658188,0,TIME_STOP,11,-1.1590310782749609,1.8878473341643587,3.43319462944992,PRICE,TEST,2023-09
WEGE3.SA,BULL_CALM,-0.03846156635232769,0,TIME_STOP,12,-1.0513149143226797,-1.413903487472578,2.6131623649214317,PRICE,TEST,2023-09
WEGE3.SA,BULL_CALM,0.06495515027734008,1,END_CLOSED,11,-0.4760398075777587,-0.09832871687400584,2.865032198679096,PRICE,TEST,2023-09
ABEV3.SA,SIDEWAYS_CALM,-0.015507343888192214,0,TIME_STOP,12,1.1287755807271724,0.9307315394094793,6.657187674896834,PRICE,TRAIN,2023-12
ABEV3.SA,BEAR_CALM,0.03982168010005158,1,BEAR_OPTIMIZED,14,-0.7135810830258977,-0.5908102724574456,7.677559674254538,PRICE,TRAIN,2023-12
ABEV3.SA,BEAR_CALM,-0.00437967562518151,0,TIME_STOP,19,0.9589904114217397,-4.881951050939272,6.294550207551664,PRICE,TRAIN,2023-12
ABEV3.SA,BEAR_VOLATILE,-0.00610592325194783,0,TIME_STOP,14,0.008425672795612363,-1.6888284818140442,10.989567404991,PRICE,TRAIN,2023-12
ABEV3.SA,BEAR_CALM,-0.006170956307732477,0,TIME_STOP,11,-0.6863506371991382,1.7063606970175098,7.507459385472388,PRICE,TRAIN,2023-12
ABEV3.SA,BEAR_CALM,-0.016364401329013754,0,TIME_STOP,11,0.4107376437857252,-0.617760067738453,2.601332568765594,PRICE,TRAIN,2023-12
ABEV3.SA,BEAR_VOLATILE,-0.01690675131390964,0,TIME_STOP,11,-0.4047999012225717,0.020905294426627582,8.509634514510948,PRICE,TRAIN,2023-12
ABEV3.SA,BEAR_CALM,0.10922409456643742,1,BEAR_OPTIMIZED,39,0.955551588698545,-0.2974744486516016,17.18801883577552,PRICE,TRAIN,2023-12
ABEV3.SA,BEAR_VOLATILE,-0.005799940212180131,0,TIME_STOP,12,-0.5414608500294381,1.3097270458643315,22.85073949279581,PRICE,TEST,2023-12
ALOS3.SA,BULL_CALM,-0.0053133361984759805,0,TIME_STOP,15,-0.07688281052350916,-0.2622514478697132,6.256509678232325,PRICE,TRAIN,2023-12
ALOS3.SA,SIDEWAYS_CALM,-0.007979736577443462,0,TIME_STOP,56,-0.8456292796513133,0.9884984259401716,9.719953569060241,PRICE,TRAIN,2023-12
ALOS3.SA,BEAR_CALM,-0.08177304303970248,0,HARD_STOP,10,0.036471761462654184,-0.12218542588382875,7.264582683197098,PRICE,TRAIN,2023-12
ALOS3.SA,BEAR_VOLATILE,0.0675935488307576,1,BEAR_OPTIMIZED,8,1.0844964031100277,-2.9556018758746174,1000.0,PRICE,TRAIN,2023-12
ALOS3.SA,BEAR_CALM,0.01635220206042263,1,BEAR_OPTIMIZED,1,-2.3063807006577255,-0.8505178302216181,3.7434021255269947,PRICE,TRAIN,2023-12
ALOS3.SA,BEAR_CALM,-0.056808353007935984,0,HARD_STOP,1,-1.5431219844080095,0.49134460557360077,4.264091406609107,PRICE,TRAIN,2023-12
ALOS3.SA,BEAR_VOLATILE,0.0013895778773199486,1,END_CLOSED,3,-0.7695144490697768,-0.07254205818992764,1000.0,PRICE,TRAIN,2023-12
AURE3.SA,SIDEWAYS_CALM,-0.009609705831885383,0,TIME_STOP,11,-0.07914907145682393,-0.17219448567179746,5.793839205345358,PRICE,TRAIN,2023-12
AURE3.SA,SIDEWAYS_CALM,-0.005079043639702151,0,TIME_STOP,12,-2.3855951363729213,-0.057300371404412236,3.4085165762092813,PRICE,TRAIN,2023-12
AURE3.SA,SIDEWAYS_CALM,-0.020888237737922054,0,TIME_STOP,11,0.6382791952091018,0.9095761082613001,5.913709105766237,PRICE,TRAIN,2023-12
AURE3.SA,SIDEWAYS_VOLATILE,-0.007023674134310286,0,TIME_STOP,12,-0.31353209029356455,0.6541283547496086,15.219633690268058,PRICE,TRAIN,2023-12
AURE3.SA,BEAR_CALM,-0.051200000000000044,0,HARD_STOP,4,-0.15381209041450158,-0.38529477364585824,10.661603285552603,PRICE,TRAIN,2023-12
AURE3.SA,BEAR_CALM,-0.00715741322176091,0,TIME_STOP,11,-0.5124800226383931,0.03176824223279063,9.675187718508715,PRICE,TRAIN,2023-12
AURE3.SA,BEAR_CALM,0.02886863987863051,1,BEAR_OPTIMIZED,6,0.14844857642428286,0.5532965379364491,11.046847741983127,PRICE,TRAIN,2023-12
AURE3.SA,BEAR_VOLATILE,-0.015618999566224055,0,TIME_STOP,11,-1.1137648162341,-4.160499053693721,2.4089763820955565,PRICE,TRAIN,2023-12
AURE3.SA,BEAR_VOLATILE,-0.013331730333743373,0,TIME_STOP,13,-1.2264005039331298,-2.9817201108383315,9.169322707449114,PRICE,TRAIN,2023-12
AURE3.SA,BEAR_CALM,-0.052229511794765,0,HARD_STOP,11,-0.04347245775335329,0.5514447954909119,34.30961849152067,PRICE,TRAIN,2023-12
AURE3.SA,BEAR_VOLATILE,0.0065519877440281885,1,STOP_TECNICO,1,1.9882956678256654,-0.30854161859713325,1000.0,PRICE,TRAIN,2023-12
AURE3.SA,BEAR_VOLATILE,-0.0036844873006324427,0,STOP_TECNICO,3,1.918287567262389,-0.6213772706500695,1000.0,PRICE,TRAIN,2023-12
AURE3.SA,BEAR_VOLATILE,-0.0031531140130305543,0,STOP_TECNICO,1,1.234830970826402,0.052332931827034454,34.30961849152067,PRICE,TRAIN,2023-12
AURE3.SA,BEAR_VOLATILE,-0.012090168218212648,0,STOP_TECNICO,25,0.5003897593231198,0.8051164098022123,29.438183613763453,PRICE,TRAIN,2023-12
AURE3.SA,BEAR_CALM,-0.00019709296587091412,0,STOP_TECNICO,1,1.6756668211858825,1.1021781052263862,29.078437321020573,PRICE,TRAIN,2023-12
AURE3.SA,BEAR_VOLATILE,-0.037600393652097795,0,TIME_STOP,13,1.7080297730932728,0.5728054075152984,20.83953945130345,PRICE,TRAIN,2023-12
AURE3.SA,BEAR_VOLATILE,0.00880000000000001,1,STOP_TECNICO,41,-0.526883425856127,1.1135414986639227,1000.0,PRICE,TEST,2023-12
ASAI3.SA,SIDEWAYS_CALM,-0.004276941232849961,0,TIME_STOP,41,0.7040084928831185,0.3804095143129048,3.0165358246060388,PRICE,TRAIN,2023-12
ASAI3.SA,BEAR_CALM,-0.05978424476591739,0,HARD_STOP,10,0.4380164787171596,-0.12897511636947534,18.997867889287544,PRICE,TRAIN,2023-12
ASAI3.SA,BEAR_VOLATILE,-0.051200000000000044,0,HARD_STOP,8,0.1211603005925071,0.7612141640296367,34.30961849152067,PRICE,TRAIN,2023-12
ASAI3.SA,BEAR_VOLATILE,-0.0012,0,STOP_TECNICO,23,-2.1389907772164705,-0.3740104286245181,1000.0,PRICE,TRAIN,2023-12
ASAI3.SA,BEAR_VOLATILE,0.00880000000000001,1,STOP_TECNICO,24,0.7969378424545721,-0.20115654090341958,34.30961849152067,PRICE,TRAIN,2023-12
ASAI3.SA,BEAR_CALM,-0.051200000000000044,0,HARD_STOP,6,1.4834983203535759,1.9914912530198832,9.798913166886747,PRICE,TRAIN,2023-12
ASAI3.SA,BEAR_VOLATILE,-0.051200000000000044,0,HARD_STOP,3,0.6568965987847406,-0.9153616101985326,6.4707012115416775,PRICE,TRAIN,2023-12
ASAI3.SA,BEAR_VOLATILE,-0.05948569805222372,0,HARD_STOP,3,1.6477200672173575,0.5753398119729087,15.683370965750255,PRICE,TRAIN,2023-12
ASAI3.SA,BEAR_VOLATILE,-0.051200000000000044,0,HARD_STOP,1,0.09591145464823866,0.31114413201798663,34.30961849152067,PRICE,TRAIN,2023-12
ASAI3.SA,BEAR_VOLATILE,-0.04805406916478174,0,STOP_TECNICO,1,-0.48229393515329955,1.4784727277488072,34.30961849152067,PRICE,TRAIN,2023-12
ASAI3.SA,BEAR_VOLATILE,-0.04108181656827017,0,STOP_TECNICO,2,-0.8406051616897572,0.648113861229214,1000.0,PRICE,TRAIN,2023-12
ASAI3.SA,BEAR_VOLATILE,0.00880000000000001,1,STOP_TECNICO,24,0.008586984749242441,0.17763105817665675,34.30961849152067,PRICE,TRAIN,2023-12
ASAI3.SA,BEAR_CALM,0.00878568990887172,1,STOP_TECNICO,3,1.2125018472645972,0.03998249872116023,17.790531150081595,PRICE,TRAIN,2023-12
ASAI3.SA,BEAR_CALM,-0.019230585743038507,0,STOP_TECNICO,1,0.6521823619676709,0.03107623387480223,14.354683749820518,PRICE,TRAIN,2023-12
ASAI3.SA,BEAR_CALM,-0.03179809858729334,0,STOP_TECNICO,1,0.16296399388228044,-0.18792551307664251,14.684677018632483,PRICE,TRAIN,2023-12
ASAI3.SA,BEAR_VOLATILE,-0.0012,0,END_CLOSED,0,0.12326610708236269,-0.15831090240579837,6.62704304997868,PRICE,TRAIN,2023-12
AZUL4.SA,BEAR_CALM,-0.051200000000000044,0,HARD_STOP,3,0.18927313509000862,1.0347253116130661,19.2042909010984,PRICE,TRAIN,2023-12
AZUL4.SA,BEAR_CALM,-0.03497271742104482,0,TIME_STOP,12,0.49880124850339325,1.0016271147150622,34.30961849152067,PRICE,TRAIN,2023-12
AZUL4.SA,BEAR_CALM,-0.06338485670922725,0,HARD_STOP,39,-1.1957007071621495,0.298247596256227,18.17717327414704,PRICE,TRAIN,2023-12
AZUL4.SA,BEAR_VOLATILE,-0.051200000000000044,0,HARD_STOP,1,0.1637014756237822,0.42069241898798243,12.800625135237983,PRICE,TRAIN,2023-12
AZUL4.SA,BEAR_VOLATILE,-0.07363454162467156,0,HARD_STOP,2,0.7392102337905484,0.7569552170536796,24.961077634768245,PRICE,TRAIN,2023-12
AZUL4.SA,BEAR_VOLATILE,0.00880000000000001,1,STOP_TECNICO,20,0.9387689451384573,0.18739161793239048,34.30961849152067,PRICE,TRAIN,2023-12
AZUL4.SA,BEAR_CALM,-0.07134026466661339,0,HARD_STOP,7,1.7357542079273445,1.5514808723762064,26.50743927551044,PRICE,TRAIN,2023-12
AZUL4.SA,BEAR_CALM,-0.03201827487306299,0,TIME_STOP,11,0.7633425207035311,0.07156135786784794,34.30961849152067,PRICE,TRAIN,2023-12
AZUL4.SA,BEAR_CALM,-0.051200000000000044,0,HARD_STOP,2,1.3340312970660315,-0.15037710059108397,21.15735499668812,PRICE,TRAIN,2023-12
AZUL4.SA,BEAR_VOLATILE,0.00880000000000001,1,STOP_TECNICO,40,0.39632106899539027,-0.11637807853424931,34.30961849152067,PRICE,TRAIN,2023-12
AZUL4.SA,BEAR_CALM,-0.2154857142857143,0,HARD_STOP,17,-0.1360378724243937,-1.364758228481721,11.085480685259139,PRICE,TRAIN,2023-12
AZUL4.SA,BEAR_VOLATILE,-0.08761976641062999,0,HARD_STOP,3,1.3012459513511936,-2.4604330753847448,34.30961849152067,PRICE,TRAIN,2023-12
AZUL4.SA,BEAR_VOLATILE,0.00880000000000001,1,STOP_TECNICO,2,1.172222083988848,-2.6876383245000106,1000.0,PRICE,TRAIN,2023-12
AZUL4.SA,BEAR_VOLATILE,0.00880000000000001,1,STOP_TECNICO,41,0.17394951639460415,0.2922959257486712,22.58708209620147,PRICE,TRAIN,2023-12
BBAS3.SA,BULL_CALM,-0.02848092043307262,0,TIME_STOP,11,-0.5427144030169505,1.7621060882336181,9.87243428860232,PRICE,TRAIN,2023-12
BBAS3.SA,BULL_CALM,-0.004974954953617126,0,TIME_STOP,25,-1.1447945027781883,1.6777763232583254,6.270893501769892,PRICE,TRAIN,2023-12
BBAS3.SA,BULL_CALM,-0.014290966157660033,0,TIME_STOP,15,0.22365359006555746,0.9542488641183164,4.71590846074674,PRICE,TRAIN,2023-12
BBAS3.SA,BULL_CALM,-0.009879914047407089,0,TIME_STOP,12,-0.3696383630692583,-1.6823991423627778,3.7822122782665475,PRICE,TRAIN,2023-12
BBAS3.SA,SIDEWAYS_CALM,-0.0028596945496407664,0,TIME_STOP,11,-0.2541958918391767,-0.692948396280907,3.4291736654424443,PRICE,TRAIN,2023-12
BBAS3.SA,SIDEWAYS_CALM,-0.0038646459588334223,0,TIME_STOP,20,0.2290711539784062,-0.08947103744425607,4.84187511351085,PRICE,TRAIN,2023-12
BBAS3.SA,SIDEWAYS_CALM,0.10878880478817896,1,SIGNAL,35,-0.2614882291662168,0.7315213398817784,1.4356771184178734,PRICE,TRAIN,2023-12
BBAS3.SA,SIDEWAYS_VOLATILE,-0.006118652428968939,0,TIME_STOP,13,2.7743102983232206,0.394935695475821,18.656247313166883,PRICE,TRAIN,2023-12
BBAS3.SA,SIDEWAYS_CALM,-0.01373799803788047,0,TIME_STOP,11,1.866448095486364,-1.0691549616891562,10.367827230404112,PRICE,TRAIN,2023-12
BBAS3.SA,BEAR_CALM,-0.03500773457780606,0,STOP_TECNICO,1,1.1639194358367952,-0.2095592454503492,26.44603660003443,PRICE,TRAIN,2023-12
BBAS3.SA,BEAR_CALM,-0.024024144498386545,0,BEAR_OPTIMIZED,2,1.168677270621614,-0.5217216171454181,32.322543132542314,PRICE,TRAIN,2023-12
BBAS3.SA,SIDEWAYS_CALM,-0.047557627320696925,0,STOP_TECNICO,2,0.32762362903605086,-0.505249601515983,21.198928921698787,PRICE,TRAIN,2023-12
BBAS3.SA,BEAR_CALM,0.010862625499722035,1,BEAR_OPTIMIZED,1,0.8361209651417002,-0.7031935724921796,13.665451625878061,PRICE,TRAIN,2023-12
BBAS3.SA,BEAR_CALM,-0.0012,0,END_CLOSED,0,-0.01252755950256235,-0.8268435407580995,9.72996162501461,PRICE,TRAIN,2023-12
B3SA3.SA,BULL_CALM,-0.054368096326410285,0,HARD_STOP,7,-0.10671044058489419,1.603558141971809,11.145998000554224,PRICE,TRAIN,2023-12
B3SA3.SA,SIDEWAYS_CALM,-0.02721370726747565,0,TIME_STOP,11,-0.8122409794976517,1.1321537668985673,7.293544078164156,PRICE,TRAIN,2023-12
B3SA3.SA,BEAR_CALM,-0.051200000000000044,0,HARD_STOP,2,-1.6795633299246429,1.5838338583197458,10.40628116017733,PRICE,TRAIN,2023-12
B3SA3.SA,BEAR_CALM,0.018672643568229265,1,BEAR_OPTIMIZED,1,-0.8962110827090234,1.504708516624509,15.782831567342697,PRICE,TRAIN,2023-12
B3SA3.SA,BEAR_CALM,0.031006116191563883,1,BEAR_OPTIMIZED,11,-0.7109728546926005,0.6291622169304629,19.56883633192785,PRICE,TRAIN,2023-12
B3SA3.SA,BEAR_CALM,0.03286327115390373,1,BEAR_OPTIMIZED,5,0.12794271863579026,0.6160509902474021,15.424201364415334,PRICE,TRAIN,2023-12
B3SA3.SA,BEAR_CALM,-0.01937256145473478,0,TIME_STOP,11,-0.7497437590098505,0.7267617892651713,14.650254917588216,PRICE,TRAIN,2023-12
B3SA3.SA,BEAR_CALM,-0.051200000000000044,0,HARD_STOP,6,-2.5227758979801593,1.2572467191669865,7.889370461805937,PRICE,TRAIN,2023-12
B3SA3.SA,BEAR_CALM,-0.014725926832287593,0,TIME_STOP,17,-1.1105841946066788,0.8009616085390747,18.08929674480966,PRICE,TRAIN,2023-12
B3SA3.SA,BEAR_CALM,-0.037045664908575214,0,TIME_STOP,12,-1.1275991254883673,-0.7348041945940554,10.43241949424774,PRICE,TRAIN,2023-12
B3SA3.SA,BEAR_CALM,-0.02357073402218581,0,TIME_STOP,11,0.5457991239380593,-1.8362320754156514,6.1084750850059555,PRICE,TRAIN,2023-12
B3SA3.SA,BEAR_CALM,-0.019411882347064945,0,STOP_TECNICO,7,1.6923552119250047,0.14689204995133687,22.60989568647685,PRICE,TRAIN,2023-12
B3SA3.SA,BEAR_VOLATILE,-0.06370012493788094,0,HARD_STOP,1,-0.19602133574237374,0.6746312820237016,16.215278716453792,PRICE,TRAIN,2023-12
B3SA3.SA,BEAR_VOLATILE,0.04848290088075822,1,END_CLOSED,3,0.0024491676282914184,-1.3368124620119013,18.4882763078819,PRICE,TRAIN,2023-12
BBDC3.SA,BULL_VOLATILE,-0.0848323007486769,0,HARD_STOP,15,3.5216158987657895,0.6592568196443565,14.906009375596552,PRICE,TRAIN,2023-12
BBDC3.SA,BEAR_VOLATILE,-0.0038978309100511574,0,TIME_STOP,19,-0.23826284159507702,-5.046730560657823,11.228016851369562,PRICE,TRAIN,2023-12
BBDC3.SA,BEAR_CALM,-0.008931813650989072,0,TIME_STOP,20,1.0684728457703827,1.0046302910597376,4.265512865453553,PRICE,TRAIN,2023-12
BBDC3.SA,BEAR_CALM,-0.02467015887997772,0,TIME_STOP,12,0.5825784129966975,-0.08577392832793433,7.356224841167644,PRICE,TRAIN,2023-12
BBDC3.SA,BEAR_CALM,-0.007552374543749928,0,TIME_STOP,11,0.024933213166713063,0.2350044328418667,34.30961849152067,PRICE,TRAIN,2023-12
BBDC3.SA,BEAR_CALM,0.11363574898639292,1,BEAR_OPTIMIZED,47,0.39326204448313395,0.4853135437271022,34.30961849152067,PRICE,TRAIN,2023-12
BBDC3.SA,BEAR_VOLATILE,0.013143922439534085,1,END_CLOSED,4,0.007682025219645224,0.42806426149566223,1000.0,PRICE,TRAIN,2023-12
BBDC4.SA,BULL_VOLATILE,-0.09240203636938008,0,HARD_STOP,15,3.244145151180918,0.6423399215918684,12.388399064099724,PRICE,TRAIN,2023-12
BBDC4.SA,BEAR_VOLATILE,0.00880000000000001,1,STOP_TECNICO,85,-0.7473817379830715,-4.130446708657791,8.219400151951529,PRICE,TRAIN,2023-12
BBDC4.SA,BEAR_CALM,-0.02139434675468923,0,TIME_STOP,12,1.0038370409809785,0.20521320871541807,5.638998479549661,PRICE,TRAIN,2023-12
BBDC4.SA,BEAR_CALM,-0.005131120128360166,0,TIME_STOP,14,-0.5499716955581014,0.7994088671940937,34.30961849152067,PRICE,TRAIN,2023-12
BBDC4.SA,BEAR_CALM,-0.010085359670271486,0,TIME_STOP,13,1.0093281578163884,0.8117016416632296,32.7122922008369,PRICE,TRAIN,2023-12
BBDC4.SA,BEAR_VOLATILE,-0.0029035540804551938,0,END_CLOSED,4,-0.2450491524990761,0.6097083310818817,1000.0,PRICE,TRAIN,2023-12
BBSE3.SA,BULL_CALM,-0.0015114882092735137,0,TIME_STOP,34,-0.3539707440013904,0.13346685552462662,2.387769231142816,PRICE,TRAIN,2023-12
BBSE3.SA,BULL_CALM,0.05919016044013579,1,SIGNAL,16,-1.0388618533812206,1.356935810101813,2.2343300326522524,PRICE,TRAIN,2023-12
BBSE3.SA,BULL_VOLATILE,-0.004259071708408023,0,TIME_STOP,11,-0.13370756415836416,0.11492437468283394,3.895075101351013,PRICE,TRAIN,2023-12
BBSE3.SA,SIDEWAYS_VOLATILE,0.060395349519608434,1,SIGNAL,35,1.527209492598969,-0.2094994060583498,3.9912421945307823,PRICE,TRAIN,2023-12
BBSE3.SA,SIDEWAYS_CALM,-0.004479716516560116,0,TIME_STOP,15,3.489189589439522,0.947273639137657,33.82837502846855,PRICE,TRAIN,2023-12
BEEF3.SA,BEAR_CALM,-0.013413801253987077,0,TIME_STOP,11,-0.9448777198446285,-0.4441044542157372,9.381437399123763,PRICE,TRAIN,2023-12
BEEF3.SA,BEAR_VOLATILE,-0.006166843238520146,0,TIME_STOP,21,-0.3001800267292251,-1.1047091286027628,6.008194560645154,PRICE,TRAIN,2023-12
BEEF3.SA,BEAR_VOLATILE,-0.01838680031740616,0,STOP_TECNICO,3,1.3387898012409267,0.7941677318469659,1000.0,PRICE,TRAIN,2023-12
BEEF3.SA,BEAR_VOLATILE,-0.01941491963599864,0,STOP_TECNICO,14,1.9165208962653697,0.32627490293422884,1000.0,PRICE,TRAIN,2023-12
BEEF3.SA,BEAR_CALM,0.007568148002825438,1,STOP_TECNICO,1,1.4430496171794944,0.33979666407155373,20.95851887440825,PRICE,TRAIN,2023-12
BEEF3.SA,BEAR_CALM,0.00020580980817461853,1,STOP_TECNICO,1,0.5797498321068246,0.5964525665056741,15.835560502610125,PRICE,TRAIN,2023-12
BEEF3.SA,BEAR_CALM,-0.02803364781269082,0,STOP_TECNICO,7,-0.855365696444025,0.48196622875670253,14.446771819518965,PRICE,TRAIN,2023-12
BEEF3.SA,BEAR_CALM,0.00880000000000001,1,STOP_TECNICO,4,-1.3565288932220567,0.1883233345611146,16.452282690695746,PRICE,TEST,2023-12
BEEF3.SA,BEAR_CALM,-0.0012,0,STOP_TECNICO,12,-2.3064460303326233,0.11682480820453484,16.793511777378114,PRICE,TEST,2023-12
BRAP4.SA,BULL_VOLATILE,-0.0519591810900857,0,HARD_STOP,11,2.329223217632777,-0.5720882815378282,5.776137350014623,PRICE,TRAIN,2023-12
BRAP4.SA,SIDEWAYS_CALM,-0.027671969673728113,0,TIME_STOP,12,0.8533619359713797,0.2974043240212276,1000.0,PRICE,TRAIN,2023-12
BRAP4.SA,BEAR_CALM,-0.0578037811465272,0,HARD_STOP,11,-1.173852309212168,1.0619229592598909,1000.0,PRICE,TRAIN,2023-12
BRAP4.SA,BEAR_CALM,-0.021606445323726485,0,TIME_STOP,73,0.9004062448505588,0.25961267984576514,27.544926112071693,PRICE,TRAIN,2023-12
BRAP4.SA,BEAR_VOLATILE,-0.021374483768500173,0,TIME_STOP,11,0.5921377703431551,2.4145392436151534,9.388039663280484,PRICE,TRAIN,2023-12
BRAP4.SA,BEAR_CALM,0.00880000000000001,1,STOP_TECNICO,46,0.924393207540351,0.9441476885753002,15.70271501715185,PRICE,TRAIN,2023-12
BPAC11.SA,BULL_CALM,-0.007746559789027961,0,TIME_STOP,18,-0.39619537608463873,-0.7160293432049608,7.148150464612893,PRICE,TRAIN,2023-12
BPAC11.SA,BULL_CALM,-0.028552301171299276,0,TIME_STOP,13,-1.7843831216415957,1.7199368328395033,4.341065194540846,PRICE,TRAIN,2023-12
BPAC11.SA,BULL_CALM,-0.013439354522197265,0,TIME_STOP,14,-0.5113526526207153,-0.49322308275197196,2.709269721526006,PRICE,TRAIN,2023-12
BPAC11.SA,BULL_CALM,-0.051200000000000044,0,HARD_STOP,6,-1.494390200340216,0.25002978548587623,2.7001242989561614,PRICE,TRAIN,2023-12
BPAC11.SA,SIDEWAYS_VOLATILE,-0.004501387069421735,0,TIME_STOP,17,0.19896313696069787,0.5987209967760114,15.467607601904925,PRICE,TRAIN,2023-12
BPAC11.SA,SIDEWAYS_CALM,-0.017811209296494178,0,TIME_STOP,12,0.3225692571125041,1.1799525659123973,7.826272791285177,PRICE,TRAIN,2023-12
BPAC11.SA,BEAR_VOLATILE,0.01873679587501962,1,BEAR_OPTIMIZED,1,0.7001021901556209,-0.29580764070156873,9.900385304768829,PRICE,TRAIN,2023-12
BPAC11.SA,BEAR_VOLATILE,0.004795513819477383,1,BEAR_OPTIMIZED,1,0.34569499942835047,-1.3385761148105535,11.036522567430977,PRICE,TRAIN,2023-12
BPAC11.SA,BEAR_CALM,-0.008409989419068252,0,BEAR_OPTIMIZED,3,0.5422887621418497,-1.534566599163123,9.973189828985078,PRICE,TRAIN,2023-12
BPAC11.SA,BEAR_CALM,0.008182007831427952,1,BEAR_OPTIMIZED,3,0.8084849818730223,0.3196026073392034,6.9519748802038634,PRICE,TRAIN,2023-12
BPAC11.SA,BEAR_CALM,0.030100026522749214,1,BEAR_OPTIMIZED,1,0.4981015965273791,0.4347753861761705,6.072199631973353,PRICE,TRAIN,2023-12
BPAC11.SA,BEAR_VOLATILE,0.0038015943885397543,1,BEAR_OPTIMIZED,1,1.0324545244948242,-0.8934817655620999,11.836479736682964,PRICE,TRAIN,2023-12
BPAC11.SA,BEAR_CALM,0.043293301555168286,1,BEAR_OPTIMIZED,3,0.36131519791945216,0.9984845423978334,24.719795003581194,PRICE,TRAIN,2023-12
BPAC11.SA,BEAR_CALM,-0.04744836671544508,0,STOP_TECNICO,1,-1.8094086994182133,-0.8308879638701542,4.438792705323097,PRICE,TRAIN,2023-12
BPAC11.SA,BEAR_VOLATILE,0.01675817093701979,1,END_CLOSED,3,-1.1408837220029997,0.2653353818052554,8.545801611400677,PRICE,TRAIN,2023-12
BRKM5.SA,BEAR_CALM,-0.051200000000000044,0,HARD_STOP,3,0.0775262226014374,1.630195267844045,9.684680606594151,PRICE,TRAIN,2023-12
BRKM5.SA,BEAR_CALM,-0.012082726433636524,0,STOP_TECNICO,87,-0.3487873328820854,1.0977905360436082,9.436753048281258,PRICE,TRAIN,2023-12
BRKM5.SA,BEAR_CALM,-0.00446798628180025,0,STOP_TECNICO,1,-2.315351421413046,-0.6292796958665304,34.30961849152067,PRICE,TRAIN,2023-12
BRKM5.SA,BEAR_VOLATILE,-0.015534473966903793,0,TIME_STOP,18,-1.3681023625618998,-0.30586002555550074,1000.0,PRICE,TRAIN,2023-12
CMIG4.SA,BEAR_CALM,0.028529631605338147,1,BEAR_OPTIMIZED,1,-0.3138485055354634,-0.18943886590344258,4.740076981085764,PRICE,TRAIN,2023-12
CMIG4.SA,BULL_CALM,0.004924275546979252,1,END_CLOSED,2,-0.6197967923832591,0.46851844473908694,2.5644449483067935,PRICE,TRAIN,2023-12
CMIN3.SA,BULL_VOLATILE,-0.01794283932539755,0,TIME_STOP,13,3.704656785111986,1.177673130848564,11.461295636576065,PRICE,TRAIN,2023-12
CMIN3.SA,BULL_CALM,-0.015554193689945615,0,TIME_STOP,12,1.8794714442306795,-0.9213413445425093,8.15596510249625,PRICE,TRAIN,2023-12
CMIN3.SA,BULL_CALM,-0.051200000000000044,0,HARD_STOP,7,-0.09165375566617118,0.7912134760425723,34.30961849152067,PRICE,TRAIN,2023-12
CMIN3.SA,BULL_VOLATILE,-0.06202300411726638,0,HARD_STOP,8,0.9237594855843864,0.4990212012936565,1000.0,PRICE,TRAIN,2023-12
CMIN3.SA,SIDEWAYS_VOLATILE,-0.051200000000000155,0,HARD_STOP,11,-0.0026744987380261606,1.941471697614286,20.777549324078723,PRICE,TRAIN,2023-12
CMIN3.SA,BEAR_CALM,0.00841544559174432,1,BEAR_OPTIMIZED,1,-1.3880207712340615,-2.025190548135242,33.59083786371754,PRICE,TRAIN,2023-12
CMIN3.SA,BEAR_CALM,-0.03004611426500816,0,BEAR_OPTIMIZED,1,-0.8421289569140177,-2.6402159000703307,25.539465840459496,PRICE,TRAIN,2023-12
CMIN3.SA,BEAR_CALM,0.02279994446144671,1,BEAR_OPTIMIZED,3,-2.5414147082532064,-1.8412961704465916,19.37662016496426,PRICE,TRAIN,2023-12
CMIN3.SA,BEAR_CALM,0.08361256025604877,1,BEAR_OPTIMIZED,3,-2.3316808191153084,-1.6033480905897946,16.62879733204355,PRICE,TRAIN,2023-12
CMIN3.SA,BEAR_VOLATILE,0.013292658126001423,1,BEAR_OPTIMIZED,3,-0.872023641788655,-1.3923734056560495,4.801543241167135,PRICE,TRAIN,2023-12
CMIN3.SA,BEAR_VOLATILE,0.00290661844541016,1,BEAR_OPTIMIZED,3,-0.882122996574078,-0.5136589518891768,3.5470776297630415,PRICE,TRAIN,2023-12
CMIN3.SA,BEAR_VOLATILE,0.03192594360016563,1,BEAR_OPTIMIZED,1,-0.9636918948835668,-0.4572406471612793,3.926211555340964,PRICE,TRAIN,2023-12
CMIN3.SA,BEAR_VOLATILE,0.037894524206900516,1,BEAR_OPTIMIZED,1,-0.9847122507780777,0.6959123511831072,2.9065571814797053,PRICE,TRAIN,2023-12
CMIN3.SA,BEAR_CALM,0.013203197386429812,1,BEAR_OPTIMIZED,10,0.5947427276840366,1.0454595006370677,4.203434000508915,PRICE,TRAIN,2023-12
COGN3.SA,BULL_CALM,-0.0558623080250076,0,HARD_STOP,6,0.8337211028161831,-0.18465382255966115,12.161667864343581,PRICE,TRAIN,2023-12
COGN3.SA,BEAR_VOLATILE,-0.06494502186375098,0,HARD_STOP,9,1.0132357089293218,0.0038689476906745082,16.703171284249517,PRICE,TRAIN,2023-12
COGN3.SA,BEAR_VOLATILE,0.18100336213155307,1,BEAR_OPTIMIZED,18,-0.10518923999162472,-0.8159778489031894,1000.0,PRICE,TRAIN,2023-12
COGN3.SA,BEAR_VOLATILE,-0.060522022466990254,0,HARD_STOP,6,0.6854614510521125,-2.132483942580948,14.142543982670276,PRICE,TRAIN,2023-12
COGN3.SA,BEAR_CALM,-0.051200000000000044,0,HARD_STOP,3,0.6539697106195573,-1.4777261341368466,9.775674884974794,PRICE,TRAIN,2023-12
COGN3.SA,BEAR_VOLATILE,0.00880000000000001,1,STOP_TECNICO,17,0.6979951516557835,-0.11520816529042666,12.839346693798001,PRICE,TRAIN,2023-12
COGN3.SA,BEAR_CALM,-0.010861850607447175,0,TIME_STOP,11,0.8708546420628593,-0.23400278034528618,12.230999427129808,PRICE,TRAIN,2023-12
COGN3.SA,BEAR_VOLATILE,-0.06821034766634107,0,HARD_STOP,9,0.7598222369630445,-0.40037532678325183,17.819315184101434,PRICE,TRAIN,2023-12
COGN3.SA,BEAR_CALM,-0.05706587287510769,0,HARD_STOP,2,0.6728761732161477,-1.5215627345673455,7.92456374162076,PRICE,TRAIN,2023-12
COGN3.SA,BEAR_VOLATILE,0.00880000000000001,1,STOP_TECNICO,36,0.306999144578308,-0.5930950770174793,14.987586324971087,PRICE,TRAIN,2023-12
COGN3.SA,BEAR_VOLATILE,-0.051200000000000044,0,HARD_STOP,6,1.6985957123201647,1.517388606980493,12.723406288524414,PRICE,TRAIN,2023-12
COGN3.SA,BEAR_VOLATILE,-0.05453333442167265,0,HARD_STOP,8,0.7498565684888099,1.2311129616359027,15.374637720113578,PRICE,TRAIN,2023-12
COGN3.SA,BEAR_CALM,-0.06458020761030861,0,HARD_STOP,2,0.44011115797827366,-1.461463454324212,12.53478256421991,PRICE,TRAIN,2023-12
COGN3.SA,BEAR_CALM,-0.023097754117519707,0,TIME_STOP,11,-0.8359728971536027,-0.726856334059358,15.844139454444623,PRICE,TRAIN,2023-12
COGN3.SA,BEAR_CALM,0.00880000000000001,1,STOP_TECNICO,65,0.1972011789403375,-0.4286898332896661,21.26318479080852,PRICE,TRAIN,2023-12
CPFE3.SA,BULL_CALM,-0.005083478297123321,0,TIME_STOP,13,1.6825550270929945,-0.5857039696514609,8.733414229092258,PRICE,TRAIN,2023-12
CPFE3.SA,BULL_CALM,-0.0065431505643574125,0,TIME_STOP,12,-0.6352407493388722,0.5313899144815057,7.979666439351296,PRICE,TRAIN,2023-12
CPFE3.SA,SIDEWAYS_CALM,-0.04475301980822457,0,TIME_STOP,11,-0.5305796138436424,0.9269798190905253,23.1838706826857,PRICE,TRAIN,2023-12
CPFE3.SA,BEAR_VOLATILE,0.0207339796910083,1,BEAR_OPTIMIZED,4,-0.8312232135388314,-2.7481976732246483,5.255357927338533,PRICE,TRAIN,2023-12
CPFE3.SA,BEAR_VOLATILE,0.011913763134180223,1,BEAR_OPTIMIZED,2,-0.3207520962375086,-2.5404405548714295,5.771299099578504,PRICE,TRAIN,2023-12
CPFE3.SA,BEAR_VOLATILE,0.010125459666959415,1,BEAR_OPTIMIZED,4,0.08093396616019051,-2.946226730618408,6.8266878276795095,PRICE,TRAIN,2023-12
CPFE3.SA,BEAR_CALM,-0.03239378856531341,0,TIME_STOP,11,1.916043691747888,0.26393144274925134,4.442912073585925,PRICE,TRAIN,2023-12
CPFE3.SA,BEAR_VOLATILE,0.014123321594634676,1,BEAR_OPTIMIZED,2,0.5492325374280262,-0.12023519864685847,6.914141122684193,PRICE,TRAIN,2023-12
CPFE3.SA,BEAR_CALM,0.025726613893738516,1,BEAR_OPTIMIZED,8,1.0129911215332212,0.179945972297512,4.89010344873259,PRICE,TRAIN,2023-12
CPFE3.SA,BEAR_CALM,0.0350454159816441,1,BEAR_OPTIMIZED,8,0.16074983856181355,0.1507566198892341,5.5305457948930385,PRICE,TRAIN,2023-12
CPFE3.SA,BEAR_CALM,0.026388445463484046,1,BEAR_OPTIMIZED,7,-1.6399716745433437,-0.028733475793413996,5.47381984451041,PRICE,TRAIN,2023-12
CPFE3.SA,BEAR_CALM,-0.0030697841385387767,0,END_CLOSED,2,-1.1207826405735684,0.5498377055161764,5.0256102499362365,PRICE,TRAIN,2023-12
CPLE6.SA,BULL_CALM,-0.003210055984337455,0,TIME_STOP,44,0.02197527090227579,0.20987018523467685,7.9756551557328486,PRICE,TRAIN,2023-12
CPLE6.SA,BULL_CALM,-0.03264010604052261,0,TIME_STOP,13,1.6563075645970347,1.2697811279689422,2.1910068841531802,PRICE,TRAIN,2023-12
CPLE6.SA,BULL_CALM,-0.060383644645531497,0,HARD_STOP,3,-1.6438124989290963,1.6184800395747814,4.548737875315278,PRICE,TRAIN,2023-12
CPLE6.SA,SIDEWAYS_VOLATILE,-0.006207924947944442,0,TIME_STOP,14,-2.651717066987806,0.24456760869442837,34.30961849152067,PRICE,TRAIN,2023-12
CPLE6.SA,SIDEWAYS_CALM,-0.002282346375078091,0,TIME_STOP,20,-2.164427181887159,-0.029561626841902347,13.863354518064448,PRICE,TRAIN,2023-12
CPLE6.SA,SIDEWAYS_CALM,-0.009848553214292476,0,TIME_STOP,11,-2.16727434694974,0.9764262552143442,4.147869470686294,PRICE,TRAIN,2023-12
CPLE6.SA,SIDEWAYS_CALM,0.1564086874565239,1,SIGNAL,57,-1.3665991037901954,-0.09973700384165517,2.67629840523486,PRICE,TRAIN,2023-12
CPLE6.SA,SIDEWAYS_CALM,-0.022120604880441562,0,TIME_STOP,11,-0.12806530373601513,-3.4306630700550165,34.30961849152067,PRICE,TRAIN,2023-12
CPLE6.SA,SIDEWAYS_CALM,0.00933746006106815,1,END_CLOSED,18,0.5195588050050842,-1.952600951356963,22.75722327837229,PRICE,TRAIN,2023-12
CSAN3.SA,SIDEWAYS_CALM,-0.05475132687121511,0,HARD_STOP,7,-0.4197672607344359,1.0655362230207754,5.871753890751144,PRICE,TRAIN,2023-12
CSAN3.SA,BEAR_VOLATILE,-0.005502400145239748,0,TIME_STOP,19,1.1472963032058416,0.21671485997765016,12.893160987849843,PRICE,TRAIN,2023-12
CSAN3.SA,BEAR_CALM,-0.05583786961494743,0,HARD_STOP,11,-1.167224241633915,0.783930779337629,33.97026582932047,PRICE,TRAIN,2023-12
CSAN3.SA,BEAR_VOLATILE,-0.013005574599483392,0,TIME_STOP,19,-1.0069042370333583,0.2452029553558992,1000.0,PRICE,TRAIN,2023-12
CSAN3.SA,BEAR_CALM,-0.0427200284791184,0,TIME_STOP,11,-0.6204643348541312,-0.5890838290517781,12.999952517497285,PRICE,TRAIN,2023-12
CSAN3.SA,BEAR_CALM,-0.028367831291866062,0,TIME_STOP,12,-0.585079621078156,1.6079983438682826,34.30961849152067,PRICE,TRAIN,2023-12
CSAN3.SA,BEAR_CALM,-0.01337394289763074,0,STOP_TECNICO,11,-0.42263771730999616,-0.8144679200714883,20.451687524589968,PRICE,TRAIN,2023-12
CSAN3.SA,BEAR_CALM,-0.0057249040607969745,0,STOP_TECNICO,1,-1.128566570143792,-1.7902974421230493,14.460240568622483,PRICE,TRAIN,2023-12
CSAN3.SA,BEAR_VOLATILE,-0.10166510918195862,0,HARD_STOP,1,-2.1955746986321296,-0.9384994816401386,19.704347274365926,PRICE,TRAIN,2023-12
CSAN3.SA,BEAR_VOLATILE,-0.05552595419005082,0,HARD_STOP,3,-2.0831000408200984,-1.612382487538582,34.30961849152067,PRICE,TRAIN,2023-12
CSAN3.SA,BEAR_CALM,-0.00912601603949139,0,TIME_STOP,13,-0.5570807865092136,-1.524806010159411,34.30961849152067,PRICE,TEST,2023-12
CSNA3.SA,BULL_CALM,-0.0068915763983984565,0,STOP_TECNICO,20,1.2269877546764107,0.7353051575648782,11.970152521332484,PRICE,TRAIN,2023-12
CSNA3.SA,BULL_CALM,-0.0780782836583788,0,HARD_STOP,10,1.8792589095612815,0.17743297506639943,5.612882315726554,PRICE,TRAIN,2023-12
CSNA3.SA,BULL_VOLATILE,-0.05922476162868819,0,HARD_STOP,3,1.7724163232187211,0.986374887033507,11.549954376075442,PRICE,TRAIN,2023-12
CSNA3.SA,BULL_CALM,-0.051200000000000044,0,HARD_STOP,5,1.362780643561972,2.166595115135436,11.83184122604796,PRICE,TRAIN,2023-12
CSNA3.SA,BULL_CALM,-0.051200000000000044,0,HARD_STOP,4,0.6190709814672105,1.8134377448310435,8.800943954383023,PRICE,TRAIN,2023-12
CSNA3.SA,SIDEWAYS_CALM,-0.005381285254085565,0,TIME_STOP,14,0.5543853172896634,0.873995907803557,34.30961849152067,PRICE,TRAIN,2023-12
CSNA3.SA,SIDEWAYS_CALM,-0.027237972219354332,0,TIME_STOP,11,-0.6842869626907531,-1.2660878404105427,29.329587773924665,PRICE,TRAIN,2023-12
CSNA3.SA,BEAR_CALM,-0.03101653571958953,0,TIME_STOP,19,-0.8628575934813956,1.7050896137519218,9.464861027784934,PRICE,TRAIN,2023-12
CSNA3.SA,BEAR_CALM,0.00880000000000001,1,STOP_TECNICO,39,-2.0207384704520486,1.0138536446633717,13.911257171307081,PRICE,TRAIN,2023-12
CSNA3.SA,BEAR_CALM,-0.05850890714254988,0,HARD_STOP,10,-0.9287144957790786,-0.5685982506514176,4.436070422441574,PRICE,TRAIN,2023-12
CSNA3.SA,BEAR_VOLATILE,0.0005683342218997035,1,STOP_TECNICO,27,0.48591550940450023,0.23233822676923718,15.10824076343055,PRICE,TRAIN,2023-12
CSNA3.SA,BEAR_CALM,-0.02488422185780661,0,TIME_STOP,16,0.13984648923111512,0.17119827234111695,7.516662752136697,PRICE,TRAIN,2023-12
CSNA3.SA,BEAR_CALM,0.10059775352836606,1,END_CLOSED,23,-1.5334012866082973,1.6107822040572168,4.221769020012922,PRICE,TRAIN,2023-12
CXSE3.SA,BULL_VOLATILE,0.00880000000000001,1,STOP_TECNICO,56,1.1075140146735312,0.01967825897956032,12.077832758587729,PRICE,TRAIN,2023-12
CXSE3.SA,BULL_VOLATILE,-0.054533356296979994,0,HARD_STOP,12,1.2890350519612457,0.6699897876516303,3.8904806533880976,PRICE,TRAIN,2023-12
CXSE3.SA,BULL_VOLATILE,-0.005330642870726397,0,TIME_STOP,52,0.0928103355727367,-0.36424774151373074,11.946750682017829,PRICE,TRAIN,2023-12
CXSE3.SA,BULL_CALM,0.00880000000000001,1,STOP_TECNICO,38,-0.5761186135025871,0.12558823614158657,3.5120668388309086,PRICE,TRAIN,2023-12
CXSE3.SA,SIDEWAYS_VOLATILE,-0.010234044643193906,0,TIME_STOP,14,2.727292925300136,0.32280311177435556,12.873239837606782,PRICE,TRAIN,2023-12
CXSE3.SA,SIDEWAYS_CALM,-0.005894584393491019,0,TIME_STOP,25,1.0080109241341384,1.1839057404503772,15.235974882055805,PRICE,TRAIN,2023-12
CXSE3.SA,SIDEWAYS_CALM,0.07485635823542078,1,END_CLOSED,23,1.160952454165771,-0.43935107339436147,14.029684351396345,PRICE,TRAIN,2023-12
CVCB3.SA,BULL_CALM,-0.0613265987530859,0,HARD_STOP,5,-0.6060576965949017,-1.1586643631572648,6.446341846704567,PRICE,TRAIN,2023-12
CVCB3.SA,SIDEWAYS_CALM,-0.10020988618778207,0,HARD_STOP,5,0.4250931244449222,0.5161343453678561,2.633806769288956,PRICE,TRAIN,2023-12
CVCB3.SA,BEAR_VOLATILE,-0.07985169743308032,0,HARD_STOP,2,0.6040785227708807,0.8128955310602141,20.420118513223844,PRICE,TRAIN,2023-12
CVCB3.SA,BEAR_VOLATILE,-0.051200000000000044,0,HARD_STOP,1,1.8558021985525261,-0.22189274817512267,1000.0,PRICE,TRAIN,2023-12
CVCB3.SA,BEAR_VOLATILE,-0.06223291429871138,0,HARD_STOP,2,2.0602477843927343,-0.11003162029980851,1000.0,PRICE,TRAIN,2023-12
CVCB3.SA,BEAR_VOLATILE,0.00880000000000001,1,STOP_TECNICO,3,1.8866791569368637,-0.783430725750297,1000.0,PRICE,TRAIN,2023-12
CVCB3.SA,BEAR_CALM,-0.006225120811725347,0,TIME_STOP,13,1.0450511823786164,0.5711679011087525,34.30961849152067,PRICE,TRAIN,2023-12
CVCB3.SA,BEAR_CALM,-0.016663963770208755,0,TIME_STOP,14,0.6984425471982072,0.2856441578137298,26.744766774814618,PRICE,TRAIN,2023-12
CVCB3.SA,BEAR_CALM,-0.0012,0,STOP_TECNICO,22,0.7621990463220802,0.34011041830115135,4.2496067515304,PRICE,TRAIN,2023-12
CYRE3.SA,BULL_CALM,-0.003907527317990843,0,TIME_STOP,16,-0.21901693598500627,0.5533318263416084,5.798627752180991,PRICE,TRAIN,2023-12
CYRE3.SA,BULL_CALM,-0.06149929823567792,0,HARD_STOP,3,-1.3164776894319414,0.3004388531108468,5.988266096877753,PRICE,TRAIN,2023-12
CYRE3.SA,BEAR_VOLATILE,0.003991153581949104,1,BEAR_OPTIMIZED,1,-0.6127063997723616,0.7630355631918317,11.133163965602682,PRICE,TRAIN,2023-12
CYRE3.SA,BEAR_VOLATILE,-0.013905823228309487,0,BEAR_OPTIMIZED,1,0.005119559360768033,0.7511096910096274,13.885437798810194,PRICE,TRAIN,2023-12
CYRE3.SA,BEAR_VOLATILE,0.013085784331992568,1,BEAR_OPTIMIZED,2,0.045884426200990036,1.2183103000676394,16.786175400737818,PRICE,TRAIN,2023-12
CYRE3.SA,BEAR_CALM,0.00025621779583371424,1,BEAR_OPTIMIZED,1,0.5863012597037242,-0.8670219976147852,13.317055345660867,PRICE,TRAIN,2023-12
CYRE3.SA,BEAR_CALM,-0.00750463907090184,0,BEAR_OPTIMIZED,3,0.813312155277442,-1.2384679240983507,16.131986159069335,PRICE,TRAIN,2023-12
CYRE3.SA,BEAR_CALM,-0.014444899463804915,0,BEAR_OPTIMIZED,1,0.5097598266345168,-1.8082532418328128,26.70641911728218,PRICE,TRAIN,2023-12
CYRE3.SA,BEAR_CALM,0.005043616531057317,1,BEAR_OPTIMIZED,1,0.9138352251854958,-0.34822793046799017,27.582449082009358,PRICE,TRAIN,2023-12
CYRE3.SA,BEAR_CALM,0.022138434520113305,1,BEAR_OPTIMIZED,1,-0.27131199475089135,-0.255331910285657,18.55741178252492,PRICE,TRAIN,2023-12
CYRE3.SA,BEAR_CALM,-0.012952645148768614,0,BEAR_OPTIMIZED,3,-0.5723785065357828,1.0513612685805054,14.768884389527942,PRICE,TRAIN,2023-12
CYRE3.SA,BEAR_CALM,0.04211551377111831,1,BEAR_OPTIMIZED,7,-0.6146983400789808,1.5012849194437616,15.385697570932686,PRICE,TRAIN,2023-12
CYRE3.SA,BEAR_CALM,0.020812636033510447,1,BEAR_OPTIMIZED,1,0.05200693749494251,-0.004241926436333245,8.302315530200463,PRICE,TRAIN,2023-12
CYRE3.SA,BEAR_CALM,0.05025887736972998,1,BEAR_OPTIMIZED,6,0.7166040807371205,0.7320484052099908,8.329172493008276,PRICE,TRAIN,2023-12
CYRE3.SA,BEAR_VOLATILE,0.0015042073858012384,1,END_CLOSED,8,0.2135169445219732,-0.9545425627381476,5.98459897545213,PRICE,TRAIN,2023-12
DIRR3.SA,BULL_CALM,0.21609486809729236,1,SIGNAL,78,-0.6115177533211731,0.4931440033320835,12.070133966346056,PRICE,TRAIN,2023-12
DIRR3.SA,BULL_CALM,0.09702032995654339,1,SIGNAL,8,1.1670035933045098,1.6355955975622134,6.323295022785465,PRICE,TRAIN,2023-12
DIRR3.SA,BULL_CALM,-0.07229626302895634,0,HARD_STOP,1,0.6564138967934517,-0.07418499253164162,3.201019670610095,PRICE,TRAIN,2023-12
DIRR3.SA,BULL_VOLATILE,0.055142998228700925,1,END_CLOSED,3,1.0862507866633186,-0.4263593701510418,5.049445413369899,PRICE,TRAIN,2023-12
ECOR3.SA,BULL_CALM,-0.006755559353839001,0,TIME_STOP,15,-0.8006425626837459,-1.1047981192685583,6.890683155219453,PRICE,TRAIN,2023-12
ECOR3.SA,BULL_CALM,-0.010332426506139768,0,TIME_STOP,32,-1.6901393711353236,0.6745134559401014,5.070007628218818,PRICE,TRAIN,2023-12
ECOR3.SA,SIDEWAYS_CALM,-0.052047433427030464,0,HARD_STOP,6,-0.7010346295608529,1.7137036644363028,3.0026368918990083,PRICE,TRAIN,2023-12
ECOR3.SA,SIDEWAYS_VOLATILE,-0.051200000000000044,0,HARD_STOP,4,-0.12863973868023582,1.8228184125437108,12.09340535524974,PRICE,TRAIN,2023-12
ECOR3.SA,BEAR_VOLATILE,-0.006463229270379921,0,BEAR_OPTIMIZED,5,-1.3382790864698078,0.21096725244601677,34.30961849152067,PRICE,TRAIN,2023-12
ECOR3.SA,BEAR_CALM,-0.05712547094112843,0,HARD_STOP,7,-0.6827177921294041,0.24168177213061545,34.30961849152067,PRICE,TRAIN,2023-12
ECOR3.SA,BEAR_CALM,0.031566383662740984,1,BEAR_OPTIMIZED,8,-1.352146851539339,1.0483316946469505,34.30961849152067,PRICE,TRAIN,2023-12
ECOR3.SA,BEAR_CALM,-0.02376702119150533,0,TIME_STOP,11,0.36386206948590216,1.1046016477059224,19.86294083568705,PRICE,TRAIN,2023-12
ECOR3.SA,BEAR_VOLATILE,-0.05276247830617078,0,HARD_STOP,8,1.0847444115010327,1.0755847717843314,11.9947980456169,PRICE,TRAIN,2023-12
ECOR3.SA,BEAR_VOLATILE,-0.051200000000000044,0,HARD_STOP,1,-0.6572264263026099,-2.8131645721442498,11.195724840662848,PRICE,TRAIN,2023-12
ECOR3.SA,BEAR_VOLATILE,0.030035687274450586,1,STOP_TECNICO,1,-0.08180409221652392,-3.6233632360628243,23.865560101469526,PRICE,TRAIN,2023-12
ECOR3.SA,BEAR_VOLATILE,-0.0012,0,END_CLOSED,0,-0.6007279271716772,-2.518265352690845,34.30961849152067,PRICE,TRAIN,2023-12
EGIE3.SA,SIDEWAYS_VOLATILE,-0.01606359354859379,0,TIME_STOP,11,1.4180474337566111,0.8703120847241762,10.322924182621511,PRICE,TRAIN,2023-12
EGIE3.SA,BEAR_CALM,0.020049988222971306,1,BEAR_OPTIMIZED,1,-0.43821904183055804,0.5380332506938732,20.55795472730622,PRICE,TRAIN,2023-12
EGIE3.SA,BEAR_CALM,0.005026525162749131,1,BEAR_OPTIMIZED,3,0.26276691670718805,-0.059636313014934876,13.869826688547597,PRICE,TRAIN,2023-12
EGIE3.SA,BEAR_CALM,-0.00045233514936540036,0,BEAR_OPTIMIZED,2,0.4334017596673767,-0.2472228570213767,9.447553513865827,PRICE,TRAIN,2023-12
EGIE3.SA,BEAR_CALM,0.026429840369012726,1,BEAR_OPTIMIZED,1,-1.5289344944094334,0.19676855076295582,6.85712255954738,PRICE,TRAIN,2023-12
EGIE3.SA,BEAR_CALM,0.005817512806103632,1,BEAR_OPTIMIZED,3,0.1507008802208497,0.929738209289571,1.6095712324504203,PRICE,TRAIN,2023-12
EGIE3.SA,BEAR_CALM,0.020402532513819828,1,BEAR_OPTIMIZED,5,0.8617538450746559,0.7493778402627223,1.6844780429200965,PRICE,TRAIN,2023-12
EGIE3.SA,SIDEWAYS_CALM,-0.008623414244977388,0,TIME_STOP,13,0.74563158126692,0.9090106503536904,14.79250943451469,PRICE,TRAIN,2023-12
EGIE3.SA,SIDEWAYS_CALM,-0.017084770261106906,0,TIME_STOP,11,-0.6903968384149027,0.5806624943274938,34.30961849152067,PRICE,TRAIN,2023-12
EGIE3.SA,BEAR_CALM,-0.013435546225310534,0,TIME_STOP,13,1.2934814464242792,-0.8932355561809311,34.30961849152067,PRICE,TRAIN,2023-12
EGIE3.SA,BEAR_VOLATILE,0.015930587761593486,1,END_CLOSED,4,-1.776507715478355,0.961462561348863,34.30961849152067,PRICE,TRAIN,2023-12
ELET3.SA,BULL_CALM,-0.006074152774150153,0,TIME_STOP,13,0.6294307300598294,0.49788758070284933,8.885961548791542,PRICE,TRAIN,2023-12
ELET3.SA,BULL_CALM,-0.014227668400726888,0,TIME_STOP,14,-0.28431724467903235,-0.28930660252478574,3.52005722172891,PRICE,TRAIN,2023-12
ELET3.SA,BULL_CALM,-0.0639413539244065,0,HARD_STOP,3,-0.5082035006786175,0.2455404296669341,4.020489673167673,PRICE,TRAIN,2023-12
ELET3.SA,SIDEWAYS_VOLATILE,-0.051200000000000155,0,HARD_STOP,9,-1.7525989702037188,-1.8160161208691188,13.346426867355342,PRICE,TRAIN,2023-12
ELET3.SA,BEAR_CALM,-0.05710223829763963,0,HARD_STOP,11,1.2215381884307173,-1.291270330220866,31.530713722558996,PRICE,TRAIN,2023-12
ELET3.SA,BEAR_VOLATILE,-0.027792662086656005,0,TIME_STOP,12,0.056237818963919384,0.09134654090406195,16.31883366375909,PRICE,TRAIN,2023-12
ELET3.SA,BEAR_CALM,0.10054314050524424,1,BEAR_OPTIMIZED,15,0.7932574787431713,-0.14384174956500953,11.705256339804718,PRICE,TRAIN,2023-12
ELET3.SA,BEAR_CALM,-0.03579029920397316,0,STOP_TECNICO,16,0.7468034647114631,-0.5922416653455547,1000.0,PRICE,TRAIN,2023-12
ELET3.SA,BEAR_CALM,0.04258949850801894,1,END_CLOSED,3,-0.8902979587116426,-0.15045256494677114,21.455086261658334,PRICE,TRAIN,2023-12
EMBR3.SA,BULL_CALM,-0.020296108716246118,0,TIME_STOP,13,-2.018850773310926,-0.05757135326010066,8.870946831619092,PRICE,TRAIN,2023-12
EMBR3.SA,BULL_CALM,0.15386450587320852,1,SIGNAL,1,0.6807239898590778,0.9312161862308724,3.5957365634975216,PRICE,TEST,2023-12
EMBR3.SA,BULL_CALM,-0.033838979182152194,0,TIME_STOP,11,-0.7750819228380386,-2.4218855617175006,2.805439165494788,PRICE,TEST,2023-12
ELET6.SA,BULL_CALM,0.04858276887862876,1,SIGNAL,11,1.1892281147027715,-1.020118771562652,5.834243061343981,PRICE,TRAIN,2023-12
ELET6.SA,BULL_CALM,-0.001851856076210322,0,TIME_STOP,14,-0.729908967190067,-0.39565530465802734,2.551018296490949,PRICE,TRAIN,2023-12
ELET6.SA,BULL_CALM,-0.057428457265052656,0,HARD_STOP,3,-0.776773681583366,-0.07718268935201024,2.8041275453607253,PRICE,TRAIN,2023-12
ELET6.SA,SIDEWAYS_VOLATILE,-0.014618103365181122,0,TIME_STOP,36,-1.2528056683249893,-1.6148601246079883,11.250595224428693,PRICE,TRAIN,2023-12
ELET6.SA,BEAR_CALM,0.00697840074740972,1,BEAR_OPTIMIZED,10,0.8739406865901298,0.054465091874816324,20.35255125192443,PRICE,TRAIN,2023-12
ELET6.SA,BEAR_CALM,-0.016241305708744956,0,TIME_STOP,11,0.12669471331004728,0.6745776518882366,10.981072669580211,PRICE,TRAIN,2023-12
ELET6.SA,BEAR_CALM,0.035733392021422984,1,BEAR_OPTIMIZED,7,0.8399905903901578,1.415161042150051,10.0286816469687,PRICE,TRAIN,2023-12
ELET6.SA,BEAR_CALM,-0.004913589155990737,0,TIME_STOP,11,0.7342729745356028,-0.22662164899684548,1000.0,PRICE,TRAIN,2023-12
ELET6.SA,BEAR_CALM,-0.030110576712869895,0,STOP_TECNICO,1,-0.47131588705989624,0.88948687107045,23.729919188000448,PRICE,TRAIN,2023-12
ELET6.SA,BEAR_CALM,0.026231967921896172,1,END_CLOSED,3,-0.872606582145853,1.251349981146645,19.07303679509001,PRICE,TRAIN,2023-12
ENGI11.SA,BULL_CALM,-0.007486920693692965,0,TIME_STOP,50,0.3781237534248869,-0.6345577323001581,5.659686355319234,PRICE,TRAIN,2023-12
ENGI11.SA,SIDEWAYS_CALM,-0.01724169716834436,0,TIME_STOP,13,0.47536162134446946,1.8037623179270597,6.998293794309892,PRICE,TRAIN,2023-12
ENGI11.SA,SIDEWAYS_CALM,-0.009028939952016833,0,TIME_STOP,12,-1.6291218127524927,0.32197773769333504,5.287022990256594,PRICE,TRAIN,2023-12
ENGI11.SA,BEAR_CALM,0.033237651819157145,1,BEAR_OPTIMIZED,4,-1.0980278054101258,-0.5189943112970659,18.477745680368166,PRICE,TRAIN,2023-12
ENGI11.SA,BEAR_CALM,0.026046651577947035,1,BEAR_OPTIMIZED,2,-1.795509553623559,-0.13873492282787975,7.789599857119831,PRICE,TRAIN,2023-12
ENGI11.SA,BEAR_CALM,0.02216754805327068,1,BEAR_OPTIMIZED,5,-1.5382453750312737,-0.774229152440201,5.689507532645713,PRICE,TRAIN,2023-12
ENGI11.SA,BEAR_CALM,-0.051200000000000044,0,HARD_STOP,9,-1.1300159521803053,0.20396768452066574,2.201591829566035,PRICE,TRAIN,2023-12
ENGI11.SA,BEAR_CALM,0.022251322977614764,1,BEAR_OPTIMIZED,10,-1.5097329273709115,0.6655110427877005,3.3033733144903095,PRICE,TRAIN,2023-12
ENGI11.SA,BEAR_CALM,-0.016185643290597927,0,TIME_STOP,12,0.6310573559163899,1.4675075691625719,3.5681269626646688,PRICE,TRAIN,2023-12
ENGI11.SA,BEAR_VOLATILE,-0.0025800023123741175,0,TIME_STOP,13,1.0160313667603542,-0.2647929823746049,13.815478307905968,PRICE,TRAIN,2023-12
ENGI11.SA,BEAR_CALM,-0.024282366154482336,0,STOP_TECNICO,4,0.25022529749385225,0.5700823195727578,16.486881611233045,PRICE,TRAIN,2023-12
ENGI11.SA,BEAR_CALM,-0.011140754834743992,0,STOP_TECNICO,1,0.6573476082530364,-0.07805123618241765,27.84564443478236,PRICE,TRAIN,2023-12
ENGI11.SA,BEAR_CALM,0.02320246455747097,1,STOP_TECNICO,1,0.5241540019108966,0.5541630728902425,34.30961849152067,PRICE,TRAIN,2023-12
ENGI11.SA,BEAR_CALM,-0.022003389998513166,0,STOP_TECNICO,4,0.20384829210343305,0.7032688102067319,29.98604364262457,PRICE,TRAIN,2023-12
ENGI11.SA,BEAR_CALM,-0.029682642461624463,0,STOP_TECNICO,3,-1.4391880448568517,1.02152593177374,20.410819602021785,PRICE,TRAIN,2023-12
ENGI11.SA,BEAR_CALM,-0.010750270056378207,0,STOP_TECNICO,1,-0.8726675897122669,0.5747007590675228,19.004545723118838,PRICE,TRAIN,2023-12
ENEV3.SA,BULL_CALM,-0.02493419166031454,0,TIME_STOP,12,1.6352834268243586,-1.0699833359644288,4.316935504914976,PRICE,TRAIN,2023-12
ENEV3.SA,SIDEWAYS_CALM,-0.01335563779171691,0,TIME_STOP,14,1.338953479230075,-0.4676960856404335,4.688646497709986,PRICE,TRAIN,2023-12
ENEV3.SA,SIDEWAYS_CALM,0.07308570182955995,1,SIGNAL,73,-0.20832642215798394,-0.19849222867393138,1.9086028347015764,PRICE,TRAIN,2023-12
ENEV3.SA,SIDEWAYS_VOLATILE,-0.0312158071896498,0,TIME_STOP,11,1.6858822415833927,-0.33225278474052006,9.900265421311461,PRICE,TRAIN,2023-12
ENEV3.SA,BEAR_VOLATILE,-0.00722407018189488,0,TIME_STOP,11,2.931044719585092,-0.4242492002304577,1000.0,PRICE,TRAIN,2023-12
ENEV3.SA,BEAR_VOLATILE,0.01196941299463692,1,END_CLOSED,2,0.22966338752322168,0.24870490398083564,1000.0,PRICE,TRAIN,2023-12
EQTL3.SA,BULL_CALM,-0.001786434601318908,0,TIME_STOP,17,-1.801629919852915,-0.24374636899800986,5.683618130463951,PRICE,TRAIN,2023-12
EQTL3.SA,BULL_CALM,-0.0017953292389436758,0,TIME_STOP,12,-0.8420071000200856,-0.8145034948334585,2.206881019586164,PRICE,TRAIN,2023-12
EQTL3.SA,SIDEWAYS_CALM,-0.008912586397367049,0,TIME_STOP,11,-2.458609165005537,-1.4769886905823932,2.936568006669093,PRICE,TRAIN,2023-12
EQTL3.SA,SIDEWAYS_CALM,-0.051200000000000044,0,HARD_STOP,11,-1.2189029878287225,-0.5992045518513023,4.802009838480664,PRICE,TRAIN,2023-12
EQTL3.SA,BEAR_CALM,0.015275156846162298,1,BEAR_OPTIMIZED,1,-1.8927375916186537,1.2858667332377967,8.55543714285163,PRICE,TRAIN,2023-12
EQTL3.SA,BEAR_CALM,-0.006824959238726745,0,BEAR_OPTIMIZED,1,-2.1242800860227162,0.6714194252296547,9.804522931738587,PRICE,TRAIN,2023-12
EQTL3.SA,BEAR_CALM,-0.007264452885708005,0,BEAR_OPTIMIZED,1,-1.8471114507684527,0.3636533468725398,18.419150316343636,PRICE,TRAIN,2023-12
EQTL3.SA,BEAR_CALM,0.003921689538253982,1,BEAR_OPTIMIZED,1,-1.9788838810402056,-0.05422717102765834,25.225623472949138,PRICE,TRAIN,2023-12
EQTL3.SA,BEAR_CALM,-0.051200000000000044,0,HARD_STOP,5,-1.865119373703951,-0.6520430298028895,16.153504602537808,PRICE,TRAIN,2023-12
EQTL3.SA,BEAR_CALM,-0.0028341042572957095,0,BEAR_OPTIMIZED,3,-1.710130653084111,-2.2859650293245135,12.14792014799123,PRICE,TRAIN,2023-12
EQTL3.SA,BEAR_CALM,-0.0005457565979819711,0,BEAR_OPTIMIZED,1,-0.9275658268161997,-1.1902735561091986,10.188656161613858,PRICE,TRAIN,2023-12
EQTL3.SA,BEAR_CALM,-0.03241923600205834,0,TIME_STOP,11,-1.1770880739304326,-0.31142107706505306,7.496015409436374,PRICE,TRAIN,2023-12
EQTL3.SA,BEAR_CALM,0.06424955649058747,1,BEAR_OPTIMIZED,15,-0.9821302324300949,1.1832131434000168,8.641146488082473,PRICE,TRAIN,2023-12
EQTL3.SA,BEAR_VOLATILE,-0.013484231178654403,0,END_CLOSED,4,0.88836388806921,1.0573095898915466,6.1566765172421425,PRICE,TRAIN,2023-12
EZTC3.SA,BEAR_VOLATILE,-0.051200000000000155,0,HARD_STOP,8,1.0679373338412619,0.2708036208313532,10.286748546145324,PRICE,TRAIN,2023-12
EZTC3.SA,BEAR_CALM,-0.013042178030544326,0,TIME_STOP,14,0.5532500811587382,1.807730498909928,19.123416526974264,PRICE,TRAIN,2023-12
EZTC3.SA,BEAR_CALM,-0.051200000000000044,0,HARD_STOP,4,-0.8138923488931848,1.007855054859677,5.789667258806643,PRICE,TRAIN,2023-12
EZTC3.SA,BEAR_VOLATILE,0.00880000000000001,1,STOP_TECNICO,18,0.34658482664908163,1.4990363478123938,18.866719105643703,PRICE,TRAIN,2023-12
EZTC3.SA,BEAR_CALM,-0.051200000000000044,0,HARD_STOP,9,0.2685276105141081,0.27549449494307277,15.504511566487439,PRICE,TRAIN,2023-12
EZTC3.SA,BEAR_CALM,0.00880000000000001,1,STOP_TECNICO,50,-1.1122382978805727,-0.2944939300959443,10.66242099588305,PRICE,TRAIN,2023-12
FLRY3.SA,BULL_VOLATILE,-0.02363779572723592,0,TIME_STOP,13,1.4028432660044592,-0.20578662253465613,8.000037235253933,PRICE,TRAIN,2023-12
FLRY3.SA,SIDEWAYS_CALM,-0.00999397919692726,0,TIME_STOP,12,-0.328628415565522,1.1978734949853078,34.30961849152067,PRICE,TRAIN,2023-12
FLRY3.SA,SIDEWAYS_CALM,-0.05167921572330738,0,HARD_STOP,8,0.5321146927492268,0.270268085423359,34.30961849152067,PRICE,TRAIN,2023-12
FLRY3.SA,BEAR_CALM,-0.0027152574824552897,0,TIME_STOP,14,0.7264101580680721,-0.23012299661657348,34.30961849152067,PRICE,TRAIN,2023-12
FLRY3.SA,BEAR_CALM,-0.051200000000000044,0,HARD_STOP,8,0.2104313350533154,0.8319775416562185,14.197975457940645,PRICE,TRAIN,2023-12
FLRY3.SA,BEAR_VOLATILE,-0.0033414848766052593,0,TIME_STOP,56,-0.20839206101842278,-0.05399559797748829,28.759825759003963,PRICE,TRAIN,2023-12
FLRY3.SA,BEAR_CALM,-0.051200000000000044,0,HARD_STOP,7,0.19505770274782191,0.554998376354923,1000.0,PRICE,TRAIN,2023-12
FLRY3.SA,BEAR_VOLATILE,-0.0026367834148757416,0,TIME_STOP,12,-0.5355275299675184,-2.037146963666248,34.30961849152067,PRICE,TRAIN,2023-12
FLRY3.SA,BEAR_VOLATILE,-0.01252923658853957,0,END_CLOSED,4,-0.2736468005214218,0.3860605908544914,33.583558749132905,PRICE,TRAIN,2023-12
GGBR4.SA,BEAR_CALM,0.00521538443202272,1,STOP_TECNICO,30,-0.03586415017976938,2.1397779866076037,10.442029004492143,PRICE,TRAIN,2023-12
GGBR4.SA,BEAR_CALM,-0.029010506093669196,0,TIME_STOP,15,0.9725233978510216,1.3134809252195607,23.1902606907738,PRICE,TEST,2023-12
GGBR4.SA,BEAR_VOLATILE,0.044291151635293825,1,END_CLOSED,10,1.2731246639933937,-0.7220750701173437,24.74723724626279,PRICE,TEST,2023-12
GOAU4.SA,SIDEWAYS_VOLATILE,0.12392421715235166,1,SIGNAL,14,-0.50699051208245,-1.751430284057975,3.996282890430555,PRICE,TRAIN,2023-12
GOAU4.SA,BEAR_CALM,-0.02900761177511093,0,TIME_STOP,13,0.26125499914498196,0.6661583072352849,32.873446168218834,PRICE,TEST,2023-12
GOAU4.SA,BEAR_VOLATILE,0.03693536784275429,1,END_CLOSED,10,1.3388526562610865,0.4144085176329381,34.30961849152067,PRICE,TEST,2023-12
HAPV3.SA,BEAR_CALM,-0.02404261436507884,0,TIME_STOP,13,-0.6506526285444544,-0.2901734184656457,4.640117554922158,PRICE,TRAIN,2023-12
HAPV3.SA,BEAR_VOLATILE,0.00880000000000001,1,STOP_TECNICO,64,-0.003057432658274723,0.4553333457396665,34.30961849152067,PRICE,TRAIN,2023-12
HAPV3.SA,BEAR_CALM,-0.051200000000000044,0,HARD_STOP,5,-0.08747111699956041,1.747155841548461,26.698941269153746,PRICE,TRAIN,2023-12
HAPV3.SA,BEAR_CALM,-0.05241291269250938,0,HARD_STOP,3,-0.6283199685312083,1.8542126234941694,34.30961849152067,PRICE,TRAIN,2023-12
HAPV3.SA,BEAR_CALM,-0.007065087986015038,0,STOP_TECNICO,1,-1.124184140561645,-0.11325487839433221,1000.0,PRICE,TRAIN,2023-12
HAPV3.SA,BEAR_VOLATILE,-0.025971554145998187,0,STOP_TECNICO,2,-2.1745232302040525,-0.5961154671191177,1000.0,PRICE,TRAIN,2023-12
HAPV3.SA,BEAR_VOLATILE,0.022528796317752377,1,STOP_TECNICO,1,-0.5053692569937167,1.6742781567679033,1000.0,PRICE,TRAIN,2023-12
HAPV3.SA,BEAR_VOLATILE,0.03352222160900573,1,STOP_TECNICO,1,-0.49583232482181266,1.9612194281697928,1000.0,PRICE,TRAIN,2023-12
HAPV3.SA,BEAR_VOLATILE,-0.051200000000000044,0,HARD_STOP,2,-0.8638047439540557,2.1063020871540217,1000.0,PRICE,TRAIN,2023-12
HAPV3.SA,BEAR_VOLATILE,0.013781235594278886,1,STOP_TECNICO,1,-1.1265978804105203,1.0318631796603701,1000.0,PRICE,TRAIN,2023-12
HAPV3.SA,BEAR_VOLATILE,-0.012650401314896052,0,STOP_TECNICO,1,-1.3652944839276122,0.8349714809325578,1000.0,PRICE,TRAIN,2023-12
HYPE3.SA,BEAR_VOLATILE,-0.051200000000000044,0,HARD_STOP,6,0.7229875982494136,0.06560166547290008,6.217657352496287,PRICE,TRAIN,2023-12
HYPE3.SA,BEAR_CALM,0.00880000000000001,1,STOP_TECNICO,54,0.10429214232885052,0.5752996445880258,12.459392778661082,PRICE,TRAIN,2023-12
HYPE3.SA,BEAR_VOLATILE,-0.061625059472274056,0,HARD_STOP,6,0.7740960461001654,-2.5109034104653856,3.9558848290974704,PRICE,TRAIN,2023-12
HYPE3.SA,BEAR_VOLATILE,-0.0618531132924073,0,HARD_STOP,3,3.206796724987393,-0.9557122963505319,12.687120199082795,PRICE,TRAIN,2023-12
HYPE3.SA,BEAR_CALM,-0.0013973301248647806,0,TIME_STOP,56,1.5297888507786337,-2.426253190531213,10.998881008671228,PRICE,TRAIN,2023-12
HYPE3.SA,BEAR_CALM,-0.029547539300470736,0,STOP_TECNICO,1,-0.8899973099978487,0.6985787010056138,7.4883377119231165,PRICE,TRAIN,2023-12
HYPE3.SA,BEAR_CALM,-0.02893618859191751,0,STOP_TECNICO,7,-0.4101238457273265,0.7854978812674396,11.572297708468563,PRICE,TRAIN,2023-12
HYPE3.SA,BEAR_CALM,-0.08822298763079853,0,HARD_STOP,3,0.22923239148959038,-1.006605258103646,11.712823639638893,PRICE,TRAIN,2023-12
HYPE3.SA,BEAR_VOLATILE,0.00014710287399131278,1,STOP_TECNICO,1,0.7074709137062863,-0.16553913427990294,34.30961849152067,PRICE,TRAIN,2023-12
HYPE3.SA,BEAR_VOLATILE,-0.027003512184231936,0,STOP_TECNICO,1,1.6062965461421088,-0.29193578213010474,34.30961849152067,PRICE,TRAIN,2023-12
HYPE3.SA,BEAR_VOLATILE,-0.0031314327746905443,0,STOP_TECNICO,1,1.591977649709669,-0.01765684014209238,34.30961849152067,PRICE,TRAIN,2023-12
HYPE3.SA,BEAR_VOLATILE,-0.011340022067125276,0,STOP_TECNICO,1,0.7595725172751783,-0.4766346127707508,34.30961849152067,PRICE,TRAIN,2023-12
HYPE3.SA,BEAR_VOLATILE,0.0017600374079399306,1,STOP_TECNICO,1,0.3881962749534035,-0.6938548573036902,34.30961849152067,PRICE,TRAIN,2023-12
HYPE3.SA,BEAR_VOLATILE,-0.018208493967877958,0,STOP_TECNICO,1,0.05944941486649366,-1.8046306765474764,1000.0,PRICE,TRAIN,2023-12
HYPE3.SA,BEAR_VOLATILE,-0.015270443019580048,0,STOP_TECNICO,1,0.4042274480868689,1.6983248625306304,34.30961849152067,PRICE,TRAIN,2023-12
IGTI11.SA,BULL_CALM,-0.0016241760464579468,0,TIME_STOP,11,0.6372024351695899,0.9326564533802785,16.598795836467076,PRICE,TRAIN,2023-12
IGTI11.SA,BULL_CALM,-0.008473895920976048,0,TIME_STOP,12,-0.311867649102256,0.9505952698073671,5.5805457843567385,PRICE,TRAIN,2023-12
IGTI11.SA,BULL_CALM,-0.0024869831933706163,0,TIME_STOP,11,-0.05614827880540958,-1.95524265022874,1.7216717181228962,PRICE,TRAIN,2023-12
IGTI11.SA,SIDEWAYS_VOLATILE,-0.007566173618483461,0,TIME_STOP,15,0.5317737958418042,0.06578238655293835,6.271016056163474,PRICE,TRAIN,2023-12
IGTI11.SA,BEAR_CALM,0.007847671611652764,1,BEAR_OPTIMIZED,1,-0.017062667079259523,0.3289070963187285,9.51115549657443,PRICE,TRAIN,2023-12
IGTI11.SA,SIDEWAYS_CALM,-0.03391693504482431,0,TIME_STOP,11,0.6197367355298415,0.4622673024684949,10.31637623484022,PRICE,TRAIN,2023-12
IGTI11.SA,BEAR_CALM,-0.025614017589523218,0,TIME_STOP,12,0.8457138914956404,0.8138999516184698,14.41823140361394,PRICE,TRAIN,2023-12
IGTI11.SA,BEAR_CALM,0.085801522038888,1,BEAR_OPTIMIZED,10,2.7393514604746887,-0.38582291549361397,10.441060331789911,PRICE,TRAIN,2023-12
IGTI11.SA,BEAR_CALM,-0.020105581623115286,0,STOP_TECNICO,10,0.055387617055906044,-1.945732607020659,9.735350531656424,PRICE,TRAIN,2023-12
IGTI11.SA,BEAR_VOLATILE,-0.051200000000000044,0,HARD_STOP,6,-0.6494988491555795,1.1203308460587276,8.652846987149093,PRICE,TRAIN,2023-12
IRBR3.SA,BEAR_CALM,-0.0017120444715945859,0,STOP_TECNICO,16,1.5866302132201735,1.0220055773901706,17.498471540649263,PRICE,TRAIN,2023-12
IRBR3.SA,BEAR_CALM,0.004280143166624929,1,STOP_TECNICO,22,-2.0239018528671617,-0.5749419841393365,1.8699561080737799,PRICE,TRAIN,2023-12
IRBR3.SA,BEAR_CALM,-0.07503804731278144,0,HARD_STOP,7,-0.6831089103858577,-0.28463912909771194,2.6217317787749588,PRICE,TRAIN,2023-12
IRBR3.SA,BEAR_VOLATILE,-0.052027083731056155,0,HARD_STOP,4,0.2072604537530895,0.5137899697616871,11.601725979238141,PRICE,TRAIN,2023-12
IRBR3.SA,BEAR_VOLATILE,-0.004377581070955337,0,TIME_STOP,12,0.6136476544496773,0.30869837139035006,27.247333183036297,PRICE,TRAIN,2023-12
IRBR3.SA,BEAR_CALM,-0.0015183772343335888,0,TIME_STOP,17,0.38329082633790934,1.619666431272952,34.30961849152067,PRICE,TRAIN,2023-12
IRBR3.SA,BEAR_CALM,-0.051200000000000044,0,HARD_STOP,13,0.9483355383243343,1.0920156986827134,13.538270900653412,PRICE,TRAIN,2023-12
ITUB4.SA,BULL_CALM,0.06819311408264425,1,SIGNAL,14,1.8670160725489424,-0.3805859699348606,15.324488779786948,PRICE,TRAIN,2023-12
ITUB4.SA,BULL_CALM,-0.04092307972198508,0,TIME_STOP,12,-0.3362249814838213,-0.6919317178422304,12.66627345752202,PRICE,TRAIN,2023-12
ITUB4.SA,BULL_VOLATILE,-0.006348894967869521,0,TIME_STOP,37,0.7042302178699117,-0.5699258552221425,8.471412953636642,PRICE,TRAIN,2023-12
ITUB4.SA,BULL_VOLATILE,-0.011056748209555288,0,TIME_STOP,11,-0.3103032009354193,0.016827977882030158,11.310075837960134,PRICE,TRAIN,2023-12
ITUB4.SA,SIDEWAYS_CALM,-0.051200000000000044,0,HARD_STOP,11,1.9569733777755738,-1.3817001780810847,7.9038986702448994,PRICE,TRAIN,2023-12
ITUB4.SA,SIDEWAYS_VOLATILE,-0.0005879980373057136,0,END_CLOSED,2,0.28834240128384886,0.7203739089693001,15.615737788782821,PRICE,TRAIN,2023-12
ITSA4.SA,BULL_CALM,0.08916128854719849,1,SIGNAL,27,2.010376634651845,0.702016532040569,13.245159105152517,PRICE,TRAIN,2023-12
ITSA4.SA,BULL_CALM,-0.03304055642617756,0,TIME_STOP,11,-0.23036868126860596,0.15696473581228645,10.575120557913323,PRICE,TRAIN,2023-12
ITSA4.SA,BULL_VOLATILE,0.00880000000000001,1,STOP_TECNICO,49,0.5445598943702588,0.7544718404191277,11.982756749532227,PRICE,TRAIN,2023-12
ITSA4.SA,BULL_CALM,0.13678620520267878,1,SIGNAL,65,1.1217423233722357,-1.1734797180434604,8.168020005928152,PRICE,TRAIN,2023-12
ITSA4.SA,SIDEWAYS_CALM,-0.022313454452187263,0,TIME_STOP,11,0.5530616861117772,-1.1873468818549302,7.433290144220671,PRICE,TRAIN,2023-12
ITSA4.SA,BEAR_VOLATILE,0.0050499501379891246,1,BEAR_OPTIMIZED,1,0.03905818982961926,-0.7816713832194958,1000.0,PRICE,TRAIN,2023-12
ITSA4.SA,BEAR_VOLATILE,0.021478101173512655,1,BEAR_OPTIMIZED,1,0.659055700350133,-1.0149855181590546,34.30961849152067,PRICE,TRAIN,2023-12
ITSA4.SA,BEAR_VOLATILE,-0.0012,0,END_CLOSED,0,-0.35655914041606607,-1.119279084442954,22.364501893208114,PRICE,TRAIN,2023-12
LWSA3.SA,BEAR_CALM,-0.051200000000000044,0,HARD_STOP,6,-0.48837715186767744,0.7138893601838514,3.5979447300668266,PRICE,TRAIN,2023-12
LWSA3.SA,BEAR_VOLATILE,-0.05687003833653483,0,HARD_STOP,9,0.046650545662541336,1.1110296829599169,5.593735641329565,PRICE,TRAIN,2023-12
LWSA3.SA,BEAR_CALM,0.007495649387349125,1,STOP_TECNICO,16,0.05708131546228547,1.240741526941224,30.591636346719106,PRICE,TRAIN,2023-12
LWSA3.SA,BEAR_CALM,-0.10919132057866768,0,HARD_STOP,5,-0.8003284925699687,-0.5766868669906207,31.915309805416864,PRICE,TRAIN,2023-12
LWSA3.SA,BEAR_VOLATILE,0.0035620206391665313,1,STOP_TECNICO,11,1.2403408154343272,-1.0545445723862787,34.30961849152067,PRICE,TRAIN,2023-12
LWSA3.SA,BEAR_CALM,-0.05131931704842376,0,HARD_STOP,8,0.8067738563503611,-1.3583165475178718,18.853323879058593,PRICE,TRAIN,2023-12
LWSA3.SA,BEAR_CALM,0.00880000000000001,1,STOP_TECNICO,100,0.4695338592636103,-0.07786848287544484,9.368894768701455,PRICE,TRAIN,2023-12
LWSA3.SA,BEAR_VOLATILE,-0.05834281278736355,0,HARD_STOP,9,0.5776729916231372,-0.8040130291020267,3.39490349043269,PRICE,TEST,2023-12
LREN3.SA,BEAR_CALM,-0.051200000000000044,0,HARD_STOP,10,0.19055728676468203,0.5895393828615354,7.870688301647195,PRICE,TRAIN,2023-12
LREN3.SA,BEAR_CALM,0.00880000000000001,1,STOP_TECNICO,92,-1.8449338378672266,0.41474996344596954,6.5744864822037385,PRICE,TRAIN,2023-12
LREN3.SA,BEAR_CALM,-0.07207159397595223,0,HARD_STOP,1,-0.7053309060780731,-2.3545279341181864,3.5570286975952183,PRICE,TRAIN,2023-12
LREN3.SA,BEAR_VOLATILE,-0.051200000000000044,0,HARD_STOP,8,0.16749032238046435,-0.419609821519975,12.269188142119337,PRICE,TRAIN,2023-12
LREN3.SA,BEAR_VOLATILE,-0.019225037476305128,0,TIME_STOP,11,0.37344292988105104,-0.5242527281908058,26.739020545994403,PRICE,TRAIN,2023-12
LREN3.SA,BEAR_CALM,0.29582967195939547,1,BEAR_OPTIMIZED,47,0.9697008346855638,-0.4738136991387202,34.30961849152067,PRICE,TRAIN,2023-12
LREN3.SA,BEAR_CALM,-0.05124240960619022,0,HARD_STOP,3,-1.1946372140077304,-2.537883618096177,2.2786036491493094,PRICE,TEST,2023-12
LREN3.SA,BEAR_VOLATILE,0.06308575288456483,1,END_CLOSED,2,-0.3437622268673363,-2.6286197302737073,5.717335179157959,PRICE,TEST,2023-12
KLBN11.SA,SIDEWAYS_CALM,0.0671025585681698,1,SIGNAL,26,0.23515832756700392,0.7233762205413633,5.644732297821341,PRICE,TRAIN,2023-12
KLBN11.SA,SIDEWAYS_VOLATILE,0.15793785656804057,1,SIGNAL,177,0.031184540160141466,1.3613792423533335,11.066325048776028,PRICE,TRAIN,2023-12
KLBN11.SA,BULL_CALM,-0.022849100506536678,0,TIME_STOP,13,-0.7820446578409579,-0.2846829483260947,14.406515494674117,PRICE,TEST,2023-12
KLBN11.SA,SIDEWAYS_VOLATILE,-0.057073827955516875,0,HARD_STOP,4,1.1268144411371301,-1.3039774626627731,13.058935171764888,PRICE,TEST,2023-12
KLBN11.SA,BEAR_VOLATILE,0.01379646503009533,1,END_CLOSED,2,2.1912293609843343,-1.020241879790474,1000.0,PRICE,TEST,2023-12
MRVE3.SA,BEAR_VOLATILE,-0.051200000000000044,0,HARD_STOP,6,1.0243787811992653,-1.66179084082573,20.79492717733311,PRICE,TRAIN,2023-12
MRVE3.SA,BEAR_CALM,0.00880000000000001,1,STOP_TECNICO,16,0.5890805958270253,-2.051840265619832,34.30961849152067,PRICE,TRAIN,2023-12
MRVE3.SA,BEAR_CALM,-0.051200000000000044,0,HARD_STOP,4,-0.722821711987543,-0.2986157203655844,4.655187321188364,PRICE,TRAIN,2023-12
MRVE3.SA,BEAR_VOLATILE,0.007960296340817276,1,STOP_TECNICO,52,0.2993955725877649,1.2919787631926583,8.79682421576229,PRICE,TRAIN,2023-12
MRVE3.SA,BEAR_CALM,-0.051200000000000044,0,HARD_STOP,4,-1.7648359287699609,-0.6753361617440125,6.835063767167808,PRICE,TRAIN,2023-12
MRVE3.SA,BEAR_VOLATILE,-0.051200000000000044,0,HARD_STOP,1,-1.1198051705816972,-0.8598598129335805,1000.0,PRICE,TRAIN,2023-12
MRVE3.SA,BEAR_VOLATILE,-0.0012,0,STOP_TECNICO,1,-1.8361337877292327,-1.962814816905391,1000.0,PRICE,TRAIN,2023-12
MRVE3.SA,BEAR_VOLATILE,0.05644960950104858,1,END_CLOSED,7,0.8079041076692393,-0.3191397897154381,5.309766186891319,PRICE,TEST,2023-12
MGLU3.SA,BEAR_VOLATILE,-0.051200000000000044,0,HARD_STOP,1,-1.952644121944491,-0.07857291053676013,22.064472069075965,PRICE,TRAIN,2023-12
MGLU3.SA,BEAR_VOLATILE,-0.051200000000000044,0,HARD_STOP,1,-1.2983825469548462,-0.11585014256262631,1000.0,PRICE,TRAIN,2023-12
MGLU3.SA,BEAR_VOLATILE,-0.06326892066263537,0,HARD_STOP,1,0.2765643166667469,0.20452173275410673,34.30961849152067,PRICE,TRAIN,2023-12
MGLU3.SA,BEAR_CALM,-0.051200000000000044,0,HARD_STOP,3,0.5500862399973471,-0.3353911979208276,24.23564952475973,PRICE,TRAIN,2023-12
MGLU3.SA,BEAR_VOLATILE,-0.08243038276967055,0,HARD_STOP,1,0.19741832078028376,-0.26890228711742,26.86934368538355,PRICE,TRAIN,2023-12
MGLU3.SA,BEAR_VOLATILE,-0.051200000000000044,0,HARD_STOP,8,-1.7107873763158068,0.1676645938054766,30.284734430654627,PRICE,TRAIN,2023-12
MGLU3.SA,BEAR_CALM,-0.01984561010651644,0,STOP_TECNICO,1,0.7247034451492538,1.2109704006589361,12.410130855327294,PRICE,TRAIN,2023-12
MGLU3.SA,BEAR_CALM,0.0008619488008795096,1,STOP_TECNICO,1,0.06562990454294163,0.1097159121152932,27.472560469954917,PRICE,TRAIN,2023-12
MGLU3.SA,BEAR_CALM,-0.013382791641002222,0,STOP_TECNICO,1,0.8137890819456471,0.4665716040756834,18.70525392583508,PRICE,TRAIN,2023-12
MGLU3.SA,BEAR_CALM,-0.03568277631900409,0,STOP_TECNICO,1,1.0551171124366514,-0.17814739345872488,19.175611214796007,PRICE,TRAIN,2023-12
MULT3.SA,BULL_CALM,-0.005220493524140134,0,TIME_STOP,15,-0.39346458783877664,1.3803706265203237,8.703568416349725,PRICE,TRAIN,2023-12
MULT3.SA,SIDEWAYS_CALM,-0.003512247000261891,0,TIME_STOP,12,-0.5588659532422976,1.3754153577369312,5.22643786166052,PRICE,TRAIN,2023-12
MULT3.SA,SIDEWAYS_CALM,-0.01639737539879551,0,TIME_STOP,12,0.8011562715459963,0.17158728209848761,11.33812776078517,PRICE,TRAIN,2023-12
MULT3.SA,BEAR_VOLATILE,-0.051200000000000044,0,HARD_STOP,10,0.09646733405842171,0.674521191318584,14.458127244108681,PRICE,TRAIN,2023-12
MULT3.SA,BEAR_VOLATILE,-0.003384286959060255,0,TIME_STOP,23,-0.7954164510102714,-1.722383202279498,16.08356384721945,PRICE,TRAIN,2023-12
MULT3.SA,BEAR_CALM,-0.023316381082994185,0,TIME_STOP,13,0.1773860969836911,-1.7448545798113402,12.56484581063082,PRICE,TRAIN,2023-12
MULT3.SA,BEAR_CALM,0.10119654589012858,1,BEAR_OPTIMIZED,18,-0.43366158708435626,-0.9273082367604476,7.7796450628167975,PRICE,TRAIN,2023-12
MULT3.SA,BEAR_VOLATILE,0.014103955236799061,1,END_CLOSED,2,1.6129617534333658,-0.9315679429558913,34.30961849152067,PRICE,TRAIN,2023-12
PCAR3.SA,BEAR_CALM,-0.02106788702637199,0,STOP_TECNICO,1,-2.01158660662572,-0.5269333072084276,15.310943647298696,PRICE,TRAIN,2023-12
PETR3.SA,BULL_CALM,-0.09482752417451848,0,HARD_STOP,3,0.904325260495381,-1.99360867791934,11.987862266396741,PRICE,TRAIN,2023-12
PETR3.SA,BULL_VOLATILE,-0.0036326418030271576,0,TIME_STOP,13,1.2170214901606424,-2.639008073953216,8.075474122634583,PRICE,TRAIN,2023-12
PETR3.SA,SIDEWAYS_CALM,0.1775187383857971,1,SIGNAL,115,-0.41243006778195834,0.5252158170028737,10.540924395480921,PRICE,TRAIN,2023-12
PETR3.SA,BULL_CALM,-0.03476037485595398,0,TIME_STOP,11,0.2730115025173522,0.20726821861522832,4.565310104008895,PRICE,TRAIN,2023-12
PETR3.SA,SIDEWAYS_CALM,0.13341022138877298,1,SIGNAL,16,0.17917115345119042,-0.07362497142513488,6.416456607441109,PRICE,TRAIN,2023-12
PETR3.SA,BULL_CALM,0.06932882503327828,1,SIGNAL,13,0.9215768271782598,0.5484777700311372,4.101364494235582,PRICE,TEST,2023-12
PETR3.SA,BULL_CALM,-0.05191360736128916,0,HARD_STOP,6,-1.5611792587805238,-0.516105968148748,3.7144470601130846,PRICE,TEST,2023-12
PETR4.SA,BULL_VOLATILE,-0.0183661588805595,0,TIME_STOP,11,1.0748678987352567,-2.974027140302699,9.656102095435141,PRICE,TRAIN,2023-12
PETR4.SA,BULL_VOLATILE,0.23290680438995057,1,SIGNAL,241,0.9187921341120321,-0.9767115195871025,12.914221051720645,PRICE,TRAIN,2023-12
PETR4.SA,BULL_CALM,0.056131846640599205,1,SIGNAL,6,0.12433207064145443,0.8642348743489375,3.0256901824286775,PRICE,TEST,2023-12
PETR4.SA,BULL_CALM,-0.055556865469952664,0,HARD_STOP,6,-1.7020637291496126,-1.145648945584621,3.318734362991892,PRICE,TEST,2023-12
PRIO3.SA,BULL_CALM,-0.051200000000000044,0,HARD_STOP,10,-0.37927629324130285,0.8264011782558031,2.6086276130628265,PRICE,TRAIN,2023-12
PRIO3.SA,SIDEWAYS_CALM,0.005942800638126668,1,STOP_TECNICO,21,-1.8197684867086044,1.0736998073419486,3.251430080440164,PRICE,TRAIN,2023-12
PRIO3.SA,SIDEWAYS_CALM,0.08725097764293674,1,SIGNAL,6,0.03157823864458277,0.6386308772023395,2.281535780455407,PRICE,TRAIN,2023-12
PRIO3.SA,SIDEWAYS_CALM,-0.05354455378523639,0,HARD_STOP,3,-1.5211618626967764,-0.1030551831260359,6.841136434195676,PRICE,TRAIN,2023-12
PRIO3.SA,BEAR_VOLATILE,-0.020525941289804582,0,BEAR_OPTIMIZED,2,-0.778245534241066,-0.1555019766806887,11.713903292151684,PRICE,TRAIN,2023-12
PRIO3.SA,BEAR_VOLATILE,0.058839857599838875,1,BEAR_OPTIMIZED,6,0.7512183987127773,0.16980865121650746,1000.0,PRICE,TRAIN,2023-12
PRIO3.SA,BEAR_VOLATILE,-0.020642446546206637,0,BEAR_OPTIMIZED,1,1.395989303746462,0.7683106341960046,34.30961849152067,PRICE,TRAIN,2023-12
PRIO3.SA,BEAR_CALM,0.0007394383285984419,1,BEAR_OPTIMIZED,3,-0.002748822833945159,-0.8616902177802591,34.30961849152067,PRICE,TRAIN,2023-12
PRIO3.SA,BEAR_VOLATILE,0.01238435908629807,1,BEAR_OPTIMIZED,2,1.177730262118157,-1.2099682755596963,7.852949941275069,PRICE,TRAIN,2023-12
PRIO3.SA,BEAR_CALM,-0.02547465387774752,0,STOP_TECNICO,7,0.006136153866186089,0.16998648127686486,8.287502618111205,PRICE,TRAIN,2023-12
PRIO3.SA,BEAR_CALM,-0.014653992727253672,0,STOP_TECNICO,1,0.15577676860248998,-1.8245314206955614,10.895001157409125,PRICE,TRAIN,2023-12
PRIO3.SA,BEAR_CALM,-0.003998285589130089,0,STOP_TECNICO,1,-0.2615767268652525,-0.6337842270225308,11.242728702671657,PRICE,TRAIN,2023-12
PRIO3.SA,BEAR_CALM,-0.011896524801367624,0,STOP_TECNICO,1,0.7883915165271211,0.9257685978283708,9.083738154014137,PRICE,TRAIN,2023-12
PRIO3.SA,BEAR_CALM,-0.004423258202983414,0,STOP_TECNICO,1,0.29616288708981764,1.177143435985607,7.058500153794478,PRICE,TRAIN,2023-12
PRIO3.SA,BEAR_CALM,-0.008699980926513716,0,END_CLOSED,4,0.31101830972157696,0.9274142280598348,9.53988564465452,PRICE,TRAIN,2023-12
PRIO3.SA,BEAR_CALM,-0.051200000000000155,0,HARD_STOP,9,1.6682583714029582,-0.12454120742237552,2.806505404485674,PRICE,TEST,2023-12
PRIO3.SA,BEAR_VOLATILE,0.058241571322081055,1,END_CLOSED,9,-0.7698546032072241,0.5977984242734171,21.569380397812242,PRICE,TEST,2023-12
RADL3.SA,SIDEWAYS_VOLATILE,-0.051200000000000044,0,HARD_STOP,2,2.1579217302851066,0.278214626025448,9.920818811839165,PRICE,TRAIN,2023-12
RADL3.SA,BEAR_VOLATILE,-0.05415245719182151,0,HARD_STOP,3,2.699909291914573,-0.3557448909167577,8.764982402366645,PRICE,TRAIN,2023-12
RADL3.SA,BEAR_VOLATILE,0.011544119586202807,1,BEAR_OPTIMIZED,1,1.3232800242892324,-0.5932642308434601,28.184340730350986,PRICE,TRAIN,2023-12
RADL3.SA,BEAR_CALM,0.02771562417735316,1,BEAR_OPTIMIZED,1,0.8527087535208924,0.34714594131176063,34.30961849152067,PRICE,TRAIN,2023-12
RADL3.SA,BEAR_VOLATILE,0.029750594706564472,1,BEAR_OPTIMIZED,9,2.0007450535866753,1.1352060572373632,6.2152373543843575,PRICE,TRAIN,2023-12
RADL3.SA,BEAR_VOLATILE,0.02886029515740627,1,BEAR_OPTIMIZED,9,1.2237874848294399,-0.5826824945026352,8.005429604885766,PRICE,TRAIN,2023-12
RADL3.SA,BEAR_VOLATILE,0.051861266515835426,1,BEAR_OPTIMIZED,3,1.2108414583154712,-0.29637023354659264,6.28667826492432,PRICE,TRAIN,2023-12
RADL3.SA,BEAR_CALM,-0.012827879597116641,0,TIME_STOP,15,-1.568686550332181,-1.2251263907089438,14.575107299466772,PRICE,TRAIN,2023-12
RADL3.SA,BEAR_CALM,-0.023788197186399816,0,STOP_TECNICO,1,-1.4434423012523332,0.7421404618889825,17.41426931212252,PRICE,TRAIN,2023-12
RADL3.SA,BEAR_CALM,-0.011115794083747764,0,STOP_TECNICO,4,-1.5588374851222393,2.1607979789609826,7.125628720031629,PRICE,TRAIN,2023-12
RADL3.SA,BEAR_CALM,-0.019635414153046392,0,TIME_STOP,13,0.029881743353950805,1.0732485853076936,27.707746258922,PRICE,TEST,2023-12
RADL3.SA,BEAR_VOLATILE,-0.051200000000000044,0,HARD_STOP,2,-0.375619385187329,-0.051698648734261714,13.617034100310917,PRICE,TEST,2023-12
RADL3.SA,BEAR_VOLATILE,-0.0023217838201730276,0,END_CLOSED,2,-0.9771794510360141,-0.0487001437909372,30.004084962504457,PRICE,TEST,2023-12
RAIL3.SA,SIDEWAYS_CALM,-0.005243167840325434,0,TIME_STOP,12,0.7404088044903572,-1.4354590115463426,2.3083162317159753,PRICE,TRAIN,2023-12
RAIL3.SA,SIDEWAYS_CALM,-0.01843350338495333,0,TIME_STOP,28,1.0426455502318923,0.6391334694792036,3.0905649977732943,PRICE,TRAIN,2023-12
RAIL3.SA,BEAR_VOLATILE,-0.0104095258129411,0,TIME_STOP,14,3.8589466514896906,0.8227612172635153,12.252420000578029,PRICE,TRAIN,2023-12
RAIL3.SA,BEAR_CALM,-0.02615207272626565,0,TIME_STOP,11,3.1727973586031055,-0.15379153806003576,8.368882483295161,PRICE,TRAIN,2023-12
RAIL3.SA,BEAR_CALM,-0.008794900228700463,0,TIME_STOP,12,0.8787764879433558,-1.1529709913703756,22.828695691028933,PRICE,TRAIN,2023-12
RAIL3.SA,BEAR_CALM,0.0932473384924962,1,BEAR_OPTIMIZED,10,1.402458927597033,0.1419399753076789,15.911222512360167,PRICE,TRAIN,2023-12
RAIL3.SA,BEAR_VOLATILE,-0.005877773763236525,0,TIME_STOP,12,-0.2525819454397794,0.2694963822496991,1000.0,PRICE,TRAIN,2023-12
RAIL3.SA,BEAR_VOLATILE,0.022254229033320617,1,END_CLOSED,3,-1.1274360366252887,-1.7789945686256445,5.174738839019556,PRICE,TRAIN,2023-12
RAIL3.SA,BEAR_CALM,0.007739289048279786,1,STOP_TECNICO,36,-1.4256338140576756,-0.6994129291432428,33.99950923434985,PRICE,TEST,2023-12
RAIZ4.SA,SIDEWAYS_CALM,-0.051200000000000044,0,HARD_STOP,8,0.6139178091993305,-1.1285826148664952,8.41463429261223,PRICE,TRAIN,2023-12
RAIZ4.SA,BEAR_CALM,-0.04223300537967214,0,TIME_STOP,13,0.7695082450833257,0.4696440073514378,6.558474638692507,PRICE,TRAIN,2023-12
RAIZ4.SA,BEAR_CALM,-0.0696523178082861,0,HARD_STOP,10,0.36969904455735314,1.150948287337535,9.712454647466375,PRICE,TRAIN,2023-12
RAIZ4.SA,BEAR_VOLATILE,0.00880000000000001,1,STOP_TECNICO,27,-0.3345097803756701,1.7424364722659134,1000.0,PRICE,TRAIN,2023-12
RAIZ4.SA,BEAR_CALM,-0.0645333524068197,0,HARD_STOP,8,-1.6028833673118836,0.8353502080188853,13.407595012225213,PRICE,TRAIN,2023-12
RAIZ4.SA,BEAR_CALM,-0.06671725895594696,0,HARD_STOP,8,-2.0864809557000963,-0.21573865446840454,18.188146349999343,PRICE,TRAIN,2023-12
RAIZ4.SA,BEAR_CALM,0.2451235548700633,1,BEAR_OPTIMIZED,64,-1.0297042604894557,-0.6475529293985474,22.153327256872966,PRICE,TRAIN,2023-12
RAIZ4.SA,BEAR_CALM,-0.01606987397850048,0,STOP_TECNICO,4,-0.6892123262610598,-1.004457354902241,23.529139060275938,PRICE,TRAIN,2023-12
RAIZ4.SA,BEAR_VOLATILE,-0.017199984741210893,0,TIME_STOP,18,0.4652166242754297,0.3800995100705419,1000.0,PRICE,TRAIN,2023-12
RAIZ4.SA,BEAR_VOLATILE,-0.017329016752173708,0,TIME_STOP,12,-1.3229085000127563,-0.5905239006534672,34.30961849152067,PRICE,TEST,2023-12
RAIZ4.SA,BEAR_VOLATILE,0.02232938866532872,1,END_CLOSED,11,-0.30670018070965904,-2.1313443106392502,18.720548157521442,PRICE,TEST,2023-12
RDOR3.SA,BEAR_CALM,-0.051200000000000044,0,HARD_STOP,9,-2.2211054517496454,0.4327251515562823,3.5418696901854627,PRICE,TRAIN,2023-12
RDOR3.SA,BEAR_CALM,-0.002782400629658531,0,TIME_STOP,12,-2.1015049238738803,1.058885792035892,4.502787149076059,PRICE,TRAIN,2023-12
RDOR3.SA,BEAR_CALM,-0.051200000000000044,0,HARD_STOP,6,-0.7529283125181018,-0.23865297127882268,3.800085680118868,PRICE,TRAIN,2023-12
RDOR3.SA,SIDEWAYS_CALM,-0.051200000000000044,0,HARD_STOP,2,-1.093755060414725,-0.24805809761511236,28.87113536098513,PRICE,TRAIN,2023-12
RDOR3.SA,BEAR_VOLATILE,0.018145126668141033,1,END_CLOSED,2,-0.6330426185729279,-0.30147842698181315,26.67898429327512,PRICE,TRAIN,2023-12
RENT3.SA,SIDEWAYS_CALM,-0.05152082184324149,0,HARD_STOP,3,1.7830311345817482,-0.20188624093332838,9.374025113291038,PRICE,TRAIN,2023-12
RENT3.SA,BEAR_VOLATILE,-0.051200000000000044,0,HARD_STOP,14,1.2989413147890452,0.1593521412497578,5.470252194156323,PRICE,TRAIN,2023-12
RENT3.SA,BEAR_CALM,-0.023077638069563776,0,TIME_STOP,49,0.8342282284962829,0.5567869820055902,34.30961849152067,PRICE,TRAIN,2023-12
RENT3.SA,BEAR_CALM,-0.014522534122887863,0,TIME_STOP,14,1.7415424820996577,1.2194308592590715,2.5195828534231404,PRICE,TRAIN,2023-12
RENT3.SA,BEAR_CALM,-0.020638269782286688,0,TIME_STOP,11,0.21849601118735185,-0.8957290960321435,7.862034564157885,PRICE,TRAIN,2023-12
RENT3.SA,BEAR_VOLATILE,-0.049836126224217424,0,TIME_STOP,12,-1.655531653900461,-1.5873516143232294,34.30961849152067,PRICE,TRAIN,2023-12
RENT3.SA,BEAR_VOLATILE,0.00880000000000001,1,STOP_TECNICO,58,0.29619387659506424,0.8988044558253832,1000.0,PRICE,TRAIN,2023-12
RECV3.SA,SIDEWAYS_CALM,0.00880000000000001,1,STOP_TECNICO,32,-0.2509447054123252,0.22227870137007694,4.383506439434597,PRICE,TRAIN,2023-12
RECV3.SA,SIDEWAYS_CALM,0.00880000000000001,1,STOP_TECNICO,30,-0.9464018398313014,-1.533257680185437,3.025333599483137,PRICE,TRAIN,2023-12
RECV3.SA,BEAR_CALM,-0.004545664306731777,0,TIME_STOP,21,0.982699278309526,-0.41183266227258675,3.2310215313905575,PRICE,TRAIN,2023-12
RECV3.SA,BEAR_CALM,0.12421436477418676,1,BEAR_OPTIMIZED,15,-0.5945858076481432,0.6390349938730819,4.7189915365878745,PRICE,TRAIN,2023-12
RECV3.SA,BEAR_VOLATILE,-0.026691134234467027,0,TIME_STOP,12,2.82494511296264,0.7805248319991746,6.143933451718398,PRICE,TRAIN,2023-12
RECV3.SA,BEAR_CALM,-0.0017642522363993318,0,STOP_TECNICO,1,0.9901808369438769,-0.1676963090309261,1000.0,PRICE,TRAIN,2023-12
RECV3.SA,BEAR_CALM,-0.02871791767848366,0,STOP_TECNICO,1,1.769319857598682,2.16276456286189,30.625389654807318,PRICE,TRAIN,2023-12
RECV3.SA,BEAR_CALM,-0.021870259669935076,0,STOP_TECNICO,1,0.38910568297658843,1.8012589666779315,31.58010897023653,PRICE,TRAIN,2023-12
RECV3.SA,BEAR_CALM,-0.012827995547557001,0,STOP_TECNICO,1,0.5955400321728739,1.1062676408731331,34.30961849152067,PRICE,TRAIN,2023-12
RECV3.SA,BEAR_CALM,-0.010695531465056106,0,STOP_TECNICO,1,0.8886468671230374,1.9547320351900501,1000.0,PRICE,TRAIN,2023-12
RECV3.SA,BEAR_CALM,-0.0006188999001154538,0,STOP_TECNICO,1,0.3817551463446052,0.8031637060560316,23.09125659779749,PRICE,TRAIN,2023-12
RECV3.SA,BEAR_CALM,-0.0012,0,END_CLOSED,0,1.2237791527403126,0.8591754039227709,4.814137573768657,PRICE,TRAIN,2023-12
SLCE3.SA,BEAR_CALM,0.059020873777606876,1,BEAR_OPTIMIZED,14,0.7253466606354548,-0.7674976733120595,2.569180165239605,PRICE,TRAIN,2023-12
SLCE3.SA,BEAR_CALM,-0.003495014031088449,0,TIME_STOP,22,1.7424518338940345,-0.5580861116898779,6.982003344338334,PRICE,TRAIN,2023-12
SLCE3.SA,BEAR_VOLATILE,0.04731597675009711,1,BEAR_OPTIMIZED,4,0.5690699301119245,-0.7362104228098607,9.314245609185152,PRICE,TRAIN,2023-12
SLCE3.SA,BEAR_CALM,-0.01325520610508215,0,TIME_STOP,11,-0.5739002910261877,-0.10144909324105994,7.761413738363932,PRICE,TRAIN,2023-12
SLCE3.SA,BEAR_CALM,0.0817947706713554,1,BEAR_OPTIMIZED,9,-0.6812009523274603,1.0879114861852512,10.923413465139417,PRICE,TRAIN,2023-12
SLCE3.SA,BEAR_VOLATILE,-0.006463232766176573,0,TIME_STOP,20,1.8395486129689704,-0.20410878805775556,3.6009711866059613,PRICE,TRAIN,2023-12
SLCE3.SA,BEAR_CALM,-0.015334322974710067,0,STOP_TECNICO,7,-0.6029683932508972,0.21457015968210347,3.0820431926707514,PRICE,TRAIN,2023-12
SLCE3.SA,BEAR_CALM,0.06085665638756264,1,BEAR_OPTIMIZED,6,0.3435911687665441,-0.597564614154495,3.162256331258363,PRICE,TRAIN,2023-12
SBSP3.SA,BULL_CALM,0.0833069872565225,1,SIGNAL,17,0.7678668704951919,-0.08553707374324329,7.813285715274626,PRICE,TRAIN,2023-12
SBSP3.SA,BULL_CALM,-0.00404733495304712,0,TIME_STOP,24,1.335546855130354,0.8315908412328399,7.253719735613997,PRICE,TRAIN,2023-12
SBSP3.SA,BULL_CALM,-0.05510057791500691,0,HARD_STOP,7,1.2442948800205476,-0.34589327087858657,7.409258422372228,PRICE,TRAIN,2023-12
SBSP3.SA,BULL_VOLATILE,-0.012123126566674046,0,TIME_STOP,11,1.6996305550102193,-1.836895445330807,12.572313461781397,PRICE,TRAIN,2023-12
SBSP3.SA,BULL_VOLATILE,0.3291716511452748,1,SIGNAL,58,-0.9712491574844007,-1.7772935840472421,11.234621794541336,PRICE,TRAIN,2023-12
SBSP3.SA,BULL_VOLATILE,-0.0012,0,END_CLOSED,0,0.5698944970109308,0.4847480764290257,5.206788905588114,PRICE,TRAIN,2023-12
SANB11.SA,BULL_VOLATILE,-0.013742432193445196,0,TIME_STOP,12,0.8425324618397062,-0.8428788789081055,7.606513488893398,PRICE,TRAIN,2023-12
SANB11.SA,SIDEWAYS_CALM,-0.006157422674946365,0,TIME_STOP,21,0.855760630732456,0.8897019290458253,12.894635948149155,PRICE,TRAIN,2023-12
SANB11.SA,SIDEWAYS_CALM,-0.005092366540289793,0,TIME_STOP,13,-1.5224761645174552,-0.7009175010810788,10.387695669961174,PRICE,TRAIN,2023-12
SANB11.SA,BEAR_CALM,-0.009751960900835764,0,TIME_STOP,15,-1.420811217886323,-2.009167903215657,3.547589938592404,PRICE,TRAIN,2023-12
SANB11.SA,BEAR_CALM,0.04279697683562187,1,BEAR_OPTIMIZED,19,0.6848669807637745,0.9360677307669532,6.543815964684619,PRICE,TRAIN,2023-12
SANB11.SA,BEAR_CALM,0.042884255463558764,1,BEAR_OPTIMIZED,2,0.928132393916839,-0.11717464073710789,7.22715056671827,PRICE,TRAIN,2023-12
SANB11.SA,SIDEWAYS_CALM,-0.03171478667349339,0,TIME_STOP,11,0.5691877345770738,-2.1702112667638693,20.59893646018083,PRICE,TRAIN,2023-12
SANB11.SA,BEAR_VOLATILE,-0.018543211536032687,0,TIME_STOP,11,2.169719415891058,-1.595456337994136,1000.0,PRICE,TRAIN,2023-12
SANB11.SA,BEAR_VOLATILE,0.005914709618722293,1,END_CLOSED,2,-0.11889170207702827,-1.6410065596422532,18.401504211535133,PRICE,TRAIN,2023-12
SMFT3.SA,BULL_CALM,-0.016944858150063878,0,TIME_STOP,14,-0.09876006404517373,-1.2661871111276992,13.067413710989793,PRICE,TRAIN,2023-12
SMFT3.SA,BULL_CALM,-0.005305040078853372,0,TIME_STOP,12,-2.018959994313098,-0.14354530815969416,7.276796599585586,PRICE,TRAIN,2023-12
SMFT3.SA,BULL_CALM,0.00880000000000001,1,STOP_TECNICO,39,-0.811537280916311,0.6380340606837248,1.6820498588570134,PRICE,TRAIN,2023-12
SMFT3.SA,BULL_CALM,-0.0016131841967366378,0,TIME_STOP,15,0.501571179261156,-0.9076005984752294,3.5854273941917043,PRICE,TRAIN,2023-12
SMFT3.SA,BULL_CALM,-0.051200000000000044,0,HARD_STOP,3,-0.4776648032241751,0.7005024510470262,3.585716539779889,PRICE,TRAIN,2023-12
SMFT3.SA,SIDEWAYS_CALM,-0.06461035741947821,0,HARD_STOP,10,0.27182289215705974,-0.5670126200412042,5.323496094151099,PRICE,TRAIN,2023-12
SMFT3.SA,BEAR_VOLATILE,0.009581667440462384,1,BEAR_OPTIMIZED,2,-0.1507459339115804,-0.9322606235660756,22.403003794114063,PRICE,TRAIN,2023-12
SMFT3.SA,SIDEWAYS_CALM,-0.051200000000000044,0,HARD_STOP,7,-0.22904951252179942,-0.22513119754317348,14.862138215782242,PRICE,TRAIN,2023-12
SMFT3.SA,BEAR_CALM,0.001120346965213327,1,BEAR_OPTIMIZED,1,1.4997174943145075,0.6897624876983861,19.04371763086822,PRICE,TRAIN,2023-12
SMFT3.SA,BEAR_CALM,0.0015946198966026793,1,BEAR_OPTIMIZED,1,1.1976683687843128,1.393805786279967,17.806124577944093,PRICE,TRAIN,2023-12
SMFT3.SA,BEAR_CALM,-0.00280064048055486,0,BEAR_OPTIMIZED,3,1.4866775034408102,1.122149600262376,13.960178860190625,PRICE,TRAIN,2023-12
SMFT3.SA,BEAR_CALM,0.048776247962343124,1,BEAR_OPTIMIZED,1,-0.4615853417780413,0.04165331932286736,11.64499299653682,PRICE,TRAIN,2023-12
SMFT3.SA,BEAR_CALM,0.005842382978332374,1,BEAR_OPTIMIZED,5,0.24821127494305886,0.5633627673511539,4.240110376645026,PRICE,TRAIN,2023-12
SMFT3.SA,BEAR_CALM,-0.051200000000000044,0,HARD_STOP,6,0.8796476818311822,-0.3872614767920251,4.730314262754909,PRICE,TRAIN,2023-12
SMFT3.SA,BEAR_CALM,0.03384679844078895,1,BEAR_OPTIMIZED,1,1.8079554226965036,0.8014448469926002,5.566570929738307,PRICE,TRAIN,2023-12
SMFT3.SA,BEAR_CALM,0.015185590159461172,1,BEAR_OPTIMIZED,1,0.6129254026560123,0.3495929511105687,4.5321323614373075,PRICE,TRAIN,2023-12
SMFT3.SA,BEAR_CALM,0.0138872879697741,1,BEAR_OPTIMIZED,2,0.7510412520780717,0.7669257710860349,5.443178365640076,PRICE,TRAIN,2023-12
SMFT3.SA,BEAR_CALM,0.026340498540108205,1,BEAR_OPTIMIZED,3,1.2349819554129806,0.22030561887872854,4.0162098147561345,PRICE,TRAIN,2023-12
SMFT3.SA,BEAR_CALM,-0.01802693580403838,0,STOP_TECNICO,1,1.23138539658229,-0.6756817200700911,3.066107849785501,PRICE,TRAIN,2023-12
SMFT3.SA,BEAR_VOLATILE,-0.007126014400568502,0,TIME_STOP,12,0.9457553339338926,-0.38210201082341616,4.951890660571316,PRICE,TRAIN,2023-12
SMFT3.SA,BEAR_VOLATILE,-0.007034455232952118,0,STOP_TECNICO,2,-0.4833871345295242,1.0741112842304648,34.30961849152067,PRICE,TRAIN,2023-12
SUZB3.SA,BULL_CALM,0.1035244270330685,1,SIGNAL,28,0.8496196765439151,0.34873122534984613,6.062845584339047,PRICE,TRAIN,2023-12
SUZB3.SA,SIDEWAYS_VOLATILE,-0.022855852467197922,0,TIME_STOP,13,-2.7365820300808426,-7.5967352698734425,15.000632412298556,PRICE,TRAIN,2023-12
SUZB3.SA,BEAR_VOLATILE,-0.051200000000000044,0,HARD_STOP,8,-1.926222175412047,-1.6406036709442235,1000.0,PRICE,TRAIN,2023-12
SUZB3.SA,BEAR_CALM,0.1639677437905974,1,BEAR_OPTIMIZED,16,-0.35309805024003604,0.9066297586532097,34.30961849152067,PRICE,TRAIN,2023-12
SUZB3.SA,BULL_CALM,-0.03641356575654644,0,TIME_STOP,13,-0.28479266498059086,-0.038091546791985426,6.100076314155904,PRICE,TEST,2023-12
SUZB3.SA,BULL_CALM,-0.03083350276841481,0,TIME_STOP,11,-1.1616879744939796,-1.4138486465367903,5.765503599069585,PRICE,TEST,2023-12
TAEE11.SA,BULL_CALM,-0.02123842838639236,0,TIME_STOP,15,2.022050542445269,0.9680130502429233,6.235763361183243,PRICE,TRAIN,2023-12
TAEE11.SA,SIDEWAYS_VOLATILE,-0.012499428186381854,0,TIME_STOP,11,1.5182748332983647,1.1630180330620017,9.970795719658152,PRICE,TRAIN,2023-12
TAEE11.SA,SIDEWAYS_VOLATILE,0.0662632119270948,1,SIGNAL,156,0.6290479103472325,1.3844937385817695,23.943882193227097,PRICE,TRAIN,2023-12
TAEE11.SA,BEAR_CALM,0.03114829454925392,1,BEAR_OPTIMIZED,7,-2.4336432840650857,1.0830407837502178,4.88339016611414,PRICE,TEST,2023-12
TIMS3.SA,BULL_CALM,0.00880000000000001,1,STOP_TECNICO,85,1.6787551539212235,0.19859146957544296,8.139707748600816,PRICE,TRAIN,2023-12
TIMS3.SA,BULL_CALM,-0.009850351322318616,0,TIME_STOP,16,-2.201868271001779,0.16081897130698902,2.7963699967734974,PRICE,TRAIN,2023-12
TIMS3.SA,BULL_VOLATILE,-0.02207057861822683,0,TIME_STOP,11,-1.1775258318576438,-3.042154084983423,2.4742660031540686,PRICE,TRAIN,2023-12
TIMS3.SA,SIDEWAYS_VOLATILE,-0.0245417110507792,0,TIME_STOP,12,-0.8112699267921335,0.1602326027090868,6.345403165020504,PRICE,TRAIN,2023-12
TIMS3.SA,BEAR_VOLATILE,0.009102548609884666,1,BEAR_OPTIMIZED,1,-1.0972343119455699,1.890811107312649,19.123690309548525,PRICE,TRAIN,2023-12
TIMS3.SA,BEAR_CALM,7.556744485901607e-05,1,BEAR_OPTIMIZED,1,-0.7919637612815228,1.9692524436151073,15.275490894649934,PRICE,TRAIN,2023-12
TIMS3.SA,BEAR_CALM,0.008002208355986397,1,BEAR_OPTIMIZED,3,-0.9237607821583866,1.7689484210890567,15.102493858268133,PRICE,TRAIN,2023-12
TIMS3.SA,SIDEWAYS_CALM,0.18389195140493228,1,SIGNAL,85,-0.3885410950043439,1.7371781247878062,14.198118431825376,PRICE,TRAIN,2023-12
TIMS3.SA,BEAR_VOLATILE,0.01654762182876799,1,BEAR_OPTIMIZED,1,-0.5619227817444927,0.36500217546546765,13.46652489448238,PRICE,TRAIN,2023-12
TIMS3.SA,BEAR_CALM,0.015143920379159327,1,BEAR_OPTIMIZED,3,-0.45003527095164253,-0.658951377691789,17.253530552417406,PRICE,TRAIN,2023-12
TIMS3.SA,BEAR_CALM,-0.0018197626012988121,0,BEAR_OPTIMIZED,1,-1.4557925476727325,-0.24230122609195687,34.30961849152067,PRICE,TRAIN,2023-12
TIMS3.SA,BEAR_VOLATILE,0.005519633697622962,1,BEAR_OPTIMIZED,1,-1.3095112434551006,-1.222972020061137,17.696978625117417,PRICE,TRAIN,2023-12
TIMS3.SA,BEAR_CALM,-0.031151117979530206,0,BEAR_OPTIMIZED,2,-0.85274623151983,-0.8135349138681762,20.627523316752843,PRICE,TRAIN,2023-12
TIMS3.SA,BEAR_CALM,-0.009165510276554455,0,BEAR_OPTIMIZED,1,-1.7681454152079634,-0.3388930673381715,20.485313332316956,PRICE,TRAIN,2023-12
TIMS3.SA,BEAR_CALM,0.01607443698656117,1,BEAR_OPTIMIZED,1,-0.11062805984100957,-0.3468867873208876,24.874437125689028,PRICE,TRAIN,2023-12
TIMS3.SA,BEAR_CALM,0.007555354534834004,1,BEAR_OPTIMIZED,1,-0.21861711406820028,-0.1057083052902174,20.955754941670317,PRICE,TRAIN,2023-12
TIMS3.SA,BEAR_CALM,-0.0012,0,END_CLOSED,0,-0.39357285369342676,-0.3632486542313771,16.81308299225913,PRICE,TRAIN,2023-12
UGPA3.SA,BULL_CALM,0.05198385575101536,1,SIGNAL,6,1.3602969258872024,0.45000062319253853,7.005311999440554,PRICE,TRAIN,2023-12
UGPA3.SA,BULL_VOLATILE,-0.020023508796139587,0,TIME_STOP,11,0.6482511947840462,0.5541046159927075,19.07387445069238,PRICE,TRAIN,2023-12
UGPA3.SA,BULL_CALM,-0.01035822913995945,0,TIME_STOP,14,1.551107058196834,-0.39280612574870466,10.667329847652416,PRICE,TRAIN,2023-12
UGPA3.SA,BULL_CALM,-0.0405502116402924,0,TIME_STOP,12,-0.1626941728987105,0.07636770989234457,6.663920793224365,PRICE,TRAIN,2023-12
UGPA3.SA,BULL_VOLATILE,-0.051880674187921326,0,HARD_STOP,10,1.8769052061417497,-0.5255259854238981,16.426015544850554,PRICE,TRAIN,2023-12
UGPA3.SA,BULL_VOLATILE,-0.03310646056282209,0,TIME_STOP,13,1.2586534814246697,-0.4202359836273036,34.30961849152067,PRICE,TRAIN,2023-12
UGPA3.SA,BEAR_VOLATILE,-0.002937668851250373,0,BEAR_OPTIMIZED,1,-0.4831630848227186,-0.8886169779934521,1000.0,PRICE,TRAIN,2023-12
UGPA3.SA,BEAR_VOLATILE,0.00857338321050314,1,BEAR_OPTIMIZED,1,0.530280676288797,-0.9461193947427073,34.30961849152067,PRICE,TRAIN,2023-12
UGPA3.SA,BEAR_VOLATILE,-0.006696985669254495,0,BEAR_OPTIMIZED,1,0.39451726240034296,1.2848453741359014,1000.0,PRICE,TRAIN,2023-12
UGPA3.SA,BEAR_VOLATILE,0.008115491016396172,1,BEAR_OPTIMIZED,1,0.011499707943216619,0.07831025503827754,1000.0,PRICE,TRAIN,2023-12
UGPA3.SA,BEAR_VOLATILE,0.0015868394328403047,1,BEAR_OPTIMIZED,1,0.480208615010094,0.5083266222416055,34.30961849152067,PRICE,TRAIN,2023-12
UGPA3.SA,BEAR_VOLATILE,-0.01751162744316872,0,BEAR_OPTIMIZED,1,0.7396653721004907,-0.5539707619154538,34.30961849152067,PRICE,TRAIN,2023-12
UGPA3.SA,BEAR_CALM,-0.011779416858645163,0,BEAR_OPTIMIZED,1,-0.7884480045142944,1.5993817691461987,27.03841623740038,PRICE,TRAIN,2023-12
UGPA3.SA,BEAR_VOLATILE,0.017748421939255722,1,BEAR_OPTIMIZED,1,-1.244307652811808,0.36875673004570964,2.570654633607234,PRICE,TRAIN,2023-12
UGPA3.SA,BEAR_VOLATILE,-0.010773988599814842,0,TIME_STOP,14,-0.5653145954090396,0.940863222718413,2.82317573980428,PRICE,TRAIN,2023-12
UGPA3.SA,BEAR_CALM,-0.021977477902233943,0,STOP_TECNICO,8,-1.4113295735458193,1.0441667989859522,8.070259621396628,PRICE,TRAIN,2023-12
UGPA3.SA,BEAR_CALM,0.05294651508404389,1,BEAR_OPTIMIZED,5,-1.1347541017248581,-0.5313994711226543,20.03688637676312,PRICE,TRAIN,2023-12
UGPA3.SA,BEAR_CALM,-0.04422756830263321,0,STOP_TECNICO,4,-0.20495536586031463,-0.7281100534687919,13.46513973205579,PRICE,TRAIN,2023-12
UGPA3.SA,BEAR_VOLATILE,-0.08287650024335716,0,HARD_STOP,3,1.3376118009351925,0.41058443334511946,20.736816681730886,PRICE,TRAIN,2023-12
UGPA3.SA,BEAR_VOLATILE,-0.0012,0,END_CLOSED,3,0.7751387602149167,0.6736932468394428,28.793118360308018,PRICE,TRAIN,2023-12
USIM5.SA,BULL_CALM,-0.051200000000000155,0,HARD_STOP,1,-0.46763857237251216,-2.4850218246709823,4.708614376554395,PRICE,TRAIN,2023-12
USIM5.SA,BULL_VOLATILE,-0.03165066977325206,0,TIME_STOP,11,-0.3592310935232804,-1.8808451952869993,12.207548051441087,PRICE,TRAIN,2023-12
USIM5.SA,SIDEWAYS_VOLATILE,-0.0037220657452024172,0,TIME_STOP,13,0.792096148265036,-2.1464045802580705,34.30961849152067,PRICE,TRAIN,2023-12
USIM5.SA,BEAR_CALM,-0.053970461661411416,0,HARD_STOP,4,0.2430351044107322,1.448908915255817,26.568967012331424,PRICE,TRAIN,2023-12
USIM5.SA,BEAR_VOLATILE,0.2115659516905127,1,BEAR_OPTIMIZED,35,-0.26295207934073755,0.6145755898771699,34.30961849152067,PRICE,TRAIN,2023-12
USIM5.SA,BEAR_CALM,-0.1568175543690862,0,HARD_STOP,3,0.5436847761593432,-1.7071411195776398,4.354232927014611,PRICE,TRAIN,2023-12
USIM5.SA,BEAR_VOLATILE,0.0039635473500533105,1,STOP_TECNICO,35,0.708865495566246,-1.372272099857247,27.750126640642524,PRICE,TRAIN,2023-12
USIM5.SA,BEAR_CALM,-0.05119999999999993,0,HARD_STOP,13,-0.1151357526482658,0.16967750462919995,20.988242520978112,PRICE,TRAIN,2023-12
TOTS3.SA,BULL_CALM,-0.051200000000000044,0,HARD_STOP,16,1.6033917899959456,1.0282974462340742,8.8253713446013,PRICE,TRAIN,2023-12
TOTS3.SA,SIDEWAYS_CALM,-0.05121678228998585,0,HARD_STOP,41,0.56417545723041,-3.6473894696140223,4.2923877862396,PRICE,TRAIN,2023-12
TOTS3.SA,BEAR_VOLATILE,-0.027861916855532097,0,TIME_STOP,11,-0.007806534271608805,0.4896484596512016,3.553763309631636,PRICE,TRAIN,2023-12
TOTS3.SA,BEAR_VOLATILE,0.09145410650379734,1,BEAR_OPTIMIZED,34,-1.1378646958088379,-0.8230983097738078,10.243830664479784,PRICE,TRAIN,2023-12
TOTS3.SA,BEAR_VOLATILE,0.10599547585602162,1,BEAR_OPTIMIZED,4,-0.7463587160471141,1.166204315417303,7.536265349449105,PRICE,TRAIN,2023-12
TOTS3.SA,BEAR_VOLATILE,0.0004261514364208641,1,END_CLOSED,8,0.626305293757839,-0.14084677234069165,5.401004120550309,PRICE,TRAIN,2023-12
VIVT3.SA,BULL_CALM,-0.010343057743661642,0,TIME_STOP,11,0.24546229771438877,0.781576110777552,7.2962878302815914,PRICE,TRAIN,2023-12
VIVT3.SA,BULL_VOLATILE,-0.0066040494523134305,0,TIME_STOP,12,1.1284038725666852,-0.758314315980312,7.064449163273197,PRICE,TRAIN,2023-12
VIVT3.SA,BULL_CALM,-0.03433390762590673,0,TIME_STOP,12,1.9222390459290064,0.9271409852075145,6.065876199063769,PRICE,TRAIN,2023-12
VIVT3.SA,SIDEWAYS_CALM,-0.05119999999999993,0,HARD_STOP,10,-0.637958831699955,0.41364322910717444,13.212807477495339,PRICE,TRAIN,2023-12
VIVT3.SA,BEAR_VOLATILE,0.010717734721238693,1,BEAR_OPTIMIZED,1,-0.7678211281753148,-2.265392749290457,18.98404649607682,PRICE,TRAIN,2023-12
VIVT3.SA,SIDEWAYS_VOLATILE,-0.01345818296545711,0,TIME_STOP,11,-1.2865851271054896,-1.8096062997118783,11.946889413289943,PRICE,TRAIN,2023-12
VIVT3.SA,BEAR_VOLATILE,0.024540286714984073,1,BEAR_OPTIMIZED,1,-1.5623425230226613,-0.6068650263683907,25.34260894321098,PRICE,TRAIN,2023-12
VIVT3.SA,BEAR_CALM,0.002325248945027482,1,BEAR_OPTIMIZED,1,-1.5733912755084118,0.15891961132776794,11.90550374413449,PRICE,TRAIN,2023-12
VIVT3.SA,BEAR_CALM,0.007688763229952135,1,BEAR_OPTIMIZED,4,-1.350312580691245,0.8969451660013524,12.16334576917614,PRICE,TRAIN,2023-12
VIVT3.SA,BEAR_CALM,0.007109240519111194,1,BEAR_OPTIMIZED,2,-1.2875623730279098,1.0476024661901724,12.023739460606075,PRICE,TRAIN,2023-12
VIVT3.SA,BEAR_CALM,0.019341927212793576,1,BEAR_OPTIMIZED,7,-1.0741051179493835,0.9379155349975251,12.675524039215576,PRICE,TRAIN,2023-12
VALE3.SA,SIDEWAYS_VOLATILE,-0.04036098223417064,0,TIME_STOP,11,1.876145595136287,-1.204755064145791,6.598607775896493,PRICE,TRAIN,2023-12
VALE3.SA,SIDEWAYS_CALM,-0.027980383964003173,0,TIME_STOP,26,0.6507886795399487,-0.6691614277110032,1000.0,PRICE,TRAIN,2023-12
VALE3.SA,BEAR_CALM,-0.009902798402442702,0,TIME_STOP,17,0.6907180502560469,0.9360892733490631,29.450430119626237,PRICE,TRAIN,2023-12
VALE3.SA,BEAR_CALM,-0.0035189419728639745,0,TIME_STOP,48,0.132983742456919,1.2382539686968927,6.617139892387918,PRICE,TRAIN,2023-12
VALE3.SA,BEAR_CALM,-0.0150912781137136,0,TIME_STOP,11,0.7551444223063228,0.7535953271382021,11.415828317699418,PRICE,TRAIN,2023-12
VALE3.SA,BEAR_CALM,-0.008746527524379676,0,TIME_STOP,15,0.4805540910324833,1.0241176220341404,6.291436228844974,PRICE,TRAIN,2023-12
VALE3.SA,BEAR_CALM,0.14612145496991932,1,BEAR_OPTIMIZED,16,0.5395287306882554,-0.23580094222395712,8.252949071058026,PRICE,TRAIN,2023-12
VBBR3.SA,BULL_CALM,-0.051200000000000044,0,HARD_STOP,9,0.1485407622885588,0.7894144508564046,4.925849950442616,PRICE,TRAIN,2023-12
VBBR3.SA,BULL_CALM,-0.016971532301432578,0,TIME_STOP,22,1.2656497873355328,0.4139859932444995,4.559826600851954,PRICE,TRAIN,2023-12
VBBR3.SA,BULL_CALM,-0.0518830320946694,0,HARD_STOP,4,0.2755805063294265,0.4355716448396288,4.733473041297723,PRICE,TRAIN,2023-12
VBBR3.SA,BEAR_VOLATILE,0.0059803545552480145,1,BEAR_OPTIMIZED,1,1.2414856146367015,1.4107761361771098,1000.0,PRICE,TRAIN,2023-12
VBBR3.SA,BEAR_VOLATILE,0.022838190664166015,1,BEAR_OPTIMIZED,3,1.6313949792090343,1.584301097901571,1000.0,PRICE,TRAIN,2023-12
VBBR3.SA,SIDEWAYS_VOLATILE,-0.06647779264056566,0,HARD_STOP,6,1.6776848018496051,1.7531618540492273,25.15169686530535,PRICE,TRAIN,2023-12
VBBR3.SA,BEAR_CALM,-0.03019246347337192,0,BEAR_OPTIMIZED,1,1.5704218402047456,1.7610503537883737,24.722446961719694,PRICE,TRAIN,2023-12
VBBR3.SA,BEAR_CALM,0.016343863623671774,1,BEAR_OPTIMIZED,1,0.750511928414569,0.46283583993700067,29.919278655428784,PRICE,TRAIN,2023-12
VBBR3.SA,BEAR_CALM,0.01414902676130634,1,BEAR_OPTIMIZED,1,0.3498897635992564,-1.755907831174991,27.488272961501544,PRICE,TRAIN,2023-12
VBBR3.SA,BEAR_CALM,-0.051200000000000044,0,HARD_STOP,1,-1.1543454116516967,0.3062837641897865,20.59602994620906,PRICE,TRAIN,2023-12
VBBR3.SA,BEAR_VOLATILE,-0.011494024740581942,0,END_CLOSED,3,-0.0676671472201799,-0.10003967840014787,19.204266143152328,PRICE,TRAIN,2023-12
VBBR3.SA,BEAR_CALM,-0.0162150585789518,0,STOP_TECNICO,30,-0.3993752489744855,0.5010081458687519,33.561247380808794,PRICE,TEST,2023-12
WEGE3.SA,BEAR_VOLATILE,-0.001500572186148873,0,TIME_STOP,12,1.2818963205348284,1.3186680864924194,12.657681611867597,PRICE,TRAIN,2023-12
WEGE3.SA,BULL_CALM,-0.0049516273304524225,0,TIME_STOP,15,-0.5149800874977649,-2.681804151397776,3.2514109621658682,PRICE,TEST,2023-12
WEGE3.SA,BULL_CALM,-0.08890254999104966,0,HARD_STOP,9,1.165966603876524,-0.608033137408379,3.508633805480916,PRICE,TEST,2023-12
WEGE3.SA,BEAR_VOLATILE,-0.008965012831360884,0,BEAR_OPTIMIZED,1,1.276883622516908,-1.136911847921278,9.704879004878068,PRICE,TEST,2023-12
YDUQ3.SA,BULL_CALM,-0.051200000000000155,0,HARD_STOP,2,-0.2075538146428232,0.54391667816802,5.236848081353572,PRICE,TRAIN,2023-12
YDUQ3.SA,BULL_CALM,-0.051200000000000044,0,HARD_STOP,5,-0.28305217528346266,0.13287492720506014,3.867079285484305,PRICE,TRAIN,2023-12
YDUQ3.SA,SIDEWAYS_CALM,-0.015126156793039323,0,STOP_TECNICO,33,-1.0930239472159329,0.6538255921864833,8.244650703450565,PRICE,TRAIN,2023-12
YDUQ3.SA,BEAR_VOLATILE,-0.035497918646104874,0,BEAR_OPTIMIZED,1,0.6064214544431392,-0.35633831073725913,5.311071331464588,PRICE,TRAIN,2023-12
YDUQ3.SA,BEAR_VOLATILE,-0.051200000000000044,0,HARD_STOP,1,0.33578028747307853,-0.5965626807278908,7.624882691699606,PRICE,TRAIN,2023-12
YDUQ3.SA,BEAR_VOLATILE,-0.06711448165216508,0,HARD_STOP,3,1.3071162882158338,-0.5791347523283664,17.410163653248485,PRICE,TRAIN,2023-12
YDUQ3.SA,BEAR_VOLATILE,-0.007852002894542597,0,STOP_TECNICO,27,1.2821734065236337,1.3244672990898272,1000.0,PRICE,TRAIN,2023-12
YDUQ3.SA,BEAR_VOLATILE,0.002790457752553356,1,STOP_TECNICO,9,2.01441195404912,0.04895071645191308,34.30961849152067,PRICE,TRAIN,2023-12
YDUQ3.SA,BEAR_VOLATILE,-0.06148070969100785,0,HARD_STOP,7,1.702745978222076,-1.4989376094924782,34.30961849152067,PRICE,TRAIN,2023-12
YDUQ3.SA,BEAR_VOLATILE,-0.05142034929378838,0,HARD_STOP,5,0.9219136638066114,-2.0700154074782904,31.00544360522372,PRICE,TRAIN,2023-12
YDUQ3.SA,BEAR_VOLATILE,-0.051200000000000044,0,HARD_STOP,2,0.7532307098075341,-0.10885360835730944,24.72815793528413,PRICE,TRAIN,2023-12
YDUQ3.SA,BEAR_CALM,0.0035214764669822887,1,STOP_TECNICO,23,1.1744119177384706,0.014043586095018561,26.512316990936526,PRICE,TRAIN,2023-12
YDUQ3.SA,BEAR_CALM,0.00880000000000001,1,STOP_TECNICO,3,1.1885827617075402,0.9880297647215924,5.9993603824194395,PRICE,TRAIN,2023-12
YDUQ3.SA,BEAR_CALM,-0.0022331692757172825,0,TIME_STOP,11,-0.2978191796427632,0.5500605909139783,5.262532985212171,PRICE,TRAIN,2023-12
ASAI3.SA,SIDEWAYS_CALM,-0.012469697622953156,0,TIME_STOP,19,-1.6749266657203867,1.3167886044533312,4.504317871026014,PRICE,TRAIN,2024-03
ASAI3.SA,SIDEWAYS_CALM,-0.06427695915895495,0,HARD_STOP,7,-0.07852205495572173,-1.6102982343569223,8.057815108367537,PRICE,TRAIN,2024-03
ASAI3.SA,BEAR_VOLATILE,-0.05119999999999993,0,HARD_STOP,9,-0.5671798782490699,-0.6720851070156941,28.51972952266383,PRICE,TRAIN,2024-03
ASAI3.SA,BEAR_VOLATILE,-0.051200000000000044,0,HARD_STOP,8,0.4784556459021869,0.3897046486569272,1000.0,PRICE,TRAIN,2024-03
ASAI3.SA,BEAR_VOLATILE,-0.0012,0,STOP_TECNICO,23,-2.0603673802369937,-0.37226023640475875,1000.0,PRICE,TRAIN,2024-03
ASAI3.SA,BEAR_VOLATILE,0.00880000000000001,1,STOP_TECNICO,27,0.1976127184343181,-0.1962945663833809,1000.0,PRICE,TRAIN,2024-03
ASAI3.SA,BEAR_CALM,-0.051200000000000155,0,HARD_STOP,1,2.4642152642627897,1.7242379020505505,8.887381524620872,PRICE,TRAIN,2024-03
ASAI3.SA,BEAR_VOLATILE,-0.051200000000000044,0,HARD_STOP,3,0.6568965987847406,-0.9153616101985326,6.4707012115416775,PRICE,TRAIN,2024-03
ASAI3.SA,BEAR_VOLATILE,-0.05948569805222372,0,HARD_STOP,3,1.6477200672173575,0.5753398119729087,15.683370965750255,PRICE,TRAIN,2024-03
ASAI3.SA,BEAR_VOLATILE,-0.051200000000000044,0,HARD_STOP,1,0.09591145464823866,0.31114413201798663,34.30961849152067,PRICE,TRAIN,2024-03
ASAI3.SA,BEAR_VOLATILE,-0.09892425896617632,0,HARD_STOP,3,-0.48229393515329955,1.4784727277488072,34.30961849152067,PRICE,TRAIN,2024-03
ASAI3.SA,BEAR_VOLATILE,-0.051200000000000155,0,HARD_STOP,2,-0.25803744014770313,0.2905737599721218,1000.0,PRICE,TRAIN,2024-03
ASAI3.SA,BEAR_VOLATILE,0.00880000000000001,1,STOP_TECNICO,23,1.696970052285436,1.198181333254326,34.30961849152067,PRICE,TRAIN,2024-03
ASAI3.SA,BEAR_VOLATILE,-0.06775848032607226,0,HARD_STOP,7,0.12326610708236269,-0.15831090240579837,6.62704304997868,PRICE,TRAIN,2024-03
ASAI3.SA,BEAR_VOLATILE,0.34366776866685844,1,END_CLOSED,79,0.4642319836311026,-0.7809920434410208,1000.0,PRICE,TRAIN,2024-03
ABEV3.SA,BEAR_CALM,-0.007894440074114904,0,TIME_STOP,35,0.8921920176040176,1.0151888122942787,8.365005505527215,PRICE,TRAIN,2024-03
ABEV3.SA,BEAR_VOLATILE,-0.006408465779919402,0,TIME_STOP,12,0.6058535045235497,-0.044147900932986345,15.0132637895945,PRICE,TRAIN,2024-03
ABEV3.SA,BEAR_VOLATILE,0.11712742954667207,1,BEAR_OPTIMIZED,57,-0.027280797354956636,0.3823002801928904,14.840203940679311,PRICE,TRAIN,2024-03
ABEV3.SA,BEAR_VOLATILE,-0.011127797672392713,0,TIME_STOP,13,0.3922360795736235,0.385108389337284,15.92285657700044,PRICE,TRAIN,2024-03
ABEV3.SA,BEAR_CALM,-0.006639677280096644,0,TIME_STOP,16,1.6197235035367354,0.9473277002165869,19.382552737544867,PRICE,TRAIN,2024-03
AURE3.SA,BEAR_CALM,-0.00715741322176091,0,TIME_STOP,11,-0.5124800226383931,0.03176824223279063,9.675187718508715,PRICE,TRAIN,2024-03
AURE3.SA,BEAR_VOLATILE,-0.015618999566224055,0,TIME_STOP,11,-1.1137648162341,-4.160499053693721,2.4089763820955565,PRICE,TRAIN,2024-03
AURE3.SA,BEAR_VOLATILE,-0.013331730333743373,0,TIME_STOP,13,-1.2264005039331298,-2.9817201108383315,9.169322707449114,PRICE,TRAIN,2024-03
AURE3.SA,BEAR_CALM,-0.052229511794765,0,HARD_STOP,11,-0.04347245775335329,0.5514447954909119,34.30961849152067,PRICE,TRAIN,2024-03
AURE3.SA,BEAR_VOLATILE,-0.00895189471533777,0,TIME_STOP,12,1.9882956678256654,-0.30854161859713325,1000.0,PRICE,TRAIN,2024-03
AURE3.SA,BEAR_VOLATILE,-0.013022594120730056,0,TIME_STOP,28,0.5003897593231198,0.8051164098022123,29.438183613763453,PRICE,TRAIN,2024-03
AURE3.SA,BEAR_CALM,-0.02875105979405037,0,TIME_STOP,14,1.5439764207737163,0.5697410003294322,26.78992716061175,PRICE,TRAIN,2024-03
AURE3.SA,BEAR_VOLATILE,-0.06914057884857885,0,HARD_STOP,9,0.7396333084460747,0.2266027779261952,10.351951579877118,PRICE,TRAIN,2024-03
AURE3.SA,BEAR_VOLATILE,-0.015545017198806764,0,STOP_TECNICO,3,0.5885534891101539,1.0318301454065832,34.30961849152067,PRICE,TRAIN,2024-03
AURE3.SA,BEAR_VOLATILE,-0.02213022502930686,0,STOP_TECNICO,1,-0.1989730966183492,0.9384547872845675,34.30961849152067,PRICE,TRAIN,2024-03
AURE3.SA,BEAR_VOLATILE,-0.01839903777384002,0,STOP_TECNICO,1,0.4797826886674258,1.413145565525949,1000.0,PRICE,TRAIN,2024-03
AURE3.SA,BEAR_VOLATILE,0.012379314383217911,1,STOP_TECNICO,1,0.28661382917286254,1.1678801160691195,1000.0,PRICE,TRAIN,2024-03
AURE3.SA,BEAR_VOLATILE,0.00024831922126154044,1,STOP_TECNICO,1,0.5716482099983489,1.674142912911323,1000.0,PRICE,TRAIN,2024-03
AURE3.SA,BEAR_VOLATILE,-0.023079022435595474,0,STOP_TECNICO,4,-1.6802809934461445,1.3605542432928075,1000.0,PRICE,TRAIN,2024-03
AURE3.SA,BEAR_CALM,0.028356600739668815,1,STOP_TECNICO,1,1.576737382627942,-1.16941523878939,24.154237242599457,PRICE,TRAIN,2024-03
ALOS3.SA,BEAR_VOLATILE,-0.055092237570978274,0,HARD_STOP,6,1.9876410804770501,0.6498097067594484,1000.0,PRICE,TRAIN,2024-03
ALOS3.SA,BEAR_VOLATILE,0.0675935488307576,1,BEAR_OPTIMIZED,8,1.0844964031100277,-2.9556018758746174,1000.0,PRICE,TRAIN,2024-03
ALOS3.SA,BEAR_CALM,0.01635220206042263,1,BEAR_OPTIMIZED,1,-2.3063807006577255,-0.8505178302216181,3.7434021255269947,PRICE,TRAIN,2024-03
ALOS3.SA,BEAR_CALM,-0.056808353007935984,0,HARD_STOP,1,-1.5431219844080095,0.49134460557360077,4.264091406609107,PRICE,TRAIN,2024-03
ALOS3.SA,BEAR_VOLATILE,-0.02864673024072708,0,TIME_STOP,13,-0.7695144490697768,-0.07254205818992764,1000.0,PRICE,TRAIN,2024-03
ALOS3.SA,BEAR_VOLATILE,-0.012244888704360933,0,STOP_TECNICO,3,-0.20641972104190162,0.2949582800983147,1000.0,PRICE,TRAIN,2024-03
ALOS3.SA,BEAR_VOLATILE,-0.014444895608341744,0,STOP_TECNICO,1,-1.73102923154645,0.9005561412772704,1000.0,PRICE,TRAIN,2024-03
ALOS3.SA,BEAR_VOLATILE,-0.0001779943706900144,0,STOP_TECNICO,1,-1.8405432936920139,1.6184029052333266,34.30961849152067,PRICE,TRAIN,2024-03
ALOS3.SA,BEAR_VOLATILE,0.053465924953477774,1,END_CLOSED,52,-2.9514464425169114,1.3583856960227723,34.30961849152067,PRICE,TRAIN,2024-03
B3SA3.SA,BEAR_CALM,-0.05119999999999993,0,HARD_STOP,11,-1.2278013904874245,0.05590634710523671,13.305841871962663,PRICE,TRAIN,2024-03
B3SA3.SA,BEAR_CALM,-0.015218652168056533,0,TIME_STOP,11,0.004239447849167706,-0.7285261284811713,12.980824467315607,PRICE,TRAIN,2024-03
B3SA3.SA,BEAR_CALM,0.163528697136286,1,BEAR_OPTIMIZED,50,0.19741578693464285,-1.905843474581043,10.2512291947784,PRICE,TRAIN,2024-03
B3SA3.SA,BEAR_VOLATILE,-0.06942813979508425,0,HARD_STOP,7,0.0502824094323399,-0.395610200608596,21.38240566267784,PRICE,TRAIN,2024-03
B3SA3.SA,BEAR_VOLATILE,0.17842388221799962,1,BEAR_OPTIMIZED,58,0.0024491676282914184,-1.3368124620119013,18.4882763078819,PRICE,TRAIN,2024-03
AZUL4.SA,BEAR_VOLATILE,-0.07363454162467156,0,HARD_STOP,6,0.7379375201216123,0.6872363822905232,32.91709929387066,PRICE,TRAIN,2024-03
AZUL4.SA,BEAR_CALM,-0.011975800719058148,0,TIME_STOP,12,1.3824549909855446,0.6160847604285375,34.30961849152067,PRICE,TRAIN,2024-03
AZUL4.SA,BEAR_CALM,-0.06231113230387366,0,HARD_STOP,1,1.3465310085506335,0.9075848392626066,14.066704741472826,PRICE,TRAIN,2024-03
AZUL4.SA,BEAR_VOLATILE,-0.08170312979123887,0,HARD_STOP,2,1.177847236498863,-0.1293616813548678,14.784563865350801,PRICE,TRAIN,2024-03
AZUL4.SA,BEAR_VOLATILE,0.00880000000000001,1,STOP_TECNICO,35,0.3783000934479413,-0.10121210488408323,28.788938135675643,PRICE,TRAIN,2024-03
AZUL4.SA,BEAR_CALM,-0.2154857142857143,0,HARD_STOP,17,-0.1360378724243937,-1.364758228481721,11.085480685259139,PRICE,TRAIN,2024-03
AZUL4.SA,BEAR_VOLATILE,-0.08761976641062999,0,HARD_STOP,3,1.3012459513511936,-2.4604330753847448,34.30961849152067,PRICE,TRAIN,2024-03
AZUL4.SA,BEAR_VOLATILE,0.00880000000000001,1,STOP_TECNICO,2,1.172222083988848,-2.6876383245000106,1000.0,PRICE,TRAIN,2024-03
AZUL4.SA,BEAR_VOLATILE,0.00880000000000001,1,STOP_TECNICO,41,0.17394951639460415,0.2922959257486712,22.58708209620147,PRICE,TRAIN,2024-03
AZUL4.SA,BEAR_VOLATILE,-0.10593822711716874,0,HARD_STOP,2,-1.4538713743812182,0.09616546401879376,25.652074705929298,PRICE,TRAIN,2024-03
AZUL4.SA,BEAR_VOLATILE,0.18061822779421707,1,END_CLOSED,74,0.023824492177512948,1.650795617930041,1000.0,PRICE,TRAIN,2024-03
AZUL4.SA,BEAR_VOLATILE,-0.17492875662583954,0,HARD_STOP,1,-0.774172064080936,-2.6860915608991873,34.30961849152067,PRICE,TEST,2024-03
AZUL4.SA,BEAR_VOLATILE,-0.14405716602707233,0,HARD_STOP,9,0.5801671405475346,-0.5650377162743364,1000.0,PRICE,TEST,2024-03
AZUL4.SA,BEAR_VOLATILE,-0.051200049670535284,0,HARD_STOP,1,0.4877194965096915,0.16708192054258758,1000.0,PRICE,TEST,2024-03
AZUL4.SA,BEAR_VOLATILE,-0.05675561074503923,0,HARD_STOP,1,0.7134973199027344,-0.94161167072717,1000.0,PRICE,TEST,2024-03
AZUL4.SA,BEAR_VOLATILE,-0.0691611599920651,0,HARD_STOP,1,0.17986454341971958,-0.5007230403569691,1000.0,PRICE,TEST,2024-03
AZUL4.SA,BEAR_VOLATILE,-0.0012,0,END_CLOSED,1,-0.5429632738983212,0.6291881579831932,34.30961849152067,PRICE,TEST,2024-03
BBAS3.SA,BULL_CALM,-0.011665610100550582,0,TIME_STOP,11,0.4880751547380413,0.6504561118337279,3.645420607473734,PRICE,TRAIN,2024-03
BBAS3.SA,BULL_CALM,-0.00856915884590772,0,TIME_STOP,14,-0.0883566868564933,-1.9904602064125205,5.159382333234519,PRICE,TRAIN,2024-03
BBAS3.SA,BULL_CALM,-0.005226518386129329,0,TIME_STOP,13,-0.6329220196087005,-0.3673156970342221,3.8214671210576774,PRICE,TRAIN,2024-03
BBAS3.SA,SIDEWAYS_CALM,-0.004602612953391726,0,TIME_STOP,14,0.24066013021395408,-0.08712166703323442,4.063088157837782,PRICE,TRAIN,2024-03
BBAS3.SA,SIDEWAYS_CALM,-0.0061448063402635075,0,TIME_STOP,25,0.2845633793186647,0.5318997632184512,1.9763247548957596,PRICE,TRAIN,2024-03
BBAS3.SA,SIDEWAYS_CALM,0.10640446822237157,1,SIGNAL,12,-1.3113201911528647,0.517823056908974,1.8948041296760332,PRICE,TRAIN,2024-03
BBAS3.SA,SIDEWAYS_VOLATILE,-0.006118652428968939,0,TIME_STOP,13,2.7743102983232206,0.394935695475821,18.656247313166883,PRICE,TRAIN,2024-03
BBAS3.SA,SIDEWAYS_CALM,-0.01373799803788047,0,TIME_STOP,11,1.866448095486364,-1.0691549616891562,10.367827230404112,PRICE,TRAIN,2024-03
BBAS3.SA,BEAR_CALM,-0.02355050798441951,0,BEAR_OPTIMIZED,1,1.1639194358367952,-0.2095592454503492,26.44603660003443,PRICE,TRAIN,2024-03
BBAS3.SA,BEAR_CALM,-0.024024144498386545,0,BEAR_OPTIMIZED,2,1.168677270621614,-0.5217216171454181,32.322543132542314,PRICE,TRAIN,2024-03
BBAS3.SA,SIDEWAYS_CALM,-0.051200000000000044,0,HARD_STOP,3,0.32762362903605086,-0.505249601515983,21.198928921698787,PRICE,TRAIN,2024-03
BBAS3.SA,BEAR_CALM,0.011116225256408409,1,BEAR_OPTIMIZED,1,0.9010390175065406,-0.9889944029607043,9.058599670804243,PRICE,TRAIN,2024-03
BBAS3.SA,BEAR_CALM,-0.0036262480588916887,0,BEAR_OPTIMIZED,3,-0.01252755950256235,-0.8268435407580995,9.72996162501461,PRICE,TRAIN,2024-03
BBAS3.SA,BEAR_CALM,0.009561589609479039,1,BEAR_OPTIMIZED,1,-0.44908598055375853,0.1367666669254764,7.429078929630386,PRICE,TRAIN,2024-03
BBAS3.SA,BEAR_VOLATILE,0.01312181453442194,1,BEAR_OPTIMIZED,2,-1.2245597994342656,-0.1971915161906774,11.314537430899522,PRICE,TRAIN,2024-03
BBAS3.SA,BEAR_VOLATILE,0.010505788487081925,1,BEAR_OPTIMIZED,3,0.36373661561368154,-0.5164270302591483,8.12142211229133,PRICE,TRAIN,2024-03
BBAS3.SA,BEAR_VOLATILE,0.0012886515185524872,1,BEAR_OPTIMIZED,3,-0.17880859130405058,-1.0094587666663581,7.547569990432935,PRICE,TRAIN,2024-03
BBAS3.SA,BEAR_VOLATILE,0.0004721957977712255,1,BEAR_OPTIMIZED,4,-0.5439592902962818,-0.2644437848924729,7.644261392266862,PRICE,TRAIN,2024-03
BBAS3.SA,BEAR_CALM,0.0033530024983133636,1,BEAR_OPTIMIZED,1,-0.5583829497880602,-0.3602135253174466,6.365481908786844,PRICE,TRAIN,2024-03
BBAS3.SA,BEAR_CALM,-0.0012,0,BEAR_OPTIMIZED,3,-0.873453146153555,0.5169277921560159,8.022525637644968,PRICE,TRAIN,2024-03
BBAS3.SA,BULL_CALM,0.05006345176992109,1,SIGNAL,11,0.26541284573562385,1.5068446138213478,2.6291268212150127,PRICE,TEST,2024-03
BBAS3.SA,SIDEWAYS_VOLATILE,-0.044051615951464916,0,TIME_STOP,11,-0.1507363113380345,-5.333413077799956,2.8211483156730592,PRICE,TEST,2024-03
BBAS3.SA,BEAR_VOLATILE,-0.05131077393091079,0,HARD_STOP,4,0.023376438830989534,-3.472733505247515,1000.0,PRICE,TEST,2024-03
BBDC3.SA,BEAR_CALM,-0.008931813650989072,0,TIME_STOP,20,1.0684728457703827,1.0046302910597376,4.265512865453553,PRICE,TRAIN,2024-03
BBDC3.SA,BEAR_CALM,-0.02467015887997772,0,TIME_STOP,12,0.5825784129966975,-0.08577392832793433,7.356224841167644,PRICE,TRAIN,2024-03
BBDC3.SA,BEAR_CALM,-0.007552374543749928,0,TIME_STOP,11,0.024933213166713063,0.2350044328418667,34.30961849152067,PRICE,TRAIN,2024-03
BBDC3.SA,BEAR_VOLATILE,-0.011484585682349023,0,TIME_STOP,14,0.007682025219645224,0.42806426149566223,1000.0,PRICE,TRAIN,2024-03
BBDC3.SA,BEAR_CALM,-0.0018274417562192046,0,TIME_STOP,11,-0.5192259518295114,0.8894940833226352,1000.0,PRICE,TRAIN,2024-03
BBDC3.SA,BEAR_CALM,0.00880000000000001,1,STOP_TECNICO,35,-0.5040475083004267,0.6297755543347555,34.30961849152067,PRICE,TRAIN,2024-03
BBDC4.SA,BEAR_CALM,-0.013775755557411083,0,TIME_STOP,20,2.0873882387687006,0.672508581688806,3.4338200430003663,PRICE,TRAIN,2024-03
BBDC4.SA,BEAR_CALM,-0.03771270507356241,0,TIME_STOP,13,1.032288590714979,-0.16786404192032658,5.870416524035773,PRICE,TRAIN,2024-03
BBDC4.SA,BEAR_CALM,-0.0014631943867137386,0,TIME_STOP,22,-0.6671307586547742,0.18200462109036436,1000.0,PRICE,TRAIN,2024-03
BBDC4.SA,BEAR_CALM,0.11140446587011774,1,BEAR_OPTIMIZED,35,-0.18354803413774312,0.47545980225899825,14.872013770254096,PRICE,TRAIN,2024-03
BBDC4.SA,BEAR_VOLATILE,-0.02073024903780265,0,TIME_STOP,11,-0.2450491524990761,0.6097083310818817,1000.0,PRICE,TRAIN,2024-03
BBDC4.SA,BEAR_VOLATILE,0.005824819277174466,1,STOP_TECNICO,72,0.07585297746213861,1.3706256628736484,1000.0,PRICE,TRAIN,2024-03
BEEF3.SA,BEAR_VOLATILE,-0.007811563734210235,0,TIME_STOP,12,0.1971975662915133,-0.6725112610010803,8.343253778471242,PRICE,TRAIN,2024-03
BEEF3.SA,BEAR_VOLATILE,-0.01941491963599864,0,STOP_TECNICO,23,1.1209872025228225,0.3184471854454302,1000.0,PRICE,TRAIN,2024-03
BEEF3.SA,BEAR_VOLATILE,-0.01844111345398982,0,STOP_TECNICO,1,-0.11685391871319593,0.9499428506003658,5.058422965775432,PRICE,TRAIN,2024-03
BEEF3.SA,BEAR_VOLATILE,-0.00946445466776271,0,TIME_STOP,14,0.23705504565367505,0.9039705586431521,5.963068206276938,PRICE,TRAIN,2024-03
BEEF3.SA,BEAR_CALM,-0.01349506995337748,0,STOP_TECNICO,1,-2.6057725187747156,-0.601336949416511,8.628410546517522,PRICE,TRAIN,2024-03
BEEF3.SA,BEAR_CALM,-0.03024571334786865,0,STOP_TECNICO,1,-1.2756101217970472,-0.04149764329065639,8.928059426554467,PRICE,TRAIN,2024-03
BEEF3.SA,BEAR_CALM,0.016657125751218117,1,STOP_TECNICO,1,-2.0237234422886807,0.04136001561151604,14.724998600973098,PRICE,TRAIN,2024-03
BEEF3.SA,BEAR_CALM,-0.019506619176448713,0,STOP_TECNICO,1,-2.3064460303326233,0.11682480820453484,16.793511777378114,PRICE,TRAIN,2024-03
BEEF3.SA,BEAR_CALM,-0.040865983034153695,0,STOP_TECNICO,1,-2.0392304373944063,0.5589807206712154,10.831375987114917,PRICE,TRAIN,2024-03
BEEF3.SA,BEAR_CALM,-0.005776654794112178,0,STOP_TECNICO,1,-1.262593713342392,1.032925045845876,12.299111994587353,PRICE,TRAIN,2024-03
BEEF3.SA,BEAR_CALM,0.03559655422185646,1,END_CLOSED,2,-1.2314464846942255,1.0240471005561693,7.865395270947057,PRICE,TRAIN,2024-03
BEEF3.SA,BEAR_VOLATILE,-0.0556354796068478,0,HARD_STOP,26,0.834479072121719,-0.15592929730833813,19.403270693604835,PRICE,TEST,2024-03
BBSE3.SA,BULL_CALM,0.04495378503477108,1,SIGNAL,21,-0.4525675693969662,0.4582708476338193,1.648446530443153,PRICE,TRAIN,2024-03
BBSE3.SA,SIDEWAYS_VOLATILE,-0.0018170725512200103,0,TIME_STOP,20,1.6721924646938187,0.10063099034282416,4.2104902421812085,PRICE,TRAIN,2024-03
BBSE3.SA,SIDEWAYS_CALM,-0.004479716516560116,0,TIME_STOP,15,3.489189589439522,0.947273639137657,33.82837502846855,PRICE,TRAIN,2024-03
BBSE3.SA,BULL_VOLATILE,-0.01639839299098502,0,TIME_STOP,13,-1.4068640998685664,-3.524619765878346,7.781796669594813,PRICE,TEST,2024-03
BBSE3.SA,BULL_VOLATILE,-0.052833250473424374,0,HARD_STOP,9,-0.3408518158196944,-1.9743936456288342,6.013673339447561,PRICE,TEST,2024-03
BPAC11.SA,BEAR_VOLATILE,0.020259170045283083,1,BEAR_OPTIMIZED,3,-0.19291724336199761,0.238994351741904,34.30961849152067,PRICE,TRAIN,2024-03
BPAC11.SA,BEAR_VOLATILE,-0.0012,0,BEAR_OPTIMIZED,1,0.1318540224470457,0.22905355584702675,30.50143741591738,PRICE,TRAIN,2024-03
BPAC11.SA,BEAR_CALM,-0.014721967608888796,0,BEAR_OPTIMIZED,1,0.9661564119639648,1.0643030540814378,9.568242256650525,PRICE,TRAIN,2024-03
BPAC11.SA,BEAR_VOLATILE,-0.011848319901096936,0,BEAR_OPTIMIZED,2,0.948859453436313,1.1515321889330794,13.85028454712384,PRICE,TRAIN,2024-03
BPAC11.SA,BEAR_VOLATILE,0.01873679587501962,1,BEAR_OPTIMIZED,1,0.7001021901556209,-0.29580764070156873,9.900385304768829,PRICE,TRAIN,2024-03
BPAC11.SA,BEAR_VOLATILE,0.004795513819477383,1,BEAR_OPTIMIZED,1,0.34569499942835047,-1.3385761148105535,11.036522567430977,PRICE,TRAIN,2024-03
BPAC11.SA,BEAR_CALM,-0.008409989419068252,0,BEAR_OPTIMIZED,3,0.5422887621418497,-1.534566599163123,9.973189828985078,PRICE,TRAIN,2024-03
BPAC11.SA,BEAR_CALM,0.008182007831427952,1,BEAR_OPTIMIZED,3,0.8084849818730223,0.3196026073392034,6.9519748802038634,PRICE,TRAIN,2024-03
BPAC11.SA,BEAR_CALM,0.030100026522749214,1,BEAR_OPTIMIZED,1,0.4981015965273791,0.4347753861761705,6.072199631973353,PRICE,TRAIN,2024-03
BPAC11.SA,BEAR_VOLATILE,0.0038015943885397543,1,BEAR_OPTIMIZED,1,1.0324545244948242,-0.8934817655620999,11.836479736682964,PRICE,TRAIN,2024-03
BPAC11.SA,BEAR_CALM,0.043293301555168286,1,BEAR_OPTIMIZED,3,0.36131519791945216,0.9984845423978334,24.719795003581194,PRICE,TRAIN,2024-03
BPAC11.SA,BEAR_CALM,-0.05642607667656898,0,HARD_STOP,2,-1.8094086994182133,-0.8308879638701542,4.438792705323097,PRICE,TRAIN,2024-03
BPAC11.SA,BEAR_VOLATILE,-0.061095921075168834,0,HARD_STOP,12,-0.7031712572911125,-0.5355866060580425,5.654779468549394,PRICE,TRAIN,2024-03
BPAC11.SA,BEAR_VOLATILE,-0.011139138717434348,0,STOP_TECNICO,3,-0.7854445022584331,1.6226332010831557,24.78491179728452,PRICE,TRAIN,2024-03
BPAC11.SA,BEAR_VOLATILE,-0.015222196950703058,0,STOP_TECNICO,1,-1.7091382779274273,0.24767408779490294,34.30961849152067,PRICE,TRAIN,2024-03
BPAC11.SA,BEAR_VOLATILE,0.10517537614751168,1,BEAR_OPTIMIZED,14,-0.6683447076988803,0.232218537100447,24.83972962466916,PRICE,TRAIN,2024-03
BRAP4.SA,BEAR_CALM,-0.051200000000000044,0,HARD_STOP,13,0.11550305527820137,1.0095715617781158,5.759635028798789,PRICE,TRAIN,2024-03
BRAP4.SA,BEAR_VOLATILE,-0.004523986325416639,0,TIME_STOP,39,-0.4312670584526984,0.8639692096076088,34.30961849152067,PRICE,TRAIN,2024-03
BRAP4.SA,BEAR_CALM,-0.012909544650063574,0,STOP_TECNICO,1,-0.6382565825623009,-0.21435067731001595,4.861726942514831,PRICE,TRAIN,2024-03
BRAP4.SA,BEAR_VOLATILE,-0.04161016392447139,0,STOP_TECNICO,8,-0.3343444187966468,-1.4852357216604224,7.179852708419022,PRICE,TRAIN,2024-03
BRAP4.SA,BEAR_VOLATILE,0.0019746813195550064,1,STOP_TECNICO,1,-1.2803632839299222,0.9467026945252002,34.30961849152067,PRICE,TRAIN,2024-03
BRAP4.SA,BEAR_VOLATILE,0.06871252660089686,1,END_CLOSED,51,-0.07012850587442822,0.9347232048283804,25.814393025763692,PRICE,TRAIN,2024-03
BRAP4.SA,BEAR_CALM,0.001326865365032105,1,END_CLOSED,10,0.12816280988400985,-0.9872254687445134,4.697098074197599,PRICE,TEST,2024-03
BRKM5.SA,BEAR_CALM,-0.027088335488863156,0,TIME_STOP,11,-0.44761133196070685,-2.2429777415479055,10.10402217081402,PRICE,TRAIN,2024-03
BRKM5.SA,BEAR_CALM,-0.05411005397796744,0,HARD_STOP,6,-0.5722368021092471,-2.148784917251959,21.371248552876576,PRICE,TRAIN,2024-03
BRKM5.SA,BEAR_CALM,-0.051200000000000044,0,HARD_STOP,7,-0.46642506254918065,1.5437263625031803,31.021223297946506,PRICE,TRAIN,2024-03
BRKM5.SA,BEAR_CALM,0.00880000000000001,1,STOP_TECNICO,23,-0.6433882729754704,0.7361800187763139,14.340212695846319,PRICE,TRAIN,2024-03
BRKM5.SA,BEAR_CALM,-0.06402721874070386,0,HARD_STOP,4,-0.5438448512716005,1.4277752577304013,5.615921502172189,PRICE,TRAIN,2024-03
BRKM5.SA,BEAR_CALM,-0.012082726433636524,0,STOP_TECNICO,87,-0.3487873328820854,1.0977905360436082,9.436753048281258,PRICE,TRAIN,2024-03
BRKM5.SA,BEAR_CALM,-0.051200000000000044,0,HARD_STOP,7,-2.315351421413046,-0.6292796958665304,34.30961849152067,PRICE,TRAIN,2024-03
BRKM5.SA,BEAR_VOLATILE,-0.051200000000000044,0,HARD_STOP,2,-2.2162381788227914,0.03207670106157764,34.30961849152067,PRICE,TRAIN,2024-03
BRKM5.SA,BEAR_CALM,-0.11338836098581664,0,HARD_STOP,7,-1.2145314630565633,0.6422914803578835,34.30961849152067,PRICE,TRAIN,2024-03
BRKM5.SA,BEAR_VOLATILE,-0.05564350392014363,0,HARD_STOP,5,-0.5217390609818511,0.09895674843340545,1000.0,PRICE,TRAIN,2024-03
BRKM5.SA,BEAR_VOLATILE,-0.03919650978257374,0,TIME_STOP,11,-0.6836280423086049,-0.0005321652143364885,1000.0,PRICE,TRAIN,2024-03
BRKM5.SA,BEAR_CALM,-0.018000003051757772,0,STOP_TECNICO,1,-0.4425179682005217,0.003125158312472455,23.658445923261098,PRICE,TRAIN,2024-03
BRKM5.SA,BEAR_CALM,0.027025595311718976,1,STOP_TECNICO,1,0.949988062330608,-1.5489355785116439,10.873561460569565,PRICE,TRAIN,2024-03
BRKM5.SA,BEAR_CALM,-0.02062509746210952,0,STOP_TECNICO,3,1.206388285702125,-0.5190451548453395,8.342763409323728,PRICE,TRAIN,2024-03
CMIG4.SA,BULL_CALM,-0.0046995587063929575,0,TIME_STOP,12,-0.6197967923832591,0.46851844473908694,2.5644449483067935,PRICE,TRAIN,2024-03
CMIG4.SA,BULL_CALM,-0.007086890991541382,0,TIME_STOP,11,-1.5058818369068043,1.2370427827912966,2.1220498800651195,PRICE,TRAIN,2024-03
CMIG4.SA,BULL_CALM,-0.052860491386434914,0,HARD_STOP,8,-1.391851783307805,0.8510624647084719,2.094401487249207,PRICE,TRAIN,2024-03
CMIG4.SA,SIDEWAYS_VOLATILE,0.0694880726982022,1,END_CLOSED,45,-2.773539376730359,0.0036352763576987953,3.9289103093479114,PRICE,TRAIN,2024-03
CMIN3.SA,BEAR_CALM,-0.0012,0,BEAR_OPTIMIZED,1,-1.5540151274216238,-1.6965417266829173,33.669216030128666,PRICE,TRAIN,2024-03
CMIN3.SA,BEAR_CALM,0.02279994446144671,1,BEAR_OPTIMIZED,3,-2.5414147082532064,-1.8412961704465916,19.37662016496426,PRICE,TRAIN,2024-03
CMIN3.SA,BEAR_VOLATILE,0.013292658126001423,1,BEAR_OPTIMIZED,3,-0.872023641788655,-1.3923734056560495,4.801543241167135,PRICE,TRAIN,2024-03
CMIN3.SA,BEAR_CALM,0.013203197386429812,1,BEAR_OPTIMIZED,10,0.5947427276840366,1.0454595006370677,4.203434000508915,PRICE,TRAIN,2024-03
CMIN3.SA,SIDEWAYS_CALM,-0.03963133340673521,0,TIME_STOP,11,0.19677891251943852,-0.6790630483584518,16.622769596470214,PRICE,TRAIN,2024-03
CMIN3.SA,BEAR_VOLATILE,0.023042617764981933,1,BEAR_OPTIMIZED,2,0.34626261154948446,-1.0884337233511054,16.590144700330683,PRICE,TRAIN,2024-03
CMIN3.SA,BEAR_VOLATILE,0.050134609086162386,1,BEAR_OPTIMIZED,1,0.9195795293967088,0.016891752879251227,15.215231427004625,PRICE,TRAIN,2024-03
CMIN3.SA,BEAR_CALM,0.030735969602060244,1,BEAR_OPTIMIZED,1,1.1089719520468246,-1.441925466075795,2.986079118059474,PRICE,TRAIN,2024-03
CMIN3.SA,SIDEWAYS_CALM,0.07527067142359808,1,END_CLOSED,7,0.7764740175772291,-0.057988999915346125,3.272268994675749,PRICE,TRAIN,2024-03
CMIN3.SA,BULL_CALM,-0.0540233169100355,0,HARD_STOP,6,-0.279633493920353,-2.315078845560817,6.485489659821062,PRICE,TEST,2024-03
CMIN3.SA,BEAR_VOLATILE,0.0008367289079930019,1,END_CLOSED,4,0.1512619437983925,-1.4399452288386045,7.566870373082196,PRICE,TEST,2024-03
COGN3.SA,BEAR_VOLATILE,0.00880000000000001,1,STOP_TECNICO,20,0.6113338092573355,0.20560930548585063,13.765015907457078,PRICE,TRAIN,2024-03
COGN3.SA,BEAR_VOLATILE,-0.06821034766634107,0,HARD_STOP,9,0.7598222369630445,-0.40037532678325183,17.819315184101434,PRICE,TRAIN,2024-03
COGN3.SA,BEAR_CALM,-0.05706587287510769,0,HARD_STOP,2,0.6728761732161477,-1.5215627345673455,7.92456374162076,PRICE,TRAIN,2024-03
COGN3.SA,BEAR_VOLATILE,0.00880000000000001,1,STOP_TECNICO,36,0.306999144578308,-0.5930950770174793,14.987586324971087,PRICE,TRAIN,2024-03
COGN3.SA,BEAR_VOLATILE,-0.051200000000000044,0,HARD_STOP,6,1.6985957123201647,1.517388606980493,12.723406288524414,PRICE,TRAIN,2024-03
COGN3.SA,BEAR_VOLATILE,-0.05453333442167265,0,HARD_STOP,8,0.7498565684888099,1.2311129616359027,15.374637720113578,PRICE,TRAIN,2024-03
COGN3.SA,BEAR_CALM,-0.06458020761030861,0,HARD_STOP,2,0.44011115797827366,-1.461463454324212,12.53478256421991,PRICE,TRAIN,2024-03
COGN3.SA,BEAR_CALM,-0.023097754117519707,0,TIME_STOP,11,-0.8359728971536027,-0.726856334059358,15.844139454444623,PRICE,TRAIN,2024-03
COGN3.SA,BEAR_CALM,0.00880000000000001,1,STOP_TECNICO,65,0.1972011789403375,-0.4286898332896661,21.26318479080852,PRICE,TRAIN,2024-03
COGN3.SA,BEAR_VOLATILE,0.7159717746368331,1,BEAR_OPTIMIZED,58,-1.2999269776813926,1.275087820373385,14.537893495699878,PRICE,TRAIN,2024-03
CPFE3.SA,BEAR_VOLATILE,0.0207339796910083,1,BEAR_OPTIMIZED,4,-0.8312232135388314,-2.7481976732246483,5.255357927338533,PRICE,TRAIN,2024-03
CPFE3.SA,BEAR_VOLATILE,0.011913763134180223,1,BEAR_OPTIMIZED,2,-0.3207520962375086,-2.5404405548714295,5.771299099578504,PRICE,TRAIN,2024-03
CPFE3.SA,BEAR_VOLATILE,0.010125459666959415,1,BEAR_OPTIMIZED,4,0.08093396616019051,-2.946226730618408,6.8266878276795095,PRICE,TRAIN,2024-03
CPFE3.SA,BEAR_CALM,-0.0021185174353040223,0,TIME_STOP,13,1.4201847161449934,0.11437850628815395,5.067314099015942,PRICE,TRAIN,2024-03
CPFE3.SA,BEAR_CALM,0.025726613893738516,1,BEAR_OPTIMIZED,8,1.0129911215332212,0.179945972297512,4.89010344873259,PRICE,TRAIN,2024-03
CPFE3.SA,BEAR_CALM,0.026388445463484046,1,BEAR_OPTIMIZED,7,-1.6399716745433437,-0.028733475793413996,5.47381984451041,PRICE,TRAIN,2024-03
CPFE3.SA,BEAR_CALM,-0.016157916483450684,0,TIME_STOP,12,-1.1207826405735684,0.5498377055161764,5.0256102499362365,PRICE,TRAIN,2024-03
CPFE3.SA,BEAR_CALM,-0.0006070261135490351,0,STOP_TECNICO,3,-1.5039818319094382,0.8715937686239581,4.280158502974496,PRICE,TRAIN,2024-03
CPFE3.SA,BEAR_CALM,-0.014567284381734623,0,STOP_TECNICO,1,-1.358222298837908,0.18614695596480832,3.3394437532351207,PRICE,TRAIN,2024-03
CPFE3.SA,BEAR_CALM,0.04771136378313954,1,BEAR_OPTIMIZED,9,-0.567094934162873,0.25363272413819293,2.1489837482664154,PRICE,TRAIN,2024-03
CPFE3.SA,BULL_CALM,0.03827368421052633,1,SIGNAL,6,-0.3765552969013098,0.04303970958843007,13.943704443972477,PRICE,TEST,2024-03
CPFE3.SA,BULL_CALM,-0.016910879698787705,0,TIME_STOP,12,-1.0971333551567026,0.27635238467723433,14.8244519235178,PRICE,TEST,2024-03
CPLE6.SA,SIDEWAYS_VOLATILE,-0.004493048342641547,0,TIME_STOP,37,-1.2793708073918526,0.434009986538579,34.244445763836104,PRICE,TRAIN,2024-03
CPLE6.SA,SIDEWAYS_CALM,0.1184952984726427,1,SIGNAL,36,-2.370978684540246,0.885121254147394,4.263396097740826,PRICE,TRAIN,2024-03
CPLE6.SA,SIDEWAYS_CALM,-0.022120604880441562,0,TIME_STOP,11,-0.12806530373601513,-3.4306630700550165,34.30961849152067,PRICE,TRAIN,2024-03
CPLE6.SA,SIDEWAYS_CALM,-0.010586233025151735,0,TIME_STOP,24,0.5195588050050842,-1.952600951356963,22.75722327837229,PRICE,TRAIN,2024-03
CPLE6.SA,SIDEWAYS_VOLATILE,-0.017329093454646192,0,TIME_STOP,13,0.10031149903079813,-1.0459353214368614,3.646545560273237,PRICE,TRAIN,2024-03
CPLE6.SA,BEAR_CALM,0.0054006012029935505,1,BEAR_OPTIMIZED,1,0.6070769361319365,0.06266076607164804,4.364966769005424,PRICE,TRAIN,2024-03
CPLE6.SA,BEAR_CALM,-0.007859313883740636,0,BEAR_OPTIMIZED,1,-0.5920240901699882,0.3495758695394198,3.847680184746023,PRICE,TRAIN,2024-03
CPLE6.SA,BEAR_CALM,0.030438386542610642,1,BEAR_OPTIMIZED,1,-0.9379200343341755,0.8564745394897589,4.384335175713798,PRICE,TRAIN,2024-03
CPLE6.SA,BEAR_CALM,0.01886681673835531,1,BEAR_OPTIMIZED,1,-0.38835451746565824,0.5717461068343467,3.397302045845058,PRICE,TRAIN,2024-03
CSAN3.SA,BEAR_VOLATILE,-0.005398763390397819,0,TIME_STOP,12,-0.8266072316617339,0.6399619451435056,34.30961849152067,PRICE,TRAIN,2024-03
CSAN3.SA,BEAR_CALM,-0.023470141996907133,0,TIME_STOP,11,-1.6995995758655489,0.3486412262960631,9.826695558112554,PRICE,TRAIN,2024-03
CSAN3.SA,BEAR_CALM,0.0035096091597051973,1,STOP_TECNICO,56,-1.436593144022106,1.5648819283095423,21.87247435840786,PRICE,TRAIN,2024-03
CSAN3.SA,BEAR_CALM,-0.07288145185349973,0,HARD_STOP,7,-0.8594598212313582,-2.1498607706775665,14.167237065529957,PRICE,TRAIN,2024-03
CSAN3.SA,BEAR_VOLATILE,-0.10166510918195862,0,HARD_STOP,1,-2.1955746986321296,-0.9384994816401386,19.704347274365926,PRICE,TRAIN,2024-03
CSAN3.SA,BEAR_VOLATILE,-0.05552595419005082,0,HARD_STOP,3,-2.0831000408200984,-1.612382487538582,34.30961849152067,PRICE,TRAIN,2024-03
CSAN3.SA,BEAR_VOLATILE,-0.051200000000000044,0,HARD_STOP,1,-0.5240882970202341,-0.1252256339738978,34.30961849152067,PRICE,TRAIN,2024-03
CSAN3.SA,BEAR_VOLATILE,-0.0544879058522302,0,HARD_STOP,1,-1.6962817628832185,0.16334105777701077,1000.0,PRICE,TRAIN,2024-03
CSAN3.SA,BEAR_VOLATILE,-0.02227731920138378,0,STOP_TECNICO,3,-1.2695166514347715,-0.2813109401894807,1000.0,PRICE,TRAIN,2024-03
CSAN3.SA,BEAR_VOLATILE,0.002540614870183734,1,STOP_TECNICO,1,-2.257208793216424,0.8922909252281923,34.30961849152067,PRICE,TRAIN,2024-03
CSAN3.SA,BEAR_VOLATILE,-0.012056472014720397,0,STOP_TECNICO,2,-2.333764453562307,0.6165381583796921,34.30961849152067,PRICE,TRAIN,2024-03
CSAN3.SA,BEAR_VOLATILE,-0.07062754799183027,0,HARD_STOP,7,-1.2285216827443854,0.7477674915258866,34.30961849152067,PRICE,TRAIN,2024-03
CSAN3.SA,BEAR_VOLATILE,-0.05894279052868725,0,HARD_STOP,10,-1.597318515618774,-0.4381806371261839,33.39657234400173,PRICE,TRAIN,2024-03
CSAN3.SA,BEAR_CALM,0.048661515786117306,1,STOP_TECNICO,1,-2.6630651262685285,0.6530728224459232,13.688408574874119,PRICE,TRAIN,2024-03
CSAN3.SA,BEAR_CALM,-0.002485376428297291,0,STOP_TECNICO,1,-2.177165791454737,1.1831522347253105,10.481687846665377,PRICE,TRAIN,2024-03
CSAN3.SA,BEAR_CALM,0.021788483697581552,1,STOP_TECNICO,1,-2.501581566156103,1.1714502352666685,7.874549237994899,PRICE,TRAIN,2024-03
CSAN3.SA,BEAR_CALM,0.03308568158830925,1,STOP_TECNICO,1,-1.7703999255634602,1.1798975818942512,13.514669127657498,PRICE,TRAIN,2024-03
CSAN3.SA,BEAR_CALM,0.001620871720180973,1,STOP_TECNICO,5,-2.342624254457807,1.501223649234253,8.909551812453072,PRICE,TRAIN,2024-03
CSAN3.SA,BEAR_CALM,0.028545048137251873,1,STOP_TECNICO,1,-2.3437713669527964,1.684735049379958,8.463145897231614,PRICE,TRAIN,2024-03
CSNA3.SA,SIDEWAYS_CALM,-0.006098439354206085,0,TIME_STOP,12,-0.6896388411764871,-1.4250152570301962,27.010385989658843,PRICE,TRAIN,2024-03
CSNA3.SA,BEAR_CALM,-0.009058983883779036,0,TIME_STOP,17,-0.27978700492069314,1.7227324731205114,10.120029095283888,PRICE,TRAIN,2024-03
CSNA3.SA,BEAR_CALM,-0.051200000000000044,0,HARD_STOP,9,-2.2114470966037363,1.532376989032217,15.862908381906943,PRICE,TRAIN,2024-03
CSNA3.SA,BEAR_CALM,-0.05850890714254988,0,HARD_STOP,10,-0.9287144957790786,-0.5685982506514176,4.436070422441574,PRICE,TRAIN,2024-03
CSNA3.SA,BEAR_VOLATILE,0.0005683342218997035,1,STOP_TECNICO,27,0.48591550940450023,0.23233822676923718,15.10824076343055,PRICE,TRAIN,2024-03
CSNA3.SA,BEAR_CALM,-0.02488422185780661,0,TIME_STOP,16,0.13984648923111512,0.17119827234111695,7.516662752136697,PRICE,TRAIN,2024-03
CSNA3.SA,BEAR_CALM,-0.06427700969840469,0,HARD_STOP,35,-1.5334012866082973,1.6107822040572168,4.221769020012922,PRICE,TRAIN,2024-03
CSNA3.SA,BEAR_VOLATILE,0.0033146685556451963,1,STOP_TECNICO,3,0.6444132948991773,-0.14359358237697703,34.30961849152067,PRICE,TRAIN,2024-03
CSNA3.SA,BEAR_VOLATILE,0.019537251748036645,1,STOP_TECNICO,3,0.21052907410369542,-0.06293561158001651,34.30961849152067,PRICE,TRAIN,2024-03
CSNA3.SA,BEAR_VOLATILE,-0.02614062188172852,0,STOP_TECNICO,1,1.2139687629012004,0.19255199229949788,34.30961849152067,PRICE,TRAIN,2024-03
CSNA3.SA,BEAR_VOLATILE,-0.041148506504279835,0,STOP_TECNICO,1,1.5186885206537557,0.7550146400646927,1000.0,PRICE,TRAIN,2024-03
CSNA3.SA,BEAR_VOLATILE,0.06288545176788815,1,STOP_TECNICO,1,0.650315078772341,0.423088912640473,1000.0,PRICE,TRAIN,2024-03
CSNA3.SA,BEAR_VOLATILE,0.03977313367552857,1,STOP_TECNICO,1,0.7559920008243903,0.5891921816683166,1000.0,PRICE,TRAIN,2024-03
CSNA3.SA,BEAR_VOLATILE,0.006437948747647894,1,STOP_TECNICO,1,1.0860343428973598,0.5886546459201877,34.30961849152067,PRICE,TRAIN,2024-03
CSNA3.SA,BEAR_VOLATILE,7.391452271674598e-05,1,STOP_TECNICO,1,0.10243592006676197,0.4400026381530107,34.30961849152067,PRICE,TRAIN,2024-03
CSNA3.SA,BEAR_CALM,-0.009508119536211244,0,STOP_TECNICO,2,0.9965543621662751,-0.1265373286814265,18.11419215394832,PRICE,TRAIN,2024-03
CSNA3.SA,BEAR_CALM,0.008256255714577644,1,STOP_TECNICO,1,1.485124023867732,0.20451948815888377,14.73044101522799,PRICE,TRAIN,2024-03
CSNA3.SA,BEAR_CALM,-0.021889581085941322,0,STOP_TECNICO,2,1.216090931524338,0.7555005337614469,13.59135994301325,PRICE,TRAIN,2024-03
CSNA3.SA,BEAR_CALM,-0.004849616648018661,0,STOP_TECNICO,2,1.6107143324500688,0.3486354420491672,9.453140453039257,PRICE,TRAIN,2024-03
CXSE3.SA,BULL_VOLATILE,-0.0018401328642655634,0,TIME_STOP,13,0.5079858212145552,0.4213577936964488,7.013102976838822,PRICE,TRAIN,2024-03
CXSE3.SA,BULL_VOLATILE,-0.0073770456079625055,0,TIME_STOP,11,1.2854184758624518,0.04981733159369928,5.2071800546268605,PRICE,TRAIN,2024-03
CXSE3.SA,BULL_VOLATILE,-0.003302302235930775,0,TIME_STOP,12,0.6476393890479416,-1.2005062615465778,15.76752021316751,PRICE,TRAIN,2024-03
CXSE3.SA,BULL_CALM,-0.001720307909276929,0,TIME_STOP,30,0.5751012957236853,-0.46526469225819767,23.12864835179942,PRICE,TRAIN,2024-03
CXSE3.SA,BULL_CALM,0.00880000000000001,1,STOP_TECNICO,42,-0.7679007822693995,0.2069549582759552,4.632887126615694,PRICE,TRAIN,2024-03
CXSE3.SA,SIDEWAYS_VOLATILE,-0.014348718085109867,0,TIME_STOP,13,2.069489378759617,0.04207367666049581,12.764213705985926,PRICE,TRAIN,2024-03
CXSE3.SA,SIDEWAYS_CALM,-0.005894584393491019,0,TIME_STOP,25,1.0080109241341384,1.1839057404503772,15.235974882055805,PRICE,TRAIN,2024-03
CXSE3.SA,SIDEWAYS_CALM,0.1248563179755647,1,SIGNAL,27,1.160952454165771,-0.43935107339436147,14.029684351396345,PRICE,TRAIN,2024-03
CXSE3.SA,SIDEWAYS_VOLATILE,-0.005090769762265211,0,TIME_STOP,13,0.12658980936262404,1.7154622208226895,7.413653555976912,PRICE,TRAIN,2024-03
CXSE3.SA,SIDEWAYS_VOLATILE,0.08171985331049444,1,SIGNAL,37,1.203109656825233,1.4960362918204304,6.007218449630589,PRICE,TRAIN,2024-03
CXSE3.SA,BULL_CALM,-0.0172107247142669,0,TIME_STOP,25,-0.6333275286163005,0.42432625238857646,4.659119245402758,PRICE,TEST,2024-03
CVCB3.SA,BEAR_VOLATILE,0.00880000000000001,1,STOP_TECNICO,6,2.7427429035380784,0.24369137151640036,1000.0,PRICE,TRAIN,2024-03
CVCB3.SA,BEAR_VOLATILE,-0.051200000000000044,0,HARD_STOP,4,0.21339217594605822,0.6340966133243771,34.30961849152067,PRICE,TRAIN,2024-03
CYRE3.SA,BEAR_VOLATILE,0.013160947028210003,1,BEAR_OPTIMIZED,3,-0.07753227101775642,0.47087572117771836,13.145463414708935,PRICE,TRAIN,2024-03
CYRE3.SA,BEAR_VOLATILE,0.024643959792338112,1,BEAR_OPTIMIZED,1,-0.1487138537179206,0.8641828374037107,16.26220281233605,PRICE,TRAIN,2024-03
CYRE3.SA,BEAR_VOLATILE,0.013085784331992568,1,BEAR_OPTIMIZED,2,0.045884426200990036,1.2183103000676394,16.786175400737818,PRICE,TRAIN,2024-03
CYRE3.SA,BEAR_CALM,-0.0239157597221721,0,BEAR_OPTIMIZED,1,0.6891330732862658,-1.706266364137494,24.486336495703654,PRICE,TRAIN,2024-03
CYRE3.SA,BEAR_CALM,-0.006362704215300628,0,BEAR_OPTIMIZED,1,0.5519089515752318,-1.656733512733721,27.897832062947625,PRICE,TRAIN,2024-03
CYRE3.SA,BEAR_CALM,0.005043616531057317,1,BEAR_OPTIMIZED,1,0.9138352251854958,-0.34822793046799017,27.582449082009358,PRICE,TRAIN,2024-03
CYRE3.SA,BEAR_CALM,0.00862418918504413,1,BEAR_OPTIMIZED,1,-0.2532261399253017,0.2163844508892592,13.078929096365751,PRICE,TRAIN,2024-03
CYRE3.SA,BEAR_CALM,0.02835145772876522,1,BEAR_OPTIMIZED,12,-0.641737505008905,0.026614859318009693,16.61909876391383,PRICE,TRAIN,2024-03
CYRE3.SA,BEAR_CALM,0.05025887736972998,1,BEAR_OPTIMIZED,6,0.7166040807371205,0.7320484052099908,8.329172493008276,PRICE,TRAIN,2024-03
CYRE3.SA,BEAR_VOLATILE,-0.006608307107176435,0,TIME_STOP,11,0.2135169445219732,-0.9545425627381476,5.98459897545213,PRICE,TRAIN,2024-03
CYRE3.SA,BEAR_VOLATILE,-0.04048165792833582,0,TIME_STOP,11,0.4311689217040621,-0.8892376428986498,23.102404961730848,PRICE,TRAIN,2024-03
CYRE3.SA,BEAR_VOLATILE,-0.009648946293518333,0,STOP_TECNICO,1,-1.2908324172439174,-0.8328467621944159,34.30961849152067,PRICE,TRAIN,2024-03
CYRE3.SA,BEAR_VOLATILE,-0.006517714648876426,0,STOP_TECNICO,1,-1.3678331014390834,-0.5518231828540934,34.30961849152067,PRICE,TRAIN,2024-03
CYRE3.SA,BEAR_VOLATILE,0.21697083858132102,1,BEAR_OPTIMIZED,16,-1.2211669784185462,0.35458704379120154,34.30961849152067,PRICE,TRAIN,2024-03
ECOR3.SA,BEAR_CALM,0.008145802070324538,1,BEAR_OPTIMIZED,3,-1.1691783574536894,-0.7166774311542957,1000.0,PRICE,TRAIN,2024-03
ECOR3.SA,BEAR_CALM,-0.051200000000000044,0,HARD_STOP,13,-0.9588921749194458,-1.9056199625070838,34.30961849152067,PRICE,TRAIN,2024-03
ECOR3.SA,BEAR_CALM,-0.051200000000000044,0,HARD_STOP,8,1.1053659263031865,-0.13511106095144523,19.9387361609523,PRICE,TRAIN,2024-03
ECOR3.SA,BEAR_VOLATILE,-0.051200000000000044,0,HARD_STOP,1,0.29848804061751655,1.079486877282024,10.928237850763704,PRICE,TRAIN,2024-03
ECOR3.SA,BEAR_VOLATILE,0.20686450911631135,1,BEAR_OPTIMIZED,17,0.7240502377277762,-0.13719612241155166,13.172787479128239,PRICE,TRAIN,2024-03
ECOR3.SA,BEAR_VOLATILE,-0.051200000000000044,0,HARD_STOP,1,-0.6572264263026099,-2.8131645721442498,11.195724840662848,PRICE,TRAIN,2024-03
ECOR3.SA,BEAR_VOLATILE,-0.052825202687405,0,HARD_STOP,6,-0.08180409221652392,-3.6233632360628243,23.865560101469526,PRICE,TRAIN,2024-03
ECOR3.SA,BEAR_VOLATILE,-0.0790031211881598,0,HARD_STOP,2,0.06963281511887702,-1.5257101513547122,1000.0,PRICE,TRAIN,2024-03
ECOR3.SA,BEAR_VOLATILE,-0.015218822940468855,0,STOP_TECNICO,3,0.2737789795606804,-1.3771941387622002,1000.0,PRICE,TRAIN,2024-03
ECOR3.SA,BEAR_VOLATILE,-0.03215229888404605,0,STOP_TECNICO,1,-0.4478977665087019,-0.5312005219447191,34.30961849152067,PRICE,TRAIN,2024-03
ECOR3.SA,BEAR_VOLATILE,0.008202005485726006,1,STOP_TECNICO,1,0.25451502637773954,-0.5924901167551059,34.30961849152067,PRICE,TRAIN,2024-03
ECOR3.SA,BEAR_CALM,0.07774734537387692,1,STOP_TECNICO,1,0.2518166297857127,-0.6364668887541101,32.10890482074488,PRICE,TRAIN,2024-03
ECOR3.SA,BEAR_CALM,0.0031196590850524966,1,STOP_TECNICO,1,0.3376718211087576,-0.05622893741546585,24.360256742419494,PRICE,TRAIN,2024-03
ECOR3.SA,BEAR_CALM,0.03974832432241691,1,STOP_TECNICO,1,0.0375250957810782,-0.33425516011976086,25.277470860812482,PRICE,TRAIN,2024-03
ECOR3.SA,BEAR_CALM,-0.005600346311447256,0,STOP_TECNICO,4,0.6106190117953677,-0.19646209225872605,10.503416954485802,PRICE,TRAIN,2024-03
DIRR3.SA,BULL_VOLATILE,0.24801407586738974,1,SIGNAL,75,0.31390858979592523,0.012765504257505283,9.792428286971637,PRICE,TRAIN,2024-03
DIRR3.SA,BULL_CALM,-0.04432116784634701,0,STOP_TECNICO,10,1.1670035933045098,1.6355955975622134,6.323295022785465,PRICE,TRAIN,2024-03
DIRR3.SA,BULL_VOLATILE,-0.0015544385947426009,0,STOP_TECNICO,10,1.0862507866633186,-0.4263593701510418,5.049445413369899,PRICE,TRAIN,2024-03
DIRR3.SA,SIDEWAYS_VOLATILE,-0.03522255066107962,0,TIME_STOP,21,0.9442101560813594,0.8192356468500077,5.3130439802835525,PRICE,TRAIN,2024-03
DIRR3.SA,BEAR_VOLATILE,0.009521713077030515,1,BEAR_OPTIMIZED,1,0.05688904993986105,-0.22709757628448368,17.577840651706325,PRICE,TRAIN,2024-03
DIRR3.SA,SIDEWAYS_CALM,0.1894066437315832,1,END_CLOSED,50,-1.6236922566220382,-1.6240828173922768,9.858538330421307,PRICE,TRAIN,2024-03
EGIE3.SA,BEAR_CALM,0.005817512806103632,1,BEAR_OPTIMIZED,3,0.1507008802208497,0.929738209289571,1.6095712324504203,PRICE,TRAIN,2024-03
EGIE3.SA,BEAR_CALM,0.020402532513819828,1,BEAR_OPTIMIZED,5,0.8617538450746559,0.7493778402627223,1.6844780429200965,PRICE,TRAIN,2024-03
EGIE3.SA,SIDEWAYS_CALM,-0.008623414244977388,0,TIME_STOP,13,0.74563158126692,0.9090106503536904,14.79250943451469,PRICE,TRAIN,2024-03
EGIE3.SA,SIDEWAYS_CALM,-0.017084770261106906,0,TIME_STOP,11,-0.6903968384149027,0.5806624943274938,34.30961849152067,PRICE,TRAIN,2024-03
EGIE3.SA,BEAR_CALM,-0.013435546225310534,0,TIME_STOP,13,1.2934814464242792,-0.8932355561809311,34.30961849152067,PRICE,TRAIN,2024-03
EGIE3.SA,BEAR_VOLATILE,-0.008962337591715629,0,TIME_STOP,11,-1.776507715478355,0.961462561348863,34.30961849152067,PRICE,TRAIN,2024-03
EGIE3.SA,BEAR_CALM,-0.019049995194454737,0,TIME_STOP,12,-2.795553973275884,1.2268129076611634,33.439164264107696,PRICE,TRAIN,2024-03
EGIE3.SA,BEAR_VOLATILE,-0.0031846310161452104,0,TIME_STOP,11,-1.4178050345817323,0.3343614374723403,34.30961849152067,PRICE,TRAIN,2024-03
EGIE3.SA,BEAR_CALM,-0.006294917821447553,0,STOP_TECNICO,1,-1.6251015533948843,-1.3304183022440945,20.68142839739195,PRICE,TRAIN,2024-03
EGIE3.SA,BEAR_CALM,0.04506039316441477,1,END_CLOSED,31,-0.603814028959463,-1.1197097144316297,7.125074715086512,PRICE,TRAIN,2024-03
ELET3.SA,BEAR_VOLATILE,0.04037954296757982,1,BEAR_OPTIMIZED,14,0.01459686199536464,-2.295256888196745,32.48586997362422,PRICE,TRAIN,2024-03
ELET3.SA,BEAR_CALM,-0.05710223829763963,0,HARD_STOP,11,1.2215381884307173,-1.291270330220866,31.530713722558996,PRICE,TRAIN,2024-03
ELET3.SA,BEAR_VOLATILE,-0.02079134161112841,0,TIME_STOP,11,-0.16166474468150585,0.42358317524796213,13.888114949888989,PRICE,TRAIN,2024-03
ELET3.SA,BEAR_CALM,0.10054314050524424,1,BEAR_OPTIMIZED,15,0.7932574787431713,-0.14384174956500953,11.705256339804718,PRICE,TRAIN,2024-03
ELET3.SA,BEAR_CALM,-0.03579029920397316,0,TIME_STOP,16,0.7468034647114631,-0.5922416653455547,1000.0,PRICE,TRAIN,2024-03
ELET3.SA,BEAR_CALM,-0.0032849606542030493,0,TIME_STOP,16,0.01114711916231404,0.3896487812960676,12.412153610646078,PRICE,TRAIN,2024-03
ELET3.SA,BULL_CALM,-0.0031327698908296883,0,END_CLOSED,1,2.5609850645487935,-0.5623062595673641,5.916246798596372,PRICE,TEST,2024-03
ELET6.SA,SIDEWAYS_VOLATILE,-0.007922412161395241,0,TIME_STOP,33,-0.23671868553379596,-2.835176921105488,21.449100635225083,PRICE,TRAIN,2024-03
ELET6.SA,BEAR_CALM,0.00697840074740972,1,BEAR_OPTIMIZED,10,0.8739406865901298,0.054465091874816324,20.35255125192443,PRICE,TRAIN,2024-03
ELET6.SA,BEAR_CALM,-0.016241305708744956,0,TIME_STOP,11,0.12669471331004728,0.6745776518882366,10.981072669580211,PRICE,TRAIN,2024-03
ELET6.SA,BEAR_CALM,0.035733392021422984,1,BEAR_OPTIMIZED,7,0.8399905903901578,1.415161042150051,10.0286816469687,PRICE,TRAIN,2024-03
ELET6.SA,BEAR_CALM,-0.004913589155990737,0,TIME_STOP,11,0.7342729745356028,-0.22662164899684548,1000.0,PRICE,TRAIN,2024-03
ELET6.SA,BEAR_CALM,-0.006460408652308368,0,TIME_STOP,15,-0.47131588705989624,0.88948687107045,23.729919188000448,PRICE,TRAIN,2024-03
ELET6.SA,BEAR_CALM,0.07674240690976405,1,BEAR_OPTIMIZED,40,-0.7751322865216169,-0.09459238492132524,8.861341831735631,PRICE,TRAIN,2024-03
EMBR3.SA,BULL_CALM,-0.0039173439325000045,0,TIME_STOP,13,0.2871841980199321,1.093620291923919,11.404774548740026,PRICE,TRAIN,2024-03
EMBR3.SA,BULL_CALM,0.595142877248391,1,SIGNAL,141,-1.7893409726213443,0.24344434620516012,10.407961890868647,PRICE,TRAIN,2024-03
EMBR3.SA,BULL_CALM,0.15386450587320852,1,SIGNAL,1,0.6807239898590778,0.9312161862308724,3.5957365634975216,PRICE,TRAIN,2024-03
EMBR3.SA,BULL_CALM,0.015270584158070123,1,SIGNAL,1,-0.45216481526070224,-2.673152466417763,2.7318856215241545,PRICE,TRAIN,2024-03
EMBR3.SA,BULL_CALM,0.04067859112657888,1,SIGNAL,5,-0.22645891709149174,-3.1912762221110036,3.0555075718829543,PRICE,TRAIN,2024-03
EMBR3.SA,BULL_VOLATILE,0.057949999887263993,1,END_CLOSED,45,0.7264218482747636,0.8332069236436366,9.361536976762908,PRICE,TEST,2024-03
ENGI11.SA,BEAR_CALM,0.011909062156644092,1,BEAR_OPTIMIZED,2,-0.15571455834461295,-0.32792612430572116,23.158395916267512,PRICE,TRAIN,2024-03
ENGI11.SA,BEAR_CALM,0.05112818965133701,1,BEAR_OPTIMIZED,3,-0.32629907795233326,-0.15210130637980246,23.22407664357782,PRICE,TRAIN,2024-03
ENGI11.SA,BEAR_CALM,0.026046651577947035,1,BEAR_OPTIMIZED,2,-1.795509553623559,-0.13873492282787975,7.789599857119831,PRICE,TRAIN,2024-03
ENGI11.SA,BEAR_CALM,-0.0036597100695432636,0,TIME_STOP,13,-1.5233185936919496,-0.5417439424167134,2.90524809116014,PRICE,TRAIN,2024-03
ENGI11.SA,BEAR_VOLATILE,-0.0025605797556939244,0,TIME_STOP,11,1.0762351997119646,1.0758731638088315,3.9222640303694365,PRICE,TRAIN,2024-03
ENGI11.SA,BEAR_VOLATILE,-0.0025800023123741175,0,TIME_STOP,13,1.0160313667603542,-0.2647929823746049,13.815478307905968,PRICE,TRAIN,2024-03
ENGI11.SA,BEAR_CALM,-0.051200000000000044,0,HARD_STOP,11,0.25022529749385225,0.5700823195727578,16.486881611233045,PRICE,TRAIN,2024-03
ENGI11.SA,BEAR_CALM,-0.01456907996578096,0,TIME_STOP,15,0.3423542490291991,0.5519011908550635,29.068327496971705,PRICE,TRAIN,2024-03
ENGI11.SA,BEAR_CALM,-0.05875213158454475,0,HARD_STOP,13,-0.8726675897122669,0.5747007590675228,19.004545723118838,PRICE,TRAIN,2024-03
ENGI11.SA,BEAR_VOLATILE,-0.0025427187350883992,0,STOP_TECNICO,3,-1.190947319188637,0.5422080981626461,18.458736836169077,PRICE,TRAIN,2024-03
ENGI11.SA,BEAR_VOLATILE,-0.013682742360303,0,STOP_TECNICO,1,-1.4015464860111697,0.6138950920338745,34.30961849152067,PRICE,TRAIN,2024-03
ENGI11.SA,BEAR_VOLATILE,-0.022962309232362664,0,STOP_TECNICO,6,-1.9178513390394787,0.38895979813592063,19.342870307949426,PRICE,TRAIN,2024-03
ENGI11.SA,BEAR_CALM,-0.009262197691253603,0,STOP_TECNICO,1,-1.3849880116779891,0.4960425177074493,12.771174766645151,PRICE,TRAIN,2024-03
ENGI11.SA,BEAR_CALM,0.07301066853818158,1,END_CLOSED,37,-1.1079457080717867,0.9938699712188436,9.07277285244698,PRICE,TRAIN,2024-03
ENEV3.SA,SIDEWAYS_CALM,0.06180482437486754,1,SIGNAL,15,-0.12042808598069481,0.6317243194588862,1.665063396449341,PRICE,TRAIN,2024-03
ENEV3.SA,SIDEWAYS_CALM,0.050371341755996425,1,SIGNAL,3,-2.207421206264712,0.2039793691820727,2.415261204153524,PRICE,TRAIN,2024-03
ENEV3.SA,SIDEWAYS_VOLATILE,-0.0312158071896498,0,TIME_STOP,11,1.6858822415833927,-0.33225278474052006,9.900265421311461,PRICE,TRAIN,2024-03
ENEV3.SA,BEAR_VOLATILE,-0.00722407018189488,0,TIME_STOP,11,2.931044719585092,-0.4242492002304577,1000.0,PRICE,TRAIN,2024-03
ENEV3.SA,BEAR_VOLATILE,-0.00734579862937159,0,TIME_STOP,12,0.22966338752322168,0.24870490398083564,1000.0,PRICE,TRAIN,2024-03
ENEV3.SA,BEAR_VOLATILE,-0.005279227141367325,0,STOP_TECNICO,3,1.5939414665048761,1.2083986574412922,1000.0,PRICE,TRAIN,2024-03
ENEV3.SA,BEAR_VOLATILE,0.053250208764796005,1,STOP_TECNICO,1,1.7599117951788927,-2.3531015406027915,1000.0,PRICE,TRAIN,2024-03
ENEV3.SA,BEAR_VOLATILE,-0.0021381077884595964,0,TIME_STOP,14,0.8878018964608557,-0.3855943238109498,27.015443644571672,PRICE,TRAIN,2024-03
EZTC3.SA,BEAR_VOLATILE,0.00880000000000001,1,STOP_TECNICO,21,0.4948545865536947,1.5128575200499632,17.162031601934125,PRICE,TRAIN,2024-03
EZTC3.SA,BEAR_CALM,-0.007401416899595746,0,TIME_STOP,15,-0.25147450495478174,-0.5428523991234314,14.701823864981794,PRICE,TRAIN,2024-03
EZTC3.SA,BEAR_VOLATILE,-0.032064336433528594,0,TIME_STOP,13,0.06340406267593493,-0.23883172474921524,13.971891526187346,PRICE,TRAIN,2024-03
EZTC3.SA,BEAR_VOLATILE,-0.01880883960408277,0,TIME_STOP,11,-0.9338349020044945,-0.6606009721958792,34.30961849152067,PRICE,TRAIN,2024-03
EZTC3.SA,BEAR_CALM,-0.017608997628788113,0,STOP_TECNICO,2,0.9620858524552475,0.48969120711029934,25.686374427521706,PRICE,TRAIN,2024-03
EZTC3.SA,BULL_CALM,-0.05449386369833988,0,HARD_STOP,6,0.3400588776067095,1.023742529069691,6.971625007490421,PRICE,TEST,2024-03
EZTC3.SA,SIDEWAYS_CALM,0.03152445679974134,1,END_CLOSED,11,1.1509485685074725,0.710974546314906,6.898497758897703,PRICE,TEST,2024-03
EQTL3.SA,BEAR_CALM,0.0016892245232314818,1,BEAR_OPTIMIZED,3,-1.6551251287402096,0.21672130048465846,27.516485631610514,PRICE,TRAIN,2024-03
EQTL3.SA,BEAR_CALM,0.0282774963316371,1,BEAR_OPTIMIZED,7,-2.086301030173855,-1.9072677946102146,34.30961849152067,PRICE,TRAIN,2024-03
EQTL3.SA,BEAR_CALM,0.014826684407542957,1,BEAR_OPTIMIZED,5,-0.26371959841271264,-0.7602733886837358,11.173971376756434,PRICE,TRAIN,2024-03
EQTL3.SA,BEAR_CALM,-0.00902038343367264,0,TIME_STOP,12,-1.2043396484557625,-0.16800602935874037,9.884067498552609,PRICE,TRAIN,2024-03
EQTL3.SA,BEAR_CALM,0.0671938364376948,1,BEAR_OPTIMIZED,8,-1.4407884520348515,1.1914312473036637,5.799139643992032,PRICE,TRAIN,2024-03
EQTL3.SA,BEAR_VOLATILE,-0.024108451124119766,0,TIME_STOP,11,0.88836388806921,1.0573095898915466,6.1566765172421425,PRICE,TRAIN,2024-03
EQTL3.SA,BEAR_VOLATILE,-0.051200000000000044,0,HARD_STOP,12,0.5789514268221981,1.6003608314064368,16.602929673877,PRICE,TRAIN,2024-03
EQTL3.SA,BEAR_VOLATILE,0.13286344450333662,1,BEAR_OPTIMIZED,31,-0.9317642060120233,1.2598373899102333,34.30961849152067,PRICE,TRAIN,2024-03
FLRY3.SA,BEAR_CALM,-0.006182228419374457,0,TIME_STOP,17,0.7513575615343279,0.2029024315675023,4.179822734618776,PRICE,TRAIN,2024-03
FLRY3.SA,BEAR_CALM,-0.051200000000000044,0,HARD_STOP,7,0.19505770274782191,0.554998376354923,1000.0,PRICE,TRAIN,2024-03
FLRY3.SA,BEAR_VOLATILE,-0.0026367834148757416,0,TIME_STOP,12,-0.5355275299675184,-2.037146963666248,34.30961849152067,PRICE,TRAIN,2024-03
FLRY3.SA,BEAR_VOLATILE,-0.009508167391165577,0,TIME_STOP,11,-0.2736468005214218,0.3860605908544914,33.583558749132905,PRICE,TRAIN,2024-03
FLRY3.SA,BEAR_VOLATILE,-0.006966129889644089,0,TIME_STOP,12,0.3510387015229128,1.4349258539984937,32.65770129107435,PRICE,TRAIN,2024-03
FLRY3.SA,BEAR_VOLATILE,-0.060646192233301054,0,HARD_STOP,7,-1.3812043575090636,0.8155332067263174,22.01184830447295,PRICE,TRAIN,2024-03
FLRY3.SA,BEAR_VOLATILE,-0.02074114884859548,0,TIME_STOP,16,-2.149490470003198,0.3610447910721057,21.407261521735492,PRICE,TRAIN,2024-03
FLRY3.SA,BEAR_CALM,-0.011292555345096787,0,STOP_TECNICO,3,-1.9850533875013945,0.7655861416514415,11.673407866347002,PRICE,TRAIN,2024-03
FLRY3.SA,BEAR_CALM,-0.016744091018940276,0,STOP_TECNICO,2,-1.8720980673888394,1.1932354684616788,6.514456730291758,PRICE,TRAIN,2024-03
GOAU4.SA,SIDEWAYS_VOLATILE,-0.003200009932146218,0,TIME_STOP,11,-0.18746497895632463,0.8294969151567212,7.711660569623895,PRICE,TRAIN,2024-03
GOAU4.SA,SIDEWAYS_CALM,0.00880000000000001,1,STOP_TECNICO,80,0.5780186820327776,-0.41588433139847886,10.470601119145595,PRICE,TRAIN,2024-03
GOAU4.SA,SIDEWAYS_VOLATILE,0.1228079220594481,1,SIGNAL,12,-0.6929435183625741,0.06918439004843832,4.349084937005998,PRICE,TRAIN,2024-03
GOAU4.SA,SIDEWAYS_VOLATILE,-0.05119999999999993,0,HARD_STOP,9,0.16326265857063404,0.504453247275425,10.784400847237906,PRICE,TRAIN,2024-03
GOAU4.SA,BEAR_VOLATILE,-0.0022547886334810738,0,TIME_STOP,23,1.4179150658836253,0.1582869229478108,31.26726281678755,PRICE,TRAIN,2024-03
GOAU4.SA,BEAR_CALM,-0.05234834792510314,0,HARD_STOP,8,0.4791863851604873,0.837948451462808,31.04843146371152,PRICE,TRAIN,2024-03
GOAU4.SA,BEAR_VOLATILE,0.03693536784275429,1,END_CLOSED,10,1.3388526562610865,0.4144085176329381,34.30961849152067,PRICE,TRAIN,2024-03
GGBR4.SA,BEAR_VOLATILE,-0.029952165537581753,0,TIME_STOP,13,-0.6799709911638011,0.8277787421248259,4.359314966732722,PRICE,TRAIN,2024-03
GGBR4.SA,BEAR_VOLATILE,0.08211452765001978,1,BEAR_OPTIMIZED,14,0.854934271617637,-1.2237301681499981,8.837749195054162,PRICE,TRAIN,2024-03
GGBR4.SA,BEAR_VOLATILE,-0.015633976419195415,0,TIME_STOP,11,1.1736152012463748,1.264695853328649,19.09857132519537,PRICE,TRAIN,2024-03
GGBR4.SA,BEAR_CALM,-0.04707689074182544,0,TIME_STOP,20,0.8569976388178984,-0.23801242154603558,19.32890184991567,PRICE,TRAIN,2024-03
GGBR4.SA,BEAR_VOLATILE,0.044291151635293825,1,END_CLOSED,10,1.2731246639933937,-0.7220750701173437,24.74723724626279,PRICE,TRAIN,2024-03
HYPE3.SA,BEAR_VOLATILE,-0.003465967869916174,0,STOP_TECNICO,40,2.559143788823669,-1.365410680882882,19.546273828003333,PRICE,TRAIN,2024-03
HYPE3.SA,BEAR_CALM,-0.0054227231456499755,0,TIME_STOP,22,-0.19022702169531883,0.9474793891266322,11.357735993853703,PRICE,TRAIN,2024-03
HYPE3.SA,BEAR_CALM,-0.07728690525839202,0,HARD_STOP,3,0.6894679123695532,-1.3840528042719813,31.588065702853143,PRICE,TRAIN,2024-03
HYPE3.SA,BEAR_VOLATILE,-0.05119999999999993,0,HARD_STOP,2,1.8139976248107055,-0.16675874722157488,34.30961849152067,PRICE,TRAIN,2024-03
HYPE3.SA,BEAR_VOLATILE,-0.02244576052159577,0,TIME_STOP,13,1.591977649709669,-0.01765684014209238,34.30961849152067,PRICE,TRAIN,2024-03
HYPE3.SA,BEAR_VOLATILE,-0.052521203800654746,0,HARD_STOP,10,0.28513168956901763,0.17455936448995388,34.30961849152067,PRICE,TRAIN,2024-03
HYPE3.SA,BEAR_VOLATILE,-0.05578662163793704,0,HARD_STOP,1,0.4147243877571053,0.4203933499380245,1000.0,PRICE,TRAIN,2024-03
HYPE3.SA,BEAR_VOLATILE,-0.004384843665375192,0,TIME_STOP,15,0.20834582703658203,0.7043485449459566,34.30961849152067,PRICE,TRAIN,2024-03
HYPE3.SA,BEAR_CALM,-0.018047844703431924,0,STOP_TECNICO,1,0.15859329205016878,0.1640669710730336,13.667342676774153,PRICE,TRAIN,2024-03
HYPE3.SA,BEAR_CALM,-0.007165378234538243,0,STOP_TECNICO,1,1.1651213844618087,0.7371175963501105,11.144253593738945,PRICE,TRAIN,2024-03
HYPE3.SA,BEAR_CALM,-0.034710530011806705,0,STOP_TECNICO,1,0.6801490574563765,-0.4901064195805639,5.463049166287131,PRICE,TRAIN,2024-03
HAPV3.SA,BEAR_CALM,-0.051200000000000044,0,HARD_STOP,5,-0.08747111699956041,1.747155841548461,26.698941269153746,PRICE,TRAIN,2024-03
HAPV3.SA,BEAR_CALM,-0.05241291269250938,0,HARD_STOP,3,-0.6283199685312083,1.8542126234941694,34.30961849152067,PRICE,TRAIN,2024-03
HAPV3.SA,BEAR_CALM,-0.06571611700344518,0,HARD_STOP,3,-1.124184140561645,-0.11325487839433221,1000.0,PRICE,TRAIN,2024-03
HAPV3.SA,BEAR_VOLATILE,-0.051200000000000044,0,HARD_STOP,6,-1.623819678343222,0.9695337434231176,1000.0,PRICE,TRAIN,2024-03
HAPV3.SA,BEAR_VOLATILE,-0.051200000000000044,0,HARD_STOP,2,-0.8638047439540557,2.1063020871540217,1000.0,PRICE,TRAIN,2024-03
HAPV3.SA,BEAR_VOLATILE,-0.07610636846814048,0,HARD_STOP,4,-1.1265978804105203,1.0318631796603701,1000.0,PRICE,TRAIN,2024-03
HAPV3.SA,BEAR_VOLATILE,-0.14726738041352463,0,HARD_STOP,6,0.8848069257264892,1.602025906286729,34.30961849152067,PRICE,TRAIN,2024-03
HAPV3.SA,BEAR_VOLATILE,-0.010088866283275454,0,STOP_TECNICO,3,-1.4140701357767052,0.2857898983761779,34.30961849152067,PRICE,TRAIN,2024-03
HAPV3.SA,BEAR_VOLATILE,-0.033458100430726744,0,STOP_TECNICO,1,-1.5898418807807062,-0.21717037732842748,34.30961849152067,PRICE,TRAIN,2024-03
HAPV3.SA,BEAR_VOLATILE,-0.051200000000000044,0,HARD_STOP,5,-2.5216610965936765,0.6389945071922128,32.5342320998523,PRICE,TRAIN,2024-03
HAPV3.SA,BEAR_CALM,0.0032053312552101434,1,STOP_TECNICO,1,-1.1916866341262653,0.6431555204244016,18.15314318442437,PRICE,TRAIN,2024-03
HAPV3.SA,BEAR_CALM,-0.009857987211460494,0,STOP_TECNICO,1,-2.0712170318782643,-0.5159117368664686,16.17090805302176,PRICE,TRAIN,2024-03
HAPV3.SA,BEAR_CALM,-0.014131056689800768,0,STOP_TECNICO,1,-1.5951243265721635,-0.8962475310090775,11.016496342057508,PRICE,TRAIN,2024-03
HAPV3.SA,BEAR_CALM,-0.021691804133005775,0,STOP_TECNICO,1,-1.1837779627720113,-0.41627774958162944,10.088230799387228,PRICE,TRAIN,2024-03
HAPV3.SA,BEAR_CALM,0.009777939607578646,1,STOP_TECNICO,1,-1.9472435019497654,-0.05699965897214395,7.307859632723633,PRICE,TRAIN,2024-03
HAPV3.SA,BEAR_CALM,-0.005491889058782638,0,STOP_TECNICO,1,-2.150310741563026,-0.42213538138286866,5.106295740576346,PRICE,TRAIN,2024-03
HAPV3.SA,BEAR_CALM,-0.04604310532544267,0,STOP_TECNICO,1,-1.978466860490536,-0.4298948264923662,2.605343380273326,PRICE,TRAIN,2024-03
IGTI11.SA,BEAR_VOLATILE,0.04454529179566622,1,BEAR_OPTIMIZED,1,-0.7959419846720506,0.11681987353633576,34.30961849152067,PRICE,TRAIN,2024-03
IGTI11.SA,BEAR_CALM,-0.020095307957444762,0,TIME_STOP,11,-0.3647491143696294,0.23879172041295757,11.994302925567478,PRICE,TRAIN,2024-03
IGTI11.SA,BEAR_CALM,-0.014213083347415799,0,TIME_STOP,11,0.7072492109441306,1.1554911335319775,10.236279874548623,PRICE,TRAIN,2024-03
IGTI11.SA,BEAR_CALM,-0.051200000000000044,0,HARD_STOP,11,-0.839315837367532,-1.667289332379631,8.868942731885054,PRICE,TRAIN,2024-03
IGTI11.SA,BEAR_VOLATILE,-0.012625511906033136,0,TIME_STOP,12,-0.6920461244930376,-1.625709336478164,34.30961849152067,PRICE,TRAIN,2024-03
IGTI11.SA,BEAR_VOLATILE,-0.00520219149082448,0,STOP_TECNICO,3,-0.5805710750728771,1.6575093484721182,34.30961849152067,PRICE,TRAIN,2024-03
IGTI11.SA,BEAR_VOLATILE,-0.010486038923162376,0,STOP_TECNICO,1,-1.1223564226619065,0.024932181929119883,34.30961849152067,PRICE,TRAIN,2024-03
IGTI11.SA,BEAR_VOLATILE,-0.001659893605848749,0,STOP_TECNICO,1,-1.5251356034611263,-0.5345918381648863,34.30961849152067,PRICE,TRAIN,2024-03
IGTI11.SA,BEAR_CALM,-0.029512518993192537,0,STOP_TECNICO,1,-0.608519529623716,0.35202587571042526,21.433898928214596,PRICE,TRAIN,2024-03
IGTI11.SA,BEAR_CALM,0.019054601988997978,1,STOP_TECNICO,1,0.1384226997564104,-0.6027014100080855,18.490451374500182,PRICE,TRAIN,2024-03
IGTI11.SA,BEAR_CALM,-0.013380913160185103,0,STOP_TECNICO,1,-0.1279775682723758,0.5513581650026271,18.535484985054186,PRICE,TRAIN,2024-03
IGTI11.SA,BEAR_CALM,0.0015857538898410362,1,STOP_TECNICO,1,0.3460026424434501,0.18221350475297857,12.367391666828107,PRICE,TRAIN,2024-03
IRBR3.SA,BEAR_VOLATILE,-0.05173847176544535,0,HARD_STOP,7,0.09821574764589651,-0.278394375211091,3.088476337604161,PRICE,TRAIN,2024-03
IRBR3.SA,BEAR_VOLATILE,-0.052027083731056155,0,HARD_STOP,4,0.2072604537530895,0.5137899697616871,11.601725979238141,PRICE,TRAIN,2024-03
IRBR3.SA,BEAR_VOLATILE,-0.004377581070955337,0,TIME_STOP,12,0.6136476544496773,0.30869837139035006,27.247333183036297,PRICE,TRAIN,2024-03
IRBR3.SA,BEAR_CALM,-0.026866046065752734,0,TIME_STOP,17,0.4534400977492023,1.6092408658171653,34.215678348313936,PRICE,TRAIN,2024-03
IRBR3.SA,BEAR_CALM,-0.007094593460280872,0,TIME_STOP,12,1.102720665098713,1.094188961889293,11.962481621204658,PRICE,TRAIN,2024-03
IRBR3.SA,BULL_VOLATILE,-0.006009821001967695,0,TIME_STOP,20,-0.352969044111166,0.6198531065938432,3.876897358266692,PRICE,TEST,2024-03
ITSA4.SA,BULL_VOLATILE,0.00880000000000001,1,STOP_TECNICO,52,1.034700605013928,1.1802507350354956,12.848433831563648,PRICE,TRAIN,2024-03
ITSA4.SA,BULL_CALM,0.00880000000000001,1,STOP_TECNICO,54,1.0877686038120022,-0.35814332776182684,8.272463381483961,PRICE,TRAIN,2024-03
ITSA4.SA,SIDEWAYS_CALM,-0.022313454452187263,0,TIME_STOP,11,0.5530616861117772,-1.1873468818549302,7.433290144220671,PRICE,TRAIN,2024-03
ITSA4.SA,BEAR_VOLATILE,0.0050499501379891246,1,BEAR_OPTIMIZED,1,0.03905818982961926,-0.7816713832194958,1000.0,PRICE,TRAIN,2024-03
ITSA4.SA,BEAR_VOLATILE,0.021478101173512655,1,BEAR_OPTIMIZED,1,0.659055700350133,-1.0149855181590546,34.30961849152067,PRICE,TRAIN,2024-03
ITSA4.SA,BEAR_VOLATILE,0.0020361197398513844,1,BEAR_OPTIMIZED,3,-0.35655914041606607,-1.119279084442954,22.364501893208114,PRICE,TRAIN,2024-03
ITSA4.SA,SIDEWAYS_VOLATILE,-0.07496072203350126,0,HARD_STOP,8,-0.3533179424422227,0.22437160967172554,13.778505843717287,PRICE,TRAIN,2024-03
ITSA4.SA,BEAR_VOLATILE,-0.031881956780694186,0,TIME_STOP,11,-1.7983484120504618,1.6828963363044163,24.60228718731986,PRICE,TRAIN,2024-03
ITSA4.SA,BEAR_VOLATILE,0.04013169456491559,1,BEAR_OPTIMIZED,7,-1.991013092474298,0.002211130028504231,33.78315443518022,PRICE,TRAIN,2024-03
KLBN11.SA,BULL_CALM,-0.003486729209025284,0,TIME_STOP,11,0.038811811962174134,1.6078752611674814,23.94300992406006,PRICE,TRAIN,2024-03
KLBN11.SA,BULL_CALM,-0.035961849887810725,0,TIME_STOP,12,-0.7146628752104268,-0.4261096122504103,9.417711991965264,PRICE,TRAIN,2024-03
KLBN11.SA,SIDEWAYS_VOLATILE,0.14864637233528075,1,SIGNAL,172,-0.2933584692781956,0.9530338400523177,15.375961216642255,PRICE,TRAIN,2024-03
KLBN11.SA,SIDEWAYS_CALM,-0.005479730734947473,0,TIME_STOP,12,0.7263907297659228,-0.6853010541518013,9.476618696340713,PRICE,TRAIN,2024-03
KLBN11.SA,BEAR_VOLATILE,0.01379646503009533,1,END_CLOSED,2,2.1912293609843343,-1.020241879790474,1000.0,PRICE,TRAIN,2024-03
KLBN11.SA,BEAR_VOLATILE,0.049323232666010776,1,END_CLOSED,45,-0.7922344540220335,0.010059670508069956,34.30961849152067,PRICE,TEST,2024-03
ITUB4.SA,BULL_VOLATILE,-0.007222096928841591,0,TIME_STOP,11,1.1470393847261966,-0.13078013302481772,9.067327232715613,PRICE,TRAIN,2024-03
ITUB4.SA,BULL_CALM,-0.022720763310822532,0,TIME_STOP,11,-0.11334233531244531,-0.18945136639355115,7.4441469788319345,PRICE,TRAIN,2024-03
ITUB4.SA,SIDEWAYS_VOLATILE,0.17823390144707094,1,SIGNAL,65,-0.3677709823975483,0.7044254330927101,9.135183769089613,PRICE,TRAIN,2024-03
ITUB4.SA,SIDEWAYS_CALM,-0.051200000000000044,0,HARD_STOP,11,1.9569733777755738,-1.3817001780810847,7.9038986702448994,PRICE,TRAIN,2024-03
ITUB4.SA,SIDEWAYS_VOLATILE,-0.021623755671998944,0,TIME_STOP,12,0.28834240128384886,0.7203739089693001,15.615737788782821,PRICE,TRAIN,2024-03
ITUB4.SA,BEAR_VOLATILE,0.005274524263946569,1,BEAR_OPTIMIZED,3,-2.0568119773617735,0.8691524049841226,22.414002677196823,PRICE,TRAIN,2024-03
ITUB4.SA,BEAR_VOLATILE,0.011727535361883847,1,BEAR_OPTIMIZED,10,-2.1334555483323174,0.41044240342130345,28.74486273084836,PRICE,TRAIN,2024-03
ITUB4.SA,BEAR_VOLATILE,-0.01739035935060975,0,BEAR_OPTIMIZED,1,-1.7477081643249495,0.06764194168643797,17.79987404838296,PRICE,TRAIN,2024-03
ITUB4.SA,BEAR_VOLATILE,-0.0005516847039258798,0,BEAR_OPTIMIZED,1,-0.2753461473627247,-0.9188498158169549,25.0260816596288,PRICE,TRAIN,2024-03
LWSA3.SA,BEAR_VOLATILE,-0.06074818915158766,0,HARD_STOP,6,0.31364584239206417,1.4568424112259017,7.912782357791242,PRICE,TRAIN,2024-03
LWSA3.SA,BEAR_CALM,0.007495649387349125,1,STOP_TECNICO,16,0.05708131546228547,1.240741526941224,30.591636346719106,PRICE,TRAIN,2024-03
LWSA3.SA,BEAR_CALM,-0.09945318984356813,0,HARD_STOP,2,-1.1146319305099566,-0.25008099257525607,34.30961849152067,PRICE,TRAIN,2024-03
LWSA3.SA,BEAR_VOLATILE,0.0035620206391665313,1,STOP_TECNICO,11,1.2403408154343272,-1.0545445723862787,34.30961849152067,PRICE,TRAIN,2024-03
LWSA3.SA,BEAR_CALM,-0.05131931704842376,0,HARD_STOP,8,0.8067738563503611,-1.3583165475178718,18.853323879058593,PRICE,TRAIN,2024-03
LWSA3.SA,BEAR_CALM,-0.0019200853427089536,0,STOP_TECNICO,155,-0.08975473533481725,-0.08332030598161852,14.013340531404193,PRICE,TRAIN,2024-03
LWSA3.SA,BEAR_VOLATILE,-0.051200000000000044,0,HARD_STOP,3,-0.33864065163886126,-0.6618996127494292,10.282537628630326,PRICE,TRAIN,2024-03
LWSA3.SA,BEAR_VOLATILE,-0.051200000000000155,0,HARD_STOP,7,-0.4796020777312954,-0.8591093909031103,21.051585015776013,PRICE,TRAIN,2024-03
LWSA3.SA,BEAR_CALM,-0.012794228462816658,0,STOP_TECNICO,1,-1.144702651697179,-0.4167306440288387,18.07097188672507,PRICE,TRAIN,2024-03
LWSA3.SA,BEAR_CALM,-0.010208993329045922,0,STOP_TECNICO,1,-1.1173781100669744,0.6282462911660684,24.663891092342535,PRICE,TRAIN,2024-03
LWSA3.SA,BEAR_CALM,0.0213081289686353,1,STOP_TECNICO,1,-0.3560274012193102,0.231440797751598,23.24656800303079,PRICE,TRAIN,2024-03
LWSA3.SA,BEAR_CALM,-0.019057112054714963,0,STOP_TECNICO,1,-3.13190524984956,0.39040018237903845,14.624635345742876,PRICE,TRAIN,2024-03
LWSA3.SA,BEAR_CALM,-0.007430543422491963,0,STOP_TECNICO,1,0.07396566055817945,-0.26571462106032845,14.629071728470102,PRICE,TRAIN,2024-03
LWSA3.SA,BEAR_CALM,-0.031411474631697044,0,STOP_TECNICO,1,0.09848197712436582,0.0907350437051592,13.920546094231774,PRICE,TRAIN,2024-03
LWSA3.SA,BEAR_CALM,0.014723563939822971,1,STOP_TECNICO,1,-0.8211670618696039,0.25229133371845286,10.022641655873423,PRICE,TRAIN,2024-03
LWSA3.SA,BEAR_CALM,0.018030812396693997,1,STOP_TECNICO,1,-0.44138251514806043,-0.32725441337044126,9.74425944554798,PRICE,TRAIN,2024-03
LWSA3.SA,BEAR_CALM,-0.08301818447923995,0,HARD_STOP,1,-1.1571953608414132,0.03431155981132442,5.660019967239344,PRICE,TRAIN,2024-03
LWSA3.SA,BEAR_VOLATILE,-0.05834281278736355,0,HARD_STOP,9,0.5776729916231372,-0.8040130291020267,3.39490349043269,PRICE,TRAIN,2024-03
MGLU3.SA,BEAR_VOLATILE,-0.051200000000000044,0,HARD_STOP,1,-1.2983825469548462,-0.11585014256262631,1000.0,PRICE,TRAIN,2024-03
MGLU3.SA,BEAR_VOLATILE,-0.03061186243226035,0,STOP_TECNICO,24,-0.9747226465903439,0.47698119226807856,1000.0,PRICE,TRAIN,2024-03
MGLU3.SA,BEAR_VOLATILE,-0.051200000000000044,0,HARD_STOP,2,1.2629106616418269,-1.0311882639584375,34.30961849152067,PRICE,TRAIN,2024-03
MGLU3.SA,BEAR_VOLATILE,-0.056163066712010566,0,HARD_STOP,5,0.2551389200649442,0.27974071135445094,27.30996732078182,PRICE,TRAIN,2024-03
MGLU3.SA,BEAR_VOLATILE,0.00880000000000001,1,STOP_TECNICO,42,-0.8614963738556081,0.9740784238612585,20.19341090300816,PRICE,TRAIN,2024-03
MGLU3.SA,BEAR_VOLATILE,-0.13522070860747074,0,HARD_STOP,2,-0.7850462045360027,1.2946176545019252,2.6835026176939945,PRICE,TRAIN,2024-03
MGLU3.SA,BEAR_VOLATILE,-0.06566993692542614,0,HARD_STOP,3,0.5525721438004181,1.6785263961700438,20.307278480140184,PRICE,TRAIN,2024-03
MGLU3.SA,BEAR_VOLATILE,-0.051200000000000044,0,HARD_STOP,6,-0.9826582211673748,1.5086337480361385,34.30961849152067,PRICE,TRAIN,2024-03
MGLU3.SA,BEAR_VOLATILE,0.00880000000000001,1,STOP_TECNICO,7,-1.1396625159161973,0.010482015705007862,1000.0,PRICE,TRAIN,2024-03
MGLU3.SA,BEAR_CALM,0.03289093264963459,1,STOP_TECNICO,1,-1.1934867067816701,0.6227209465094343,34.30961849152067,PRICE,TRAIN,2024-03
MGLU3.SA,BEAR_CALM,0.011518628390654186,1,STOP_TECNICO,1,0.024237002114026674,1.468412482482228,34.30961849152067,PRICE,TRAIN,2024-03
MGLU3.SA,BEAR_CALM,-0.026347901155431307,0,STOP_TECNICO,1,-0.7934733766569358,0.9765273641858081,21.39910013544318,PRICE,TRAIN,2024-03
LREN3.SA,SIDEWAYS_CALM,-0.06676295837860338,0,HARD_STOP,11,0.32459107293709655,-0.4200108726298053,3.149694962832008,PRICE,TRAIN,2024-03
LREN3.SA,BEAR_VOLATILE,-0.051200000000000044,0,HARD_STOP,8,0.16749032238046435,-0.419609821519975,12.269188142119337,PRICE,TRAIN,2024-03
LREN3.SA,BEAR_VOLATILE,-0.019225037476305128,0,TIME_STOP,11,0.37344292988105104,-0.5242527281908058,26.739020545994403,PRICE,TRAIN,2024-03
LREN3.SA,BEAR_CALM,0.29582967195939547,1,BEAR_OPTIMIZED,47,0.9697008346855638,-0.4738136991387202,34.30961849152067,PRICE,TRAIN,2024-03
LREN3.SA,BEAR_VOLATILE,-0.018699993385464707,0,STOP_TECNICO,50,-1.3576275378249743,0.2268690108509154,34.30961849152067,PRICE,TRAIN,2024-03
LREN3.SA,BEAR_VOLATILE,0.10148276929733355,1,END_CLOSED,9,-0.35906064335159565,-2.259548624681485,6.167468144967242,PRICE,TRAIN,2024-03
MRVE3.SA,BEAR_VOLATILE,0.00880000000000001,1,STOP_TECNICO,59,0.3837937679461472,1.4794523376978876,10.67694888376258,PRICE,TRAIN,2024-03
MRVE3.SA,BEAR_VOLATILE,-0.051200000000000044,0,HARD_STOP,1,-1.1198051705816972,-0.8598598129335805,1000.0,PRICE,TRAIN,2024-03
MRVE3.SA,BEAR_VOLATILE,0.00880000000000001,1,STOP_TECNICO,15,-1.8361337877292327,-1.962814816905391,1000.0,PRICE,TRAIN,2024-03
MRVE3.SA,BEAR_CALM,0.000672612688940123,1,STOP_TECNICO,1,-1.3449796543029837,-1.118953652656772,34.30961849152067,PRICE,TRAIN,2024-03
MRVE3.SA,BEAR_CALM,-0.018149181460966245,0,STOP_TECNICO,3,-1.5070005166663145,0.4338787764244339,30.70342213049115,PRICE,TRAIN,2024-03
MRVE3.SA,BEAR_CALM,-0.05477137839404824,0,HARD_STOP,1,-0.3800429104755602,-0.06468572190603933,17.96058879918013,PRICE,TRAIN,2024-03
MRVE3.SA,BEAR_CALM,0.0007267344767686102,1,STOP_TECNICO,1,-1.1274333101715095,0.1273909166474757,20.55975524912316,PRICE,TRAIN,2024-03
MRVE3.SA,BEAR_CALM,-0.03199711537705687,0,STOP_TECNICO,1,-0.6773680914509133,1.0634626910779559,14.350204850409986,PRICE,TRAIN,2024-03
MRVE3.SA,BEAR_CALM,0.017526573366127264,1,STOP_TECNICO,1,-0.8240500234978232,-0.17492319257617384,13.87712049847324,PRICE,TRAIN,2024-03
MRVE3.SA,BEAR_CALM,0.00854653270610193,1,STOP_TECNICO,1,-0.9016286975561393,-0.3829096714018064,14.997078328914212,PRICE,TRAIN,2024-03
MRVE3.SA,BEAR_CALM,-0.0183854603987992,0,STOP_TECNICO,1,-1.4810964309388275,-0.09768692455854001,11.64429630834247,PRICE,TRAIN,2024-03
MRVE3.SA,BEAR_CALM,-0.07963139271514355,0,HARD_STOP,1,-0.5206581781283135,1.4269424062834999,1.4890342343528828,PRICE,TRAIN,2024-03
MRVE3.SA,BEAR_VOLATILE,0.06353213406659827,1,END_CLOSED,2,0.7610661339987361,-0.32751941905539483,6.871455730183677,PRICE,TRAIN,2024-03
MULT3.SA,BEAR_VOLATILE,-0.051200000000000044,0,HARD_STOP,2,0.20228319065507586,-0.41795024940134395,18.181808720036805,PRICE,TRAIN,2024-03
MULT3.SA,BEAR_VOLATILE,-0.003384286959060255,0,TIME_STOP,23,-0.7954164510102714,-1.722383202279498,16.08356384721945,PRICE,TRAIN,2024-03
MULT3.SA,BEAR_CALM,-0.01648386810095561,0,TIME_STOP,12,0.18691015925716314,-1.4778908691360146,13.704442380986752,PRICE,TRAIN,2024-03
MULT3.SA,BEAR_CALM,0.10119654589012858,1,BEAR_OPTIMIZED,18,-0.43366158708435626,-0.9273082367604476,7.7796450628167975,PRICE,TRAIN,2024-03
MULT3.SA,BEAR_VOLATILE,-0.037491941310729214,0,TIME_STOP,12,1.6129617534333658,-0.9315679429558913,34.30961849152067,PRICE,TRAIN,2024-03
MULT3.SA,BEAR_VOLATILE,-0.033416725646774025,0,TIME_STOP,11,0.3470147741961028,0.6248523987020029,34.30961849152067,PRICE,TRAIN,2024-03
MULT3.SA,BEAR_VOLATILE,0.00880000000000001,1,STOP_TECNICO,56,-0.19188785121623686,-0.4756921590544946,34.30961849152067,PRICE,TRAIN,2024-03
PCAR3.SA,BEAR_CALM,0.007098746976857397,1,STOP_TECNICO,3,-0.4776336673836274,1.1155522275546985,10.76514103160625,PRICE,TRAIN,2024-03
PETR3.SA,BULL_CALM,-0.0024600684410756232,0,TIME_STOP,25,0.6192896603113813,1.211359076782549,4.283020109999865,PRICE,TRAIN,2024-03
PETR3.SA,SIDEWAYS_CALM,-0.007303727242421697,0,TIME_STOP,11,-0.03763615070363698,1.1118663248931857,3.5318506671944743,PRICE,TRAIN,2024-03
PETR3.SA,BULL_CALM,-0.05191360736128916,0,HARD_STOP,6,-1.5611792587805238,-0.516105968148748,3.7144470601130846,PRICE,TRAIN,2024-03
PETR3.SA,BEAR_VOLATILE,-0.02396216012173915,0,TIME_STOP,11,-0.1806622006509935,1.0764234621343804,34.30961849152067,PRICE,TEST,2024-03
PETR3.SA,BEAR_CALM,0.010658948951854354,1,END_CLOSED,1,1.0081851638382908,-1.1074355814611796,26.994430789962884,PRICE,TEST,2024-03
PETR4.SA,BULL_CALM,0.006414338042673419,1,STOP_TECNICO,50,0.08019200491779137,1.6272366015744402,11.228123902227209,PRICE,TRAIN,2024-03
PETR4.SA,SIDEWAYS_CALM,0.00880000000000001,1,STOP_TECNICO,92,0.03865975348290442,0.05510243675875062,3.9021363353213223,PRICE,TRAIN,2024-03
PETR4.SA,SIDEWAYS_CALM,0.12987333976218438,1,SIGNAL,33,0.30739746943519786,0.8047957698064566,6.940062938056428,PRICE,TRAIN,2024-03
PETR4.SA,SIDEWAYS_CALM,-0.0009109420564913583,0,END_CLOSED,2,-0.9687463241646179,-0.6909459808447869,5.331540614587141,PRICE,TRAIN,2024-03
PETR4.SA,BEAR_VOLATILE,-0.026503967008084016,0,TIME_STOP,11,-0.4797269935834633,-0.2761692656160046,34.30961849152067,PRICE,TEST,2024-03
PRIO3.SA,BULL_CALM,-0.03453330154418945,0,TIME_STOP,13,-1.4042845910932757,1.2936446104150074,8.346028912482707,PRICE,TRAIN,2024-03
PRIO3.SA,SIDEWAYS_CALM,-0.05354455378523639,0,HARD_STOP,3,-1.5211618626967764,-0.1030551831260359,6.841136434195676,PRICE,TRAIN,2024-03
PRIO3.SA,BEAR_VOLATILE,-0.020525941289804582,0,BEAR_OPTIMIZED,2,-0.778245534241066,-0.1555019766806887,11.713903292151684,PRICE,TRAIN,2024-03
PRIO3.SA,BEAR_VOLATILE,0.058839857599838875,1,BEAR_OPTIMIZED,6,0.7512183987127773,0.16980865121650746,1000.0,PRICE,TRAIN,2024-03
PRIO3.SA,BEAR_CALM,0.0007394383285984419,1,BEAR_OPTIMIZED,3,-0.002748822833945159,-0.8616902177802591,34.30961849152067,PRICE,TRAIN,2024-03
PRIO3.SA,BEAR_VOLATILE,0.01238435908629807,1,BEAR_OPTIMIZED,2,1.177730262118157,-1.2099682755596963,7.852949941275069,PRICE,TRAIN,2024-03
PRIO3.SA,BEAR_CALM,-0.051200000000000044,0,HARD_STOP,11,0.006136153866186089,0.16998648127686486,8.287502618111205,PRICE,TRAIN,2024-03
PRIO3.SA,BEAR_CALM,-0.051200000000000044,0,HARD_STOP,2,0.8294651009223075,-0.967712767566061,7.9292866743705215,PRICE,TRAIN,2024-03
PRIO3.SA,BEAR_CALM,-0.0037412573824331594,0,TIME_STOP,40,1.3489287293951049,0.3331969099909724,12.388138424352825,PRICE,TRAIN,2024-03
PRIO3.SA,BEAR_CALM,-0.0317990909073075,0,STOP_TECNICO,8,0.4683460334857901,0.5353347660314534,3.0144297194069902,PRICE,TRAIN,2024-03
PRIO3.SA,BEAR_VOLATILE,0.058241571322081055,1,END_CLOSED,9,-0.7698546032072241,0.5977984242734171,21.569380397812242,PRICE,TRAIN,2024-03
RADL3.SA,BEAR_VOLATILE,0.01951717964824127,1,BEAR_OPTIMIZED,3,1.4910523955734003,0.31537882298904424,6.969314799757666,PRICE,TRAIN,2024-03
RADL3.SA,BEAR_VOLATILE,0.02886029515740627,1,BEAR_OPTIMIZED,9,1.2237874848294399,-0.5826824945026352,8.005429604885766,PRICE,TRAIN,2024-03
RADL3.SA,BEAR_VOLATILE,0.051861266515835426,1,BEAR_OPTIMIZED,3,1.2108414583154712,-0.29637023354659264,6.28667826492432,PRICE,TRAIN,2024-03
RADL3.SA,BEAR_CALM,-0.012827879597116641,0,TIME_STOP,15,-1.568686550332181,-1.2251263907089438,14.575107299466772,PRICE,TRAIN,2024-03
RADL3.SA,BEAR_CALM,0.061453620852973546,1,BEAR_OPTIMIZED,8,-1.4434423012523332,0.7421404618889825,17.41426931212252,PRICE,TRAIN,2024-03
RADL3.SA,BEAR_CALM,-0.01660576377079761,0,TIME_STOP,14,-1.5588374851222393,2.1607979789609826,7.125628720031629,PRICE,TRAIN,2024-03
RADL3.SA,BEAR_VOLATILE,-0.01553696488874614,0,TIME_STOP,12,-2.2208927954246667,0.20164631654261575,4.34540643515268,PRICE,TRAIN,2024-03
RADL3.SA,BEAR_VOLATILE,-0.026758946624558043,0,STOP_TECNICO,1,-0.8307565619873453,0.8101508737636028,11.37817401858428,PRICE,TRAIN,2024-03
RADL3.SA,BEAR_VOLATILE,-2.406042869953378e-05,0,STOP_TECNICO,1,-1.0566750139778216,-0.7959499102133927,34.30961849152067,PRICE,TRAIN,2024-03
RADL3.SA,BEAR_CALM,0.019779042613032073,1,STOP_TECNICO,1,-0.046627686406743564,-0.6331450259495718,18.976979735273286,PRICE,TRAIN,2024-03
RADL3.SA,BEAR_CALM,-0.0021565474684813943,0,STOP_TECNICO,1,-1.0828574526314836,0.20160869729699712,20.606978938958676,PRICE,TRAIN,2024-03
RADL3.SA,BEAR_CALM,0.02022849906823119,1,STOP_TECNICO,1,-1.0881192796898422,0.0015593353861404864,23.655037242290316,PRICE,TRAIN,2024-03
RADL3.SA,BEAR_CALM,-0.04473746915834078,0,STOP_TECNICO,1,-0.7996776653994828,0.23927500737090723,16.398359761858732,PRICE,TRAIN,2024-03
RADL3.SA,BEAR_CALM,0.011458229099014706,1,STOP_TECNICO,1,-0.6898831115110933,1.0654874896908662,25.15875467271583,PRICE,TRAIN,2024-03
RADL3.SA,BEAR_CALM,-0.018595685592927146,0,STOP_TECNICO,3,-1.1387931822401893,1.3753500120128423,19.94403612779313,PRICE,TRAIN,2024-03
RADL3.SA,BEAR_VOLATILE,-0.051200000000000155,0,HARD_STOP,2,-0.7866216223999243,1.0346912860168966,15.527568891625688,PRICE,TRAIN,2024-03
RADL3.SA,BEAR_VOLATILE,-0.051200000000000044,0,HARD_STOP,2,-0.375619385187329,-0.051698648734261714,13.617034100310917,PRICE,TRAIN,2024-03
RADL3.SA,BEAR_VOLATILE,-0.02197479565926299,0,STOP_TECNICO,1,-0.9771794510360141,-0.0487001437909372,30.004084962504457,PRICE,TRAIN,2024-03
RADL3.SA,BEAR_VOLATILE,-0.06633873602292442,0,HARD_STOP,2,0.8390912526131538,-3.6638540979525556,5.10344769584667,PRICE,TEST,2024-03
RADL3.SA,BEAR_VOLATILE,-0.051200000000000044,0,HARD_STOP,6,1.5672207395455053,-2.397064949767897,20.808655107894673,PRICE,TEST,2024-03
RADL3.SA,BEAR_VOLATILE,0.039321967686091065,1,END_CLOSED,11,1.7941110769782058,-2.3424815038661984,34.30961849152067,PRICE,TEST,2024-03
RAIZ4.SA,BEAR_CALM,-0.051200000000000044,0,HARD_STOP,2,-1.2352042912653716,0.809726243863868,11.0736497604391,PRICE,TRAIN,2024-03
RAIZ4.SA,BEAR_CALM,-0.051200000000000044,0,HARD_STOP,7,-1.9043259196482512,-0.11478662276635929,18.934690489055715,PRICE,TRAIN,2024-03
RAIZ4.SA,BEAR_CALM,0.2451235548700633,1,BEAR_OPTIMIZED,64,-1.0297042604894557,-0.6475529293985474,22.153327256872966,PRICE,TRAIN,2024-03
RAIZ4.SA,BEAR_CALM,-0.06535096987774794,0,HARD_STOP,1,-0.717153124647563,-0.9956252327997221,28.562170068257387,PRICE,TRAIN,2024-03
RAIZ4.SA,BEAR_VOLATILE,-0.017199984741210893,0,TIME_STOP,18,0.4652166242754297,0.3800995100705419,1000.0,PRICE,TRAIN,2024-03
RAIZ4.SA,BEAR_CALM,-0.05404557415651192,0,HARD_STOP,5,-0.5444766608610486,-1.289185552707415,17.122742861587117,PRICE,TRAIN,2024-03
RAIZ4.SA,BEAR_VOLATILE,-0.014961454344538681,0,STOP_TECNICO,3,-1.3460041715703666,-0.5701642430159425,34.30961849152067,PRICE,TRAIN,2024-03
RAIZ4.SA,BEAR_VOLATILE,-0.0012,0,STOP_TECNICO,1,-0.5006785503287546,0.17364627166460248,34.30961849152067,PRICE,TRAIN,2024-03
RAIZ4.SA,BEAR_VOLATILE,-0.0012,0,STOP_TECNICO,1,-0.7082210391162919,-0.11724251400429318,34.30961849152067,PRICE,TRAIN,2024-03
RAIZ4.SA,BEAR_VOLATILE,0.02316556493501163,1,STOP_TECNICO,1,-0.1858661167965133,-1.1293265077698718,34.30961849152067,PRICE,TRAIN,2024-03
RAIZ4.SA,BEAR_VOLATILE,0.003955775364672266,1,STOP_TECNICO,1,-0.7613323021303322,-0.08150393757252675,31.859420774518338,PRICE,TRAIN,2024-03
RAIZ4.SA,BEAR_VOLATILE,-0.051200000000000044,0,HARD_STOP,1,-1.215789219438341,0.14359747316668717,34.30961849152067,PRICE,TRAIN,2024-03
RAIZ4.SA,BEAR_VOLATILE,-0.051200000000000044,0,HARD_STOP,7,-1.0251198265123178,-0.20795993796962972,28.53127501914406,PRICE,TRAIN,2024-03
RAIZ4.SA,BEAR_VOLATILE,-0.051200000000000044,0,HARD_STOP,7,-2.395585695646242,0.8961558496723113,24.26272250017578,PRICE,TRAIN,2024-03
RAIZ4.SA,BEAR_VOLATILE,0.02232938866532872,1,END_CLOSED,11,-0.30670018070965904,-2.1313443106392502,18.720548157521442,PRICE,TRAIN,2024-03
RDOR3.SA,SIDEWAYS_CALM,-0.051200000000000044,0,HARD_STOP,2,-1.093755060414725,-0.24805809761511236,28.87113536098513,PRICE,TRAIN,2024-03
RDOR3.SA,BEAR_VOLATILE,-0.008640601261707646,0,TIME_STOP,13,-0.6330426185729279,-0.30147842698181315,26.67898429327512,PRICE,TRAIN,2024-03
RDOR3.SA,BEAR_CALM,-0.051200000000000155,0,HARD_STOP,7,-0.8315561635225153,0.04235378849714774,13.499025624758751,PRICE,TRAIN,2024-03
RDOR3.SA,BEAR_CALM,0.09680161551165697,1,BEAR_OPTIMIZED,21,-1.3417326809432442,0.15542775924000168,15.225169718417387,PRICE,TRAIN,2024-03
RAIL3.SA,BEAR_VOLATILE,-0.05249418826626475,0,HARD_STOP,11,3.3447654047222795,0.41711855609153015,8.909754671039254,PRICE,TRAIN,2024-03
RAIL3.SA,BEAR_VOLATILE,-0.008531343641303722,0,TIME_STOP,11,2.554721604654439,0.1532475410657938,11.275318380288887,PRICE,TRAIN,2024-03
RAIL3.SA,BEAR_CALM,-0.026310820063571015,0,TIME_STOP,11,1.2777444358930743,-0.9872528692800349,10.439794700356185,PRICE,TRAIN,2024-03
RAIL3.SA,BEAR_CALM,0.07482041930136737,1,BEAR_OPTIMIZED,15,1.4778110475905237,0.5811815043650318,14.689083369639537,PRICE,TRAIN,2024-03
RAIL3.SA,BEAR_VOLATILE,-0.005877773763236525,0,TIME_STOP,12,-0.2525819454397794,0.2694963822496991,1000.0,PRICE,TRAIN,2024-03
RAIL3.SA,BEAR_VOLATILE,-0.015059307512004814,0,TIME_STOP,13,-1.1274360366252887,-1.7789945686256445,5.174738839019556,PRICE,TRAIN,2024-03
RAIL3.SA,BEAR_VOLATILE,-0.034185107057588614,0,TIME_STOP,11,-0.9355765501165559,0.0683714234462547,4.029953797904652,PRICE,TRAIN,2024-03
RAIL3.SA,BEAR_VOLATILE,-0.051200000000000155,0,HARD_STOP,5,-1.1474194615357391,0.2036677263499153,7.602607496526993,PRICE,TRAIN,2024-03
RAIL3.SA,BEAR_VOLATILE,-0.003556980105460149,0,STOP_TECNICO,39,-1.569429613136522,0.8669756745533473,24.44285053374682,PRICE,TRAIN,2024-03
RECV3.SA,BEAR_VOLATILE,0.07373923816180925,1,BEAR_OPTIMIZED,2,0.2838840687192467,-0.2617137951675827,3.626278923824208,PRICE,TRAIN,2024-03
RECV3.SA,SIDEWAYS_CALM,-0.051200000000000044,0,HARD_STOP,7,0.4703473206555514,-0.23815558743943127,3.4017272967316545,PRICE,TRAIN,2024-03
RECV3.SA,BEAR_CALM,-0.005538837761580283,0,TIME_STOP,15,0.21960534168985385,-0.6346981200780802,3.5403011215395117,PRICE,TRAIN,2024-03
RECV3.SA,BEAR_CALM,0.12421436477418676,1,BEAR_OPTIMIZED,15,-0.5945858076481432,0.6390349938730819,4.7189915365878745,PRICE,TRAIN,2024-03
RECV3.SA,BEAR_VOLATILE,-0.026691134234467027,0,TIME_STOP,12,2.82494511296264,0.7805248319991746,6.143933451718398,PRICE,TRAIN,2024-03
RECV3.SA,BEAR_CALM,-0.011922209591548681,0,TIME_STOP,15,0.9901808369438769,-0.1676963090309261,1000.0,PRICE,TRAIN,2024-03
RECV3.SA,BEAR_CALM,-0.041897793989202035,0,TIME_STOP,11,0.5955400321728739,1.1062676408731331,34.30961849152067,PRICE,TRAIN,2024-03
RECV3.SA,BEAR_CALM,-0.006174602701914854,0,TIME_STOP,29,1.1064403647790435,-0.130708937028399,14.814760247855835,PRICE,TRAIN,2024-03
RECV3.SA,BEAR_CALM,0.007160120857744402,1,STOP_TECNICO,37,-0.9839693106204531,0.3820692102237311,2.978293251281002,PRICE,TRAIN,2024-03
RECV3.SA,BEAR_CALM,0.004651775635619561,1,STOP_TECNICO,19,0.5241857977984888,-0.48744923337983387,2.345886400689592,PRICE,TRAIN,2024-03
RECV3.SA,BEAR_VOLATILE,0.17324490533362077,1,END_CLOSED,39,-0.2977766397087138,0.36143459449695714,18.438027431657165,PRICE,TEST,2024-03
RENT3.SA,BEAR_CALM,-0.025866831460802285,0,TIME_STOP,11,1.953197230094445,1.9553898828381264,2.6439260811241034,PRICE,TRAIN,2024-03
RENT3.SA,BEAR_VOLATILE,-0.05398247129527347,0,HARD_STOP,7,0.6384896775455258,1.1414761190097318,3.779346118624171,PRICE,TRAIN,2024-03
RENT3.SA,BEAR_CALM,-0.051200000000000044,0,HARD_STOP,7,-1.9242096866384735,-0.416288878097626,8.225038987450628,PRICE,TRAIN,2024-03
RENT3.SA,BEAR_VOLATILE,-0.051200000000000044,0,HARD_STOP,9,-0.5373886990518952,-0.1358731961301366,1000.0,PRICE,TRAIN,2024-03
RENT3.SA,BEAR_VOLATILE,0.00880000000000001,1,STOP_TECNICO,58,0.29619387659506424,0.8988044558253832,1000.0,PRICE,TRAIN,2024-03
RENT3.SA,BEAR_VOLATILE,-0.08311335213958373,0,HARD_STOP,7,0.8305747588565275,1.0099779573813776,1000.0,PRICE,TRAIN,2024-03
RENT3.SA,BEAR_VOLATILE,-0.008270432639831758,0,TIME_STOP,11,0.4038952921981163,-0.580435313332823,34.30961849152067,PRICE,TRAIN,2024-03
RENT3.SA,BEAR_VOLATILE,0.007811095635399258,1,STOP_TECNICO,1,-0.9504038236467921,-0.4865687122540573,1000.0,PRICE,TRAIN,2024-03
RENT3.SA,BEAR_CALM,-0.02477114700385865,0,STOP_TECNICO,1,-0.6573366979016045,-0.15539377200503102,34.30961849152067,PRICE,TRAIN,2024-03
RENT3.SA,BEAR_CALM,-0.0021816466077401384,0,STOP_TECNICO,1,-0.4225599238007675,-0.5663621548563085,34.30961849152067,PRICE,TRAIN,2024-03
RENT3.SA,BEAR_CALM,-0.011922105348842658,0,STOP_TECNICO,1,-0.013136127689842896,-0.7585479403718222,25.561089742845592,PRICE,TRAIN,2024-03
RENT3.SA,BEAR_CALM,0.004517874286367719,1,STOP_TECNICO,1,0.43438392609465537,0.55472758205822,22.59130491379001,PRICE,TRAIN,2024-03
RENT3.SA,BEAR_CALM,0.008296585514266354,1,STOP_TECNICO,1,0.5108155528148628,0.38241447228450415,17.671182666398572,PRICE,TRAIN,2024-03
RENT3.SA,BEAR_CALM,0.008486018839664135,1,STOP_TECNICO,3,-0.33271625870506655,-0.7452265188064744,17.61664930666597,PRICE,TRAIN,2024-03
RENT3.SA,BEAR_CALM,-0.012479522039142286,0,STOP_TECNICO,1,0.519517408885562,-0.8357720537188608,13.919579810399743,PRICE,TRAIN,2024-03
RENT3.SA,BEAR_CALM,-0.004484106032313327,0,STOP_TECNICO,1,0.4164886766681565,1.566842963936651,6.152492869779409,PRICE,TRAIN,2024-03
RENT3.SA,BEAR_CALM,-0.025900114360736935,0,STOP_TECNICO,1,1.137662385065677,1.769827926250048,3.5886332105433265,PRICE,TRAIN,2024-03
SANB11.SA,BEAR_CALM,0.042884255463558764,1,BEAR_OPTIMIZED,2,0.928132393916839,-0.11717464073710789,7.22715056671827,PRICE,TRAIN,2024-03
SANB11.SA,SIDEWAYS_CALM,-0.03171478667349339,0,TIME_STOP,11,0.5691877345770738,-2.1702112667638693,20.59893646018083,PRICE,TRAIN,2024-03
SANB11.SA,BEAR_VOLATILE,-0.018543211536032687,0,TIME_STOP,11,2.169719415891058,-1.595456337994136,1000.0,PRICE,TRAIN,2024-03
SANB11.SA,BEAR_VOLATILE,-0.054559474045384214,0,HARD_STOP,12,-0.11889170207702827,-1.6410065596422532,18.401504211535133,PRICE,TRAIN,2024-03
SANB11.SA,BEAR_VOLATILE,-0.006297737083231135,0,TIME_STOP,11,-1.0225140372308241,0.001659803341569672,34.30961849152067,PRICE,TRAIN,2024-03
SANB11.SA,BEAR_CALM,-0.011179186837958509,0,STOP_TECNICO,1,-0.8886583119890022,1.0176383863103409,20.37124753995579,PRICE,TRAIN,2024-03
SBSP3.SA,BULL_CALM,-0.016121680778091195,0,TIME_STOP,11,1.6185328640441434,0.043446609507867225,6.95410661816843,PRICE,TRAIN,2024-03
SBSP3.SA,BULL_CALM,-0.019879109306203645,0,TIME_STOP,12,0.9811553532573823,0.30272649019791603,12.302543944290251,PRICE,TRAIN,2024-03
SBSP3.SA,BULL_VOLATILE,-0.05119999999999993,0,HARD_STOP,9,0.4544052780460428,-2.112863035148096,9.399558305352473,PRICE,TRAIN,2024-03
SBSP3.SA,BULL_CALM,0.3121179562871391,1,SIGNAL,43,-0.08042427226052977,0.14796196801027506,9.61254468667324,PRICE,TRAIN,2024-03
SBSP3.SA,BULL_VOLATILE,-0.006361424405577652,0,TIME_STOP,11,0.5698944970109308,0.4847480764290257,5.206788905588114,PRICE,TRAIN,2024-03
SBSP3.SA,SIDEWAYS_VOLATILE,-0.018055234517345163,0,TIME_STOP,11,1.0899575121011904,0.6583413761062415,5.333192254750499,PRICE,TRAIN,2024-03
SBSP3.SA,SIDEWAYS_CALM,0.16527526625329,1,SIGNAL,37,-0.08864099035209382,0.9018752443879726,6.30748241936815,PRICE,TRAIN,2024-03
SLCE3.SA,SIDEWAYS_CALM,-0.015790287629046905,0,TIME_STOP,11,0.8813745826489853,-0.053586952526753766,5.537847610215354,PRICE,TRAIN,2024-03
SLCE3.SA,BEAR_CALM,0.07039217119156235,1,BEAR_OPTIMIZED,10,1.495288362239902,-0.306056481902318,6.8366459857146955,PRICE,TRAIN,2024-03
SLCE3.SA,BEAR_CALM,-0.01325520610508215,0,TIME_STOP,11,-0.5739002910261877,-0.10144909324105994,7.761413738363932,PRICE,TRAIN,2024-03
SLCE3.SA,BEAR_CALM,0.0817947706713554,1,BEAR_OPTIMIZED,9,-0.6812009523274603,1.0879114861852512,10.923413465139417,PRICE,TRAIN,2024-03
SLCE3.SA,BEAR_VOLATILE,-0.006463232766176573,0,TIME_STOP,20,1.8395486129689704,-0.20410878805775556,3.6009711866059613,PRICE,TRAIN,2024-03
SLCE3.SA,BEAR_CALM,0.07227665924544477,1,BEAR_OPTIMIZED,11,0.653273619065055,0.22742512276060156,2.9514320828217433,PRICE,TRAIN,2024-03
SLCE3.SA,BULL_CALM,0.02875638446495752,1,END_CLOSED,15,-0.7033501941547045,0.5795072882410197,4.892292227987249,PRICE,TEST,2024-03
SUZB3.SA,BULL_CALM,-0.023991120354209493,0,TIME_STOP,11,0.4633281211700322,1.1680447434982977,22.17509533140351,PRICE,TRAIN,2024-03
SUZB3.SA,SIDEWAYS_VOLATILE,-0.02547374808088556,0,TIME_STOP,12,-2.6799359107902454,-6.834383917115531,14.19428275105407,PRICE,TRAIN,2024-03
SUZB3.SA,BEAR_VOLATILE,-0.051200000000000044,0,HARD_STOP,8,-1.926222175412047,-1.6406036709442235,1000.0,PRICE,TRAIN,2024-03
SUZB3.SA,BEAR_CALM,0.17892428033653593,1,BEAR_OPTIMIZED,9,-0.32076132791299244,-0.26846320751153446,34.30961849152067,PRICE,TRAIN,2024-03
SUZB3.SA,SIDEWAYS_CALM,-0.01842609122796459,0,END_CLOSED,7,0.5617767626408208,-0.6775293358391524,15.188482948527197,PRICE,TRAIN,2024-03
SUZB3.SA,BEAR_CALM,0.06750530267153029,1,BEAR_OPTIMIZED,16,-0.4123023380592712,0.005992277691572774,18.829837231011084,PRICE,TEST,2024-03
SUZB3.SA,BEAR_CALM,0.07473145069897699,1,END_CLOSED,7,-1.729385823624194,-1.075648594888281,6.503994445249755,PRICE,TEST,2024-03
SMFT3.SA,BULL_VOLATILE,-0.015030747611851879,0,TIME_STOP,20,0.31072304925908717,0.8192159777573714,5.0727247871701495,PRICE,TRAIN,2024-03
SMFT3.SA,SIDEWAYS_CALM,-0.06461035741947821,0,HARD_STOP,10,0.27182289215705974,-0.5670126200412042,5.323496094151099,PRICE,TRAIN,2024-03
SMFT3.SA,BEAR_VOLATILE,0.009581667440462384,1,BEAR_OPTIMIZED,2,-0.1507459339115804,-0.9322606235660756,22.403003794114063,PRICE,TRAIN,2024-03
SMFT3.SA,BEAR_CALM,0.01885467080408474,1,BEAR_OPTIMIZED,1,0.9623008107682316,0.7094787375257102,24.32185267327509,PRICE,TRAIN,2024-03
SMFT3.SA,BEAR_CALM,-0.012537822372290196,0,BEAR_OPTIMIZED,1,1.2328746385643794,0.7076029494641427,21.071412966128765,PRICE,TRAIN,2024-03
SMFT3.SA,BEAR_CALM,-0.007218708610715184,0,BEAR_OPTIMIZED,1,1.5019263042782633,1.6247807367966178,15.074826128915015,PRICE,TRAIN,2024-03
SMFT3.SA,BEAR_CALM,0.020899305896243538,1,BEAR_OPTIMIZED,1,0.5383173386797929,0.6298152672617521,14.073912673677397,PRICE,TRAIN,2024-03
SMFT3.SA,BEAR_CALM,0.008059239152447752,1,BEAR_OPTIMIZED,3,1.1337708137382545,-1.014915795812812,11.294346162691559,PRICE,TRAIN,2024-03
SMFT3.SA,BEAR_CALM,0.048776247962343124,1,BEAR_OPTIMIZED,1,-0.4615853417780413,0.04165331932286736,11.64499299653682,PRICE,TRAIN,2024-03
SMFT3.SA,BEAR_CALM,0.005842382978332374,1,BEAR_OPTIMIZED,5,0.24821127494305886,0.5633627673511539,4.240110376645026,PRICE,TRAIN,2024-03
SMFT3.SA,BEAR_CALM,-0.051200000000000044,0,HARD_STOP,6,0.8796476818311822,-0.3872614767920251,4.730314262754909,PRICE,TRAIN,2024-03
SMFT3.SA,BEAR_CALM,0.03384679844078895,1,BEAR_OPTIMIZED,1,1.8079554226965036,0.8014448469926002,5.566570929738307,PRICE,TRAIN,2024-03
SMFT3.SA,BEAR_CALM,0.015185590159461172,1,BEAR_OPTIMIZED,1,0.6129254026560123,0.3495929511105687,4.5321323614373075,PRICE,TRAIN,2024-03
SMFT3.SA,BEAR_CALM,0.0138872879697741,1,BEAR_OPTIMIZED,2,0.7510412520780717,0.7669257710860349,5.443178365640076,PRICE,TRAIN,2024-03
SMFT3.SA,BEAR_CALM,0.026340498540108205,1,BEAR_OPTIMIZED,3,1.2349819554129806,0.22030561887872854,4.0162098147561345,PRICE,TRAIN,2024-03
SMFT3.SA,BEAR_CALM,-0.06225770767450558,0,HARD_STOP,11,1.23138539658229,-0.6756817200700911,3.066107849785501,PRICE,TRAIN,2024-03
SMFT3.SA,BEAR_VOLATILE,-0.08863141995579873,0,HARD_STOP,3,0.39601137736939634,0.6512357357702641,8.1429490501251,PRICE,TRAIN,2024-03
SMFT3.SA,BEAR_VOLATILE,-0.00738681798350984,0,TIME_STOP,13,-0.5517391514695056,0.023115084059481733,33.31619981414658,PRICE,TRAIN,2024-03
SMFT3.SA,BEAR_VOLATILE,-0.03677988235957932,0,STOP_TECNICO,10,-0.768812817256051,1.2032015104289457,30.007374404969195,PRICE,TRAIN,2024-03
SMFT3.SA,BEAR_CALM,-0.033620385440344756,0,STOP_TECNICO,1,-0.09429736025894103,-0.5881442635245963,16.53594748413399,PRICE,TRAIN,2024-03
SMFT3.SA,BEAR_CALM,0.01897281972417795,1,STOP_TECNICO,1,0.0409313390948239,0.46824247010968795,15.803068881455776,PRICE,TRAIN,2024-03
SMFT3.SA,BEAR_CALM,-0.006555602051758223,0,STOP_TECNICO,1,-0.30724036342912825,0.8769198093166306,8.3368079633059,PRICE,TRAIN,2024-03
SMFT3.SA,BEAR_CALM,-0.007970576239880199,0,STOP_TECNICO,1,-0.20052257849066868,1.8232775839344242,4.473696818449233,PRICE,TRAIN,2024-03
TAEE11.SA,SIDEWAYS_CALM,0.028957709126995558,1,SIGNAL,10,-0.4024322867778637,-1.1977293442102694,4.411113628855099,PRICE,TRAIN,2024-03
TAEE11.SA,SIDEWAYS_CALM,-0.024911903124580047,0,TIME_STOP,11,-0.08197222324413188,0.34408528951558415,2.9273416761128965,PRICE,TRAIN,2024-03
TAEE11.SA,SIDEWAYS_VOLATILE,0.05395588710090458,1,SIGNAL,22,0.8451231777196974,0.9417674761183167,6.812137142319738,PRICE,TRAIN,2024-03
TAEE11.SA,SIDEWAYS_CALM,0.048636849141107864,1,SIGNAL,15,0.9863167261810142,-0.8782874474054013,6.4317726063754845,PRICE,TRAIN,2024-03
TAEE11.SA,SIDEWAYS_CALM,-0.0146762648829152,0,TIME_STOP,16,-0.8130682953767336,-0.6234560541402151,1.3008158418457432,PRICE,TRAIN,2024-03
TAEE11.SA,SIDEWAYS_VOLATILE,-0.003927353137225274,0,TIME_STOP,12,-2.8021267110002097,1.112202876593618,2.4942860864842205,PRICE,TRAIN,2024-03
TAEE11.SA,SIDEWAYS_CALM,0.020626192710353354,1,END_CLOSED,39,-2.5643184105616643,1.5728060999652886,4.6344774705282115,PRICE,TRAIN,2024-03
TIMS3.SA,BULL_CALM,0.07514440048872281,1,SIGNAL,14,-1.3343782226939356,0.16844042097381265,2.9535940478231484,PRICE,TRAIN,2024-03
TIMS3.SA,BULL_VOLATILE,-0.03683193802712361,0,TIME_STOP,13,-1.7928242305677085,-1.4574207492926652,1.7803357217884812,PRICE,TRAIN,2024-03
TIMS3.SA,SIDEWAYS_VOLATILE,-0.02726066988855993,0,TIME_STOP,11,-0.8740349303524133,0.16424581164710472,4.699192398683393,PRICE,TRAIN,2024-03
TIMS3.SA,BEAR_VOLATILE,-0.015747795397015672,0,BEAR_OPTIMIZED,1,-0.5742246212832479,1.8635635703717959,11.94855023550237,PRICE,TRAIN,2024-03
TIMS3.SA,BEAR_CALM,-0.0018373772136176735,0,BEAR_OPTIMIZED,1,-0.2977049403632677,1.8112592823730123,15.161080222642655,PRICE,TRAIN,2024-03
TIMS3.SA,BEAR_CALM,0.01413545939158243,1,BEAR_OPTIMIZED,1,-0.3607933242818343,0.9718403019280838,10.616003517118642,PRICE,TRAIN,2024-03
TIMS3.SA,BEAR_VOLATILE,0.01654762182876799,1,BEAR_OPTIMIZED,1,-0.5619227817444927,0.36500217546546765,13.46652489448238,PRICE,TRAIN,2024-03
TIMS3.SA,BEAR_CALM,0.015143920379159327,1,BEAR_OPTIMIZED,3,-0.45003527095164253,-0.658951377691789,17.253530552417406,PRICE,TRAIN,2024-03
TIMS3.SA,BEAR_CALM,-0.0018197626012988121,0,BEAR_OPTIMIZED,1,-1.4557925476727325,-0.24230122609195687,34.30961849152067,PRICE,TRAIN,2024-03
TIMS3.SA,BEAR_VOLATILE,0.005519633697622962,1,BEAR_OPTIMIZED,1,-1.3095112434551006,-1.222972020061137,17.696978625117417,PRICE,TRAIN,2024-03
TIMS3.SA,BEAR_CALM,-0.031151117979530206,0,BEAR_OPTIMIZED,2,-0.85274623151983,-0.8135349138681762,20.627523316752843,PRICE,TRAIN,2024-03
TIMS3.SA,BEAR_CALM,-0.009165510276554455,0,BEAR_OPTIMIZED,1,-1.7681454152079634,-0.3388930673381715,20.485313332316956,PRICE,TRAIN,2024-03
TIMS3.SA,BEAR_CALM,0.01607443698656117,1,BEAR_OPTIMIZED,1,-0.11062805984100957,-0.3468867873208876,24.874437125689028,PRICE,TRAIN,2024-03
TIMS3.SA,BEAR_CALM,0.007555354534834004,1,BEAR_OPTIMIZED,1,-0.21861711406820028,-0.1057083052902174,20.955754941670317,PRICE,TRAIN,2024-03
TIMS3.SA,BEAR_CALM,-0.01982199274851839,0,BEAR_OPTIMIZED,4,-0.39357285369342676,-0.3632486542313771,16.81308299225913,PRICE,TRAIN,2024-03
TIMS3.SA,BEAR_CALM,-0.03644470147096581,0,TIME_STOP,11,-0.6319390706748349,0.6732810898062922,19.371016394400318,PRICE,TRAIN,2024-03
TIMS3.SA,BEAR_VOLATILE,-0.051200000000000155,0,HARD_STOP,8,-1.6625328169450015,0.7787147117709093,9.176533926782659,PRICE,TRAIN,2024-03
TIMS3.SA,BEAR_CALM,-0.005335168146339074,0,STOP_TECNICO,1,-1.81940436641787,-1.3575686598799026,12.23494432079732,PRICE,TRAIN,2024-03
TOTS3.SA,BEAR_VOLATILE,0.10599547585602162,1,BEAR_OPTIMIZED,4,-0.7463587160471141,1.166204315417303,7.536265349449105,PRICE,TRAIN,2024-03
TOTS3.SA,BEAR_VOLATILE,0.057557231263695476,1,BEAR_OPTIMIZED,12,0.626305293757839,-0.14084677234069165,5.401004120550309,PRICE,TRAIN,2024-03
TOTS3.SA,BEAR_VOLATILE,-0.008350914306619404,0,TIME_STOP,15,-0.6183675917476834,0.039434717475840944,5.004693361639071,PRICE,TRAIN,2024-03
TOTS3.SA,BEAR_VOLATILE,0.10063763332763562,1,BEAR_OPTIMIZED,7,0.5852003976099904,0.8821909908409337,6.557439155231331,PRICE,TRAIN,2024-03
UGPA3.SA,BULL_CALM,-0.02829820784925676,0,TIME_STOP,11,1.2302343399808373,-0.7102375097122257,11.646014551219775,PRICE,TRAIN,2024-03
UGPA3.SA,BULL_VOLATILE,-0.05119999999999993,0,HARD_STOP,3,1.4063312706349678,0.8387826892934435,23.079610272491607,PRICE,TRAIN,2024-03
UGPA3.SA,BULL_VOLATILE,-0.03310646056282209,0,TIME_STOP,13,1.2586534814246697,-0.4202359836273036,34.30961849152067,PRICE,TRAIN,2024-03
UGPA3.SA,BEAR_VOLATILE,-0.002937668851250373,0,BEAR_OPTIMIZED,1,-0.4831630848227186,-0.8886169779934521,1000.0,PRICE,TRAIN,2024-03
UGPA3.SA,BEAR_VOLATILE,0.00857338321050314,1,BEAR_OPTIMIZED,1,0.530280676288797,-0.9461193947427073,34.30961849152067,PRICE,TRAIN,2024-03
UGPA3.SA,BEAR_VOLATILE,-0.006696985669254495,0,BEAR_OPTIMIZED,1,0.39451726240034296,1.2848453741359014,1000.0,PRICE,TRAIN,2024-03
UGPA3.SA,BEAR_VOLATILE,0.008115491016396172,1,BEAR_OPTIMIZED,1,0.011499707943216619,0.07831025503827754,1000.0,PRICE,TRAIN,2024-03
UGPA3.SA,BEAR_VOLATILE,0.0015868394328403047,1,BEAR_OPTIMIZED,1,0.480208615010094,0.5083266222416055,34.30961849152067,PRICE,TRAIN,2024-03
UGPA3.SA,BEAR_VOLATILE,-0.009951611634148282,0,BEAR_OPTIMIZED,1,-0.25446173501757474,-0.752306452266219,34.30961849152067,PRICE,TRAIN,2024-03
UGPA3.SA,BEAR_CALM,0.01553638522424592,1,BEAR_OPTIMIZED,1,0.49338247334265584,1.80856332874167,31.658143523667185,PRICE,TRAIN,2024-03
UGPA3.SA,BEAR_VOLATILE,0.017748421939255722,1,BEAR_OPTIMIZED,1,-1.244307652811808,0.36875673004570964,2.570654633607234,PRICE,TRAIN,2024-03
UGPA3.SA,BEAR_VOLATILE,-0.010773988599814842,0,TIME_STOP,14,-0.5653145954090396,0.940863222718413,2.82317573980428,PRICE,TRAIN,2024-03
UGPA3.SA,BEAR_CALM,-0.007983037167297778,0,TIME_STOP,17,-1.4113295735458193,1.0441667989859522,8.070259621396628,PRICE,TRAIN,2024-03
UGPA3.SA,BEAR_CALM,-0.051200000000000044,0,HARD_STOP,5,-0.20495536586031463,-0.7281100534687919,13.46513973205579,PRICE,TRAIN,2024-03
UGPA3.SA,BEAR_VOLATILE,-0.08287650024335716,0,HARD_STOP,3,1.3376118009351925,0.41058443334511946,20.736816681730886,PRICE,TRAIN,2024-03
UGPA3.SA,BEAR_VOLATILE,-0.07307325863330175,0,HARD_STOP,13,0.7751387602149167,0.6736932468394428,28.793118360308018,PRICE,TRAIN,2024-03
UGPA3.SA,BEAR_VOLATILE,-0.044276923274968925,0,TIME_STOP,11,-0.2565542652667135,0.29245040297263986,34.30961849152067,PRICE,TRAIN,2024-03
UGPA3.SA,BEAR_VOLATILE,-0.051200000000000044,0,HARD_STOP,2,-0.40531800377970256,1.7771245887134133,33.93850048967282,PRICE,TRAIN,2024-03
UGPA3.SA,BEAR_CALM,-0.039312593425005614,0,STOP_TECNICO,1,-0.3024740417916213,0.30708747929340563,22.668510553147495,PRICE,TRAIN,2024-03
UGPA3.SA,BEAR_CALM,0.0061530410796662785,1,STOP_TECNICO,1,0.7507152535356983,0.2988538532785414,17.903863430549382,PRICE,TRAIN,2024-03
UGPA3.SA,BEAR_CALM,-0.006150496971981466,0,STOP_TECNICO,1,0.6797199552880074,0.2886585943632601,20.0995284684892,PRICE,TRAIN,2024-03
UGPA3.SA,BEAR_CALM,0.0005456345313329181,1,STOP_TECNICO,5,1.0368026292174635,0.646045781327245,11.944685448198065,PRICE,TRAIN,2024-03
UGPA3.SA,BEAR_CALM,-0.037279235825873024,0,STOP_TECNICO,1,0.8576432610296598,0.09187485644841803,8.336820814746082,PRICE,TRAIN,2024-03
UGPA3.SA,BEAR_CALM,-0.003650885515537071,0,TIME_STOP,12,-1.1416486250556968,1.3687817479749627,4.316489321830201,PRICE,TRAIN,2024-03
UGPA3.SA,BEAR_CALM,-0.016652986888232378,0,STOP_TECNICO,1,-1.2916589278481179,0.8738551907250522,2.811750128662264,PRICE,TRAIN,2024-03
UGPA3.SA,BEAR_CALM,0.006267338616657271,1,END_CLOSED,4,-0.24096782716693482,-2.7434526802434887,3.569167816991652,PRICE,TEST,2024-03
VALE3.SA,BEAR_CALM,-0.0150912781137136,0,TIME_STOP,11,0.7551444223063228,0.7535953271382021,11.415828317699418,PRICE,TRAIN,2024-03
VALE3.SA,BEAR_CALM,0.1349626510618743,1,BEAR_OPTIMIZED,23,0.4769229051753319,-0.231444285004907,6.531220132248772,PRICE,TRAIN,2024-03
VALE3.SA,BEAR_CALM,-0.005943701350563345,0,TIME_STOP,12,-0.3465302064065196,-0.1511062202536065,6.892913189528443,PRICE,TRAIN,2024-03
VALE3.SA,BEAR_VOLATILE,-0.010903239028767463,0,STOP_TECNICO,1,0.8564611407442622,-1.149672324130339,17.141929651194015,PRICE,TRAIN,2024-03
VALE3.SA,BEAR_VOLATILE,0.1279011715095529,1,BEAR_OPTIMIZED,39,-0.6069662103215604,0.7385802678812139,28.474291581876507,PRICE,TRAIN,2024-03
VALE3.SA,BEAR_CALM,0.015690573538748122,1,END_CLOSED,7,-0.026036302343037873,-1.447260998335038,5.368691111460034,PRICE,TEST,2024-03
USIM5.SA,BULL_CALM,-0.051200000000000155,0,HARD_STOP,1,-0.46763857237251216,-2.4850218246709823,4.708614376554395,PRICE,TRAIN,2024-03
USIM5.SA,BULL_VOLATILE,-0.03165066977325206,0,TIME_STOP,11,-0.3592310935232804,-1.8808451952869993,12.207548051441087,PRICE,TRAIN,2024-03
USIM5.SA,SIDEWAYS_VOLATILE,-0.0037220657452024172,0,TIME_STOP,13,0.792096148265036,-2.1464045802580705,34.30961849152067,PRICE,TRAIN,2024-03
USIM5.SA,BEAR_CALM,-0.053970461661411416,0,HARD_STOP,4,0.2430351044107322,1.448908915255817,26.568967012331424,PRICE,TRAIN,2024-03
USIM5.SA,BEAR_VOLATILE,0.2115659516905127,1,BEAR_OPTIMIZED,35,-0.26295207934073755,0.6145755898771699,34.30961849152067,PRICE,TRAIN,2024-03
USIM5.SA,BEAR_CALM,-0.1568175543690862,0,HARD_STOP,3,0.5436847761593432,-1.7071411195776398,4.354232927014611,PRICE,TRAIN,2024-03
USIM5.SA,BEAR_VOLATILE,0.0039635473500533105,1,STOP_TECNICO,35,0.708865495566246,-1.372272099857247,27.750126640642524,PRICE,TRAIN,2024-03
USIM5.SA,BEAR_CALM,-0.05119999999999993,0,HARD_STOP,13,-0.1151357526482658,0.16967750462919995,20.988242520978112,PRICE,TRAIN,2024-03
USIM5.SA,BEAR_VOLATILE,-0.0756274586871544,0,HARD_STOP,11,-1.0867295909625871,0.5125937237112337,31.260114360644945,PRICE,TRAIN,2024-03
USIM5.SA,BEAR_VOLATILE,0.23240652453923158,1,END_CLOSED,58,-0.47663076857646985,0.35966108979495104,1000.0,PRICE,TRAIN,2024-03
USIM5.SA,BEAR_CALM,-0.012650371259603575,0,TIME_STOP,11,-0.24070305463960098,0.255385681678559,3.188841797951305,PRICE,TEST,2024-03
VBBR3.SA,BULL_CALM,-0.010212714425223889,0,TIME_STOP,33,0.273040712817662,1.692621126200672,5.108344336772579,PRICE,TRAIN,2024-03
VBBR3.SA,BULL_CALM,-0.0518830320946694,0,HARD_STOP,4,0.2755805063294265,0.4355716448396288,4.733473041297723,PRICE,TRAIN,2024-03
VBBR3.SA,BEAR_VOLATILE,0.0059803545552480145,1,BEAR_OPTIMIZED,1,1.2414856146367015,1.4107761361771098,1000.0,PRICE,TRAIN,2024-03
VBBR3.SA,BEAR_VOLATILE,0.022838190664166015,1,BEAR_OPTIMIZED,3,1.6313949792090343,1.584301097901571,1000.0,PRICE,TRAIN,2024-03
VBBR3.SA,BEAR_VOLATILE,-0.014584154537297354,0,BEAR_OPTIMIZED,1,1.9212121271991303,1.950048979960684,34.30961849152067,PRICE,TRAIN,2024-03
VBBR3.SA,BEAR_VOLATILE,0.0002669014673536208,1,BEAR_OPTIMIZED,1,1.8495129847024552,2.155735067203126,34.30961849152067,PRICE,TRAIN,2024-03
VBBR3.SA,BEAR_VOLATILE,0.01778740231292395,1,BEAR_OPTIMIZED,1,1.628865200915397,2.104038260045558,34.30961849152067,PRICE,TRAIN,2024-03
VBBR3.SA,BEAR_CALM,0.01642107111040412,1,BEAR_OPTIMIZED,1,0.40596658945304487,1.7423573662808793,34.30961849152067,PRICE,TRAIN,2024-03
VBBR3.SA,BEAR_CALM,0.016343863623671774,1,BEAR_OPTIMIZED,1,0.750511928414569,0.46283583993700067,29.919278655428784,PRICE,TRAIN,2024-03
VBBR3.SA,BEAR_CALM,0.01414902676130634,1,BEAR_OPTIMIZED,1,0.3498897635992564,-1.755907831174991,27.488272961501544,PRICE,TRAIN,2024-03
VBBR3.SA,BEAR_CALM,-0.051200000000000044,0,HARD_STOP,1,-1.1543454116516967,0.3062837641897865,20.59602994620906,PRICE,TRAIN,2024-03
VBBR3.SA,BEAR_VOLATILE,0.028211687283818156,1,BEAR_OPTIMIZED,8,-0.0676671472201799,-0.10003967840014787,19.204266143152328,PRICE,TRAIN,2024-03
VBBR3.SA,BEAR_VOLATILE,-0.0601681211023837,0,HARD_STOP,4,-1.8999305073701187,-0.41763661278250114,13.392622798574747,PRICE,TRAIN,2024-03
VBBR3.SA,BEAR_VOLATILE,-0.03013473657031509,0,STOP_TECNICO,10,-1.4251797563483513,0.5702903518996513,34.30961849152067,PRICE,TRAIN,2024-03
VBBR3.SA,BEAR_VOLATILE,-0.051200000000000044,0,HARD_STOP,9,-0.5457052154680746,-0.11266418478731888,34.30961849152067,PRICE,TRAIN,2024-03
VBBR3.SA,BEAR_CALM,0.01808528450602296,1,STOP_TECNICO,1,-1.1224504612668729,-1.5569292645226736,34.30961849152067,PRICE,TRAIN,2024-03
VBBR3.SA,BEAR_CALM,-0.006290681884377557,0,STOP_TECNICO,1,-0.3884124973895961,-1.1869450084437625,34.30961849152067,PRICE,TRAIN,2024-03
VBBR3.SA,BEAR_CALM,0.024796521648709914,1,STOP_TECNICO,1,-0.7046353425996027,0.1888008059504293,30.87547374104867,PRICE,TRAIN,2024-03
VBBR3.SA,BEAR_CALM,-0.013655531029648248,0,STOP_TECNICO,3,-0.7842115192410866,0.7389460957987284,28.950287437866717,PRICE,TRAIN,2024-03
VBBR3.SA,BEAR_CALM,0.022357143167992623,1,STOP_TECNICO,1,-2.2164957415190756,-0.2667326196042321,16.228313396025015,PRICE,TRAIN,2024-03
VBBR3.SA,BEAR_CALM,0.005585425298324155,1,STOP_TECNICO,1,-1.3323443992909303,-0.26938582161338065,12.629737648156294,PRICE,TRAIN,2024-03
VBBR3.SA,BEAR_CALM,-0.008808981525046299,0,STOP_TECNICO,1,-1.0287162868742445,1.6257562274060922,6.309229431254001,PRICE,TRAIN,2024-03
WEGE3.SA,BULL_CALM,0.039863276923555714,1,SIGNAL,7,0.7909550418525088,-0.9972574088220062,17.651530380594846,PRICE,TRAIN,2024-03
WEGE3.SA,BULL_CALM,-0.015284373382471482,0,TIME_STOP,11,-1.39902607058288,0.6387317459805446,5.055320031874057,PRICE,TRAIN,2024-03
WEGE3.SA,BULL_CALM,0.07735062061734652,1,SIGNAL,10,0.4232423477667837,0.9082750034738114,4.299266589348097,PRICE,TRAIN,2024-03
WEGE3.SA,BULL_VOLATILE,-0.051200000000000044,0,HARD_STOP,13,0.31553204044853145,-0.3382284777637131,3.28751339858202,PRICE,TRAIN,2024-03
WEGE3.SA,BULL_VOLATILE,-0.005123770473355903,0,STOP_TECNICO,20,0.3900089336504681,1.5743422342260043,4.237583092467011,PRICE,TRAIN,2024-03
WEGE3.SA,BULL_CALM,-0.0030553898021912426,0,TIME_STOP,11,-0.4566710309148841,-1.576866542219721,3.314824434379541,PRICE,TRAIN,2024-03
WEGE3.SA,BULL_CALM,-0.08470889786206173,0,HARD_STOP,7,1.6386827668871866,-0.597071149998853,3.6730811822038922,PRICE,TRAIN,2024-03
WEGE3.SA,BEAR_VOLATILE,-0.008965012831360884,0,BEAR_OPTIMIZED,1,1.276883622516908,-1.136911847921278,9.704879004878068,PRICE,TRAIN,2024-03
WEGE3.SA,BEAR_VOLATILE,-0.005432102864206166,0,TIME_STOP,25,0.1494061302732222,-2.350480031614231,10.493115468030892,PRICE,TEST,2024-03
YDUQ3.SA,BEAR_VOLATILE,-0.0028959234401417996,0,STOP_TECNICO,24,1.394782802226949,1.1609751706259956,1000.0,PRICE,TRAIN,2024-03
YDUQ3.SA,BEAR_VOLATILE,0.002790457752553356,1,STOP_TECNICO,9,2.01441195404912,0.04895071645191308,34.30961849152067,PRICE,TRAIN,2024-03
YDUQ3.SA,BEAR_VOLATILE,-0.06148070969100785,0,HARD_STOP,7,1.702745978222076,-1.4989376094924782,34.30961849152067,PRICE,TRAIN,2024-03
YDUQ3.SA,BEAR_VOLATILE,-0.05142034929378838,0,HARD_STOP,5,0.9219136638066114,-2.0700154074782904,31.00544360522372,PRICE,TRAIN,2024-03
YDUQ3.SA,BEAR_CALM,-0.051200000000000044,0,HARD_STOP,6,0.8983528838229317,-0.4697312640677468,22.351598624682925,PRICE,TRAIN,2024-03
YDUQ3.SA,BEAR_CALM,0.00880000000000001,1,STOP_TECNICO,3,1.1885827617075402,0.9880297647215924,5.9993603824194395,PRICE,TRAIN,2024-03
YDUQ3.SA,BEAR_CALM,-0.0022331692757172825,0,TIME_STOP,11,-0.2978191796427632,0.5500605909139783,5.262532985212171,PRICE,TRAIN,2024-03
VIVT3.SA,BULL_CALM,-0.024637351726043553,0,TIME_STOP,11,-0.8234706023140397,-0.36882890312243005,8.187509924726,PRICE,TRAIN,2024-03
VIVT3.SA,SIDEWAYS_CALM,-0.030599292574914803,0,TIME_STOP,12,-1.426960486369709,-2.878998646349241,8.246308793984866,PRICE,TRAIN,2024-03
VIVT3.SA,BEAR_VOLATILE,-0.007818337047620603,0,BEAR_OPTIMIZED,7,-1.7699050072596303,-0.5948431043735443,9.809928833429487,PRICE,TRAIN,2024-03
VIVT3.SA,BEAR_CALM,0.02201381086031682,1,BEAR_OPTIMIZED,1,-2.6003434221314796,0.8993357370131028,13.9833040236091,PRICE,TRAIN,2024-03
VIVT3.SA,BEAR_CALM,0.007109240519111194,1,BEAR_OPTIMIZED,2,-1.2875623730279098,1.0476024661901724,12.023739460606075,PRICE,TRAIN,2024-03
VIVT3.SA,BEAR_CALM,0.019341927212793576,1,BEAR_OPTIMIZED,7,-1.0741051179493835,0.9379155349975251,12.675524039215576,PRICE,TRAIN,2024-03
VIVT3.SA,SIDEWAYS_CALM,-0.021434742005077688,0,TIME_STOP,13,-1.1326977985677626,-0.5953732659290092,7.776623566624652,PRICE,TRAIN,2024-03
VIVT3.SA,BEAR_VOLATILE,0.01324954847456681,1,BEAR_OPTIMIZED,4,-1.1753009235678182,-1.5308993089500307,8.658759097691643,PRICE,TRAIN,2024-03
VIVT3.SA,BEAR_VOLATILE,0.013191529926146785,1,BEAR_OPTIMIZED,1,-0.9782597397438104,-0.61499866815651,9.600394539193259,PRICE,TRAIN,2024-03
VIVT3.SA,BEAR_VOLATILE,0.005414031383221697,1,BEAR_OPTIMIZED,4,-1.981446910115563,0.21138208459698027,9.989869283753157,PRICE,TRAIN,2024-03
ABEV3.SA,BEAR_VOLATILE,-0.011127797672392713,0,TIME_STOP,13,0.3922360795736235,0.385108389337284,15.92285657700044,PRICE,TRAIN,2024-06
ABEV3.SA,BEAR_CALM,-0.006639677280096644,0,TIME_STOP,16,1.6197235035367354,0.9473277002165869,19.382552737544867,PRICE,TRAIN,2024-06
ABEV3.SA,BULL_CALM,-0.051200000000000044,0,HARD_STOP,3,-0.5408935764115821,0.008313205383110301,13.08198299248206,PRICE,TEST,2024-06
ABEV3.SA,SIDEWAYS_VOLATILE,-0.004262969404885929,0,TIME_STOP,13,-1.8714867741322274,-0.4790176315194332,34.30961849152067,PRICE,TEST,2024-06
ABEV3.SA,BEAR_CALM,0.028211797704994802,1,BEAR_OPTIMIZED,2,-1.7353521729745254,0.7982708643934414,15.848634377439746,PRICE,TEST,2024-06
ALOS3.SA,BEAR_CALM,0.01635220206042263,1,BEAR_OPTIMIZED,1,-2.3063807006577255,-0.8505178302216181,3.7434021255269947,PRICE,TRAIN,2024-06
ALOS3.SA,BEAR_CALM,-0.056808353007935984,0,HARD_STOP,1,-1.5431219844080095,0.49134460557360077,4.264091406609107,PRICE,TRAIN,2024-06
ALOS3.SA,BEAR_VOLATILE,-0.02864673024072708,0,TIME_STOP,13,-0.7695144490697768,-0.07254205818992764,1000.0,PRICE,TRAIN,2024-06
ALOS3.SA,BEAR_VOLATILE,-0.03051603062790067,0,TIME_STOP,11,-0.20641972104190162,0.2949582800983147,1000.0,PRICE,TRAIN,2024-06
ALOS3.SA,BEAR_VOLATILE,0.00880000000000001,1,STOP_TECNICO,56,-1.8405432936920139,1.6184029052333266,34.30961849152067,PRICE,TRAIN,2024-06
ALOS3.SA,BULL_CALM,-0.003515893058008833,0,TIME_STOP,11,-0.09610594609221457,1.0604998904007887,3.818119283245554,PRICE,TEST,2024-06
AURE3.SA,SIDEWAYS_CALM,-0.051200000000000155,0,HARD_STOP,12,-0.3496907814179163,-1.1523880316272281,5.473318355298629,PRICE,TRAIN,2024-06
AURE3.SA,BEAR_VOLATILE,-0.002065047017830078,0,TIME_STOP,14,-0.3626806900602303,-2.9217229913390135,5.445913531143388,PRICE,TRAIN,2024-06
AURE3.SA,BEAR_CALM,-0.02663862138649433,0,TIME_STOP,11,-1.085537190570766,1.1725262152914302,20.77414713115948,PRICE,TRAIN,2024-06
AURE3.SA,BEAR_VOLATILE,-0.06216452177850953,0,HARD_STOP,7,1.9954870934828857,-0.5454571005937784,34.30961849152067,PRICE,TRAIN,2024-06
AURE3.SA,BEAR_VOLATILE,-0.03944079546244097,0,TIME_STOP,11,1.9774859244463623,-0.4631724818094856,34.30961849152067,PRICE,TRAIN,2024-06
AURE3.SA,BEAR_CALM,-0.006102027224176874,0,TIME_STOP,16,0.4244479576629264,0.30927812943699734,34.30961849152067,PRICE,TRAIN,2024-06
AURE3.SA,BEAR_CALM,-0.017264262060582757,0,TIME_STOP,16,2.1841296404513173,1.33426606597586,33.28090525534297,PRICE,TRAIN,2024-06
AURE3.SA,BEAR_VOLATILE,-0.05421455612675454,0,HARD_STOP,10,0.47664916679203445,0.21450295468483713,7.699804516803898,PRICE,TRAIN,2024-06
AURE3.SA,BEAR_VOLATILE,-0.0023388364666917724,0,TIME_STOP,12,0.9205442199291445,0.2530444049147186,1000.0,PRICE,TRAIN,2024-06
AURE3.SA,BEAR_VOLATILE,-0.052208354878599005,0,HARD_STOP,3,0.5190065587486751,0.883207975438693,1000.0,PRICE,TRAIN,2024-06
AURE3.SA,BEAR_VOLATILE,-0.003764088046490331,0,TIME_STOP,15,0.28661382917286254,1.1678801160691195,1000.0,PRICE,TRAIN,2024-06
AURE3.SA,BEAR_CALM,-0.0038882213001325758,0,STOP_TECNICO,1,0.5401576468079736,0.9273111066451932,6.209577207327747,PRICE,TRAIN,2024-06
ASAI3.SA,BEAR_VOLATILE,-0.051200000000000155,0,HARD_STOP,5,1.738158349890751,0.2867727034321161,34.30961849152067,PRICE,TRAIN,2024-06
ASAI3.SA,BEAR_CALM,-0.012952077789345838,0,TIME_STOP,11,2.438878242578747,1.4988036121528374,8.542293436037802,PRICE,TRAIN,2024-06
ASAI3.SA,BEAR_VOLATILE,-0.05948569805222372,0,HARD_STOP,3,1.6477200672173575,0.5753398119729087,15.683370965750255,PRICE,TRAIN,2024-06
ASAI3.SA,BEAR_VOLATILE,-0.051200000000000044,0,HARD_STOP,1,0.09591145464823866,0.31114413201798663,34.30961849152067,PRICE,TRAIN,2024-06
ASAI3.SA,BEAR_VOLATILE,-0.09892425896617632,0,HARD_STOP,3,-0.48229393515329955,1.4784727277488072,34.30961849152067,PRICE,TRAIN,2024-06
ASAI3.SA,BEAR_VOLATILE,-0.051200000000000155,0,HARD_STOP,2,-0.25803744014770313,0.2905737599721218,1000.0,PRICE,TRAIN,2024-06
ASAI3.SA,BEAR_VOLATILE,0.00880000000000001,1,STOP_TECNICO,23,1.696970052285436,1.198181333254326,34.30961849152067,PRICE,TRAIN,2024-06
ASAI3.SA,BEAR_VOLATILE,-0.06775848032607226,0,HARD_STOP,7,0.12326610708236269,-0.15831090240579837,6.62704304997868,PRICE,TRAIN,2024-06
ASAI3.SA,BEAR_VOLATILE,0.7194395132469359,1,BEAR_OPTIMIZED,126,0.4642319836311026,-0.7809920434410208,1000.0,PRICE,TRAIN,2024-06
ASAI3.SA,BULL_CALM,-0.004283220388754082,0,TIME_STOP,11,-2.5447752994779136,-1.663952549201673,9.345025238007958,PRICE,TEST,2024-06
AZUL4.SA,BEAR_VOLATILE,-0.19938184592507105,0,HARD_STOP,4,0.3087991088517541,-3.4637692330210306,10.63019620751091,PRICE,TRAIN,2024-06
AZUL4.SA,BEAR_VOLATILE,0.00880000000000001,1,STOP_TECNICO,4,0.8690760334233962,-2.1414572221337034,1000.0,PRICE,TRAIN,2024-06
AZUL4.SA,BEAR_VOLATILE,-0.10593822711716874,0,HARD_STOP,2,-1.4538713743812182,0.09616546401879376,25.652074705929298,PRICE,TRAIN,2024-06
AZUL4.SA,BEAR_VOLATILE,-0.0042303001841675,0,STOP_TECNICO,98,0.023824492177512948,1.650795617930041,1000.0,PRICE,TRAIN,2024-06
AZUL4.SA,BEAR_CALM,-0.051200000000000044,0,HARD_STOP,2,-0.876068898684152,0.654670551986632,34.30961849152067,PRICE,TRAIN,2024-06
AZUL4.SA,BEAR_VOLATILE,-0.17492875662583954,0,HARD_STOP,1,-0.774172064080936,-2.6860915608991873,34.30961849152067,PRICE,TRAIN,2024-06
AZUL4.SA,BEAR_VOLATILE,-0.14405716602707233,0,HARD_STOP,9,0.5801671405475346,-0.5650377162743364,1000.0,PRICE,TRAIN,2024-06
AZUL4.SA,BEAR_VOLATILE,-0.051200049670535284,0,HARD_STOP,1,0.4877194965096915,0.16708192054258758,1000.0,PRICE,TRAIN,2024-06
AZUL4.SA,BEAR_VOLATILE,-0.05675561074503923,0,HARD_STOP,1,0.7134973199027344,-0.94161167072717,1000.0,PRICE,TRAIN,2024-06
AZUL4.SA,BEAR_VOLATILE,-0.05624592674447206,0,HARD_STOP,2,0.575255004357896,0.3198752464332603,1000.0,PRICE,TRAIN,2024-06
AZUL4.SA,BEAR_VOLATILE,0.00880000000000001,1,STOP_TECNICO,1,-0.7898351678655734,0.13935677062519508,1000.0,PRICE,TRAIN,2024-06
AZUL4.SA,BEAR_VOLATILE,-0.031503061318608826,0,END_CLOSED,2,-0.41340592945148963,0.8938769056908845,34.30961849152067,PRICE,TRAIN,2024-06
AZUL4.SA,BEAR_VOLATILE,0.00880000000000001,1,STOP_TECNICO,9,1.2195453816389346,-1.038296565886408,7.482617715894657,PRICE,TEST,2024-06
AZUL4.SA,BEAR_CALM,-0.051200000000000155,0,HARD_STOP,6,1.2157013377243895,0.8425518986990607,25.192418660151464,PRICE,TEST,2024-06
AZUL4.SA,BEAR_CALM,-0.05292409009139556,0,HARD_STOP,2,0.18076023600552032,0.4661998461875897,34.30961849152067,PRICE,TEST,2024-06
B3SA3.SA,BEAR_VOLATILE,-0.06942813979508425,0,HARD_STOP,7,0.0502824094323399,-0.395610200608596,21.38240566267784,PRICE,TRAIN,2024-06
B3SA3.SA,BEAR_VOLATILE,0.17842388221799962,1,BEAR_OPTIMIZED,58,0.0024491676282914184,-1.3368124620119013,18.4882763078819,PRICE,TRAIN,2024-06
B3SA3.SA,BULL_CALM,-0.051200000000000044,0,HARD_STOP,11,0.5382962502496684,-1.7947361541424471,5.652292318976169,PRICE,TEST,2024-06
B3SA3.SA,BULL_CALM,-0.009105048118030389,0,TIME_STOP,13,0.6624430974856008,-0.1642118474536092,10.344874531318357,PRICE,TEST,2024-06
BBAS3.SA,SIDEWAYS_CALM,0.04051426537881251,1,SIGNAL,12,-1.0760304928599616,0.4702912965660636,1.234463367874641,PRICE,TRAIN,2024-06
BBAS3.SA,SIDEWAYS_VOLATILE,-0.006118652428968939,0,TIME_STOP,13,2.7743102983232206,0.394935695475821,18.656247313166883,PRICE,TRAIN,2024-06
BBAS3.SA,SIDEWAYS_CALM,-0.01373799803788047,0,TIME_STOP,11,1.866448095486364,-1.0691549616891562,10.367827230404112,PRICE,TRAIN,2024-06
BBAS3.SA,BEAR_CALM,-0.02355050798441951,0,BEAR_OPTIMIZED,1,1.1639194358367952,-0.2095592454503492,26.44603660003443,PRICE,TRAIN,2024-06
BBAS3.SA,BEAR_CALM,-0.024024144498386545,0,BEAR_OPTIMIZED,2,1.168677270621614,-0.5217216171454181,32.322543132542314,PRICE,TRAIN,2024-06
BBAS3.SA,SIDEWAYS_CALM,-0.051200000000000044,0,HARD_STOP,3,0.32762362903605086,-0.505249601515983,21.198928921698787,PRICE,TRAIN,2024-06
BBAS3.SA,BEAR_CALM,0.011116225256408409,1,BEAR_OPTIMIZED,1,0.9010390175065406,-0.9889944029607043,9.058599670804243,PRICE,TRAIN,2024-06
BBAS3.SA,BEAR_CALM,-0.0036262480588916887,0,BEAR_OPTIMIZED,3,-0.01252755950256235,-0.8268435407580995,9.72996162501461,PRICE,TRAIN,2024-06
BBAS3.SA,BEAR_CALM,0.009561589609479039,1,BEAR_OPTIMIZED,1,-0.44908598055375853,0.1367666669254764,7.429078929630386,PRICE,TRAIN,2024-06
BBAS3.SA,BEAR_VOLATILE,0.01312181453442194,1,BEAR_OPTIMIZED,2,-1.2245597994342656,-0.1971915161906774,11.314537430899522,PRICE,TRAIN,2024-06
BBAS3.SA,BEAR_VOLATILE,0.010505788487081925,1,BEAR_OPTIMIZED,3,0.36373661561368154,-0.5164270302591483,8.12142211229133,PRICE,TRAIN,2024-06
BBAS3.SA,BEAR_VOLATILE,0.0012886515185524872,1,BEAR_OPTIMIZED,3,-0.17880859130405058,-1.0094587666663581,7.547569990432935,PRICE,TRAIN,2024-06
BBAS3.SA,BEAR_VOLATILE,0.0004721957977712255,1,BEAR_OPTIMIZED,4,-0.5439592902962818,-0.2644437848924729,7.644261392266862,PRICE,TRAIN,2024-06
BBAS3.SA,BEAR_CALM,0.0033530024983133636,1,BEAR_OPTIMIZED,1,-0.5583829497880602,-0.3602135253174466,6.365481908786844,PRICE,TRAIN,2024-06
BBAS3.SA,BEAR_VOLATILE,-0.051200000000000044,0,HARD_STOP,10,0.7844486575717623,-4.131200118238473,14.047448914466775,PRICE,TRAIN,2024-06
BBAS3.SA,BEAR_VOLATILE,-0.07723216913832312,0,HARD_STOP,11,1.7745939041973373,0.9686813833977209,34.30961849152067,PRICE,TEST,2024-06
BBAS3.SA,BEAR_VOLATILE,0.11912091373710462,1,END_CLOSED,33,0.9637350203205476,-1.2754348357449043,8.412191126376126,PRICE,TEST,2024-06
BBDC3.SA,BEAR_VOLATILE,-0.005925627939693888,0,TIME_STOP,14,0.46153843036736175,0.5136101719976024,1000.0,PRICE,TRAIN,2024-06
BBDC3.SA,BEAR_VOLATILE,0.00880000000000001,1,STOP_TECNICO,72,0.12137129634777107,0.902012511710865,1000.0,PRICE,TRAIN,2024-06
BBDC3.SA,BULL_CALM,-0.008618461574346668,0,TIME_STOP,11,-0.43326787565364056,0.3068658050755837,7.0126160792505985,PRICE,TEST,2024-06
BBDC3.SA,BULL_CALM,0.08134308851553448,1,END_CLOSED,20,-0.726246889855175,-0.14460171075833553,3.8222359235178778,PRICE,TEST,2024-06
BBDC4.SA,BEAR_VOLATILE,-0.02073024903780265,0,TIME_STOP,11,-0.2450491524990761,0.6097083310818817,1000.0,PRICE,TRAIN,2024-06
BBDC4.SA,BEAR_VOLATILE,0.005824819277174466,1,STOP_TECNICO,72,0.07585297746213861,1.3706256628736484,1000.0,PRICE,TRAIN,2024-06
BBDC4.SA,BULL_CALM,-0.008852867197666668,0,TIME_STOP,11,-0.6320528373324038,0.6600675111324206,8.135466131682584,PRICE,TEST,2024-06
BBDC4.SA,BULL_CALM,0.08616440850465387,1,END_CLOSED,20,-0.5196665159902073,0.24483949484714154,3.232645686790447,PRICE,TEST,2024-06
BBSE3.SA,SIDEWAYS_CALM,-0.005052954830805721,0,TIME_STOP,15,2.8903340897039045,0.6552799717797039,28.36564663401763,PRICE,TRAIN,2024-06
BBSE3.SA,SIDEWAYS_CALM,0.16650739119931232,1,SIGNAL,65,-0.6458093806633487,0.8412496784599812,8.421956637127389,PRICE,TRAIN,2024-06
BBSE3.SA,BULL_VOLATILE,-0.021591846383013168,0,TIME_STOP,11,0.026584012995437813,-2.274143916285593,6.525022730533914,PRICE,TRAIN,2024-06
BBSE3.SA,BEAR_CALM,-0.02093304891662775,0,BEAR_OPTIMIZED,2,1.5128852059815128,0.5584777392117771,13.479024372196907,PRICE,TEST,2024-06
BBSE3.SA,BEAR_VOLATILE,0.0035690289966035862,1,BEAR_OPTIMIZED,1,0.8638569683697905,0.31909432269100535,7.221780413887617,PRICE,TEST,2024-06
BBSE3.SA,BEAR_VOLATILE,0.0008814642196349543,1,BEAR_OPTIMIZED,1,1.042576918437862,0.7597009057624323,28.280562371618007,PRICE,TEST,2024-06
BBSE3.SA,BEAR_VOLATILE,0.013453157228589509,1,BEAR_OPTIMIZED,4,1.2168583933198103,0.31467498149394685,34.30961849152067,PRICE,TEST,2024-06
BBSE3.SA,BEAR_CALM,0.01587236871661122,1,BEAR_OPTIMIZED,4,2.3045716946550656,-0.7850309289757523,7.9306263323512045,PRICE,TEST,2024-06
BRAP4.SA,BEAR_VOLATILE,-0.05789479062455296,0,HARD_STOP,9,-0.3343444187966468,-1.4852357216604224,7.179852708419022,PRICE,TRAIN,2024-06
BRAP4.SA,BEAR_VOLATILE,0.141749060951006,1,BEAR_OPTIMIZED,63,-1.2803632839299222,0.9467026945252002,34.30961849152067,PRICE,TRAIN,2024-06
BRAP4.SA,BEAR_VOLATILE,0.12647302739326358,1,BEAR_OPTIMIZED,16,0.4040066845525707,0.46548710043883657,8.015949761070395,PRICE,TRAIN,2024-06
BEEF3.SA,BEAR_VOLATILE,-0.06696726438031955,0,HARD_STOP,2,0.019458573502971442,0.6052321343975561,34.30961849152067,PRICE,TRAIN,2024-06
BEEF3.SA,BEAR_VOLATILE,-0.01941491963599864,0,STOP_TECNICO,23,1.1209872025228225,0.3184471854454302,1000.0,PRICE,TRAIN,2024-06
BEEF3.SA,BEAR_VOLATILE,-0.06786669978035689,0,HARD_STOP,21,-0.11685391871319593,0.9499428506003658,5.058422965775432,PRICE,TRAIN,2024-06
BEEF3.SA,BEAR_CALM,-0.016965804225056356,0,TIME_STOP,17,-2.280556799827199,0.25063299345229145,14.299514915572496,PRICE,TRAIN,2024-06
BPAC11.SA,BEAR_VOLATILE,0.0038015943885397543,1,BEAR_OPTIMIZED,1,1.0324545244948242,-0.8934817655620999,11.836479736682964,PRICE,TRAIN,2024-06
BPAC11.SA,BEAR_CALM,0.043293301555168286,1,BEAR_OPTIMIZED,3,0.36131519791945216,0.9984845423978334,24.719795003581194,PRICE,TRAIN,2024-06
BPAC11.SA,BEAR_CALM,-0.05642607667656898,0,HARD_STOP,2,-1.8094086994182133,-0.8308879638701542,4.438792705323097,PRICE,TRAIN,2024-06
BPAC11.SA,BEAR_VOLATILE,-0.061095921075168834,0,HARD_STOP,12,-0.7031712572911125,-0.5355866060580425,5.654779468549394,PRICE,TRAIN,2024-06
BPAC11.SA,BEAR_VOLATILE,-0.04417996746837751,0,TIME_STOP,11,-0.7854445022584331,1.6226332010831557,24.78491179728452,PRICE,TRAIN,2024-06
BPAC11.SA,BEAR_VOLATILE,0.10517537614751168,1,BEAR_OPTIMIZED,14,-0.6683447076988803,0.232218537100447,24.83972962466916,PRICE,TRAIN,2024-06
BPAC11.SA,BULL_CALM,-0.01954177082680688,0,TIME_STOP,11,0.6516510496219128,-0.669797096971209,4.139539710039315,PRICE,TEST,2024-06
BRKM5.SA,BEAR_CALM,-0.051200000000000044,0,HARD_STOP,3,0.0775262226014374,1.630195267844045,9.684680606594151,PRICE,TRAIN,2024-06
BRKM5.SA,BEAR_CALM,-0.012082726433636524,0,STOP_TECNICO,87,-0.3487873328820854,1.0977905360436082,9.436753048281258,PRICE,TRAIN,2024-06
BRKM5.SA,BEAR_CALM,-0.051200000000000044,0,HARD_STOP,7,-2.315351421413046,-0.6292796958665304,34.30961849152067,PRICE,TRAIN,2024-06
BRKM5.SA,BEAR_VOLATILE,-0.051200000000000044,0,HARD_STOP,2,-2.2162381788227914,0.03207670106157764,34.30961849152067,PRICE,TRAIN,2024-06
BRKM5.SA,BEAR_CALM,-0.11338836098581664,0,HARD_STOP,7,-1.2145314630565633,0.6422914803578835,34.30961849152067,PRICE,TRAIN,2024-06
BRKM5.SA,BEAR_VOLATILE,-0.05564350392014363,0,HARD_STOP,5,-0.5217390609818511,0.09895674843340545,1000.0,PRICE,TRAIN,2024-06
BRKM5.SA,BEAR_VOLATILE,-0.03919650978257374,0,TIME_STOP,11,-0.6836280423086049,-0.0005321652143364885,1000.0,PRICE,TRAIN,2024-06
BRKM5.SA,BEAR_VOLATILE,0.00880000000000001,1,STOP_TECNICO,22,-0.012662601871822988,0.04483053818451726,12.07072774820269,PRICE,TRAIN,2024-06
BRKM5.SA,BEAR_CALM,-0.05119999999999993,0,HARD_STOP,3,2.1148438186001437,-0.830803550772501,34.30961849152067,PRICE,TRAIN,2024-06
BRKM5.SA,BEAR_CALM,-0.005944953784695416,0,TIME_STOP,17,0.11362244116772531,-0.8816357633886943,10.154943099493153,PRICE,TEST,2024-06
BRKM5.SA,BEAR_CALM,-0.051200000000000044,0,HARD_STOP,2,-1.1118063532336422,-0.749219056013037,23.407407643591558,PRICE,TEST,2024-06
BRKM5.SA,BEAR_CALM,0.2436186422086258,1,END_CLOSED,20,-0.4923137585452504,-1.7319512714230791,17.149137699769344,PRICE,TEST,2024-06
CMIG4.SA,BULL_CALM,-0.0046995587063929575,0,TIME_STOP,12,-0.6197967923832591,0.46851844473908694,2.5644449483067935,PRICE,TRAIN,2024-06
CMIG4.SA,BULL_CALM,-0.007086890991541382,0,TIME_STOP,11,-1.5058818369068043,1.2370427827912966,2.1220498800651195,PRICE,TRAIN,2024-06
CMIG4.SA,BULL_CALM,-0.052860491386434914,0,HARD_STOP,8,-1.391851783307805,0.8510624647084719,2.094401487249207,PRICE,TRAIN,2024-06
CMIG4.SA,SIDEWAYS_VOLATILE,0.00880000000000001,1,STOP_TECNICO,59,-2.773539376730359,0.0036352763576987953,3.9289103093479114,PRICE,TRAIN,2024-06
CMIG4.SA,SIDEWAYS_CALM,-0.051200000000000044,0,HARD_STOP,8,-0.22694240459492956,-1.0457908521587393,4.052050308937402,PRICE,TRAIN,2024-06
CMIG4.SA,BEAR_VOLATILE,-0.00020012539298677073,0,BEAR_OPTIMIZED,1,0.868331167625119,-0.38373815466345573,13.540347771693584,PRICE,TRAIN,2024-06
CMIG4.SA,BEAR_VOLATILE,0.008603933732513093,1,BEAR_OPTIMIZED,1,1.1291975634132219,-1.248416042905719,9.934601054537465,PRICE,TRAIN,2024-06
CMIG4.SA,BEAR_VOLATILE,0.009542179956849674,1,BEAR_OPTIMIZED,1,1.749204635135719,-1.342285996338672,12.676329009302869,PRICE,TRAIN,2024-06
CMIG4.SA,BEAR_CALM,0.014349075080361297,1,BEAR_OPTIMIZED,1,1.2618008776805616,0.27391709691743277,11.796196508864014,PRICE,TRAIN,2024-06
CMIG4.SA,SIDEWAYS_VOLATILE,-0.006030988641303157,0,TIME_STOP,13,0.31942354693894415,0.07160331150762782,5.5266474117210755,PRICE,TEST,2024-06
COGN3.SA,BEAR_VOLATILE,-0.02859730163045706,0,TIME_STOP,12,0.770273774712585,0.9129516104596415,10.206140624233287,PRICE,TRAIN,2024-06
COGN3.SA,BEAR_CALM,0.00880000000000001,1,STOP_TECNICO,11,-0.48448763227008323,-1.43801235613477,20.61085999695583,PRICE,TRAIN,2024-06
COGN3.SA,BEAR_CALM,0.00880000000000001,1,STOP_TECNICO,65,0.1972011789403375,-0.4286898332896661,21.26318479080852,PRICE,TRAIN,2024-06
COGN3.SA,BEAR_VOLATILE,0.7159717746368331,1,BEAR_OPTIMIZED,58,-1.2999269776813926,1.275087820373385,14.537893495699878,PRICE,TRAIN,2024-06
COGN3.SA,BULL_CALM,0.17254519791366238,1,END_CLOSED,49,-0.7160849797662721,-0.11028653586421305,4.476243162874216,PRICE,TEST,2024-06
CMIN3.SA,BEAR_CALM,0.013203197386429812,1,BEAR_OPTIMIZED,10,0.5947427276840366,1.0454595006370677,4.203434000508915,PRICE,TRAIN,2024-06
CMIN3.SA,SIDEWAYS_CALM,-0.03963133340673521,0,TIME_STOP,11,0.19677891251943852,-0.6790630483584518,16.622769596470214,PRICE,TRAIN,2024-06
CMIN3.SA,BEAR_VOLATILE,0.023042617764981933,1,BEAR_OPTIMIZED,2,0.34626261154948446,-1.0884337233511054,16.590144700330683,PRICE,TRAIN,2024-06
CMIN3.SA,BEAR_VOLATILE,0.050134609086162386,1,BEAR_OPTIMIZED,1,0.9195795293967088,0.016891752879251227,15.215231427004625,PRICE,TRAIN,2024-06
CMIN3.SA,BEAR_CALM,0.030735969602060244,1,BEAR_OPTIMIZED,1,1.1089719520468246,-1.441925466075795,2.986079118059474,PRICE,TRAIN,2024-06
CMIN3.SA,SIDEWAYS_CALM,0.24193738823924224,1,SIGNAL,55,0.7764740175772291,-0.057988999915346125,3.272268994675749,PRICE,TRAIN,2024-06
CMIN3.SA,BEAR_CALM,0.000753191292703771,1,BEAR_OPTIMIZED,1,0.2762902621915628,-1.4719847506493449,6.094576764356533,PRICE,TRAIN,2024-06
CMIN3.SA,BEAR_CALM,-0.02694257021502946,0,END_CLOSED,7,0.5043330209522715,-1.6481065329721822,5.170312350028613,PRICE,TRAIN,2024-06
CMIN3.SA,BEAR_CALM,0.031654213378350705,1,BEAR_OPTIMIZED,6,0.5661485557340138,-0.3916677121997337,6.226756698890058,PRICE,TEST,2024-06
CMIN3.SA,BEAR_CALM,0.04236841021379054,1,BEAR_OPTIMIZED,11,-1.1290773213229595,-0.8641346196109446,3.667175469717273,PRICE,TEST,2024-06
CPFE3.SA,BEAR_CALM,0.025726613893738516,1,BEAR_OPTIMIZED,8,1.0129911215332212,0.179945972297512,4.89010344873259,PRICE,TRAIN,2024-06
CPFE3.SA,BEAR_CALM,0.026388445463484046,1,BEAR_OPTIMIZED,7,-1.6399716745433437,-0.028733475793413996,5.47381984451041,PRICE,TRAIN,2024-06
CPFE3.SA,BEAR_CALM,-0.016157916483450684,0,TIME_STOP,12,-1.1207826405735684,0.5498377055161764,5.0256102499362365,PRICE,TRAIN,2024-06
CPFE3.SA,BEAR_CALM,-0.010784640395305044,0,TIME_STOP,11,-1.5039818319094382,0.8715937686239581,4.280158502974496,PRICE,TRAIN,2024-06
CPFE3.SA,BEAR_CALM,0.04771136378313954,1,BEAR_OPTIMIZED,9,-0.567094934162873,0.25363272413819293,2.1489837482664154,PRICE,TRAIN,2024-06
CPFE3.SA,BULL_VOLATILE,0.017069755047658043,1,END_CLOSED,48,0.01870071640525399,0.3801267193546903,11.459002811559998,PRICE,TEST,2024-06
CPLE6.SA,SIDEWAYS_CALM,-0.022120604880441562,0,TIME_STOP,11,-0.12806530373601513,-3.4306630700550165,34.30961849152067,PRICE,TRAIN,2024-06
CPLE6.SA,SIDEWAYS_CALM,-0.010586233025151735,0,TIME_STOP,24,0.5195588050050842,-1.952600951356963,22.75722327837229,PRICE,TRAIN,2024-06
CPLE6.SA,SIDEWAYS_VOLATILE,-0.017329093454646192,0,TIME_STOP,13,0.10031149903079813,-1.0459353214368614,3.646545560273237,PRICE,TRAIN,2024-06
CPLE6.SA,BEAR_CALM,0.0054006012029935505,1,BEAR_OPTIMIZED,1,0.6070769361319365,0.06266076607164804,4.364966769005424,PRICE,TRAIN,2024-06
CPLE6.SA,BEAR_CALM,-0.007859313883740636,0,BEAR_OPTIMIZED,1,-0.5920240901699882,0.3495758695394198,3.847680184746023,PRICE,TRAIN,2024-06
CPLE6.SA,BEAR_CALM,0.030438386542610642,1,BEAR_OPTIMIZED,1,-0.9379200343341755,0.8564745394897589,4.384335175713798,PRICE,TRAIN,2024-06
CPLE6.SA,BEAR_CALM,0.01886681673835531,1,BEAR_OPTIMIZED,1,-0.38835451746565824,0.5717461068343467,3.397302045845058,PRICE,TRAIN,2024-06
CPLE6.SA,BULL_CALM,-0.0020396497909283204,0,TIME_STOP,14,-3.2451772879369107,-0.828791091298405,6.20744027270943,PRICE,TEST,2024-06
CPLE6.SA,BULL_CALM,0.017318540817300533,1,END_CLOSED,20,0.18854801555070003,-0.595458214971399,5.483765490499421,PRICE,TEST,2024-06
CSAN3.SA,BEAR_VOLATILE,-0.002910821625940495,0,TIME_STOP,17,0.9112698430959704,0.7814383181712343,15.864132882280476,PRICE,TRAIN,2024-06
CSAN3.SA,BEAR_CALM,-0.08343976456343241,0,HARD_STOP,8,-0.7584116713717787,-2.1768310475780637,11.338537740160483,PRICE,TRAIN,2024-06
CSAN3.SA,BEAR_VOLATILE,-0.12290754993017652,0,HARD_STOP,2,-2.062297358812918,-0.16113034155837228,13.039208591804961,PRICE,TRAIN,2024-06
CSAN3.SA,BEAR_VOLATILE,-0.05552595419005082,0,HARD_STOP,3,-2.0831000408200984,-1.612382487538582,34.30961849152067,PRICE,TRAIN,2024-06
CSAN3.SA,BEAR_VOLATILE,-0.051200000000000044,0,HARD_STOP,1,-0.5240882970202341,-0.1252256339738978,34.30961849152067,PRICE,TRAIN,2024-06
CSAN3.SA,BEAR_VOLATILE,-0.0544879058522302,0,HARD_STOP,1,-1.6962817628832185,0.16334105777701077,1000.0,PRICE,TRAIN,2024-06
CSAN3.SA,BEAR_VOLATILE,-0.051200000000000155,0,HARD_STOP,7,-1.2695166514347715,-0.2813109401894807,1000.0,PRICE,TRAIN,2024-06
CSAN3.SA,BEAR_VOLATILE,-0.012056472014720397,0,TIME_STOP,11,-2.333764453562307,0.6165381583796921,34.30961849152067,PRICE,TRAIN,2024-06
CSAN3.SA,BEAR_CALM,-0.007668329962676544,0,TIME_STOP,13,-1.3466751599050664,-1.146696378527967,34.30961849152067,PRICE,TRAIN,2024-06
CSAN3.SA,BEAR_VOLATILE,-0.002915223357725337,0,TIME_STOP,11,-0.39497147749378775,1.931314443407515,1000.0,PRICE,TEST,2024-06
CSAN3.SA,BEAR_CALM,-0.05119999999999993,0,HARD_STOP,3,-0.35683983871514197,0.22733401616847979,34.30961849152067,PRICE,TEST,2024-06
CSAN3.SA,BEAR_CALM,0.38213327004939057,1,END_CLOSED,20,0.8177313419102236,-0.49021904597026333,34.30961849152067,PRICE,TEST,2024-06
CSNA3.SA,BEAR_VOLATILE,-0.051200000000000044,0,HARD_STOP,6,-0.5116056765407853,0.5658573682231767,6.610987227594215,PRICE,TRAIN,2024-06
CSNA3.SA,BEAR_CALM,0.19107324322687144,1,BEAR_OPTIMIZED,6,-1.0305663926119433,-1.0827719462267922,7.644175784283193,PRICE,TRAIN,2024-06
CSNA3.SA,BEAR_CALM,-0.06427700969840469,0,HARD_STOP,35,-1.5334012866082973,1.6107822040572168,4.221769020012922,PRICE,TRAIN,2024-06
CSNA3.SA,BEAR_VOLATILE,-0.051200000000000044,0,HARD_STOP,10,0.6444132948991773,-0.14359358237697703,34.30961849152067,PRICE,TRAIN,2024-06
CSNA3.SA,BEAR_VOLATILE,-0.07297026943011689,0,HARD_STOP,1,1.212122759791377,0.3527827893269738,34.30961849152067,PRICE,TRAIN,2024-06
CSNA3.SA,BEAR_VOLATILE,0.00880000000000001,1,STOP_TECNICO,85,0.9243388355529656,0.5963112186242397,1000.0,PRICE,TRAIN,2024-06
CSNA3.SA,BEAR_VOLATILE,0.12362071572233399,1,END_CLOSED,25,-1.314189624034466,1.0913913918620548,7.667596798998711,PRICE,TEST,2024-06
CXSE3.SA,BULL_CALM,-0.005742780639809396,0,TIME_STOP,11,1.7885663890040164,0.055656697381734004,16.124632559526,PRICE,TRAIN,2024-06
CXSE3.SA,SIDEWAYS_VOLATILE,-0.0032688968199148447,0,TIME_STOP,11,1.5176907987332207,0.5144591609882606,13.346054235834908,PRICE,TRAIN,2024-06
CXSE3.SA,SIDEWAYS_CALM,0.13779228459447376,1,SIGNAL,64,1.59491104690604,0.9933422909486959,13.065920305941367,PRICE,TRAIN,2024-06
CXSE3.SA,SIDEWAYS_VOLATILE,-0.005090769762265211,0,TIME_STOP,13,0.12658980936262404,1.7154622208226895,7.413653555976912,PRICE,TRAIN,2024-06
CXSE3.SA,SIDEWAYS_VOLATILE,0.12920391498696046,1,SIGNAL,52,1.203109656825233,1.4960362918204304,6.007218449630589,PRICE,TRAIN,2024-06
CXSE3.SA,SIDEWAYS_CALM,0.05100345451284181,1,SIGNAL,2,-0.8554930425711378,0.28519274448329207,5.225748871820855,PRICE,TRAIN,2024-06
CXSE3.SA,SIDEWAYS_CALM,-0.0005219753847055741,0,END_CLOSED,4,-1.565028141697549,0.5320908238052257,3.521748283708457,PRICE,TRAIN,2024-06
CXSE3.SA,BEAR_CALM,-0.021973645720801648,0,BEAR_OPTIMIZED,1,0.38203420555066586,0.07483124543371869,8.902969081632362,PRICE,TEST,2024-06
CXSE3.SA,BEAR_VOLATILE,0.006152768703090984,1,BEAR_OPTIMIZED,1,0.013175592221539106,0.38684371291886993,13.731257195672256,PRICE,TEST,2024-06
CXSE3.SA,BEAR_CALM,0.005587337132602156,1,BEAR_OPTIMIZED,1,-0.6203374618259605,-1.1448767968088966,25.144617799097148,PRICE,TEST,2024-06
CXSE3.SA,BEAR_CALM,0.006318763944071028,1,BEAR_OPTIMIZED,1,-0.7017544368945831,-1.4560614874281277,17.099421256465277,PRICE,TEST,2024-06
CVCB3.SA,BEAR_VOLATILE,0.47833211400590614,1,BEAR_OPTIMIZED,108,0.343169480294936,0.7456888898972943,3.79196789352802,PRICE,TRAIN,2024-06
CVCB3.SA,BEAR_VOLATILE,-0.051200000000000044,0,HARD_STOP,4,0.21339217594605822,0.6340966133243771,34.30961849152067,PRICE,TRAIN,2024-06
CVCB3.SA,BULL_CALM,-0.00552900030777672,0,TIME_STOP,18,-2.7146758923054284,1.774829144966964,2.85345211470031,PRICE,TEST,2024-06
CVCB3.SA,SIDEWAYS_CALM,-0.010861826846140142,0,TIME_STOP,12,-1.6393147129740266,-1.3498170356411885,3.1484668967887615,PRICE,TEST,2024-06
DIRR3.SA,BULL_CALM,-0.04432116784634701,0,STOP_TECNICO,10,1.1670035933045098,1.6355955975622134,6.323295022785465,PRICE,TRAIN,2024-06
DIRR3.SA,BULL_VOLATILE,-0.0015544385947426009,0,STOP_TECNICO,10,1.0862507866633186,-0.4263593701510418,5.049445413369899,PRICE,TRAIN,2024-06
DIRR3.SA,SIDEWAYS_VOLATILE,-0.03522255066107962,0,TIME_STOP,21,0.9442101560813594,0.8192356468500077,5.3130439802835525,PRICE,TRAIN,2024-06
DIRR3.SA,BEAR_VOLATILE,0.009521713077030515,1,BEAR_OPTIMIZED,1,0.05688904993986105,-0.22709757628448368,17.577840651706325,PRICE,TRAIN,2024-06
DIRR3.SA,SIDEWAYS_CALM,0.2633792802771012,1,SIGNAL,69,-1.6236922566220382,-1.6240828173922768,9.858538330421307,PRICE,TRAIN,2024-06
DIRR3.SA,BULL_CALM,-0.00579179622041328,0,TIME_STOP,13,-1.4709216519341899,0.23034407894842346,8.254130223555922,PRICE,TEST,2024-06
CYRE3.SA,BEAR_VOLATILE,-0.006608307107176435,0,TIME_STOP,11,0.2135169445219732,-0.9545425627381476,5.98459897545213,PRICE,TRAIN,2024-06
CYRE3.SA,BEAR_VOLATILE,-0.04048165792833582,0,TIME_STOP,11,0.4311689217040621,-0.8892376428986498,23.102404961730848,PRICE,TRAIN,2024-06
CYRE3.SA,BEAR_VOLATILE,-0.012063033925716303,0,TIME_STOP,11,-1.2908324172439174,-0.8328467621944159,34.30961849152067,PRICE,TRAIN,2024-06
CYRE3.SA,BULL_CALM,-0.028064477223206395,0,TIME_STOP,11,-0.8348252455094524,0.7653064362115247,1.7043615333259088,PRICE,TEST,2024-06
CYRE3.SA,BULL_CALM,0.13286678424763262,1,SIGNAL,8,-1.0169315835827322,1.3220482264612663,2.6785321945884744,PRICE,TEST,2024-06
ECOR3.SA,BEAR_VOLATILE,-0.051200000000000044,0,HARD_STOP,1,-0.6572264263026099,-2.8131645721442498,11.195724840662848,PRICE,TRAIN,2024-06
ECOR3.SA,BEAR_VOLATILE,-0.052825202687405,0,HARD_STOP,6,-0.08180409221652392,-3.6233632360628243,23.865560101469526,PRICE,TRAIN,2024-06
ECOR3.SA,BEAR_VOLATILE,-0.0790031211881598,0,HARD_STOP,2,0.06963281511887702,-1.5257101513547122,1000.0,PRICE,TRAIN,2024-06
ECOR3.SA,BEAR_VOLATILE,-0.051200000000000044,0,HARD_STOP,11,0.2737789795606804,-1.3771941387622002,1000.0,PRICE,TRAIN,2024-06
ECOR3.SA,BEAR_VOLATILE,0.47089293605074023,1,BEAR_OPTIMIZED,96,0.25451502637773954,-0.5924901167551059,34.30961849152067,PRICE,TRAIN,2024-06
ECOR3.SA,BULL_CALM,0.2049447987566265,1,SIGNAL,37,0.8332035246996168,0.5852208819399888,4.134507206698055,PRICE,TEST,2024-06
EGIE3.SA,BULL_CALM,-0.011574407985511036,0,TIME_STOP,12,2.1619430707843965,-1.0408297347007918,4.476466087378347,PRICE,TRAIN,2024-06
EGIE3.SA,BULL_CALM,-0.011222752440918325,0,TIME_STOP,11,1.1424048602141503,-0.08518921574023154,5.321700914673837,PRICE,TRAIN,2024-06
EGIE3.SA,SIDEWAYS_CALM,-0.04501624270561735,0,TIME_STOP,11,0.05195609248928648,0.7444155158718903,9.58893596365254,PRICE,TRAIN,2024-06
EGIE3.SA,SIDEWAYS_VOLATILE,-0.01541336299884901,0,TIME_STOP,12,-0.5700761942562007,1.366920995970591,34.30961849152067,PRICE,TRAIN,2024-06
EGIE3.SA,SIDEWAYS_CALM,-0.03719604229598452,0,TIME_STOP,12,1.4484725771593032,-1.8707444210647013,32.50163872740615,PRICE,TRAIN,2024-06
EGIE3.SA,BEAR_VOLATILE,-0.051200000000000044,0,HARD_STOP,3,-1.529437891981769,-0.3049605700058931,32.81727898378664,PRICE,TRAIN,2024-06
EGIE3.SA,BEAR_VOLATILE,-0.033193587815838276,0,TIME_STOP,13,-0.9688754065148557,0.7785730016998706,30.756179264883173,PRICE,TRAIN,2024-06
EGIE3.SA,BEAR_CALM,-0.009903021181902803,0,TIME_STOP,11,-1.978335858342036,1.385497120159374,34.30961849152067,PRICE,TRAIN,2024-06
EGIE3.SA,BEAR_VOLATILE,0.11402055783036888,1,BEAR_OPTIMIZED,71,-0.006247954507930338,0.5325033444068903,34.30961849152067,PRICE,TRAIN,2024-06
EGIE3.SA,BULL_VOLATILE,-0.03329995382370123,0,TIME_STOP,12,0.6366869478563653,-0.9455142258023805,6.1617504181316285,PRICE,TEST,2024-06
EGIE3.SA,SIDEWAYS_VOLATILE,0.014844149710687572,1,END_CLOSED,21,0.6536400640495906,-0.03452707863155663,7.505197159140424,PRICE,TEST,2024-06
ELET6.SA,BEAR_CALM,-0.004913589155990737,0,TIME_STOP,11,0.7342729745356028,-0.22662164899684548,1000.0,PRICE,TRAIN,2024-06
ELET6.SA,BEAR_CALM,-0.006460408652308368,0,TIME_STOP,15,-0.47131588705989624,0.88948687107045,23.729919188000448,PRICE,TRAIN,2024-06
ELET6.SA,BEAR_CALM,0.07674240690976405,1,BEAR_OPTIMIZED,40,-0.7751322865216169,-0.09459238492132524,8.861341831735631,PRICE,TRAIN,2024-06
ELET6.SA,SIDEWAYS_CALM,-0.038263030546086506,0,TIME_STOP,11,-0.020932365688428458,-0.9725749068175196,32.869416687655914,PRICE,TEST,2024-06
ELET3.SA,BEAR_CALM,-0.03579029920397316,0,TIME_STOP,16,0.7468034647114631,-0.5922416653455547,1000.0,PRICE,TRAIN,2024-06
ELET3.SA,BEAR_CALM,-0.0032849606542030493,0,TIME_STOP,16,0.01114711916231404,0.3896487812960676,12.412153610646078,PRICE,TRAIN,2024-06
ELET3.SA,BULL_CALM,-0.03165811194471115,0,TIME_STOP,11,-0.4693566685346237,-1.3283361628056773,16.151938458050306,PRICE,TEST,2024-06
EMBR3.SA,BULL_CALM,0.25001016265189235,1,SIGNAL,33,-0.438556434857009,0.34767420811029975,3.167181282963079,PRICE,TRAIN,2024-06
EMBR3.SA,BULL_CALM,-0.020296108716246118,0,TIME_STOP,13,-2.018850773310926,-0.05757135326010066,8.870946831619092,PRICE,TRAIN,2024-06
EMBR3.SA,BULL_CALM,0.15386450587320852,1,SIGNAL,1,0.6807239898590778,0.9312161862308724,3.5957365634975216,PRICE,TRAIN,2024-06
EMBR3.SA,BULL_CALM,-0.005025672651080469,0,TIME_STOP,13,-0.5674982894461609,-2.4425179808195296,2.952825708474684,PRICE,TRAIN,2024-06
EMBR3.SA,BULL_VOLATILE,-0.09689020501558412,0,HARD_STOP,7,0.11221379336319157,-0.37421068023920867,10.697305196263873,PRICE,TRAIN,2024-06
EMBR3.SA,BULL_VOLATILE,-0.02489899793121799,0,TIME_STOP,13,0.42572262061475524,1.421093145948246,8.517373222767674,PRICE,TRAIN,2024-06
EMBR3.SA,BULL_CALM,-0.01616405190877581,0,END_CLOSED,7,0.9790978824655877,1.2169765223132123,11.00281090612365,PRICE,TRAIN,2024-06
EMBR3.SA,BULL_VOLATILE,0.00880000000000001,1,STOP_TECNICO,9,1.1893549090373143,0.2887280315141652,9.831109655330037,PRICE,TEST,2024-06
ENEV3.SA,SIDEWAYS_CALM,0.08421502277598689,1,SIGNAL,9,-2.207421206264712,0.2039793691820727,2.415261204153524,PRICE,TRAIN,2024-06
ENEV3.SA,SIDEWAYS_VOLATILE,-0.0312158071896498,0,TIME_STOP,11,1.6858822415833927,-0.33225278474052006,9.900265421311461,PRICE,TRAIN,2024-06
ENEV3.SA,BEAR_VOLATILE,-0.00722407018189488,0,TIME_STOP,11,2.931044719585092,-0.4242492002304577,1000.0,PRICE,TRAIN,2024-06
ENEV3.SA,BEAR_VOLATILE,-0.00734579862937159,0,TIME_STOP,12,0.22966338752322168,0.24870490398083564,1000.0,PRICE,TRAIN,2024-06
ENEV3.SA,BEAR_VOLATILE,-0.11365353275171022,0,HARD_STOP,10,1.5939414665048761,1.2083986574412922,1000.0,PRICE,TRAIN,2024-06
ENEV3.SA,BEAR_VOLATILE,-0.0030744571340826296,0,TIME_STOP,13,1.2405473318645523,-0.5824515466286349,26.807057698555486,PRICE,TRAIN,2024-06
ENEV3.SA,BULL_CALM,0.05182464674700569,1,SIGNAL,11,-0.7358999253222774,-0.8692806928024875,3.7855803255681466,PRICE,TEST,2024-06
EZTC3.SA,BEAR_VOLATILE,-0.032064336433528594,0,TIME_STOP,13,0.06340406267593493,-0.23883172474921524,13.971891526187346,PRICE,TRAIN,2024-06
EZTC3.SA,BEAR_VOLATILE,-0.01880883960408277,0,TIME_STOP,11,-0.9338349020044945,-0.6606009721958792,34.30961849152067,PRICE,TRAIN,2024-06
EZTC3.SA,SIDEWAYS_CALM,0.08405342903077692,1,SIGNAL,11,-0.6211128622615475,-0.073597925182413,1.1841004907251251,PRICE,TEST,2024-06
ENGI11.SA,BEAR_VOLATILE,-0.0025605797556939244,0,TIME_STOP,11,1.0762351997119646,1.0758731638088315,3.9222640303694365,PRICE,TRAIN,2024-06
ENGI11.SA,BEAR_VOLATILE,-0.0025800023123741175,0,TIME_STOP,13,1.0160313667603542,-0.2647929823746049,13.815478307905968,PRICE,TRAIN,2024-06
ENGI11.SA,BEAR_CALM,-0.051200000000000044,0,HARD_STOP,11,0.25022529749385225,0.5700823195727578,16.486881611233045,PRICE,TRAIN,2024-06
ENGI11.SA,BEAR_CALM,-0.01456907996578096,0,TIME_STOP,15,0.3423542490291991,0.5519011908550635,29.068327496971705,PRICE,TRAIN,2024-06
ENGI11.SA,BEAR_CALM,-0.05875213158454475,0,HARD_STOP,13,-0.8726675897122669,0.5747007590675228,19.004545723118838,PRICE,TRAIN,2024-06
ENGI11.SA,BEAR_VOLATILE,-0.051200000000000044,0,HARD_STOP,11,-1.190947319188637,0.5422080981626461,18.458736836169077,PRICE,TRAIN,2024-06
ENGI11.SA,BEAR_VOLATILE,0.16401807868433313,1,BEAR_OPTIMIZED,65,-1.9178513390394787,0.38895979813592063,19.342870307949426,PRICE,TRAIN,2024-06
ENGI11.SA,BULL_CALM,0.0735745208460635,1,SIGNAL,22,-0.711689098354439,0.10687998059847179,2.5218823192839213,PRICE,TEST,2024-06
EQTL3.SA,BEAR_CALM,-0.01916801687698335,0,TIME_STOP,11,0.6976890885703662,1.0604695142160698,4.510415181777443,PRICE,TRAIN,2024-06
EQTL3.SA,BEAR_VOLATILE,-0.051200000000000044,0,HARD_STOP,10,0.7974980460999338,1.436217652035343,10.549611829917598,PRICE,TRAIN,2024-06
EQTL3.SA,BEAR_VOLATILE,0.1515381767154199,1,BEAR_OPTIMIZED,35,-2.0842558751873366,0.6884956005335162,1000.0,PRICE,TRAIN,2024-06
EQTL3.SA,BULL_CALM,-0.0014911088187157461,0,TIME_STOP,11,-1.3457920690809209,0.4302625072462926,5.913475374719839,PRICE,TEST,2024-06
FLRY3.SA,BEAR_CALM,-0.051200000000000044,0,HARD_STOP,7,0.19505770274782191,0.554998376354923,1000.0,PRICE,TRAIN,2024-06
FLRY3.SA,BEAR_VOLATILE,-0.0026367834148757416,0,TIME_STOP,12,-0.5355275299675184,-2.037146963666248,34.30961849152067,PRICE,TRAIN,2024-06
FLRY3.SA,BEAR_VOLATILE,-0.009508167391165577,0,TIME_STOP,11,-0.2736468005214218,0.3860605908544914,33.583558749132905,PRICE,TRAIN,2024-06
FLRY3.SA,BEAR_VOLATILE,-0.006966129889644089,0,TIME_STOP,12,0.3510387015229128,1.4349258539984937,32.65770129107435,PRICE,TRAIN,2024-06
FLRY3.SA,BEAR_VOLATILE,-0.060646192233301054,0,HARD_STOP,7,-1.3812043575090636,0.8155332067263174,22.01184830447295,PRICE,TRAIN,2024-06
FLRY3.SA,BEAR_VOLATILE,-0.02074114884859548,0,TIME_STOP,16,-2.149490470003198,0.3610447910721057,21.407261521735492,PRICE,TRAIN,2024-06
GGBR4.SA,BEAR_VOLATILE,0.08211452765001978,1,BEAR_OPTIMIZED,14,0.854934271617637,-1.2237301681499981,8.837749195054162,PRICE,TRAIN,2024-06
GGBR4.SA,BEAR_VOLATILE,-0.015633976419195415,0,TIME_STOP,11,1.1736152012463748,1.264695853328649,19.09857132519537,PRICE,TRAIN,2024-06
GGBR4.SA,BEAR_CALM,-0.04707689074182544,0,TIME_STOP,20,0.8569976388178984,-0.23801242154603558,19.32890184991567,PRICE,TRAIN,2024-06
GGBR4.SA,BEAR_VOLATILE,-0.0037916052252858976,0,TIME_STOP,34,1.2731246639933937,-0.7220750701173437,24.74723724626279,PRICE,TRAIN,2024-06
GGBR4.SA,BEAR_VOLATILE,-0.042295983558321114,0,STOP_TECNICO,1,1.0739909861969523,0.49628739012700784,34.30961849152067,PRICE,TRAIN,2024-06
GGBR4.SA,BEAR_VOLATILE,-0.011761007584627524,0,TIME_STOP,16,-0.14261246142783865,-1.0463004888260334,10.955161309976484,PRICE,TRAIN,2024-06
GGBR4.SA,BEAR_CALM,-0.0038990263302639758,0,STOP_TECNICO,1,-0.06276584445274958,-0.18596661261345449,12.511514041786318,PRICE,TRAIN,2024-06
GGBR4.SA,BEAR_CALM,0.10045014411618167,1,END_CLOSED,25,-0.07400895428131422,0.13409171400910108,11.373431544245767,PRICE,TRAIN,2024-06
GOAU4.SA,SIDEWAYS_CALM,0.10228232026026127,1,SIGNAL,52,0.5780186820327776,-0.41588433139847886,10.470601119145595,PRICE,TRAIN,2024-06
GOAU4.SA,SIDEWAYS_VOLATILE,0.12392421715235166,1,SIGNAL,14,-0.50699051208245,-1.751430284057975,3.996282890430555,PRICE,TRAIN,2024-06
GOAU4.SA,SIDEWAYS_VOLATILE,-0.05119999999999993,0,HARD_STOP,9,0.16326265857063404,0.504453247275425,10.784400847237906,PRICE,TRAIN,2024-06
GOAU4.SA,BEAR_VOLATILE,-0.0022547886334810738,0,TIME_STOP,23,1.4179150658836253,0.1582869229478108,31.26726281678755,PRICE,TRAIN,2024-06
GOAU4.SA,BEAR_CALM,-0.05234834792510314,0,HARD_STOP,8,0.4791863851604873,0.837948451462808,31.04843146371152,PRICE,TRAIN,2024-06
GOAU4.SA,BEAR_VOLATILE,0.006534341982832183,1,STOP_TECNICO,34,1.3388526562610865,0.4144085176329381,34.30961849152067,PRICE,TRAIN,2024-06
GOAU4.SA,BEAR_CALM,-0.029865896324093,0,STOP_TECNICO,1,-0.3234777794637643,-1.1408500427779615,3.142504365535837,PRICE,TRAIN,2024-06
GOAU4.SA,BEAR_VOLATILE,0.05007878216483128,1,STOP_TECNICO,1,1.1498976789185638,0.6537148609734359,1000.0,PRICE,TRAIN,2024-06
GOAU4.SA,BEAR_VOLATILE,0.009225950567347853,1,STOP_TECNICO,1,-0.1796620192346863,0.029119443187886066,26.018971035327816,PRICE,TRAIN,2024-06
GOAU4.SA,BEAR_VOLATILE,-0.002387791475459998,0,TIME_STOP,16,-0.24124867106710488,0.6124529872450195,12.340022153194813,PRICE,TRAIN,2024-06
GOAU4.SA,BEAR_CALM,1.2207387786712437e-05,1,STOP_TECNICO,1,0.5276679897495412,0.5944821134263747,11.259530066028375,PRICE,TRAIN,2024-06
GOAU4.SA,BEAR_CALM,0.020831876083405733,1,STOP_TECNICO,1,-0.44769963772107935,-0.03098899565248244,14.869677194963733,PRICE,TRAIN,2024-06
GOAU4.SA,BEAR_CALM,0.014157131752009368,1,STOP_TECNICO,4,-0.03050124907236226,0.5488222243160893,13.23492282230858,PRICE,TRAIN,2024-06
HYPE3.SA,BEAR_CALM,0.15533432709218484,1,BEAR_OPTIMIZED,26,-0.9392468115295041,0.679660724227191,2.8018389311178318,PRICE,TRAIN,2024-06
HYPE3.SA,BEAR_CALM,-0.006048858909033415,0,TIME_STOP,16,-0.8899973099978487,0.6985787010056138,7.4883377119231165,PRICE,TRAIN,2024-06
HYPE3.SA,BEAR_CALM,-0.051200000000000044,0,HARD_STOP,4,0.8191103487437366,1.2453642560678073,15.866488067220029,PRICE,TRAIN,2024-06
HYPE3.SA,BEAR_CALM,-0.07728690525839202,0,HARD_STOP,3,0.6894679123695532,-1.3840528042719813,31.588065702853143,PRICE,TRAIN,2024-06
HYPE3.SA,BEAR_VOLATILE,-0.05119999999999993,0,HARD_STOP,2,1.8139976248107055,-0.16675874722157488,34.30961849152067,PRICE,TRAIN,2024-06
HYPE3.SA,BEAR_VOLATILE,-0.02244576052159577,0,TIME_STOP,13,1.591977649709669,-0.01765684014209238,34.30961849152067,PRICE,TRAIN,2024-06
HYPE3.SA,BEAR_VOLATILE,-0.052521203800654746,0,HARD_STOP,10,0.28513168956901763,0.17455936448995388,34.30961849152067,PRICE,TRAIN,2024-06
HYPE3.SA,BEAR_VOLATILE,-0.05578662163793704,0,HARD_STOP,1,0.4147243877571053,0.4203933499380245,1000.0,PRICE,TRAIN,2024-06
HYPE3.SA,BEAR_VOLATILE,-0.004384843665375192,0,TIME_STOP,15,0.20834582703658203,0.7043485449459566,34.30961849152067,PRICE,TRAIN,2024-06
HYPE3.SA,BULL_CALM,-0.006580513192253966,0,TIME_STOP,11,-0.30830603755153685,-0.2883970866895855,13.846061329364398,PRICE,TEST,2024-06
HYPE3.SA,BULL_CALM,-0.051200000000000044,0,HARD_STOP,1,-1.3505358778036727,-1.3602732445177677,5.8967243729626775,PRICE,TEST,2024-06
HYPE3.SA,BULL_VOLATILE,0.02378907293890551,1,END_CLOSED,27,-0.4092928045635693,-1.0124852662814288,34.30961849152067,PRICE,TEST,2024-06
HAPV3.SA,BEAR_VOLATILE,-0.04319471228871232,0,TIME_STOP,11,0.06315590412167782,1.345483373475847,12.541700354025286,PRICE,TRAIN,2024-06
HAPV3.SA,BEAR_CALM,-0.05241291269250938,0,HARD_STOP,3,-0.6283199685312083,1.8542126234941694,34.30961849152067,PRICE,TRAIN,2024-06
HAPV3.SA,BEAR_CALM,-0.06571611700344518,0,HARD_STOP,3,-1.124184140561645,-0.11325487839433221,1000.0,PRICE,TRAIN,2024-06
HAPV3.SA,BEAR_VOLATILE,-0.051200000000000044,0,HARD_STOP,6,-1.623819678343222,0.9695337434231176,1000.0,PRICE,TRAIN,2024-06
HAPV3.SA,BEAR_VOLATILE,-0.051200000000000044,0,HARD_STOP,2,-0.8638047439540557,2.1063020871540217,1000.0,PRICE,TRAIN,2024-06
HAPV3.SA,BEAR_VOLATILE,-0.07610636846814048,0,HARD_STOP,4,-1.1265978804105203,1.0318631796603701,1000.0,PRICE,TRAIN,2024-06
HAPV3.SA,BEAR_VOLATILE,-0.14726738041352463,0,HARD_STOP,6,0.8848069257264892,1.602025906286729,34.30961849152067,PRICE,TRAIN,2024-06
HAPV3.SA,BEAR_VOLATILE,-0.06786672318070022,0,HARD_STOP,11,-1.4140701357767052,0.2857898983761779,34.30961849152067,PRICE,TRAIN,2024-06
HAPV3.SA,BEAR_VOLATILE,-0.051200000000000044,0,HARD_STOP,5,-2.5216610965936765,0.6389945071922128,32.5342320998523,PRICE,TRAIN,2024-06
HAPV3.SA,BEAR_CALM,0.32334745594275993,1,BEAR_OPTIMIZED,39,-1.2972378789655379,0.4428151357827493,33.56083469706187,PRICE,TEST,2024-06
IGTI11.SA,BEAR_CALM,-0.01811545318669574,0,TIME_STOP,13,0.055387617055906044,-1.945732607020659,9.735350531656424,PRICE,TRAIN,2024-06
IGTI11.SA,BEAR_VOLATILE,-0.051200000000000044,0,HARD_STOP,6,-0.6494988491555795,1.1203308460587276,8.652846987149093,PRICE,TRAIN,2024-06
IGTI11.SA,BEAR_VOLATILE,-0.06127442252422923,0,HARD_STOP,9,-0.4916435222140985,0.8129765363482679,16.38220561109633,PRICE,TRAIN,2024-06
IGTI11.SA,BEAR_VOLATILE,-0.025213713413014392,0,TIME_STOP,11,-0.5805710750728771,1.6575093484721182,34.30961849152067,PRICE,TRAIN,2024-06
IGTI11.SA,BEAR_VOLATILE,0.17280991637263518,1,BEAR_OPTIMIZED,99,-1.5251356034611263,-0.5345918381648863,34.30961849152067,PRICE,TRAIN,2024-06
IGTI11.SA,BULL_CALM,-0.009674590730483067,0,TIME_STOP,11,-0.723706947966546,-0.4787565343056289,5.890283775298832,PRICE,TEST,2024-06
IRBR3.SA,BEAR_CALM,-0.05288386958619697,0,HARD_STOP,6,1.3272520673823138,0.6149965153666027,20.994304572252243,PRICE,TRAIN,2024-06
IRBR3.SA,BEAR_CALM,-0.051200000000000044,0,HARD_STOP,6,1.9932836756742298,1.1762659382509761,5.971677924354886,PRICE,TRAIN,2024-06
IRBR3.SA,BEAR_CALM,0.03698182511763135,1,BEAR_OPTIMIZED,9,-0.953970900516382,1.3419349143450623,4.506846582284108,PRICE,TEST,2024-06
ITSA4.SA,SIDEWAYS_CALM,-0.022313454452187263,0,TIME_STOP,11,0.5530616861117772,-1.1873468818549302,7.433290144220671,PRICE,TRAIN,2024-06
ITSA4.SA,BEAR_VOLATILE,0.0050499501379891246,1,BEAR_OPTIMIZED,1,0.03905818982961926,-0.7816713832194958,1000.0,PRICE,TRAIN,2024-06
ITSA4.SA,BEAR_VOLATILE,0.021478101173512655,1,BEAR_OPTIMIZED,1,0.659055700350133,-1.0149855181590546,34.30961849152067,PRICE,TRAIN,2024-06
ITSA4.SA,BEAR_VOLATILE,0.0020361197398513844,1,BEAR_OPTIMIZED,3,-0.35655914041606607,-1.119279084442954,22.364501893208114,PRICE,TRAIN,2024-06
ITSA4.SA,SIDEWAYS_VOLATILE,-0.07496072203350126,0,HARD_STOP,8,-0.3533179424422227,0.22437160967172554,13.778505843717287,PRICE,TRAIN,2024-06
ITSA4.SA,BEAR_VOLATILE,-0.031881956780694186,0,TIME_STOP,11,-1.7983484120504618,1.6828963363044163,24.60228718731986,PRICE,TRAIN,2024-06
ITSA4.SA,BEAR_VOLATILE,0.04013169456491559,1,BEAR_OPTIMIZED,7,-1.991013092474298,0.002211130028504231,33.78315443518022,PRICE,TRAIN,2024-06
ITSA4.SA,BULL_CALM,0.10420789460624444,1,SIGNAL,41,0.17679128532037647,1.5287789254664024,4.760056000550498,PRICE,TEST,2024-06
ITUB4.SA,BULL_CALM,-0.018491048513901508,0,TIME_STOP,13,0.324989554518305,-0.3240051987965599,5.495485316291679,PRICE,TRAIN,2024-06
ITUB4.SA,BEAR_VOLATILE,0.010008023912528509,1,BEAR_OPTIMIZED,1,-0.6371572239821508,0.5116550568641366,34.30961849152067,PRICE,TRAIN,2024-06
ITUB4.SA,SIDEWAYS_VOLATILE,-0.021623755671998944,0,TIME_STOP,12,0.28834240128384886,0.7203739089693001,15.615737788782821,PRICE,TRAIN,2024-06
ITUB4.SA,BEAR_VOLATILE,0.005274524263946569,1,BEAR_OPTIMIZED,3,-2.0568119773617735,0.8691524049841226,22.414002677196823,PRICE,TRAIN,2024-06
ITUB4.SA,BEAR_VOLATILE,0.011727535361883847,1,BEAR_OPTIMIZED,10,-2.1334555483323174,0.41044240342130345,28.74486273084836,PRICE,TRAIN,2024-06
ITUB4.SA,BEAR_VOLATILE,-0.01739035935060975,0,BEAR_OPTIMIZED,1,-1.7477081643249495,0.06764194168643797,17.79987404838296,PRICE,TRAIN,2024-06
ITUB4.SA,BEAR_VOLATILE,-0.0005516847039258798,0,BEAR_OPTIMIZED,1,-0.2753461473627247,-0.9188498158169549,25.0260816596288,PRICE,TRAIN,2024-06
ITUB4.SA,BULL_VOLATILE,0.10131637551213454,1,END_CLOSED,48,-0.2848515666813216,1.6057560384511462,4.638719346618765,PRICE,TEST,2024-06
KLBN11.SA,SIDEWAYS_CALM,-0.01897128807797046,0,TIME_STOP,17,-0.9916299807552226,-2.2707047567858876,6.205930815290979,PRICE,TRAIN,2024-06
KLBN11.SA,SIDEWAYS_CALM,0.00880000000000001,1,STOP_TECNICO,24,-1.5614170975880433,0.654385510642262,7.808658917105924,PRICE,TRAIN,2024-06
KLBN11.SA,SIDEWAYS_CALM,-0.005479730734947473,0,TIME_STOP,12,0.7263907297659228,-0.6853010541518013,9.476618696340713,PRICE,TRAIN,2024-06
KLBN11.SA,BEAR_VOLATILE,-0.0035365190205655303,0,TIME_STOP,16,2.1912293609843343,-1.020241879790474,1000.0,PRICE,TRAIN,2024-06
KLBN11.SA,BEAR_CALM,-0.026278220430272524,0,STOP_TECNICO,5,0.5349740281575021,-0.5490137934364631,31.131284710366202,PRICE,TRAIN,2024-06
KLBN11.SA,BEAR_VOLATILE,-0.021074396956532702,0,STOP_TECNICO,10,-0.17048492415638503,0.9195944902844295,1000.0,PRICE,TRAIN,2024-06
KLBN11.SA,BEAR_VOLATILE,0.049323232666010776,1,END_CLOSED,45,-0.7922344540220335,0.010059670508069956,34.30961849152067,PRICE,TRAIN,2024-06
LREN3.SA,BEAR_VOLATILE,-0.018699993385464707,0,STOP_TECNICO,50,-1.3576275378249743,0.2268690108509154,34.30961849152067,PRICE,TRAIN,2024-06
LREN3.SA,BEAR_VOLATILE,0.2805281780219303,1,BEAR_OPTIMIZED,57,-0.35906064335159565,-2.259548624681485,6.167468144967242,PRICE,TRAIN,2024-06
LREN3.SA,BULL_CALM,-0.051200000000000044,0,HARD_STOP,4,0.5555546697765777,0.22342605743492772,8.386856643594456,PRICE,TEST,2024-06
LREN3.SA,BULL_VOLATILE,-0.02148632595212343,0,TIME_STOP,12,1.7862226299671728,0.4883070147381673,4.545137896004916,PRICE,TEST,2024-06
LREN3.SA,BULL_CALM,-0.051200000000000044,0,HARD_STOP,3,1.3257828605408934,-0.16374625094708656,12.544447652116569,PRICE,TEST,2024-06
LREN3.SA,BULL_CALM,0.012857521134972717,1,END_CLOSED,13,-0.46418312180379345,0.28598182558400503,23.286087906466282,PRICE,TEST,2024-06
LWSA3.SA,BEAR_VOLATILE,-0.051200000000000044,0,HARD_STOP,3,-0.33864065163886126,-0.6618996127494292,10.282537628630326,PRICE,TRAIN,2024-06
LWSA3.SA,BEAR_VOLATILE,-0.051200000000000155,0,HARD_STOP,7,-0.4796020777312954,-0.8591093909031103,21.051585015776013,PRICE,TRAIN,2024-06
LWSA3.SA,BEAR_CALM,-0.07262852009119161,0,HARD_STOP,6,-0.8052345122376412,0.474269145204711,22.167134050069627,PRICE,TRAIN,2024-06
LWSA3.SA,BEAR_CALM,-0.013778644053792609,0,TIME_STOP,15,0.4647267547871079,-0.13354009125979902,17.523378760336602,PRICE,TRAIN,2024-06
LWSA3.SA,BEAR_CALM,-0.07710756392936982,0,HARD_STOP,5,-0.8733634611539904,-0.3298096973301921,6.169788253249137,PRICE,TRAIN,2024-06
LWSA3.SA,BEAR_VOLATILE,-0.016351548414739535,0,TIME_STOP,13,0.6857032803142359,-0.7852390586007651,15.76364406847268,PRICE,TRAIN,2024-06
LWSA3.SA,BEAR_CALM,-0.005060966061092985,0,TIME_STOP,11,-0.6541979824296751,-0.5549272096592917,12.404508686449915,PRICE,TRAIN,2024-06
LWSA3.SA,BULL_CALM,0.13858486526489364,1,SIGNAL,9,0.15860201392079465,0.6528697255385991,4.265364751692354,PRICE,TEST,2024-06
MRVE3.SA,BEAR_VOLATILE,-0.051200000000000044,0,HARD_STOP,1,-1.1198051705816972,-0.8598598129335805,1000.0,PRICE,TRAIN,2024-06
MRVE3.SA,BEAR_VOLATILE,0.00880000000000001,1,STOP_TECNICO,15,-1.8361337877292327,-1.962814816905391,1000.0,PRICE,TRAIN,2024-06
MRVE3.SA,BEAR_VOLATILE,0.3114385312316693,1,END_CLOSED,98,0.8079041076692393,-0.3191397897154381,5.309766186891319,PRICE,TRAIN,2024-06
MGLU3.SA,BEAR_VOLATILE,-0.13522070860747074,0,HARD_STOP,2,-0.7850462045360027,1.2946176545019252,2.6835026176939945,PRICE,TRAIN,2024-06
MGLU3.SA,BEAR_VOLATILE,-0.06566993692542614,0,HARD_STOP,3,0.5525721438004181,1.6785263961700438,20.307278480140184,PRICE,TRAIN,2024-06
MGLU3.SA,BEAR_VOLATILE,-0.051200000000000044,0,HARD_STOP,6,-0.9826582211673748,1.5086337480361385,34.30961849152067,PRICE,TRAIN,2024-06
MGLU3.SA,BEAR_VOLATILE,0.00880000000000001,1,STOP_TECNICO,7,-1.1396625159161973,0.010482015705007862,1000.0,PRICE,TRAIN,2024-06
MGLU3.SA,BEAR_VOLATILE,-0.05646316862687519,0,HARD_STOP,7,-0.8254507441318097,-0.44332323242116106,6.530026660403318,PRICE,TEST,2024-06
MGLU3.SA,BEAR_CALM,-0.06387406964120526,0,HARD_STOP,9,-0.7575131549690699,-0.1194727789910072,30.02511421441596,PRICE,TEST,2024-06
MGLU3.SA,BEAR_CALM,0.28823560697024153,1,END_CLOSED,21,-1.0656866055810965,1.1259774924578991,34.30961849152067,PRICE,TEST,2024-06
MULT3.SA,BEAR_VOLATILE,-0.037491941310729214,0,TIME_STOP,12,1.6129617534333658,-0.9315679429558913,34.30961849152067,PRICE,TRAIN,2024-06
MULT3.SA,BEAR_VOLATILE,-0.033416725646774025,0,TIME_STOP,11,0.3470147741961028,0.6248523987020029,34.30961849152067,PRICE,TRAIN,2024-06
MULT3.SA,BEAR_VOLATILE,0.00880000000000001,1,STOP_TECNICO,56,-0.19188785121623686,-0.4756921590544946,34.30961849152067,PRICE,TRAIN,2024-06
MULT3.SA,BULL_CALM,-0.0035668676771474436,0,TIME_STOP,14,0.772186997423725,-0.529024738427928,3.163313302751272,PRICE,TEST,2024-06
PCAR3.SA,BEAR_VOLATILE,0.2976929636079998,1,BEAR_OPTIMIZED,12,0.7859671831243388,-0.001563537884744104,6.688969982958302,PRICE,TEST,2024-06
PETR3.SA,BULL_CALM,0.13905082814829237,1,SIGNAL,24,0.04549154636740246,0.32840633295203614,5.297203053324193,PRICE,TRAIN,2024-06
PETR3.SA,BULL_CALM,-0.003224427535952888,0,TIME_STOP,25,0.6810480626995502,1.031102652574044,4.558668385523805,PRICE,TRAIN,2024-06
PETR3.SA,SIDEWAYS_CALM,-0.007303727242421697,0,TIME_STOP,11,-0.03763615070363698,1.1118663248931857,3.5318506671944743,PRICE,TRAIN,2024-06
PETR3.SA,BULL_CALM,-0.05191360736128916,0,HARD_STOP,6,-1.5611792587805238,-0.516105968148748,3.7144470601130846,PRICE,TRAIN,2024-06
PETR3.SA,SIDEWAYS_VOLATILE,0.00880000000000001,1,STOP_TECNICO,25,-1.1799644752935077,-0.7533474744833156,8.00440021690446,PRICE,TRAIN,2024-06
PETR3.SA,BEAR_VOLATILE,-0.051200000000000044,0,HARD_STOP,2,-0.10384930077159875,0.5584114708373786,23.86237974126711,PRICE,TRAIN,2024-06
PETR3.SA,BEAR_VOLATILE,-0.032276718405158354,0,STOP_TECNICO,2,1.4018582037775509,-0.11046615407384186,34.30961849152067,PRICE,TRAIN,2024-06
PETR3.SA,BEAR_VOLATILE,-0.03519085527221446,0,STOP_TECNICO,8,0.0403185877286181,1.0791792645310487,34.30961849152067,PRICE,TRAIN,2024-06
PETR3.SA,BEAR_VOLATILE,0.07213960056543764,1,BEAR_OPTIMIZED,7,0.32731018761074276,1.4623109151354066,34.30961849152067,PRICE,TRAIN,2024-06
PETR3.SA,BEAR_CALM,-0.01675483870774499,0,STOP_TECNICO,8,1.2350222738294754,0.797429480679086,13.209058879255263,PRICE,TRAIN,2024-06
PETR3.SA,BEAR_CALM,-0.006619145387350887,0,STOP_TECNICO,1,1.2158550839750868,-0.5758385033482926,25.899148535016604,PRICE,TRAIN,2024-06
PETR3.SA,BEAR_CALM,-0.012487347149640969,0,TIME_STOP,11,0.8650385259056534,-2.79316440123964,7.447775112429764,PRICE,TEST,2024-06
PETR4.SA,BULL_CALM,-0.051200000000000044,0,HARD_STOP,6,1.1592953732077167,0.6587250315738123,6.509521353168166,PRICE,TRAIN,2024-06
PETR4.SA,SIDEWAYS_CALM,-0.005072896060759245,0,TIME_STOP,12,1.2788932494005685,-1.874745792914181,4.748142043248094,PRICE,TRAIN,2024-06
PETR4.SA,SIDEWAYS_CALM,-0.0240966110795904,0,TIME_STOP,11,0.4496934099262487,0.8737523931565714,4.9652490568568,PRICE,TRAIN,2024-06
PETR4.SA,SIDEWAYS_CALM,0.12987333976218438,1,SIGNAL,33,0.30739746943519786,0.8047957698064566,6.940062938056428,PRICE,TRAIN,2024-06
PETR4.SA,SIDEWAYS_CALM,-0.0032219781579253745,0,STOP_TECNICO,30,-0.9687463241646179,-0.6909459808447869,5.331540614587141,PRICE,TRAIN,2024-06
PETR4.SA,BEAR_VOLATILE,-0.0633621822166214,0,HARD_STOP,1,-1.2862057492257795,-0.3952559806049594,16.27289192214873,PRICE,TRAIN,2024-06
PETR4.SA,BEAR_VOLATILE,-0.00985635442624646,0,TIME_STOP,15,0.787952372271657,-0.2822848670906443,1000.0,PRICE,TRAIN,2024-06
PETR4.SA,BEAR_VOLATILE,0.06589373961765319,1,BEAR_OPTIMIZED,7,-0.4747076415881443,0.05680928900502175,34.30961849152067,PRICE,TRAIN,2024-06
PETR4.SA,BEAR_CALM,-0.014157036796947263,0,STOP_TECNICO,4,-2.011706363122208,-0.8183288296557002,14.518744249817118,PRICE,TRAIN,2024-06
PETR4.SA,BEAR_CALM,0.005023324740514347,1,BEAR_OPTIMIZED,3,1.1784499764513303,-1.7031075131809446,6.088180424420945,PRICE,TEST,2024-06
PETR4.SA,BEAR_CALM,0.010528921927538716,1,BEAR_OPTIMIZED,10,-1.1574788253262511,-2.163237369051926,6.01077732538145,PRICE,TEST,2024-06
PRIO3.SA,BEAR_VOLATILE,0.01238435908629807,1,BEAR_OPTIMIZED,2,1.177730262118157,-1.2099682755596963,7.852949941275069,PRICE,TRAIN,2024-06
PRIO3.SA,BEAR_CALM,-0.051200000000000044,0,HARD_STOP,11,0.006136153866186089,0.16998648127686486,8.287502618111205,PRICE,TRAIN,2024-06
PRIO3.SA,BEAR_CALM,-0.051200000000000044,0,HARD_STOP,2,0.8294651009223075,-0.967712767566061,7.9292866743705215,PRICE,TRAIN,2024-06
PRIO3.SA,BEAR_CALM,-0.0037412573824331594,0,TIME_STOP,40,1.3489287293951049,0.3331969099909724,12.388138424352825,PRICE,TRAIN,2024-06
PRIO3.SA,BEAR_CALM,-0.05674126719752661,0,HARD_STOP,11,0.4683460334857901,0.5353347660314534,3.0144297194069902,PRICE,TRAIN,2024-06
PRIO3.SA,BEAR_VOLATILE,-0.01565001649088473,0,STOP_TECNICO,29,-1.3184983591443236,-2.3559486440565673,8.853165170937645,PRICE,TRAIN,2024-06
PRIO3.SA,BEAR_VOLATILE,-0.009970166091971565,0,STOP_TECNICO,1,0.5137466958060282,-2.5308533450882047,15.523363479804146,PRICE,TRAIN,2024-06
PRIO3.SA,BEAR_VOLATILE,-0.028483682414375176,0,STOP_TECNICO,1,0.6497529316218694,-1.3794716229587294,9.695968524878255,PRICE,TRAIN,2024-06
PRIO3.SA,BEAR_VOLATILE,0.1830104856733746,1,BEAR_OPTIMIZED,42,-0.8168141505022042,-0.6612336351411061,7.493900494581931,PRICE,TRAIN,2024-06
PRIO3.SA,BULL_CALM,-0.051200000000000155,0,HARD_STOP,11,-2.547039759595521,-0.24153284794748142,4.590007361464603,PRICE,TEST,2024-06
PRIO3.SA,SIDEWAYS_CALM,-0.051200000000000044,0,HARD_STOP,7,1.0321811171940878,0.5465632525939605,7.583720728741694,PRICE,TEST,2024-06
PRIO3.SA,BEAR_VOLATILE,-0.04389253680163709,0,TIME_STOP,11,1.5927442410895594,1.3720236102546925,14.010947877651716,PRICE,TEST,2024-06
RADL3.SA,BEAR_CALM,-0.01951939932040305,0,TIME_STOP,16,-1.0605922722106134,-1.4110766884555954,14.384084011524264,PRICE,TRAIN,2024-06
RADL3.SA,BEAR_CALM,0.061453620852973546,1,BEAR_OPTIMIZED,8,-1.4434423012523332,0.7421404618889825,17.41426931212252,PRICE,TRAIN,2024-06
RADL3.SA,BEAR_CALM,-0.01660576377079761,0,TIME_STOP,14,-1.5588374851222393,2.1607979789609826,7.125628720031629,PRICE,TRAIN,2024-06
RADL3.SA,BEAR_VOLATILE,-0.01553696488874614,0,TIME_STOP,12,-2.2208927954246667,0.20164631654261575,4.34540643515268,PRICE,TRAIN,2024-06
RADL3.SA,BEAR_VOLATILE,-0.051200000000000044,0,HARD_STOP,2,-0.8307565619873453,0.8101508737636028,11.37817401858428,PRICE,TRAIN,2024-06
RADL3.SA,BEAR_VOLATILE,-0.009314663418428813,0,TIME_STOP,11,-1.0566750139778216,-0.7959499102133927,34.30961849152067,PRICE,TRAIN,2024-06
RADL3.SA,BEAR_CALM,-0.05119999999999993,0,HARD_STOP,9,0.23823081374151872,0.5440040275281203,25.362163949317637,PRICE,TRAIN,2024-06
RADL3.SA,BEAR_VOLATILE,-0.051200000000000155,0,HARD_STOP,2,-0.7866216223999243,1.0346912860168966,15.527568891625688,PRICE,TRAIN,2024-06
RADL3.SA,BEAR_VOLATILE,-0.051200000000000044,0,HARD_STOP,2,-0.375619385187329,-0.051698648734261714,13.617034100310917,PRICE,TRAIN,2024-06
RADL3.SA,BEAR_VOLATILE,-0.06522870137760042,0,HARD_STOP,63,-0.9771794510360141,-0.0487001437909372,30.004084962504457,PRICE,TRAIN,2024-06
RADL3.SA,BEAR_VOLATILE,-0.05599442544553792,0,HARD_STOP,2,1.941058553815028,-1.642341610530364,9.273278543648198,PRICE,TRAIN,2024-06
RADL3.SA,BEAR_VOLATILE,-0.03025405139828765,0,TIME_STOP,14,1.3836259734335008,-2.229107527650994,34.30961849152067,PRICE,TRAIN,2024-06
RAIL3.SA,BEAR_VOLATILE,-0.008775721787243528,0,TIME_STOP,15,1.2407122777634472,0.8153297051788512,21.021378395511448,PRICE,TRAIN,2024-06
RAIL3.SA,BEAR_CALM,0.00880000000000001,1,STOP_TECNICO,25,0.09133050823320495,-0.17803651347275817,1000.0,PRICE,TRAIN,2024-06
RAIL3.SA,BEAR_VOLATILE,-0.015059307512004814,0,TIME_STOP,13,-1.1274360366252887,-1.7789945686256445,5.174738839019556,PRICE,TRAIN,2024-06
RAIL3.SA,BEAR_VOLATILE,-0.034185107057588614,0,TIME_STOP,11,-0.9355765501165559,0.0683714234462547,4.029953797904652,PRICE,TRAIN,2024-06
RAIL3.SA,BEAR_VOLATILE,-0.051200000000000155,0,HARD_STOP,5,-1.1474194615357391,0.2036677263499153,7.602607496526993,PRICE,TRAIN,2024-06
RAIL3.SA,BEAR_VOLATILE,-0.003556980105460149,0,STOP_TECNICO,39,-1.569429613136522,0.8669756745533473,24.44285053374682,PRICE,TRAIN,2024-06
RAIL3.SA,BEAR_CALM,-0.051200000000000044,0,HARD_STOP,3,0.5134832273293406,-0.12883531605094667,6.268806993664934,PRICE,TRAIN,2024-06
RAIL3.SA,BEAR_VOLATILE,-0.018057355590403022,0,TIME_STOP,11,-0.05760531656242333,0.5970139286051409,4.009030453936298,PRICE,TEST,2024-06
RAIL3.SA,BEAR_CALM,-0.02662375094155136,0,TIME_STOP,12,-0.0072566093580176535,-4.676006436041552,18.13161520103972,PRICE,TEST,2024-06
RAIL3.SA,BEAR_VOLATILE,0.0008534351369265736,1,END_CLOSED,14,-0.5110168047736022,-2.023520433450389,34.30961849152067,PRICE,TEST,2024-06
RAIZ4.SA,BEAR_CALM,-0.07926692701856777,0,HARD_STOP,5,-0.6892123262610598,-1.004457354902241,23.529139060275938,PRICE,TRAIN,2024-06
RAIZ4.SA,BEAR_VOLATILE,-0.017199984741210893,0,TIME_STOP,18,0.4652166242754297,0.3800995100705419,1000.0,PRICE,TRAIN,2024-06
RAIZ4.SA,BEAR_CALM,-0.05404557415651192,0,HARD_STOP,5,-0.5444766608610486,-1.289185552707415,17.122742861587117,PRICE,TRAIN,2024-06
RAIZ4.SA,BEAR_VOLATILE,-0.024135757240897802,0,TIME_STOP,11,-1.3460041715703666,-0.5701642430159425,34.30961849152067,PRICE,TRAIN,2024-06
RAIZ4.SA,BEAR_VOLATILE,-0.055121576648068514,0,HARD_STOP,12,-0.7082210391162919,-0.11724251400429318,34.30961849152067,PRICE,TRAIN,2024-06
RAIZ4.SA,BEAR_VOLATILE,-0.051200000000000044,0,HARD_STOP,7,-1.0251198265123178,-0.20795993796962972,28.53127501914406,PRICE,TRAIN,2024-06
RAIZ4.SA,BEAR_VOLATILE,-0.051200000000000044,0,HARD_STOP,7,-2.395585695646242,0.8961558496723113,24.26272250017578,PRICE,TRAIN,2024-06
RAIZ4.SA,BEAR_VOLATILE,-0.00708234716633218,0,STOP_TECNICO,42,-0.30670018070965904,-2.1313443106392502,18.720548157521442,PRICE,TRAIN,2024-06
RAIZ4.SA,BEAR_VOLATILE,-0.051200000000000044,0,HARD_STOP,8,-0.7558183754568097,0.8102642881728602,22.42139698919655,PRICE,TEST,2024-06
RAIZ4.SA,BEAR_CALM,-0.06594822611858411,0,HARD_STOP,3,-0.15502788321137523,-2.259782057901421,34.30961849152067,PRICE,TEST,2024-06
RAIZ4.SA,BEAR_VOLATILE,-0.13343147172434558,0,HARD_STOP,2,0.0053742225848811345,0.09389195025904905,1000.0,PRICE,TEST,2024-06
RAIZ4.SA,BEAR_VOLATILE,0.2968769936149668,1,END_CLOSED,20,-0.6764048558345417,-0.9525727098395071,1000.0,PRICE,TEST,2024-06
RDOR3.SA,SIDEWAYS_CALM,-0.051200000000000044,0,HARD_STOP,8,-0.7130052261294714,0.7045459299661062,29.214210495143888,PRICE,TRAIN,2024-06
RDOR3.SA,BEAR_VOLATILE,-0.008640601261707646,0,TIME_STOP,13,-0.6330426185729279,-0.30147842698181315,26.67898429327512,PRICE,TRAIN,2024-06
RDOR3.SA,BEAR_CALM,-0.051200000000000155,0,HARD_STOP,7,-0.8315561635225153,0.04235378849714774,13.499025624758751,PRICE,TRAIN,2024-06
RDOR3.SA,BEAR_CALM,0.09680161551165697,1,BEAR_OPTIMIZED,21,-1.3417326809432442,0.15542775924000168,15.225169718417387,PRICE,TRAIN,2024-06
RDOR3.SA,BULL_CALM,-0.01997655776620135,0,TIME_STOP,11,-0.7811698432713416,0.3868532473109655,7.530876384876951,PRICE,TEST,2024-06
RECV3.SA,BEAR_VOLATILE,-0.026691134234467027,0,TIME_STOP,12,2.82494511296264,0.7805248319991746,6.143933451718398,PRICE,TRAIN,2024-06
RECV3.SA,BEAR_CALM,-0.011922209591548681,0,TIME_STOP,15,0.9901808369438769,-0.1676963090309261,1000.0,PRICE,TRAIN,2024-06
RECV3.SA,BEAR_CALM,-0.041897793989202035,0,TIME_STOP,11,0.5955400321728739,1.1062676408731331,34.30961849152067,PRICE,TRAIN,2024-06
RECV3.SA,BEAR_CALM,-0.024232579490703808,0,TIME_STOP,14,1.2473133628048394,1.1453071946922582,5.413057812653238,PRICE,TRAIN,2024-06
RECV3.SA,BEAR_VOLATILE,-0.051200000000000155,0,HARD_STOP,4,-0.2079709890333218,-1.8231353772510914,1.8331557188284586,PRICE,TRAIN,2024-06
RECV3.SA,BEAR_VOLATILE,-0.028607360216557874,0,TIME_STOP,14,0.3525600939654578,-0.7278259835134568,8.881045442978463,PRICE,TRAIN,2024-06
RECV3.SA,BEAR_VOLATILE,0.21588464225872359,1,END_CLOSED,32,-0.24901909069180234,1.3087069405107226,34.30961849152067,PRICE,TRAIN,2024-06
RECV3.SA,BEAR_CALM,-0.017424207980889415,0,TIME_STOP,11,-0.12950918806044445,-1.2399777840580484,9.912360749742172,PRICE,TEST,2024-06
RECV3.SA,BEAR_CALM,-0.051200000000000044,0,HARD_STOP,9,-0.6888902605276758,0.012670845533335612,11.496544007580871,PRICE,TEST,2024-06
RECV3.SA,BEAR_CALM,0.03854045208030175,1,END_CLOSED,19,-2.8387556412803225,-0.5340699179951559,34.30961849152067,PRICE,TEST,2024-06
RENT3.SA,BEAR_VOLATILE,-0.08311335213958373,0,HARD_STOP,7,0.8305747588565275,1.0099779573813776,1000.0,PRICE,TRAIN,2024-06
RENT3.SA,BEAR_VOLATILE,-0.008270432639831758,0,TIME_STOP,11,0.4038952921981163,-0.580435313332823,34.30961849152067,PRICE,TRAIN,2024-06
RENT3.SA,BEAR_VOLATILE,0.00880000000000001,1,STOP_TECNICO,39,-0.9504038236467921,-0.4865687122540573,1000.0,PRICE,TRAIN,2024-06
RENT3.SA,BEAR_CALM,0.40110534254381525,1,BEAR_OPTIMIZED,46,1.4089942045964376,1.5342633069390887,3.609836106927347,PRICE,TRAIN,2024-06
RENT3.SA,SIDEWAYS_VOLATILE,-0.04168019324755481,0,TIME_STOP,11,-0.011357726964965485,0.13429658048277773,15.010783834933905,PRICE,TEST,2024-06
RENT3.SA,BEAR_CALM,-0.055566740299783056,0,HARD_STOP,10,-1.5581509173222683,-0.5998204432734552,34.30961849152067,PRICE,TEST,2024-06
SBSP3.SA,BULL_VOLATILE,-0.006361424405577652,0,TIME_STOP,11,0.5698944970109308,0.4847480764290257,5.206788905588114,PRICE,TRAIN,2024-06
SBSP3.SA,SIDEWAYS_VOLATILE,-0.018055234517345163,0,TIME_STOP,11,1.0899575121011904,0.6583413761062415,5.333192254750499,PRICE,TRAIN,2024-06
SBSP3.SA,SIDEWAYS_CALM,0.1650457668218782,1,SIGNAL,77,-0.08864099035209382,0.9018752443879726,6.30748241936815,PRICE,TRAIN,2024-06
SBSP3.SA,BULL_CALM,-0.022241240510335956,0,TIME_STOP,11,0.45396957674679533,-1.4232658999655352,2.762296748029226,PRICE,TEST,2024-06
SANB11.SA,SIDEWAYS_CALM,-0.03843984012762094,0,TIME_STOP,13,0.5731799126116615,-2.226708481214166,21.854347070197225,PRICE,TRAIN,2024-06
SANB11.SA,BEAR_VOLATILE,-0.018543211536032687,0,TIME_STOP,11,2.169719415891058,-1.595456337994136,1000.0,PRICE,TRAIN,2024-06
SANB11.SA,BEAR_VOLATILE,-0.054559474045384214,0,HARD_STOP,12,-0.11889170207702827,-1.6410065596422532,18.401504211535133,PRICE,TRAIN,2024-06
SANB11.SA,BEAR_VOLATILE,-0.006297737083231135,0,TIME_STOP,11,-1.0225140372308241,0.001659803341569672,34.30961849152067,PRICE,TRAIN,2024-06
SANB11.SA,BEAR_CALM,0.154480660512979,1,BEAR_OPTIMIZED,26,-1.1926022980659698,1.011900164669667,20.04350678467214,PRICE,TRAIN,2024-06
SANB11.SA,SIDEWAYS_VOLATILE,-0.01720616784718567,0,TIME_STOP,11,0.19343526383812515,0.10319293316755208,7.395846662087575,PRICE,TEST,2024-06
SANB11.SA,SIDEWAYS_CALM,-0.014137630587704252,0,TIME_STOP,13,-0.4698442123703655,-0.05953783796364163,16.381429380216968,PRICE,TEST,2024-06
SLCE3.SA,BEAR_CALM,-0.01325520610508215,0,TIME_STOP,11,-0.5739002910261877,-0.10144909324105994,7.761413738363932,PRICE,TRAIN,2024-06
SLCE3.SA,BEAR_CALM,0.0817947706713554,1,BEAR_OPTIMIZED,9,-0.6812009523274603,1.0879114861852512,10.923413465139417,PRICE,TRAIN,2024-06
SLCE3.SA,BEAR_CALM,0.07227665924544477,1,BEAR_OPTIMIZED,11,0.653273619065055,0.22742512276060156,2.9514320828217433,PRICE,TRAIN,2024-06
SLCE3.SA,SIDEWAYS_CALM,-0.03197790255060642,0,TIME_STOP,11,0.05150983778857588,0.20093804837930015,5.514555929998988,PRICE,TEST,2024-06
SLCE3.SA,BEAR_CALM,-0.005241552890161837,0,TIME_STOP,12,-0.7526149805681568,-0.4648758523035708,9.165583378310277,PRICE,TEST,2024-06
SLCE3.SA,BEAR_CALM,0.0023293803495519697,1,END_CLOSED,5,-1.129375902275796,-0.024689640077333673,11.741052834138616,PRICE,TEST,2024-06
SMFT3.SA,BEAR_CALM,0.005842382978332374,1,BEAR_OPTIMIZED,5,0.24821127494305886,0.5633627673511539,4.240110376645026,PRICE,TRAIN,2024-06
SMFT3.SA,BEAR_CALM,-0.051200000000000044,0,HARD_STOP,6,0.8796476818311822,-0.3872614767920251,4.730314262754909,PRICE,TRAIN,2024-06
SMFT3.SA,BEAR_CALM,0.026340498540108205,1,BEAR_OPTIMIZED,3,1.2349819554129806,0.22030561887872854,4.0162098147561345,PRICE,TRAIN,2024-06
SMFT3.SA,BEAR_CALM,-0.06225770767450558,0,HARD_STOP,11,1.23138539658229,-0.6756817200700911,3.066107849785501,PRICE,TRAIN,2024-06
SMFT3.SA,BEAR_VOLATILE,-0.08863141995579873,0,HARD_STOP,3,0.39601137736939634,0.6512357357702641,8.1429490501251,PRICE,TRAIN,2024-06
SMFT3.SA,BEAR_VOLATILE,-0.00738681798350984,0,TIME_STOP,13,-0.5517391514695056,0.023115084059481733,33.31619981414658,PRICE,TRAIN,2024-06
SMFT3.SA,BEAR_VOLATILE,-0.029705003081287006,0,TIME_STOP,11,-0.768812817256051,1.2032015104289457,30.007374404969195,PRICE,TRAIN,2024-06
SMFT3.SA,BULL_VOLATILE,-0.0281390891381045,0,TIME_STOP,11,0.8069044698803735,-0.12624943769938454,7.383121655652929,PRICE,TEST,2024-06
SUZB3.SA,SIDEWAYS_CALM,-0.022155430232603045,0,TIME_STOP,11,0.5617767626408208,-0.6775293358391524,15.188482948527197,PRICE,TRAIN,2024-06
SUZB3.SA,SIDEWAYS_CALM,-0.026840984437851233,0,TIME_STOP,11,-0.3019682483640158,0.765539439758942,34.30961849152067,PRICE,TRAIN,2024-06
SUZB3.SA,BEAR_CALM,-0.051200000000000044,0,HARD_STOP,2,-2.176643323641236,-0.194013611014084,34.30961849152067,PRICE,TRAIN,2024-06
SUZB3.SA,BEAR_CALM,-0.009048388863683997,0,TIME_STOP,13,-1.2578652897949791,0.07228763597814211,34.30961849152067,PRICE,TRAIN,2024-06
SUZB3.SA,BEAR_CALM,-0.016145886810989517,0,TIME_STOP,11,-0.5980133278879441,0.0023711210543552893,16.789791788878983,PRICE,TRAIN,2024-06
SUZB3.SA,BEAR_CALM,0.0549486009307921,1,END_CLOSED,8,-1.366438992385795,-1.072737632595564,5.334353165383079,PRICE,TRAIN,2024-06
TAEE11.SA,SIDEWAYS_CALM,-0.0146762648829152,0,TIME_STOP,16,-0.8130682953767336,-0.6234560541402151,1.3008158418457432,PRICE,TRAIN,2024-06
TAEE11.SA,SIDEWAYS_VOLATILE,-0.003927353137225274,0,TIME_STOP,12,-2.8021267110002097,1.112202876593618,2.4942860864842205,PRICE,TRAIN,2024-06
TAEE11.SA,SIDEWAYS_CALM,0.0578225085929994,1,SIGNAL,49,-2.5643184105616643,1.5728060999652886,4.6344774705282115,PRICE,TRAIN,2024-06
TAEE11.SA,SIDEWAYS_CALM,-0.011558228603728037,0,TIME_STOP,11,0.3581862082054853,-0.36932790877993293,5.123828413239646,PRICE,TEST,2024-06
TAEE11.SA,SIDEWAYS_CALM,0.04710293583922529,1,SIGNAL,12,0.8092993927817684,1.7850362820517345,7.456898488682381,PRICE,TEST,2024-06
TIMS3.SA,BEAR_VOLATILE,0.01654762182876799,1,BEAR_OPTIMIZED,1,-0.5619227817444927,0.36500217546546765,13.46652489448238,PRICE,TRAIN,2024-06
TIMS3.SA,BEAR_CALM,0.015143920379159327,1,BEAR_OPTIMIZED,3,-0.45003527095164253,-0.658951377691789,17.253530552417406,PRICE,TRAIN,2024-06
TIMS3.SA,BEAR_CALM,-0.0018197626012988121,0,BEAR_OPTIMIZED,1,-1.4557925476727325,-0.24230122609195687,34.30961849152067,PRICE,TRAIN,2024-06
TIMS3.SA,BEAR_VOLATILE,0.005519633697622962,1,BEAR_OPTIMIZED,1,-1.3095112434551006,-1.222972020061137,17.696978625117417,PRICE,TRAIN,2024-06
TIMS3.SA,BEAR_CALM,-0.031151117979530206,0,BEAR_OPTIMIZED,2,-0.85274623151983,-0.8135349138681762,20.627523316752843,PRICE,TRAIN,2024-06
TIMS3.SA,BEAR_CALM,-0.051200000000000044,0,HARD_STOP,2,-1.3260326072490967,-0.5118711127413739,23.091501217284154,PRICE,TRAIN,2024-06
TIMS3.SA,BEAR_CALM,0.007555354534834004,1,BEAR_OPTIMIZED,1,-0.21861711406820028,-0.1057083052902174,20.955754941670317,PRICE,TRAIN,2024-06
TIMS3.SA,BEAR_CALM,-0.01982199274851839,0,BEAR_OPTIMIZED,4,-0.39357285369342676,-0.3632486542313771,16.81308299225913,PRICE,TRAIN,2024-06
TIMS3.SA,BEAR_CALM,-0.03644470147096581,0,TIME_STOP,11,-0.6319390706748349,0.6732810898062922,19.371016394400318,PRICE,TRAIN,2024-06
TIMS3.SA,BEAR_VOLATILE,-0.051200000000000155,0,HARD_STOP,8,-1.6625328169450015,0.7787147117709093,9.176533926782659,PRICE,TRAIN,2024-06
TIMS3.SA,BULL_VOLATILE,0.13123392378605966,1,END_CLOSED,49,1.5733122313583359,-0.3839623314191979,8.788165459372404,PRICE,TEST,2024-06
TOTS3.SA,BEAR_CALM,-0.020444468501233735,0,TIME_STOP,11,1.1885895096815895,-0.6423580187078763,5.099966745819911,PRICE,TRAIN,2024-06
TOTS3.SA,BEAR_VOLATILE,0.10599547585602162,1,BEAR_OPTIMIZED,4,-0.7463587160471141,1.166204315417303,7.536265349449105,PRICE,TRAIN,2024-06
TOTS3.SA,BEAR_VOLATILE,0.057557231263695476,1,BEAR_OPTIMIZED,12,0.626305293757839,-0.14084677234069165,5.401004120550309,PRICE,TRAIN,2024-06
TOTS3.SA,BEAR_VOLATILE,-0.008350914306619404,0,TIME_STOP,15,-0.6183675917476834,0.039434717475840944,5.004693361639071,PRICE,TRAIN,2024-06
TOTS3.SA,BEAR_VOLATILE,0.10063763332763562,1,BEAR_OPTIMIZED,7,0.5852003976099904,0.8821909908409337,6.557439155231331,PRICE,TRAIN,2024-06
TOTS3.SA,BULL_CALM,-0.009841388575477804,0,TIME_STOP,23,-1.247419425507855,-0.7813579495050882,7.4996612659914135,PRICE,TEST,2024-06
TOTS3.SA,BULL_CALM,0.03567630952410603,1,END_CLOSED,20,0.9126528934749681,-1.0396778830837932,2.559603126648503,PRICE,TEST,2024-06
UGPA3.SA,BEAR_VOLATILE,-0.01908292460002916,0,TIME_STOP,13,-0.7562787706978568,1.3520044397054016,6.126219405773258,PRICE,TRAIN,2024-06
UGPA3.SA,BEAR_CALM,-0.051200000000000044,0,HARD_STOP,5,-0.20495536586031463,-0.7281100534687919,13.46513973205579,PRICE,TRAIN,2024-06
UGPA3.SA,BEAR_VOLATILE,-0.08287650024335716,0,HARD_STOP,3,1.3376118009351925,0.41058443334511946,20.736816681730886,PRICE,TRAIN,2024-06
UGPA3.SA,BEAR_VOLATILE,-0.07307325863330175,0,HARD_STOP,13,0.7751387602149167,0.6736932468394428,28.793118360308018,PRICE,TRAIN,2024-06
UGPA3.SA,BEAR_VOLATILE,-0.044276923274968925,0,TIME_STOP,11,-0.2565542652667135,0.29245040297263986,34.30961849152067,PRICE,TRAIN,2024-06
UGPA3.SA,BEAR_VOLATILE,-0.051200000000000044,0,HARD_STOP,2,-0.40531800377970256,1.7771245887134133,33.93850048967282,PRICE,TRAIN,2024-06
UGPA3.SA,BEAR_VOLATILE,0.14301856221104123,1,BEAR_OPTIMIZED,30,2.6194929858670273,0.2313635547922661,4.993100012157091,PRICE,TEST,2024-06
USIM5.SA,BEAR_CALM,-0.1568175543690862,0,HARD_STOP,3,0.5436847761593432,-1.7071411195776398,4.354232927014611,PRICE,TRAIN,2024-06
USIM5.SA,BEAR_VOLATILE,0.0039635473500533105,1,STOP_TECNICO,35,0.708865495566246,-1.372272099857247,27.750126640642524,PRICE,TRAIN,2024-06
USIM5.SA,BEAR_CALM,0.00880000000000001,1,STOP_TECNICO,85,-0.04500839566206317,0.9011783738166865,14.902345488847711,PRICE,TRAIN,2024-06
USIM5.SA,BEAR_VOLATILE,-0.0756274586871544,0,HARD_STOP,11,-1.0867295909625871,0.5125937237112337,31.260114360644945,PRICE,TRAIN,2024-06
USIM5.SA,BEAR_VOLATILE,0.06027534976688718,1,END_CLOSED,149,-0.47663076857646985,0.35966108979495104,1000.0,PRICE,TRAIN,2024-06
VALE3.SA,BEAR_CALM,-0.01991198001540386,0,TIME_STOP,13,0.9308505765777403,0.33121522004629705,13.742430542840836,PRICE,TRAIN,2024-06
VALE3.SA,BEAR_CALM,-0.005075337077766882,0,TIME_STOP,22,0.3315836429764608,1.0563486811321094,8.034683909911609,PRICE,TRAIN,2024-06
VALE3.SA,BEAR_CALM,0.14612145496991932,1,BEAR_OPTIMIZED,16,0.5395287306882554,-0.23580094222395712,8.252949071058026,PRICE,TRAIN,2024-06
VALE3.SA,BEAR_CALM,-0.005943701350563345,0,TIME_STOP,12,-0.3465302064065196,-0.1511062202536065,6.892913189528443,PRICE,TRAIN,2024-06
VALE3.SA,BEAR_VOLATILE,-0.005766165849125947,0,TIME_STOP,17,0.8564611407442622,-1.149672324130339,17.141929651194015,PRICE,TRAIN,2024-06
VALE3.SA,BEAR_CALM,0.10345332561684314,1,BEAR_OPTIMIZED,24,-0.55947003769575,0.5364890725692024,11.24176427568208,PRICE,TRAIN,2024-06
VALE3.SA,BEAR_VOLATILE,0.125832503034449,1,BEAR_OPTIMIZED,37,0.29371470957117035,-0.550339558068282,9.72070456886795,PRICE,TRAIN,2024-06
VBBR3.SA,BEAR_CALM,0.01414902676130634,1,BEAR_OPTIMIZED,1,0.3498897635992564,-1.755907831174991,27.488272961501544,PRICE,TRAIN,2024-06
VBBR3.SA,BEAR_CALM,-0.051200000000000044,0,HARD_STOP,1,-1.1543454116516967,0.3062837641897865,20.59602994620906,PRICE,TRAIN,2024-06
VBBR3.SA,BEAR_VOLATILE,0.028211687283818156,1,BEAR_OPTIMIZED,8,-0.0676671472201799,-0.10003967840014787,19.204266143152328,PRICE,TRAIN,2024-06
VBBR3.SA,BEAR_VOLATILE,-0.0601681211023837,0,HARD_STOP,4,-1.8999305073701187,-0.41763661278250114,13.392622798574747,PRICE,TRAIN,2024-06
VBBR3.SA,BEAR_VOLATILE,-0.036710815810852025,0,TIME_STOP,11,-1.4251797563483513,0.5702903518996513,34.30961849152067,PRICE,TRAIN,2024-06
VBBR3.SA,BEAR_VOLATILE,-0.025548784490561992,0,TIME_STOP,12,-0.4863522442467461,0.3423220889179184,34.30961849152067,PRICE,TRAIN,2024-06
VBBR3.SA,BEAR_CALM,0.00880000000000001,1,STOP_TECNICO,25,-0.7842115192410866,0.7389460957987284,28.950287437866717,PRICE,TRAIN,2024-06
VBBR3.SA,BULL_CALM,0.14200987088970515,1,SIGNAL,37,1.1903989954695828,-0.17441686467364984,16.114634448236533,PRICE,TEST,2024-06
VIVT3.SA,SIDEWAYS_CALM,-0.021434742005077688,0,TIME_STOP,13,-1.1326977985677626,-0.5953732659290092,7.776623566624652,PRICE,TRAIN,2024-06
VIVT3.SA,BEAR_VOLATILE,0.01324954847456681,1,BEAR_OPTIMIZED,4,-1.1753009235678182,-1.5308993089500307,8.658759097691643,PRICE,TRAIN,2024-06
VIVT3.SA,BEAR_VOLATILE,0.013191529926146785,1,BEAR_OPTIMIZED,1,-0.9782597397438104,-0.61499866815651,9.600394539193259,PRICE,TRAIN,2024-06
VIVT3.SA,BEAR_VOLATILE,0.005414031383221697,1,BEAR_OPTIMIZED,4,-1.981446910115563,0.21138208459698027,9.989869283753157,PRICE,TRAIN,2024-06
VIVT3.SA,BULL_CALM,0.08126717050744334,1,SIGNAL,15,0.9836816422625562,1.4056364020673275,15.151988388045925,PRICE,TEST,2024-06
WEGE3.SA,BULL_CALM,0.00880000000000001,1,STOP_TECNICO,38,-0.4760398075777587,-0.09832871687400584,2.865032198679096,PRICE,TRAIN,2024-06
WEGE3.SA,BULL_CALM,0.00880000000000001,1,STOP_TECNICO,24,1.0475879684826523,1.8719796365866928,4.6743877503901725,PRICE,TRAIN,2024-06
WEGE3.SA,BULL_CALM,-0.01931784925533355,0,TIME_STOP,14,-0.08121496952834506,-2.8205073715247617,3.0915829139195057,PRICE,TRAIN,2024-06
WEGE3.SA,BULL_CALM,-0.08890254999104966,0,HARD_STOP,9,1.165966603876524,-0.608033137408379,3.508633805480916,PRICE,TRAIN,2024-06
WEGE3.SA,BEAR_VOLATILE,-0.008965012831360884,0,BEAR_OPTIMIZED,1,1.276883622516908,-1.136911847921278,9.704879004878068,PRICE,TRAIN,2024-06
WEGE3.SA,BEAR_VOLATILE,0.0116755828036069,1,BEAR_OPTIMIZED,1,0.39580602597119646,-1.0330901104802603,17.21276358777803,PRICE,TRAIN,2024-06
WEGE3.SA,BEAR_VOLATILE,-0.0012,0,BEAR_OPTIMIZED,1,1.0337671853133843,-1.0330901104802586,11.659617338055533,PRICE,TRAIN,2024-06
WEGE3.SA,BEAR_VOLATILE,-0.0061854607264672165,0,BEAR_OPTIMIZED,1,0.435027861646462,-1.834873713965703,8.768396314733618,PRICE,TRAIN,2024-06
WEGE3.SA,BEAR_CALM,-0.006519140566413804,0,BEAR_OPTIMIZED,1,-0.5740682447688968,-2.518247513652735,13.72393389247971,PRICE,TRAIN,2024-06
WEGE3.SA,BEAR_CALM,-0.051200000000000044,0,HARD_STOP,4,-0.8812728291056762,-0.16670632361815038,26.913173685597958,PRICE,TRAIN,2024-06
WEGE3.SA,BEAR_CALM,0.007828754645930448,1,BEAR_OPTIMIZED,5,-0.9602852338416538,-0.520419465503277,23.945468043641203,PRICE,TRAIN,2024-06
WEGE3.SA,BEAR_CALM,-0.0007635304457477498,0,BEAR_OPTIMIZED,1,-0.6778937411102338,-0.2631309296533558,18.778410896417412,PRICE,TRAIN,2024-06
WEGE3.SA,BEAR_VOLATILE,-0.051200000000000044,0,HARD_STOP,5,0.7332059807911194,-3.334148555885575,7.3973469344997005,PRICE,TRAIN,2024-06
WEGE3.SA,BEAR_VOLATILE,-0.008699235344358701,0,TIME_STOP,18,-0.6723665509856536,-1.6601976369771334,7.5916032882524584,PRICE,TRAIN,2024-06
WEGE3.SA,BEAR_CALM,-0.015565181295413087,0,STOP_TECNICO,1,-0.31287059968807646,0.34477261024451467,5.257518426813411,PRICE,TRAIN,2024-06
WEGE3.SA,BEAR_VOLATILE,-0.051200000000000044,0,HARD_STOP,1,-0.40191753688217735,-0.48397270946757187,2.609489368292289,PRICE,TEST,2024-06
WEGE3.SA,BEAR_VOLATILE,-0.0036603779821054103,0,TIME_STOP,16,-0.13241598861688897,-0.027629278978401197,27.679548398249743,PRICE,TEST,2024-06
WEGE3.SA,BEAR_CALM,0.05048544498279459,1,END_CLOSED,20,-0.6024695955515887,-0.30175236921078175,21.558089843321053,PRICE,TEST,2024-06
YDUQ3.SA,BULL_VOLATILE,-0.057559464178852625,0,HARD_STOP,4,-0.3086701600715518,-1.2668352529466245,11.15154345502099,PRICE,TEST,2024-06
YDUQ3.SA,BULL_VOLATILE,-0.051200000000000044,0,HARD_STOP,15,-0.6560431604358605,-2.1560680993448775,28.539311386494497,PRICE,TEST,2024-06
YDUQ3.SA,BULL_CALM,-0.06152487766711647,0,HARD_STOP,1,1.1770275890970938,1.3960324708092264,34.30961849152067,PRICE,TEST,2024-06
YDUQ3.SA,BULL_CALM,0.08285347108995764,1,END_CLOSED,13,2.2795887991925556,-0.40097718099935376,34.30961849152067,PRICE,TEST,2024-06
